記録日,モーター期起算日,場コード,モーター番号,勝率,勝率順位,2連対率,2連対率順位,3連対率,3連対率順位,1着回数,1着順位,2着回数,2着順位,3着回数,3着順位,raw_col_15,raw_col_16,優勝回数,優勝順位,優出回数,優出順位,raw_col_21,raw_col_22,平均ラップ秒,平均ラップ順位,期内初使用日,整備種別1回数,整備種別2回数,整備種別3回数,整備種別4回数,整備種別5回数,整備種別6回数,直近メンテ日
2026-04-27,2025-05-07,03,10,4.7,28,30.0,21,40.0,28,0,33,3,5,1,19,6,10,0,2,0,7,688,37,15.44,40,2025-05-12,0,0,0,0,0,0,2025-05-12
2026-04-27,2025-05-07,03,11,5.1,23,40.0,13,50.0,21,2,11,2,12,1,19,5,10,0,2,0,7,687,32,15.26,18,2025-05-08,0,0,0,1,0,1,2025-05-12
2026-04-27,2025-05-07,03,12,6.5,10,30.0,21,90.0,2,2,11,1,19,6,1,1,10,0,2,0,7,690,42,15.14,7,2025-05-12,0,1,1,0,0,0,2025-05-12
2026-04-27,2025-05-07,03,13,2.8,42,0.0,41,10.0,44,0,33,0,39,1,19,9,10,0,2,0,7,687,32,15.43,38,2025-05-12,0,0,0,0,0,0,2025-05-12
2026-04-27,2025-05-07,03,14,2.63,44,0.0,41,25.0,40,0,33,0,39,2,11,6,8,0,2,0,7,677,9,15.67,44,2025-05-10,0,0,0,0,0,0,2025-05-11
2026-04-27,2025-05-07,03,15,6.6,8,50.0,9,70.0,8,3,3,2,12,2,11,3,10,0,2,1,1,684,28,15.37,34,2025-05-07,1,1,0,1,0,0,2025-05-12
2026-04-27,2025-05-07,03,16,3.56,41,22.22,30,22.22,41,1,27,1,19,0,37,7,9,0,2,0,7,689,40,15.33,28,2025-05-12,1,0,0,0,0,0,2025-05-12
2026-04-27,2025-05-07,03,17,8.33,1,88.89,1,88.89,3,5,1,3,5,0,37,1,9,0,2,1,1,677,9,15.16,8,2025-05-07,1,2,1,1,0,0,2025-05-12
2026-04-27,2025-05-07,03,18,5.67,17,22.22,30,77.78,5,1,27,1,19,5,2,2,9,0,2,0,7,690,42,15.28,21,2025-05-10,0,1,0,0,0,0,2025-05-12
2026-04-27,2025-05-07,03,19,6.2,12,40.0,13,60.0,14,3,3,1,19,2,11,4,10,0,2,0,7,684,28,15.36,33,2025-05-08,1,1,1,0,0,0,2025-05-12
2026-04-27,2025-05-07,03,20,5.78,15,44.44,10,55.56,17,3,3,1,19,1,19,4,9,0,2,0,7,676,7,15.17,10,2025-05-08,0,1,1,0,0,1,2025-05-12
2026-04-27,2025-05-07,03,21,4.67,30,22.22,30,33.33,34,2,11,0,39,1,19,6,9,0,2,0,7,672,1,15.3,25,2025-05-12,0,0,1,1,0,0,2025-05-12
2026-04-27,2025-05-07,03,22,5.33,19,33.33,17,55.56,17,0,33,3,5,2,11,4,9,0,2,0,7,692,45,15.23,16,2025-05-12,0,0,0,0,0,0,2025-05-12
2026-04-27,2025-05-07,03,23,4.78,27,22.22,30,55.56,17,0,33,2,12,3,6,4,9,0,2,0,7,688,37,15.42,37,2025-05-08,0,0,0,0,0,0,2025-05-12
2026-04-27,2025-05-07,03,24,5.0,25,33.33,17,44.44,26,2,11,1,19,1,19,5,9,0,2,0,7,677,9,15.19,11,2025-05-12,0,0,1,0,1,0,2025-05-12
2026-04-27,2025-05-07,03,25,6.89,5,44.44,10,77.78,5,3,3,1,19,3,6,2,9,0,2,0,7,672,1,15.08,4,2025-05-12,0,2,0,1,0,0,2025-05-12
2026-04-27,2025-05-07,03,26,4.56,31,33.33,17,33.33,34,2,11,1,19,0,37,6,9,0,2,0,7,679,19,15.3,25,2025-05-12,2,0,0,0,0,0,2025-05-12
2026-04-27,2025-05-07,03,27,5.6,18,30.0,21,60.0,14,2,11,1,19,3,6,4,10,0,2,0,7,681,23,15.26,18,2025-05-11,0,1,1,0,0,0,2025-05-12
2026-04-27,2025-05-07,03,28,5.9,14,40.0,13,60.0,14,3,3,1,19,2,11,4,10,0,2,0,7,685,30,15.34,29,2025-05-10,2,1,0,0,0,0,2025-05-12
2026-04-27,2025-05-07,03,29,6.89,5,55.56,8,66.67,11,2,11,3,5,1,19,3,9,0,2,1,1,687,32,15.12,6,2025-05-08,1,1,0,0,0,0,2025-05-12
2026-04-27,2025-05-07,03,30,2.78,43,0.0,41,22.22,41,0,33,0,39,2,11,7,9,0,2,0,7,692,45,15.5,42,2025-05-09,0,0,0,0,0,0,2025-05-12
2026-04-27,2025-05-07,03,31,6.56,9,66.67,4,77.78,5,2,11,4,2,1,19,2,9,0,2,0,7,682,24,15.19,11,2025-05-08,1,0,0,0,0,1,2025-05-12
2026-04-27,2025-05-07,03,32,1.89,46,0.0,41,0.0,46,0,33,0,39,0,37,9,9,0,2,0,7,685,30,15.7,45,2025-05-08,0,0,0,0,0,0,2025-05-12
2026-04-27,2025-05-07,03,33,4.33,34,22.22,30,22.22,41,1,27,1,19,0,37,7,9,0,2,0,7,683,26,15.35,31,2025-05-08,0,1,0,0,0,0,2025-05-12
2026-04-27,2025-05-07,03,34,5.1,23,30.0,21,40.0,28,2,11,1,19,1,19,6,10,0,2,0,7,678,13,15.06,3,2025-05-08,0,1,0,0,0,1,2025-05-12
2026-04-27,2025-05-07,03,35,4.89,26,22.22,30,66.67,11,0,33,2,12,4,3,3,9,0,2,0,7,680,21,15.26,18,2025-05-08,0,0,0,0,0,0,2025-05-12
2026-04-27,2025-05-07,03,36,6.5,10,60.0,6,70.0,8,2,11,4,2,1,19,3,10,0,2,0,7,689,40,15.22,15,2025-05-09,0,1,1,0,0,0,2025-05-12
2026-04-27,2025-05-07,03,37,5.22,20,22.22,30,44.44,26,2,11,0,39,2,11,5,9,0,2,0,7,678,13,15.29,24,2025-05-12,0,1,0,1,0,0,2025-05-12
2026-04-27,2025-05-07,03,38,4.22,35,22.22,30,33.33,34,0,33,2,12,1,19,6,9,0,2,0,7,675,6,15.34,29,2025-05-09,0,0,0,0,0,0,2025-05-12
2026-04-27,2025-05-07,03,39,6.11,13,44.44,10,55.56,17,3,3,1,19,1,19,4,9,0,2,1,1,687,32,15.28,21,2025-05-07,1,1,0,0,0,1,2025-05-12
2026-04-27,2025-05-07,03,40,5.2,21,30.0,21,40.0,28,0,33,3,5,1,19,6,10,0,2,0,7,690,42,15.3,25,2025-05-08,0,0,0,0,0,0,2025-05-12
2026-04-27,2025-05-07,03,41,4.56,31,33.33,17,33.33,34,1,27,2,12,0,37,6,9,0,2,0,7,688,37,15.37,34,2025-05-11,0,0,0,0,0,1,2025-05-12
2026-04-27,2025-05-07,03,43,4.2,36,30.0,21,30.0,39,2,11,1,19,0,37,7,10,0,2,0,7,679,19,15.35,31,2025-05-09,0,0,0,2,0,0,2025-05-12
2026-04-27,2025-05-07,03,45,4.0,37,30.0,21,40.0,28,1,27,2,12,1,19,6,10,0,2,0,7,678,13,15.43,38,2025-05-12,1,0,0,0,0,0,2025-05-12
2026-04-27,2025-05-07,03,46,3.7,39,0.0,41,40.0,28,0,33,0,39,4,3,6,10,0,2,0,7,678,13,15.51,43,2025-05-11,0,0,0,0,0,0,2025-05-12
2026-04-27,2025-05-07,03,47,5.7,16,40.0,13,50.0,21,3,3,1,19,1,19,5,10,0,2,0,7,678,13,15.19,11,2025-05-12,1,1,0,0,0,1,2025-05-12
2026-04-27,2025-05-07,03,48,7.11,4,66.67,4,66.67,11,3,3,3,5,0,37,3,9,0,2,0,7,672,1,15.04,1,2025-05-08,2,0,0,0,0,1,2025-05-12
2026-04-27,2025-05-07,03,49,2.4,45,10.0,39,10.0,44,0,33,1,19,0,37,9,10,0,2,0,7,682,24,15.47,41,2025-05-10,0,0,0,0,0,0,2025-05-12
2026-04-27,2025-05-07,03,50,4.5,33,20.0,38,50.0,21,1,27,1,19,3,6,5,10,0,2,0,7,676,7,15.2,14,2025-05-12,0,1,0,0,0,0,2025-05-12
2026-04-27,2025-05-07,03,51,4.7,28,30.0,21,40.0,28,2,11,1,19,1,19,6,10,0,2,0,7,683,26,15.16,8,2025-05-10,1,1,0,0,0,0,2025-05-12
2026-04-27,2025-05-07,03,52,6.7,7,60.0,6,70.0,8,2,11,4,2,1,19,3,10,1,1,1,1,677,9,15.25,17,2025-05-12,0,0,1,0,0,1,2025-05-12
2026-04-27,2025-05-07,03,53,4.0,37,10.0,39,50.0,21,0,33,1,19,4,3,5,10,0,2,0,7,678,13,15.39,36,2025-05-11,0,0,0,0,0,0,2025-05-12
2026-04-27,2025-05-07,03,55,3.67,40,0.0,41,33.33,34,0,33,0,39,1,19,2,3,0,2,0,7,680,21,15.8,46,2025-05-08,0,0,0,0,0,0,2025-05-08
2026-04-27,2025-05-07,03,56,7.9,2,80.0,2,80.0,4,5,1,3,5,0,37,2,10,0,2,0,7,673,4,15.05,2,2025-05-12,3,0,0,1,0,1,2025-05-12
2026-04-27,2025-05-07,03,57,7.8,3,70.0,3,100.0,1,2,11,5,1,3,6,0,10,0,2,1,1,687,32,15.28,21,2025-05-08,0,1,0,1,0,0,2025-05-12
2026-04-27,2025-05-07,03,58,5.2,21,30.0,21,50.0,21,2,11,1,19,2,11,5,10,0,2,0,7,673,4,15.1,5,2025-05-08,2,0,0,0,0,0,2025-05-12
2026-04-27,2025-06-09,04,10,4.43,29,28.57,21,42.86,26,1,13,1,15,1,18,4,7,0,2,0,7,683,5,15.09,14,2025-06-11,0,0,0,0,0,1,2025-06-12
2026-04-27,2025-06-09,04,11,1.83,41,0.0,39,0.0,40,0,29,0,31,0,28,6,6,0,2,0,7,692,33,15.68,42,2025-06-12,0,0,0,0,0,0,2025-06-12
2026-04-27,2025-06-09,04,12,7.57,3,57.14,4,85.71,4,4,2,0,31,2,5,1,7,0,2,0,7,683,5,15.01,3,2025-06-11,0,2,0,1,0,1,2025-06-12
2026-04-27,2025-06-09,04,13,4.14,34,14.29,35,28.57,36,0,29,1,15,1,18,5,7,0,2,0,7,678,2,15.34,37,2025-06-11,0,0,0,0,0,0,2025-06-12
2026-04-27,2025-06-09,04,14,6.14,11,42.86,13,57.14,13,3,3,0,31,1,18,3,7,0,2,0,7,686,11,15.08,13,2025-06-10,1,0,1,0,1,0,2025-06-12
2026-04-27,2025-06-09,04,15,5.57,16,28.57,21,42.86,26,2,6,0,31,1,18,4,7,0,2,0,7,688,17,15.13,22,2025-06-11,1,1,0,0,0,0,2025-06-12
2026-04-27,2025-06-09,04,16,4.29,32,14.29,35,42.86,26,1,13,0,31,2,5,4,7,0,2,0,7,703,44,15.13,22,2025-06-10,0,1,0,0,0,0,2025-06-12
2026-04-27,2025-06-09,04,17,5.71,13,28.57,21,57.14,13,2,6,0,31,2,5,3,7,0,2,0,7,685,9,15.05,6,2025-06-09,0,1,1,0,0,0,2025-06-12
2026-04-27,2025-06-09,04,18,4.67,27,50.0,7,50.0,20,0,29,3,1,0,28,3,6,0,2,0,7,691,28,15.17,28,2025-06-12,0,0,0,0,0,0,2025-06-12
2026-04-27,2025-06-09,04,19,4.0,36,16.67,33,50.0,20,0,29,1,15,2,5,3,6,0,2,0,7,690,25,15.22,33,2025-06-12,0,0,0,0,0,0,2025-06-12
2026-04-27,2025-06-09,04,20,5.57,16,28.57,21,71.43,6,1,13,1,15,3,1,2,7,0,2,0,7,691,28,15.06,9,2025-06-10,0,1,0,0,0,0,2025-06-12
2026-04-27,2025-06-09,04,21,5.75,12,37.5,17,50.0,20,1,13,2,5,1,18,4,8,0,2,0,7,690,25,15.11,17,2025-06-12,1,0,0,0,0,0,2025-06-12
2026-04-27,2025-06-09,04,22,5.43,18,28.57,21,28.57,36,2,6,0,31,0,28,5,7,0,2,0,7,694,37,15.05,6,2025-06-12,0,1,0,0,0,1,2025-06-12
2026-04-27,2025-06-09,04,23,6.75,6,50.0,7,87.5,3,1,13,3,1,3,1,1,8,0,2,0,7,687,13,14.97,1,2025-06-12,0,0,1,0,0,0,2025-06-12
2026-04-27,2025-06-09,04,24,2.33,40,0.0,39,0.0,40,0,29,0,31,0,28,6,6,0,2,0,7,691,28,15.4,39,2025-06-11,0,0,0,0,0,0,2025-06-12
2026-04-27,2025-06-09,04,25,5.0,24,42.86,13,42.86,26,1,13,2,5,0,28,4,7,0,2,0,7,688,17,15.07,11,2025-06-10,0,1,0,0,0,0,2025-06-12
2026-04-27,2025-06-09,04,26,5.29,19,28.57,21,57.14,13,0,29,2,5,2,5,3,7,0,2,0,7,687,13,15.28,36,2025-06-09,0,0,0,0,0,0,2025-06-12
2026-04-27,2025-06-09,04,27,4.17,33,33.33,18,33.33,32,1,13,1,15,0,28,4,6,0,2,0,7,687,13,15.14,25,2025-06-11,1,0,0,0,0,0,2025-06-12
2026-04-27,2025-06-09,04,28,5.17,23,50.0,7,50.0,20,1,13,2,5,0,28,3,6,0,2,0,7,686,11,15.12,19,2025-06-12,0,1,0,0,0,0,2025-06-12
2026-04-27,2025-06-09,04,29,5.29,19,42.86,13,57.14,13,0,29,3,1,1,18,3,7,0,2,0,7,691,28,15.13,22,2025-06-12,0,0,0,0,0,0,2025-06-12
2026-04-27,2025-06-09,04,30,4.63,28,25.0,32,50.0,20,1,13,1,15,2,5,4,8,0,2,0,7,689,22,15.07,11,2025-06-11,0,1,0,0,0,0,2025-06-12
2026-04-27,2025-06-09,04,31,5.29,19,28.57,21,57.14,13,1,13,1,15,2,5,3,7,0,2,0,7,692,33,15.09,14,2025-06-11,0,0,0,1,0,0,2025-06-12
2026-04-27,2025-06-09,04,32,6.29,10,42.86,13,71.43,6,1,13,2,5,2,5,2,7,0,2,0,7,697,40,15.2,30,2025-06-11,0,1,0,0,0,0,2025-06-12
2026-04-27,2025-06-09,04,33,4.43,29,14.29,35,28.57,36,1,13,0,31,1,18,5,7,0,2,0,7,691,28,15.2,30,2025-06-11,0,1,0,0,0,0,2025-06-12
2026-04-27,2025-06-09,04,34,4.33,31,33.33,18,33.33,32,0,29,2,5,0,28,4,6,0,2,0,7,693,35,15.17,28,2025-06-12,0,0,0,0,0,0,2025-06-12
2026-04-27,2025-06-09,04,35,1.0,44,0.0,39,0.0,40,0,29,0,31,0,28,2,2,0,2,0,7,682,4,,,,0,0,0,0,0,0,2025-06-09
2026-04-27,2025-06-09,04,36,9.67,1,100.0,1,100.0,1,5,1,1,15,0,28,0,6,1,1,1,1,685,9,14.99,2,2025-06-12,1,1,0,1,0,2,2025-06-12
2026-04-27,2025-06-09,04,37,5.0,24,28.57,21,57.14,13,0,29,2,5,2,5,3,7,0,2,0,7,690,25,15.22,33,2025-06-11,0,0,0,0,0,0,2025-06-12
2026-04-27,2025-06-09,04,38,1.83,41,0.0,39,0.0,40,0,29,0,31,0,28,6,6,0,2,0,7,694,37,15.68,42,2025-06-11,0,0,0,0,0,0,2025-06-12
2026-04-27,2025-06-09,04,39,3.5,39,16.67,33,16.67,39,0,29,1,15,0,28,5,6,0,2,0,7,693,35,15.4,39,2025-06-09,0,0,0,0,0,0,2025-06-12
2026-04-27,2025-06-09,04,40,3.83,37,0.0,39,33.33,32,0,29,0,31,2,5,4,6,0,2,0,7,681,3,15.36,38,2025-06-10,0,0,0,0,0,0,2025-06-12
2026-04-27,2025-06-09,04,41,7.67,2,66.67,2,100.0,1,1,13,3,1,2,5,0,6,0,2,1,1,683,5,15.06,9,2025-06-10,0,1,0,0,0,0,2025-06-12
2026-04-27,2025-06-09,04,43,4.14,34,14.29,35,42.86,26,0,29,1,15,2,5,4,7,0,2,0,7,688,17,15.22,33,2025-06-09,0,0,0,0,0,0,2025-06-12
2026-04-27,2025-06-09,04,44,6.43,9,57.14,4,71.43,6,2,6,2,5,1,18,2,7,0,2,0,7,689,22,15.09,14,2025-06-09,0,1,0,0,1,0,2025-06-12
2026-04-27,2025-06-09,04,45,3.67,38,33.33,18,33.33,32,1,13,1,15,0,28,4,6,0,2,0,7,684,8,15.03,4,2025-06-12,0,0,0,0,0,1,2025-06-12
2026-04-27,2025-06-09,04,46,5.29,19,28.57,21,42.86,26,2,6,0,31,1,18,4,7,0,2,0,7,689,22,15.04,5,2025-06-12,0,1,0,0,1,0,2025-06-12
2026-04-27,2025-06-09,04,47,7.33,4,50.0,7,83.33,5,2,6,1,15,2,5,1,6,0,2,1,1,697,40,15.12,19,2025-06-09,0,1,1,0,0,0,2025-06-12
2026-04-27,2025-06-09,04,48,6.57,8,57.14,4,57.14,13,3,3,1,15,0,28,3,7,0,2,1,1,688,17,15.16,27,2025-06-10,1,0,1,0,0,1,2025-06-12
2026-04-27,2025-06-09,04,49,7.0,5,50.0,7,66.67,11,2,6,1,15,1,18,2,6,0,2,1,1,675,1,15.11,17,2025-06-09,2,0,0,0,0,0,2025-06-12
2026-04-27,2025-06-09,04,50,5.71,13,28.57,21,71.43,6,0,29,2,5,3,1,2,7,0,2,0,7,688,17,15.2,30,2025-06-12,0,0,0,0,0,0,2025-06-12
2026-04-27,2025-06-09,04,51,6.67,7,66.67,2,66.67,11,3,3,1,15,0,28,2,6,0,2,1,1,695,39,15.12,19,2025-06-09,0,1,0,0,0,2,2025-06-12
2026-04-27,2025-06-09,04,52,1.67,43,0.0,39,0.0,40,0,29,0,31,0,28,6,6,0,2,0,7,702,43,15.48,41,2025-06-11,0,0,0,0,0,0,2025-06-12
2026-04-27,2025-06-09,04,53,5.71,13,28.57,21,71.43,6,1,13,1,15,3,1,2,7,0,2,0,7,687,13,15.05,6,2025-06-12,0,1,0,0,0,0,2025-06-12
2026-04-27,2025-06-09,04,54,4.83,26,50.0,7,50.0,20,1,13,2,5,0,28,3,6,0,2,0,7,698,42,15.14,25,2025-06-10,0,0,1,0,0,0,2025-06-12
2026-04-27,2026-04-18,05,11,4.44,32,33.33,22,44.44,26,1,22,2,10,1,23,5,9,0,2,0,7,680,23,15.02,36,2026-04-19,0,1,0,0,0,0,2026-04-23
2026-04-27,2026-04-18,05,12,5.56,19,44.44,9,55.56,17,2,11,2,10,1,23,4,9,0,2,0,7,680,23,14.91,16,2026-04-22,0,1,1,0,0,0,2026-04-23
2026-04-27,2026-04-18,05,13,5.0,27,40.0,13,40.0,31,1,22,3,3,0,36,6,10,0,2,0,7,674,5,15.05,39,2026-04-21,0,1,0,0,0,0,2026-04-23
2026-04-27,2026-04-18,05,16,5.27,23,36.36,17,45.45,25,3,4,1,24,1,23,6,11,0,2,0,7,680,23,14.89,10,2026-04-23,2,1,0,0,0,0,2026-04-23
2026-04-27,2026-04-18,05,17,8.0,1,80.0,1,90.0,1,3,4,5,1,1,23,1,10,0,2,1,1,680,23,14.88,8,2026-04-22,1,2,0,0,0,0,2026-04-23
2026-04-27,2026-04-18,05,18,4.67,30,11.11,40,33.33,34,1,22,0,37,2,10,6,9,0,2,0,7,680,23,14.89,10,2026-04-23,0,0,0,0,0,1,2026-04-23
2026-04-27,2026-04-18,05,22,3.33,39,11.11,40,33.33,34,1,22,0,37,2,10,6,9,0,2,0,7,683,41,14.97,30,2026-04-18,0,1,0,0,0,0,2026-04-23
2026-04-27,2026-04-18,05,25,6.6,6,50.0,6,60.0,12,4,1,1,24,1,23,4,10,0,2,0,7,675,6,14.94,24,2026-04-23,2,1,1,0,0,0,2026-04-23
2026-04-27,2026-04-18,05,29,5.64,17,27.27,29,63.64,11,2,11,1,24,4,3,4,11,0,2,0,7,680,23,14.91,16,2026-04-23,0,2,0,0,0,0,2026-04-23
2026-04-27,2026-04-18,05,30,6.9,5,50.0,6,80.0,6,3,4,2,10,3,5,2,10,0,2,1,1,682,38,14.93,21,2026-04-20,0,1,1,0,1,0,2026-04-23
2026-04-27,2026-04-18,05,33,3.56,37,22.22,30,33.33,34,0,39,2,10,1,23,6,9,0,2,0,7,681,34,15.17,44,2026-04-21,0,0,0,0,0,0,2026-04-23
2026-04-27,2026-04-18,05,34,6.55,7,54.55,5,72.73,8,3,4,3,3,2,10,3,11,0,2,0,7,675,6,14.85,2,2026-04-23,0,3,0,0,0,0,2026-04-23
2026-04-27,2026-04-18,05,38,1.5,46,0.0,46,0.0,46,0,39,0,37,0,36,8,8,0,2,0,7,681,34,15.25,46,2026-04-23,0,0,0,0,0,0,2026-04-23
2026-04-27,2026-04-18,05,39,5.44,22,22.22,30,55.56,17,2,11,0,37,3,5,4,9,0,2,0,7,682,38,14.9,15,2026-04-23,0,1,1,0,0,0,2026-04-23
2026-04-27,2026-04-18,05,40,5.64,17,36.36,17,54.55,21,2,11,2,10,2,10,5,11,0,2,0,7,680,23,14.88,8,2026-04-19,1,1,0,0,0,0,2026-04-23
2026-04-27,2026-04-18,05,41,3.38,38,12.5,35,25.0,38,1,22,0,37,1,23,6,8,0,2,0,7,683,41,15.0,34,2026-04-19,1,0,0,0,0,0,2026-04-23
2026-04-27,2026-04-18,05,43,3.89,35,11.11,40,33.33,34,1,22,0,37,2,10,6,9,0,2,0,7,675,6,15.02,36,2026-04-18,0,1,0,0,0,0,2026-04-23
2026-04-27,2026-04-18,05,44,4.89,28,22.22,30,55.56,17,1,22,1,24,3,5,4,9,0,2,0,7,680,23,14.91,16,2026-04-18,0,1,0,0,0,0,2026-04-23
2026-04-27,2026-04-18,05,45,5.2,25,30.0,25,60.0,12,0,39,3,3,3,5,4,10,0,2,0,7,683,41,15.08,40,2026-04-19,0,0,0,0,0,0,2026-04-23
2026-04-27,2026-04-18,05,46,5.7,16,40.0,13,50.0,22,2,11,2,10,1,23,5,10,0,2,0,7,678,16,14.94,24,2026-04-21,1,1,0,0,0,0,2026-04-23
2026-04-27,2026-04-18,05,48,5.5,20,30.0,25,50.0,22,1,22,2,10,2,10,5,10,0,2,0,7,680,23,14.97,30,2026-04-23,0,1,0,0,0,0,2026-04-23
2026-04-27,2026-04-18,05,49,3.11,41,11.11,40,11.11,44,0,39,1,24,0,36,8,9,0,2,0,7,682,38,15.2,45,2026-04-19,0,0,0,0,0,0,2026-04-23
2026-04-27,2026-04-18,05,50,4.33,34,11.11,40,44.44,26,1,22,0,37,3,5,5,9,0,2,0,7,679,21,14.87,4,2026-04-23,0,1,0,0,0,0,2026-04-23
2026-04-27,2026-04-18,05,51,3.0,42,12.5,35,12.5,40,0,39,1,24,0,36,7,8,0,2,0,7,680,23,15.16,43,2026-04-22,0,0,0,0,0,0,2026-04-23
2026-04-27,2026-04-18,05,52,6.0,11,20.0,34,60.0,12,1,22,0,37,2,10,2,5,0,2,0,7,681,34,14.87,4,2026-04-19,0,1,0,0,0,0,2026-04-20
2026-04-27,2026-04-18,05,53,2.88,44,12.5,35,12.5,40,0,39,1,24,0,36,7,8,0,2,0,7,679,21,15.11,41,2026-04-18,0,0,0,0,0,0,2026-04-23
2026-04-27,2026-04-18,05,54,3.25,40,12.5,35,12.5,40,0,39,1,24,0,36,7,8,0,2,0,7,683,41,14.95,26,2026-04-23,0,0,0,0,0,0,2026-04-23
2026-04-27,2026-04-18,05,55,6.45,8,36.36,17,81.82,4,3,4,1,24,5,1,2,11,0,2,0,7,673,3,14.83,1,2026-04-23,0,1,1,0,0,1,2026-04-23
2026-04-27,2026-04-18,05,56,5.8,13,50.0,6,60.0,12,3,4,2,10,1,23,4,10,0,2,0,7,676,11,14.92,20,2026-04-23,0,2,0,0,0,1,2026-04-23
2026-04-27,2026-04-18,05,57,7.11,4,66.67,3,88.89,3,1,22,5,1,2,10,1,9,0,2,1,1,676,11,14.87,4,2026-04-21,0,1,0,0,0,0,2026-04-23
2026-04-27,2026-04-18,05,58,5.2,25,30.0,25,40.0,31,2,11,1,24,1,23,6,10,0,2,0,7,676,11,15.0,34,2026-04-23,0,0,0,1,0,1,2026-04-23
2026-04-27,2026-04-18,05,59,5.22,24,44.44,9,44.44,26,2,11,2,10,0,36,5,9,0,2,0,7,678,16,14.97,30,2026-04-22,1,0,0,1,0,0,2026-04-23
2026-04-27,2026-04-18,05,60,6.18,10,36.36,17,72.73,8,1,22,3,3,4,3,3,11,0,2,0,7,678,16,14.96,29,2026-04-20,0,1,0,0,0,0,2026-04-23
2026-04-27,2026-04-18,05,61,3.67,36,22.22,30,22.22,39,2,11,0,37,0,36,7,9,0,2,0,7,684,45,14.98,33,2026-04-18,1,1,0,0,0,0,2026-04-23
2026-04-27,2026-04-18,05,62,2.63,45,12.5,35,12.5,40,0,39,1,24,0,36,7,8,0,2,0,7,678,16,15.11,41,2026-04-19,0,0,0,0,0,0,2026-04-23
2026-04-27,2026-04-18,05,63,5.78,15,33.33,22,55.56,17,2,11,1,24,2,10,4,9,0,2,0,7,680,23,14.91,16,2026-04-21,0,1,0,1,0,0,2026-04-23
2026-04-27,2026-04-18,05,64,4.89,28,44.44,9,44.44,26,1,22,3,3,0,36,5,9,0,2,0,7,677,14,14.93,21,2026-04-23,1,0,0,0,0,0,2026-04-23
2026-04-27,2026-04-18,05,66,4.4,33,30.0,25,40.0,31,1,22,2,10,1,23,6,10,0,2,0,7,666,1,14.93,21,2026-04-20,0,1,0,0,0,0,2026-04-23
2026-04-27,2026-04-18,05,67,6.0,11,44.44,9,66.67,10,2,11,2,10,2,10,3,9,0,2,1,1,677,14,14.95,26,2026-04-21,0,2,0,0,0,0,2026-04-23
2026-04-27,2026-04-18,05,69,7.7,2,70.0,2,90.0,1,4,1,3,3,2,10,1,10,1,1,1,1,675,6,14.87,4,2026-04-23,0,3,1,0,0,0,2026-04-23
2026-04-27,2026-04-18,05,70,4.56,31,33.33,22,44.44,26,1,22,2,10,1,23,5,9,0,2,0,7,681,34,14.95,26,2026-04-20,0,1,0,0,0,0,2026-04-23
2026-04-27,2026-04-18,05,71,5.5,20,40.0,13,50.0,22,3,4,1,24,1,23,5,10,0,2,0,7,678,16,14.85,2,2026-04-20,1,1,1,0,0,0,2026-04-23
2026-04-27,2026-04-18,05,72,6.36,9,36.36,17,81.82,4,2,11,2,10,5,1,2,11,0,2,0,7,672,2,14.89,10,2026-04-21,1,1,0,0,0,0,2026-04-23
2026-04-27,2026-04-18,05,73,3.0,42,11.11,40,11.11,44,1,22,0,37,0,36,8,9,0,2,0,7,688,46,15.04,38,2026-04-20,0,1,0,0,0,0,2026-04-23
2026-04-27,2026-04-18,05,74,7.4,3,60.0,4,80.0,6,4,1,2,10,2,10,2,10,0,2,1,1,675,6,14.89,10,2026-04-22,0,2,1,0,0,1,2026-04-23
2026-04-27,2026-04-18,05,75,5.8,13,40.0,13,60.0,12,1,22,3,3,2,10,4,10,0,2,0,7,673,3,14.89,10,2026-04-18,0,1,0,0,0,0,2026-04-23
2026-04-27,2026-04-09,06,1,4.33,29,11.11,33,22.22,35,1,20,0,30,1,23,7,9,0,2,0,7,672,15,14.91,13,2026-04-09,0,0,1,0,0,0,2026-04-14
2026-04-27,2026-04-09,06,2,7.2,5,50.0,11,80.0,6,3,8,2,13,3,4,2,10,0,2,0,7,666,3,14.88,7,2026-04-12,0,1,1,1,0,0,2026-04-14
2026-04-27,2026-04-09,06,3,7.2,5,70.0,2,70.0,10,4,4,3,7,0,38,3,10,0,2,1,1,664,1,15.02,26,2026-04-09,3,1,0,0,0,0,2026-04-14
2026-04-27,2026-04-09,06,4,4.0,31,22.22,27,22.22,35,1,20,1,25,0,38,7,9,0,2,0,7,669,8,14.9,12,2026-04-09,0,0,0,0,0,1,2026-04-14
2026-04-27,2026-04-09,06,5,8.0,1,75.0,1,75.0,8,6,1,0,30,0,38,2,8,1,1,1,1,664,1,14.83,2,2026-04-13,0,2,0,0,0,4,2026-04-14
2026-04-27,2026-04-09,06,6,4.38,28,25.0,25,37.5,29,1,20,1,25,1,23,5,8,0,2,0,7,674,24,15.0,22,2026-04-09,0,1,0,0,0,0,2026-04-14
2026-04-27,2026-04-09,06,7,6.91,9,63.64,5,72.73,9,5,2,2,13,1,23,3,11,0,2,1,1,674,24,14.96,17,2026-04-09,1,2,0,0,1,1,2026-04-14
2026-04-27,2026-04-09,06,8,6.11,16,55.56,9,66.67,14,2,12,3,7,1,23,3,9,0,2,0,7,672,15,14.94,16,2026-04-09,0,2,0,0,0,0,2026-04-14
2026-04-27,2026-04-09,06,9,1.25,46,0.0,38,0.0,44,0,32,0,30,0,38,8,8,0,2,0,7,672,15,,,,0,0,0,0,0,0,2026-04-14
2026-04-27,2026-04-09,06,10,6.67,11,55.56,9,66.67,14,1,20,4,2,1,23,3,9,0,2,0,7,667,4,15.06,30,2026-04-12,0,0,0,1,0,0,2026-04-14
2026-04-27,2026-04-09,06,11,6.3,15,60.0,7,70.0,10,1,20,5,1,1,23,3,10,0,2,0,7,672,15,14.86,4,2026-04-13,0,0,1,0,0,0,2026-04-14
2026-04-27,2026-04-09,06,12,2.29,42,0.0,38,14.29,40,0,32,0,30,1,23,6,7,0,2,0,7,676,42,15.29,39,2026-04-09,0,0,0,0,0,0,2026-04-14
2026-04-27,2026-04-09,06,13,6.6,12,40.0,19,70.0,10,3,8,1,25,3,4,3,10,0,2,0,7,667,4,14.89,9,2026-04-12,1,2,0,0,0,0,2026-04-14
2026-04-27,2026-04-09,06,14,2.14,43,0.0,38,0.0,44,0,32,0,30,0,38,7,7,0,2,0,7,671,13,15.3,40,2026-04-09,0,0,0,0,0,0,2026-04-14
2026-04-27,2026-04-09,06,15,7.0,7,50.0,11,83.33,3,2,12,4,2,4,2,2,12,0,2,0,7,675,36,14.99,20,2026-04-13,0,2,0,0,0,0,2026-04-14
2026-04-27,2026-04-09,06,16,3.55,36,27.27,24,27.27,34,0,32,3,7,0,38,8,11,0,2,0,7,673,20,15.11,33,2026-04-12,0,0,0,0,0,0,2026-04-14
2026-04-27,2026-04-09,06,17,4.78,25,44.44,17,44.44,25,0,32,4,2,0,38,5,9,0,2,0,7,674,24,15.13,34,2026-04-12,0,0,0,0,0,0,2026-04-14
2026-04-27,2026-04-09,06,18,5.56,21,33.33,22,55.56,20,2,12,1,25,2,9,4,9,0,2,0,7,677,44,15.0,22,2026-04-13,0,1,1,0,0,0,2026-04-14
2026-04-27,2026-04-09,06,19,4.44,27,22.22,27,33.33,30,0,32,2,13,1,23,6,9,0,2,0,7,674,24,15.08,31,2026-04-14,0,0,0,0,0,0,2026-04-14
2026-04-27,2026-04-09,06,20,5.44,23,22.22,27,66.67,14,0,32,2,13,4,2,3,9,0,2,0,7,675,36,15.04,27,2026-04-09,0,0,0,0,0,0,2026-04-14
2026-04-27,2026-04-09,06,21,4.33,29,22.22,27,44.44,25,0,32,2,13,2,9,5,9,0,2,0,7,675,36,15.08,31,2026-04-09,0,0,0,0,0,0,2026-04-14
2026-04-27,2026-04-09,06,22,8.0,1,70.0,2,90.0,2,4,4,3,7,2,9,1,10,0,2,1,1,669,8,14.88,7,2026-04-13,0,2,0,0,0,2,2026-04-14
2026-04-27,2026-04-09,06,23,3.44,37,0.0,38,22.22,35,0,32,0,30,2,9,7,9,0,2,0,7,675,36,15.36,43,2026-04-11,0,0,0,0,0,0,2026-04-14
2026-04-27,2026-04-09,06,24,6.6,12,50.0,11,70.0,10,3,8,2,13,2,9,3,10,0,2,1,1,673,20,14.86,4,2026-04-13,0,2,1,0,0,0,2026-04-14
2026-04-27,2026-04-09,06,25,5.7,18,40.0,19,50.0,23,2,12,2,13,1,23,5,10,0,2,0,7,676,42,15.0,22,2026-04-13,0,2,0,0,0,0,2026-04-14
2026-04-27,2026-04-09,06,26,6.5,14,50.0,11,66.67,14,4,4,2,13,2,9,4,12,0,2,0,7,670,11,14.84,3,2026-04-12,0,3,0,0,0,1,2026-04-14
2026-04-27,2026-04-09,06,27,3.86,32,0.0,38,42.86,27,0,32,0,30,3,4,4,7,0,2,0,7,675,36,15.23,36,2026-04-13,0,0,0,0,0,0,2026-04-14
2026-04-27,2026-04-09,06,28,3.14,38,14.29,31,28.57,33,1,20,0,30,1,23,5,7,0,2,0,7,675,36,15.15,35,2026-04-10,0,0,0,1,0,0,2026-04-14
2026-04-27,2026-04-09,06,29,3.11,39,0.0,38,22.22,35,0,32,0,30,2,9,7,9,0,2,0,7,679,46,15.24,37,2026-04-12,0,0,0,0,0,0,2026-04-14
2026-04-27,2026-04-09,06,30,3.67,34,11.11,33,22.22,35,1,20,0,30,1,23,7,9,0,2,0,7,674,24,15.0,22,2026-04-12,0,1,0,0,0,0,2026-04-14
2026-04-27,2026-04-09,06,31,2.14,43,0.0,38,14.29,40,0,32,0,30,1,23,6,7,0,2,0,7,674,24,15.32,42,2026-04-13,0,0,0,0,0,0,2026-04-14
2026-04-27,2026-04-09,06,32,6.09,17,45.45,15,54.55,22,3,8,2,13,1,23,5,11,0,2,0,7,667,4,14.92,14,2026-04-13,0,2,0,1,0,0,2026-04-14
2026-04-27,2026-04-09,06,33,3.0,40,12.5,32,12.5,42,0,32,1,25,0,38,7,8,0,2,0,7,671,13,15.26,38,2026-04-10,0,0,0,0,0,0,2026-04-14
2026-04-27,2026-04-09,06,34,6.73,10,36.36,21,90.91,1,2,12,2,13,6,1,1,11,0,2,1,1,668,7,14.87,6,2026-04-12,0,1,0,0,1,0,2026-04-14
2026-04-27,2026-04-09,06,35,3.78,33,11.11,33,33.33,30,1,20,0,30,2,9,6,9,0,2,0,7,678,45,15.31,41,2026-04-11,0,1,0,0,0,0,2026-04-14
2026-04-27,2026-04-09,06,36,7.42,4,66.67,4,83.33,3,4,4,4,2,2,9,2,12,0,2,0,7,670,11,14.75,1,2026-04-13,1,2,0,0,0,1,2026-04-14
2026-04-27,2026-04-09,06,37,5.56,21,44.44,17,55.56,20,1,20,3,7,1,23,4,9,0,2,0,7,673,20,14.99,20,2026-04-13,0,1,0,0,0,0,2026-04-14
2026-04-27,2026-04-09,06,38,5.64,20,45.45,15,63.64,19,2,12,3,7,2,9,4,11,0,2,0,7,673,20,14.89,9,2026-04-12,0,2,0,0,0,0,2026-04-14
2026-04-27,2026-04-09,06,39,3.56,35,11.11,33,33.33,30,1,20,0,30,2,9,6,9,0,2,0,7,674,24,14.96,17,2026-04-13,0,0,1,0,0,0,2026-04-14
2026-04-27,2026-04-09,06,40,5.13,24,25.0,25,50.0,23,2,12,0,30,2,9,4,8,0,2,0,7,674,24,14.89,9,2026-04-12,1,0,0,0,1,0,2026-04-14
2026-04-27,2026-04-09,06,41,1.44,45,0.0,38,0.0,44,0,32,0,30,0,38,9,9,0,2,0,7,674,24,15.63,45,2026-04-14,0,0,0,0,0,0,2026-04-14
2026-04-27,2026-04-09,06,43,2.44,41,0.0,38,11.11,43,0,32,0,30,1,23,8,9,0,2,0,7,674,24,15.44,44,2026-04-10,0,0,0,0,0,0,2026-04-14
2026-04-27,2026-04-09,06,44,4.5,26,10.0,37,40.0,28,1,20,0,30,3,4,6,10,0,2,0,7,669,8,15.05,29,2026-04-11,0,0,0,1,0,0,2026-04-14
2026-04-27,2026-04-09,06,45,7.82,3,63.64,5,81.82,5,5,2,2,13,2,9,2,11,0,2,0,7,674,24,14.92,14,2026-04-09,2,2,0,0,0,1,2026-04-14
2026-04-27,2026-04-09,06,46,7.0,7,60.0,7,80.0,6,2,12,4,2,2,9,2,10,0,2,0,7,674,24,14.96,17,2026-04-13,0,1,1,0,0,0,2026-04-14
2026-04-27,2026-04-09,06,47,5.67,19,33.33,22,66.67,14,1,20,2,13,3,4,3,9,0,2,0,7,672,15,15.04,27,2026-04-14,0,1,0,0,0,0,2026-04-14
2026-04-27,2025-07-19,07,11,5.55,24,36.36,18,45.45,23,3,5,1,21,1,21,6,11,0,2,0,7,676,27,15.03,25,2025-07-23,0,1,0,1,0,1,2025-07-24
2026-04-27,2025-07-19,07,12,3.22,36,11.11,34,33.33,28,0,30,1,21,2,12,6,9,0,2,0,7,675,20,15.24,35,2025-07-20,0,0,0,0,0,0,2025-07-24
2026-04-27,2025-07-19,07,13,6.6,7,50.0,8,80.0,7,1,23,4,4,3,6,2,10,0,2,0,7,670,4,15.01,21,2025-07-23,0,0,0,0,0,1,2025-07-24
2026-04-27,2025-07-19,07,14,0.86,45,0.0,37,0.0,40,0,30,0,31,0,35,7,7,0,2,0,7,673,11,,,,0,0,0,0,0,0,2025-07-24
2026-04-27,2025-07-19,07,15,4.33,29,22.22,26,33.33,28,0,30,2,11,1,21,6,9,0,2,0,7,675,20,15.19,34,2025-07-23,0,0,0,0,0,0,2025-07-24
2026-04-27,2025-07-19,07,16,4.11,30,11.11,34,33.33,28,0,30,1,21,2,12,6,9,0,2,0,7,673,11,15.18,33,2025-07-22,0,0,0,0,0,0,2025-07-24
2026-04-27,2025-07-19,07,17,6.27,15,45.45,14,63.64,14,3,5,2,11,2,12,4,11,0,2,0,7,675,20,15.02,23,2025-07-20,1,1,0,0,1,0,2025-07-24
2026-04-27,2025-07-19,07,18,6.6,7,50.0,8,70.0,10,2,15,3,9,2,12,3,10,1,1,1,1,678,42,14.86,1,2025-07-23,0,0,0,0,0,2,2025-07-24
2026-04-27,2025-07-19,07,19,7.3,4,60.0,6,70.0,10,5,1,1,21,1,21,3,10,0,2,1,1,674,15,14.92,5,2025-07-23,0,3,0,0,0,2,2025-07-24
2026-04-27,2025-07-19,07,20,6.45,11,36.36,18,81.82,5,3,5,1,21,5,1,2,11,0,2,0,7,669,3,14.93,7,2025-07-24,0,0,1,2,0,0,2025-07-24
2026-04-27,2025-07-19,07,21,8.73,1,90.91,1,100.0,1,5,1,5,2,1,21,0,11,0,2,1,1,673,11,14.87,2,2025-07-22,0,4,0,0,0,1,2025-07-24
2026-04-27,2025-07-19,07,22,6.36,13,63.64,4,63.64,14,3,5,4,4,0,35,4,11,0,2,0,7,676,27,14.96,10,2025-07-24,1,0,0,1,0,1,2025-07-24
2026-04-27,2025-07-19,07,23,2.88,38,0.0,37,12.5,38,0,30,0,31,1,21,7,8,0,2,0,7,673,11,15.45,41,2025-07-21,0,0,0,0,0,0,2025-07-24
2026-04-27,2025-07-19,07,24,4.67,25,22.22,26,33.33,28,2,15,0,31,1,21,6,9,0,2,0,7,675,20,15.01,21,2025-07-19,0,1,0,1,0,0,2025-07-24
2026-04-27,2025-07-19,07,25,4.44,28,11.11,34,44.44,25,1,23,0,31,3,6,5,9,0,2,0,7,674,15,14.99,18,2025-07-23,0,0,0,1,0,0,2025-07-24
2026-04-27,2025-07-19,07,26,5.6,20,20.0,30,60.0,18,2,15,0,31,4,3,4,10,0,2,0,7,672,9,14.98,15,2025-07-19,0,2,0,0,0,0,2025-07-24
2026-04-27,2025-07-19,07,27,7.27,5,63.64,4,81.82,5,3,5,4,4,2,12,2,11,0,2,1,1,676,27,14.91,4,2025-07-22,0,2,0,0,0,1,2025-07-24
2026-04-27,2025-07-19,07,28,2.0,41,0.0,37,0.0,40,0,30,0,31,0,35,8,8,0,2,0,7,676,27,15.52,42,2025-07-20,0,0,0,0,0,0,2025-07-24
2026-04-27,2025-07-19,07,29,5.56,21,33.33,23,44.44,25,3,5,0,31,1,21,5,9,0,2,0,7,678,42,14.95,9,2025-07-20,2,1,0,0,0,0,2025-07-24
2026-04-27,2025-07-19,07,30,1.0,43,0.0,37,0.0,40,0,30,0,31,0,35,8,8,0,2,0,7,671,6,,,,0,0,0,0,0,0,2025-07-24
2026-04-27,2025-07-19,07,31,6.6,7,50.0,8,80.0,7,1,23,4,4,3,6,2,10,0,2,1,1,676,27,14.93,7,2025-07-20,0,1,0,0,0,0,2025-07-24
2026-04-27,2025-07-19,07,32,6.0,16,36.36,18,63.64,14,3,5,1,21,3,6,4,11,0,2,0,7,674,15,14.96,10,2025-07-20,1,2,0,0,0,0,2025-07-24
2026-04-27,2025-07-19,07,33,4.45,27,27.27,25,45.45,23,2,15,1,21,2,12,6,11,0,2,0,7,676,27,14.97,13,2025-07-19,0,1,0,1,0,0,2025-07-24
2026-04-27,2025-07-19,07,46,3.0,37,0.0,37,0.0,40,0,30,0,31,0,35,9,9,0,2,0,7,676,27,15.37,39,2025-07-21,0,0,0,0,0,0,2025-07-24
2026-04-27,2025-07-19,07,47,4.5,26,30.0,24,40.0,27,1,23,2,11,1,21,6,10,0,2,0,7,676,27,15.0,20,2025-07-19,0,1,0,0,0,0,2025-07-24
2026-04-27,2025-07-19,07,48,3.89,33,22.22,26,33.33,28,0,30,2,11,1,21,6,9,0,2,0,7,675,20,15.08,30,2025-07-24,0,0,0,0,0,0,2025-07-24
2026-04-27,2025-07-19,07,49,5.8,18,50.0,8,60.0,18,3,5,2,11,1,21,4,10,0,2,0,7,676,27,14.98,15,2025-07-24,1,2,0,0,0,0,2025-07-24
2026-04-27,2025-07-19,07,50,6.36,13,36.36,18,72.73,9,2,15,2,11,4,3,3,11,0,2,0,7,678,42,14.98,15,2025-07-21,0,1,0,0,0,1,2025-07-24
2026-04-27,2025-07-19,07,51,2.5,40,12.5,32,12.5,38,0,30,1,21,0,35,7,8,0,2,0,7,677,40,15.33,37,2025-07-20,0,0,0,0,0,0,2025-07-24
2026-04-27,2025-07-19,07,52,3.75,35,12.5,32,25.0,33,1,23,0,31,1,21,6,8,0,2,0,7,674,15,15.16,32,2025-07-20,0,1,0,0,0,0,2025-07-24
2026-04-27,2025-07-19,07,53,7.5,3,50.0,8,91.67,3,4,4,2,11,5,1,1,12,0,2,0,7,676,27,14.99,18,2025-07-23,0,1,0,2,0,1,2025-07-24
2026-04-27,2025-07-19,07,54,5.56,21,44.44,15,55.56,20,0,30,4,4,1,21,4,9,0,2,0,7,670,4,15.03,25,2025-07-24,0,0,0,0,0,0,2025-07-24
2026-04-27,2025-07-19,07,55,1.0,43,0.0,37,0.0,40,0,30,0,31,0,35,7,7,0,2,0,7,662,1,,,,0,0,0,0,0,0,2025-07-24
2026-04-27,2025-07-19,07,56,3.8,34,20.0,30,20.0,37,2,15,0,31,0,35,8,10,0,2,0,7,680,45,15.03,25,2025-07-19,0,2,0,0,0,0,2025-07-24
2026-04-27,2025-07-19,07,57,6.82,6,54.55,7,90.91,4,1,23,5,2,4,3,1,11,0,2,0,7,675,20,14.96,10,2025-07-19,0,1,0,0,0,0,2025-07-24
2026-04-27,2025-07-19,07,58,2.63,39,0.0,37,25.0,33,0,30,0,31,2,12,6,8,0,2,0,7,676,27,15.34,38,2025-07-22,0,0,0,0,0,0,2025-07-24
2026-04-27,2025-07-19,07,59,5.63,19,37.5,17,50.0,22,2,15,1,21,1,21,4,8,0,2,0,7,668,2,15.04,28,2025-07-21,2,0,0,0,0,0,2025-07-24
2026-04-27,2025-07-19,07,60,6.0,16,36.36,18,63.64,14,3,5,1,21,3,6,4,11,0,2,0,7,676,27,14.92,5,2025-07-22,0,2,1,0,0,0,2025-07-24
2026-04-27,2025-07-19,07,61,6.4,12,50.0,8,70.0,10,3,5,2,11,2,12,3,10,0,2,0,7,671,6,15.02,23,2025-07-24,2,0,0,1,0,0,2025-07-24
2026-04-27,2025-07-19,07,62,6.58,10,66.67,3,66.67,13,2,15,6,1,0,35,4,12,0,2,0,7,677,40,14.97,13,2025-07-22,0,2,0,0,0,0,2025-07-24
2026-04-27,2025-07-19,07,63,5.56,21,44.44,15,55.56,20,1,23,3,9,1,21,4,9,0,2,0,7,672,9,15.06,29,2025-07-22,1,0,0,0,0,0,2025-07-24
2026-04-27,2025-07-19,07,64,8.4,2,70.0,2,100.0,1,5,1,2,11,3,6,0,10,0,2,1,1,674,15,14.89,3,2025-07-21,2,2,0,0,0,1,2025-07-24
2026-04-27,2025-07-19,07,65,4.0,31,22.22,26,22.22,35,0,30,2,11,0,35,7,9,0,2,0,7,671,6,15.15,31,2025-07-24,0,0,0,0,0,0,2025-07-24
2026-04-27,2025-07-19,07,66,1.43,42,0.0,37,0.0,40,0,30,0,31,0,35,7,7,0,2,0,7,675,20,15.38,40,2025-07-20,0,0,0,0,0,0,2025-07-24
2026-04-27,2025-07-19,07,67,4.0,31,0.0,37,22.22,35,0,30,0,31,2,12,7,9,0,2,0,7,676,27,15.24,35,2025-07-24,0,0,0,0,0,0,2025-07-24
2026-04-27,2025-11-11,08,1,3.0,36,11.11,34,22.22,36,1,22,0,33,1,24,7,9,0,2,0,7,676,21,14.88,12,2025-11-16,0,0,1,0,0,0,2025-11-16
2026-04-27,2025-11-11,08,2,3.67,33,11.11,34,33.33,30,1,22,0,33,2,11,6,9,0,2,0,7,678,31,14.94,25,2025-11-14,0,1,0,0,0,0,2025-11-16
2026-04-27,2025-11-11,08,3,7.0,6,50.0,8,90.0,2,2,12,3,6,4,2,1,10,0,2,0,7,672,6,14.94,25,2025-11-15,0,1,0,0,0,1,2025-11-16
2026-04-27,2025-11-11,08,4,4.1,30,20.0,29,30.0,34,2,12,0,33,1,24,7,10,0,2,0,7,678,31,15.05,32,2025-11-16,0,2,0,0,0,0,2025-11-16
2026-04-27,2025-11-11,08,5,6.0,16,45.45,14,63.64,15,2,12,3,6,2,11,4,11,0,2,1,1,675,16,14.79,3,2025-11-14,0,2,0,0,0,0,2025-11-16
2026-04-27,2025-11-11,08,6,7.4,3,70.0,3,90.0,2,2,12,5,1,2,11,1,10,0,2,1,1,675,16,14.89,15,2025-11-15,0,2,0,0,0,0,2025-11-16
2026-04-27,2025-11-11,08,7,7.1,5,60.0,5,70.0,10,5,2,1,23,1,24,3,10,0,2,1,1,681,40,14.79,3,2025-11-12,1,3,1,0,0,0,2025-11-16
2026-04-27,2025-11-11,08,8,3.4,35,20.0,29,30.0,34,0,31,2,13,1,24,7,10,0,2,0,7,679,37,14.91,20,2025-11-13,0,0,0,0,0,0,2025-11-16
2026-04-27,2025-11-11,08,9,5.91,18,36.36,19,54.55,22,3,6,1,23,2,11,5,11,0,2,0,7,672,6,14.89,15,2025-11-15,0,2,0,0,0,1,2025-11-16
2026-04-27,2025-11-11,08,10,3.56,34,22.22,26,22.22,36,1,22,1,23,0,35,7,9,0,2,0,7,673,9,14.85,8,2025-11-12,1,0,0,0,0,0,2025-11-16
2026-04-27,2025-11-11,08,11,4.9,23,30.0,21,60.0,16,1,22,2,13,3,4,4,10,0,2,0,7,678,31,14.91,20,2025-11-12,0,0,1,0,0,0,2025-11-16
2026-04-27,2025-11-11,08,12,6.36,12,45.45,14,72.73,7,3,6,2,13,3,4,3,11,0,2,0,7,673,9,14.86,10,2025-11-13,1,2,0,0,0,0,2025-11-16
2026-04-27,2025-11-11,08,13,4.9,23,30.0,21,50.0,23,0,31,3,6,2,11,5,10,0,2,0,7,679,37,15.06,33,2025-11-14,0,0,0,0,0,0,2025-11-16
2026-04-27,2025-11-11,08,14,6.82,8,63.64,4,72.73,7,3,6,4,2,1,24,3,11,0,2,0,7,668,1,14.91,20,2025-11-12,0,1,1,0,0,1,2025-11-16
2026-04-27,2025-11-11,08,15,2.33,39,11.11,34,11.11,38,0,31,1,23,0,35,8,9,0,2,0,7,677,25,15.17,37,2025-11-11,0,0,0,0,0,0,2025-11-16
2026-04-27,2025-11-11,08,21,4.56,27,33.33,20,33.33,30,0,31,3,6,0,35,6,9,0,2,0,7,677,25,15.09,34,2025-11-15,0,0,0,0,0,0,2025-11-16
2026-04-27,2025-11-11,08,22,5.9,19,50.0,8,60.0,16,1,22,4,2,1,24,4,10,0,2,0,7,669,2,14.98,28,2025-11-16,1,0,0,0,0,0,2025-11-16
2026-04-27,2025-11-11,08,23,5.6,22,40.0,17,40.0,26,3,6,1,23,0,35,6,10,0,2,0,7,677,25,15.02,30,2025-11-15,1,1,0,0,0,1,2025-11-16
2026-04-27,2025-11-11,08,24,8.27,1,72.73,1,90.91,1,7,1,1,23,2,11,1,11,1,1,1,1,670,3,14.78,2,2025-11-12,2,4,0,1,0,0,2025-11-16
2026-04-27,2025-11-11,08,25,6.91,7,54.55,6,72.73,7,2,12,4,2,2,11,3,11,0,2,0,7,675,16,14.88,12,2025-11-15,0,1,1,0,0,0,2025-11-16
2026-04-27,2025-11-11,08,26,4.0,32,30.0,21,40.0,26,0,31,3,6,1,24,6,10,0,2,0,7,678,31,14.9,18,2025-11-12,0,0,0,0,0,0,2025-11-16
2026-04-27,2025-11-11,08,27,2.22,41,0.0,38,0.0,39,0,31,0,33,0,35,9,9,0,2,0,7,677,25,15.24,40,2025-11-16,0,0,0,0,0,0,2025-11-16
2026-04-27,2025-11-11,08,28,5.78,21,22.22,26,55.56,21,2,12,0,33,3,4,4,9,0,2,0,7,676,21,14.89,15,2025-11-16,0,2,0,0,0,0,2025-11-16
2026-04-27,2025-11-11,08,29,2.0,42,0.0,38,0.0,39,0,31,0,33,0,35,1,1,0,2,0,7,672,6,,,,0,0,0,0,0,0,2025-11-11
2026-04-27,2025-11-11,08,30,7.27,4,54.55,6,81.82,4,4,4,2,13,3,4,2,11,0,2,0,7,674,14,14.79,3,2025-11-16,0,3,1,0,0,0,2025-11-16
2026-04-27,2025-11-11,08,31,7.55,2,72.73,1,81.82,4,4,4,4,2,1,24,2,11,0,2,1,1,670,3,14.72,1,2025-11-12,1,3,0,0,0,0,2025-11-16
2026-04-27,2025-11-11,08,32,6.58,10,50.0,8,58.33,19,5,2,1,23,1,24,5,12,0,2,0,7,677,25,14.86,10,2025-11-12,0,3,1,0,0,1,2025-11-16
2026-04-27,2025-11-11,08,33,2.0,42,0.0,38,0.0,39,0,31,0,33,0,35,9,9,0,2,0,7,678,31,15.31,43,2025-11-15,0,0,0,0,0,0,2025-11-16
2026-04-27,2025-11-11,08,34,4.9,23,20.0,29,50.0,23,1,22,1,23,3,4,5,10,0,2,0,7,673,9,15.03,31,2025-11-14,0,1,0,0,0,0,2025-11-16
2026-04-27,2025-11-11,08,35,4.56,27,22.22,26,44.44,25,0,31,2,13,2,11,5,9,0,2,0,7,675,16,15.11,36,2025-11-12,0,0,0,0,0,0,2025-11-16
2026-04-27,2025-11-11,08,41,5.8,20,40.0,17,70.0,10,2,12,2,13,3,4,3,10,0,2,0,7,671,5,14.84,6,2025-11-13,0,0,0,0,0,2,2025-11-16
2026-04-27,2025-11-11,08,42,6.3,13,50.0,8,60.0,16,2,12,3,6,1,24,4,10,0,2,1,1,677,25,14.94,25,2025-11-15,0,1,0,0,0,1,2025-11-16
2026-04-27,2025-11-11,08,43,2.33,39,0.0,38,0.0,39,0,31,0,33,0,35,9,9,0,2,0,7,682,42,15.2,39,2025-11-12,0,0,0,0,0,0,2025-11-16
2026-04-27,2025-11-11,08,44,6.6,9,50.0,8,70.0,10,2,12,3,6,2,11,3,10,0,2,0,7,678,31,14.99,29,2025-11-15,0,2,0,0,0,0,2025-11-16
2026-04-27,2025-11-11,08,45,2.67,38,0.0,38,0.0,39,0,31,0,33,0,35,9,9,0,2,0,7,682,42,15.25,41,2025-11-15,0,0,0,0,0,0,2025-11-16
2026-04-27,2025-11-11,08,46,0.5,45,0.0,38,0.0,39,0,31,0,33,0,35,2,2,0,2,0,7,684,45,,,,0,0,0,0,0,0,2025-11-11
2026-04-27,2025-11-11,08,47,6.2,14,20.0,29,80.0,6,1,22,1,23,6,1,2,10,0,2,0,7,676,21,14.93,23,2025-11-16,0,1,0,0,0,0,2025-11-16
2026-04-27,2025-11-11,08,48,1.88,44,0.0,38,0.0,39,0,31,0,33,0,35,8,8,0,2,0,7,682,42,15.29,42,2025-11-15,0,0,0,0,0,0,2025-11-16
2026-04-27,2025-11-11,08,49,4.33,29,11.11,34,33.33,30,1,22,0,33,2,11,6,9,0,2,0,7,681,40,14.93,23,2025-11-16,0,1,0,0,0,0,2025-11-16
2026-04-27,2025-11-11,08,50,3.0,36,0.0,38,33.33,30,0,31,0,33,3,4,6,9,0,2,0,7,675,16,15.19,38,2025-11-14,0,0,0,0,0,0,2025-11-16
2026-04-27,2025-11-11,08,51,5.92,17,41.67,16,58.33,19,3,6,2,13,2,11,5,12,0,2,0,7,673,9,14.88,12,2025-11-16,1,2,0,0,0,0,2025-11-16
2026-04-27,2025-11-11,08,52,6.2,14,30.0,21,70.0,10,2,12,1,23,4,2,3,10,0,2,0,7,673,9,14.85,8,2025-11-16,0,2,0,0,0,0,2025-11-16
2026-04-27,2025-11-11,08,53,4.9,23,30.0,21,40.0,26,1,22,2,13,1,24,6,10,0,2,0,7,674,14,14.84,6,2025-11-12,0,0,1,0,0,0,2025-11-16
2026-04-27,2025-11-11,08,54,6.5,11,50.0,8,70.0,10,3,6,2,13,2,11,3,10,0,2,0,7,676,21,14.9,18,2025-11-12,0,2,1,0,0,0,2025-11-16
2026-04-27,2025-11-11,08,55,4.1,30,20.0,29,40.0,26,0,31,2,13,2,11,6,10,0,2,0,7,679,37,15.1,35,2025-11-16,0,0,0,0,0,0,2025-11-16
2026-04-27,2025-12-22,09,11,3.4,37,0.0,37,20.0,38,0,28,0,32,1,15,4,5,0,2,0,7,682,17,15.42,40,2025-12-24,0,0,0,0,0,0,2025-12-26
2026-04-27,2025-12-22,09,12,2.0,44,0.0,37,0.0,44,0,28,0,32,0,38,5,5,0,2,0,7,684,27,,,,0,0,0,0,0,0,2025-12-26
2026-04-27,2025-12-22,09,16,5.78,15,33.33,19,66.67,9,0,28,3,3,3,3,3,9,0,2,0,7,684,27,15.16,30,2025-12-23,0,0,0,0,0,0,2025-12-26
2026-04-27,2025-12-22,09,17,2.88,40,0.0,37,12.5,40,0,28,0,32,1,15,7,8,0,2,0,7,689,46,15.3,36,2025-12-23,0,0,0,0,0,0,2025-12-26
2026-04-27,2025-12-22,09,18,7.11,5,55.56,5,66.67,9,4,1,1,17,1,15,3,9,0,2,0,7,683,23,14.84,1,2025-12-23,0,1,0,1,0,2,2025-12-26
2026-04-27,2025-12-22,09,19,3.0,38,12.5,35,25.0,36,0,28,1,17,1,15,6,8,0,2,0,7,685,30,15.27,34,2025-12-22,0,0,0,0,0,0,2025-12-26
2026-04-27,2025-12-22,09,20,7.33,4,66.67,3,77.78,4,3,5,3,3,1,15,2,9,0,2,1,1,679,8,15.0,17,2025-12-23,1,2,0,0,0,0,2025-12-26
2026-04-27,2025-12-22,09,21,3.43,36,28.57,28,28.57,33,0,28,2,11,0,38,5,7,0,2,0,7,683,23,15.08,23,2025-12-23,0,0,0,0,0,0,2025-12-26
2026-04-27,2025-12-22,09,22,2.5,43,0.0,37,12.5,40,0,28,0,32,1,15,7,8,0,2,0,7,670,1,15.26,32,2025-12-23,0,0,0,0,0,0,2025-12-26
2026-04-27,2025-12-22,09,23,4.0,30,50.0,9,50.0,22,0,28,1,17,0,38,1,2,0,2,0,7,682,17,,,,0,0,0,0,0,0,2025-12-22
2026-04-27,2025-12-22,09,24,5.2,23,40.0,15,40.0,29,1,20,1,17,0,38,3,5,0,2,0,7,682,17,15.14,29,2025-12-24,0,1,0,0,0,0,2025-12-24
2026-04-27,2025-12-22,09,25,0.0,48,0.0,37,0.0,44,0,28,0,32,0,38,1,1,0,2,0,7,678,6,,,,0,0,0,0,0,0,2025-12-22
2026-04-27,2025-12-22,09,26,4.88,28,37.5,16,50.0,22,2,10,1,17,1,15,4,8,0,2,0,7,686,36,15.01,18,2025-12-24,0,1,0,0,1,0,2025-12-26
2026-04-27,2025-12-22,09,27,6.33,11,55.56,5,66.67,9,2,10,3,3,1,15,3,9,0,2,0,7,684,27,14.92,9,2025-12-23,0,2,0,0,0,0,2025-12-26
2026-04-27,2025-12-22,09,28,5.13,24,37.5,16,50.0,22,2,10,1,17,1,15,4,8,0,2,0,7,681,14,14.99,14,2025-12-24,1,1,0,0,0,0,2025-12-26
2026-04-27,2025-12-22,09,29,6.67,8,55.56,5,77.78,4,2,10,3,3,2,6,2,9,0,2,0,7,680,10,15.19,31,2025-12-24,0,2,0,0,0,0,2025-12-26
2026-04-27,2025-12-22,09,30,6.22,12,33.33,19,66.67,9,2,10,1,17,3,3,3,9,0,2,0,7,685,30,14.91,6,2025-12-23,0,1,1,0,0,0,2025-12-26
2026-04-27,2025-12-22,09,31,1.2,45,0.0,37,0.0,44,0,28,0,32,0,38,5,5,0,2,0,7,688,45,,,,0,0,0,0,0,0,2025-12-26
2026-04-27,2025-12-22,09,37,5.33,19,33.33,19,44.44,26,0,28,3,3,1,15,5,9,0,2,0,7,679,8,15.05,22,2025-12-23,0,0,0,0,0,0,2025-12-26
2026-04-27,2025-12-22,09,38,7.78,3,44.44,12,100.0,1,4,1,0,32,5,1,0,9,1,1,1,1,682,17,14.84,1,2025-12-23,0,2,2,0,0,0,2025-12-26
2026-04-27,2025-12-22,09,39,6.88,7,62.5,4,75.0,7,2,10,3,3,1,15,2,8,0,2,1,1,680,10,14.94,10,2025-12-24,0,2,0,0,0,0,2025-12-26
2026-04-27,2025-12-22,09,40,5.22,22,22.22,32,55.56,17,1,20,1,17,3,3,4,9,0,2,0,7,682,17,15.08,23,2025-12-22,0,0,1,0,0,0,2025-12-26
2026-04-27,2025-12-22,09,41,4.89,27,33.33,19,55.56,17,0,28,3,3,2,6,4,9,0,2,0,7,678,6,15.04,20,2025-12-23,0,0,0,0,0,0,2025-12-26
2026-04-27,2025-12-22,09,43,3.63,34,12.5,35,37.5,30,1,20,0,32,2,6,5,8,0,2,0,7,683,23,14.87,5,2025-12-23,0,1,0,0,0,0,2025-12-26
2026-04-27,2025-12-22,09,44,5.44,17,44.44,12,55.56,17,2,10,2,11,1,15,4,9,0,2,0,7,686,36,14.86,4,2025-12-23,0,2,0,0,0,0,2025-12-26
2026-04-27,2025-12-22,09,45,1.0,46,0.0,37,0.0,44,0,28,0,32,0,38,1,1,0,2,0,7,680,10,,,,0,0,0,0,0,0,2025-12-22
2026-04-27,2025-12-22,09,46,5.44,17,33.33,19,55.56,17,2,10,1,17,2,6,4,9,0,2,0,7,689,46,15.09,25,2025-12-24,0,1,0,0,0,1,2025-12-26
2026-04-27,2025-12-22,09,47,6.38,10,50.0,9,62.5,14,2,10,2,11,1,15,3,8,0,2,0,7,685,30,15.03,19,2025-12-23,0,1,1,0,0,0,2025-12-26
2026-04-27,2025-12-22,09,48,3.0,38,0.0,37,50.0,22,0,28,0,32,1,15,1,2,0,2,0,7,681,14,,,,0,0,0,0,0,0,2025-12-22
2026-04-27,2025-12-22,09,49,5.0,26,33.33,19,44.44,26,2,10,1,17,1,15,5,9,0,2,0,7,683,23,14.95,11,2025-12-24,1,1,0,0,0,0,2025-12-26
2026-04-27,2025-12-22,09,50,6.89,6,44.44,12,66.67,9,4,1,0,32,2,6,3,9,0,2,0,7,680,10,15.04,20,2025-12-24,0,2,0,0,0,2,2025-12-26
2026-04-27,2025-12-22,09,51,6.67,8,55.56,5,77.78,4,1,20,4,1,2,6,2,9,0,2,1,1,682,17,14.99,14,2025-12-23,0,0,0,1,0,0,2025-12-26
2026-04-27,2025-12-22,09,52,8.5,1,87.5,1,100.0,1,3,5,4,1,1,15,0,8,0,2,1,1,687,42,14.84,1,2025-12-23,0,2,0,0,0,1,2025-12-26
2026-04-27,2025-12-22,09,53,4.0,30,20.0,33,20.0,38,0,28,1,17,0,38,4,5,0,2,0,7,686,36,15.35,38,2025-12-24,0,0,0,0,0,0,2025-12-26
2026-04-27,2025-12-22,09,59,5.29,20,28.57,28,57.14,16,1,20,1,17,2,6,3,7,0,2,0,7,675,3,14.91,6,2025-12-23,0,1,0,0,0,0,2025-12-25
2026-04-27,2025-12-22,09,60,7.8,2,70.0,2,80.0,3,4,1,3,3,1,15,2,10,0,2,0,7,674,2,14.97,13,2025-12-23,0,2,1,0,0,1,2025-12-26
2026-04-27,2025-12-22,09,61,6.0,14,30.0,27,70.0,8,1,20,2,11,4,2,3,10,0,2,0,7,696,49,15.13,27,2025-12-23,0,1,0,0,0,0,2025-12-26
2026-04-27,2025-12-22,09,62,6.13,13,50.0,9,62.5,14,3,5,1,17,1,15,3,8,0,2,1,1,686,36,14.91,6,2025-12-23,0,2,0,0,0,1,2025-12-26
2026-04-27,2025-12-22,09,63,3.71,33,28.57,28,28.57,33,0,28,2,11,0,38,5,7,0,2,0,7,685,30,15.29,35,2025-12-25,0,0,0,0,0,0,2025-12-26
2026-04-27,2025-12-22,09,64,0.0,48,0.0,37,0.0,44,0,28,0,32,0,38,0,0,0,2,0,7,675,3,,,,0,0,0,0,0,0,2025-12-22
2026-04-27,2025-12-22,09,65,2.63,41,0.0,37,12.5,40,0,28,0,32,1,15,7,8,0,2,0,7,687,42,15.34,37,2025-12-23,0,0,0,0,0,0,2025-12-26
2026-04-27,2025-12-22,09,66,0.5,47,0.0,37,0.0,44,0,28,0,32,0,38,2,2,0,2,0,7,681,14,,,,0,0,0,0,0,0,2025-12-22
2026-04-27,2025-12-22,09,67,4.0,30,0.0,37,25.0,36,0,28,0,32,2,6,6,8,0,2,0,7,685,30,15.26,32,2025-12-24,0,0,0,0,0,0,2025-12-26
2026-04-27,2025-12-22,09,68,5.25,21,37.5,16,37.5,30,3,5,0,32,0,38,5,8,0,2,0,7,686,36,15.13,27,2025-12-22,1,1,0,0,0,1,2025-12-26
2026-04-27,2025-12-22,09,69,2.63,41,0.0,37,12.5,40,0,28,0,32,1,15,7,8,0,2,0,7,691,48,15.43,41,2025-12-24,0,0,0,0,0,0,2025-12-26
2026-04-27,2025-12-22,09,70,3.57,35,14.29,34,28.57,33,0,28,1,17,1,15,5,7,0,2,0,7,687,42,15.41,39,2025-12-25,0,0,0,0,0,0,2025-12-26
2026-04-27,2025-12-22,09,71,5.67,16,33.33,19,55.56,17,1,20,2,11,2,6,4,9,0,2,0,7,677,5,14.95,11,2025-12-23,0,1,0,0,0,0,2025-12-26
2026-04-27,2025-12-22,09,72,5.11,25,33.33,19,44.44,26,3,5,0,32,1,15,5,9,0,2,0,7,686,36,14.99,14,2025-12-23,0,1,0,0,0,2,2025-12-26
2026-04-27,2025-12-22,09,73,4.5,29,25.0,31,37.5,30,1,20,1,17,1,15,5,8,0,2,0,7,685,30,15.09,25,2025-12-24,0,0,1,0,0,0,2025-12-26
2026-04-27,2026-03-23,12,11,4.86,28,14.29,34,28.57,38,0,33,1,21,1,22,5,7,0,2,0,7,693,17,14.99,24,2026-03-27,0,0,0,0,0,0,2026-03-27
2026-04-27,2026-03-23,12,12,6.88,6,62.5,3,75.0,5,3,3,2,7,1,22,2,8,0,2,0,7,690,6,14.91,8,2026-03-27,0,1,2,0,0,0,2026-03-27
2026-04-27,2026-03-23,12,13,3.71,39,28.57,25,28.57,38,0,33,2,7,0,31,5,7,0,2,0,7,695,30,15.03,33,2026-03-27,0,0,0,0,0,0,2026-03-27
2026-04-27,2026-03-23,12,14,6.67,7,44.44,13,77.78,3,3,3,1,21,3,2,2,9,0,2,0,7,698,43,14.99,24,2026-03-24,0,2,0,0,0,1,2026-03-27
2026-04-27,2026-03-23,12,15,2.0,45,0.0,40,0.0,45,0,33,0,35,0,31,7,7,0,2,0,7,695,30,15.36,45,2026-03-27,0,0,0,0,0,0,2026-03-27
2026-04-27,2026-03-23,12,16,6.38,11,62.5,3,62.5,12,3,3,2,7,0,31,3,8,0,2,1,1,690,6,14.91,8,2026-03-24,1,2,0,0,0,0,2026-03-27
2026-04-27,2026-03-23,12,17,6.67,7,44.44,13,66.67,10,2,8,2,7,2,9,3,9,0,2,0,7,694,24,14.93,13,2026-03-23,0,2,0,0,0,0,2026-03-27
2026-04-27,2026-03-23,12,18,5.5,19,37.5,19,62.5,12,1,18,2,7,2,9,3,8,0,2,0,7,689,5,14.9,7,2026-03-24,0,1,0,0,0,0,2026-03-27
2026-04-27,2026-03-23,12,19,5.71,17,28.57,25,57.14,17,0,33,2,7,2,9,3,7,0,2,0,7,692,13,15.15,37,2026-03-24,0,0,0,0,0,0,2026-03-27
2026-04-27,2026-03-23,12,20,6.38,11,50.0,9,62.5,12,2,8,2,7,1,22,3,8,0,2,1,1,694,24,14.8,2,2026-03-24,0,1,0,1,0,0,2026-03-27
2026-04-27,2026-03-23,12,21,6.67,7,44.44,13,77.78,3,2,8,2,7,3,2,2,9,0,2,0,7,695,30,14.94,16,2026-03-25,0,0,1,0,0,1,2026-03-27
2026-04-27,2026-03-23,12,22,4.17,33,33.33,23,33.33,37,1,18,1,21,0,31,4,6,0,2,0,7,693,17,15.06,34,2026-03-24,0,1,0,0,0,0,2026-03-27
2026-04-27,2026-03-23,12,23,5.67,18,44.44,13,44.44,25,2,8,2,7,0,31,5,9,0,2,0,7,695,30,14.97,20,2026-03-25,1,1,0,0,0,0,2026-03-27
2026-04-27,2026-03-23,12,24,6.0,13,50.0,9,62.5,12,1,18,3,1,1,22,3,8,0,2,1,1,691,11,14.93,13,2026-03-25,0,1,0,0,0,0,2026-03-27
2026-04-27,2026-03-23,12,25,5.5,19,37.5,19,37.5,34,1,18,2,7,0,31,5,8,0,2,0,7,693,17,15.02,30,2026-03-26,0,0,1,0,0,0,2026-03-27
2026-04-27,2026-03-23,12,26,4.43,31,28.57,25,42.86,27,1,18,1,21,1,22,4,7,0,2,0,7,692,13,14.98,22,2026-03-26,1,0,0,0,0,0,2026-03-27
2026-04-27,2026-03-23,12,27,5.13,24,25.0,30,37.5,34,2,8,0,35,1,22,5,8,0,2,0,7,694,24,14.92,11,2026-03-25,0,1,0,0,1,0,2026-03-27
2026-04-27,2026-03-23,12,28,2.71,43,0.0,40,28.57,38,0,33,0,35,2,9,5,7,0,2,0,7,694,24,15.28,44,2026-03-23,0,0,0,0,0,0,2026-03-27
2026-04-27,2026-03-23,12,29,8.25,1,75.0,1,75.0,5,5,1,1,21,0,31,2,8,1,1,1,1,687,2,14.72,1,2026-03-24,0,3,2,0,0,0,2026-03-27
2026-04-27,2026-03-23,12,30,4.14,34,0.0,40,57.14,17,0,33,0,35,4,1,3,7,0,2,0,7,696,39,15.21,41,2026-03-24,0,0,0,0,0,0,2026-03-27
2026-04-27,2026-03-23,12,31,1.29,46,0.0,40,0.0,45,0,33,0,35,0,31,7,7,0,2,0,7,693,17,15.53,47,2026-03-25,0,0,0,0,0,0,2026-03-27
2026-04-27,2026-03-23,12,32,5.44,21,44.44,13,44.44,25,2,8,2,7,0,31,5,9,0,2,0,7,693,17,14.96,19,2026-03-25,1,1,0,0,0,0,2026-03-27
2026-04-27,2026-03-23,12,33,4.71,29,28.57,25,57.14,17,1,18,1,21,2,9,3,7,0,2,0,7,694,24,15.01,28,2026-03-27,1,0,0,0,0,0,2026-03-27
2026-04-27,2026-03-23,12,34,2.71,43,0.0,40,28.57,38,0,33,0,35,2,9,5,7,0,2,0,7,695,30,15.22,42,2026-03-27,0,0,0,0,0,0,2026-03-27
2026-04-27,2026-03-23,12,35,5.75,16,37.5,19,62.5,12,3,3,0,35,2,9,3,8,0,2,0,7,688,4,14.95,17,2026-03-23,0,1,1,1,0,0,2026-03-27
2026-04-27,2026-03-23,12,36,3.71,39,0.0,40,42.86,27,0,33,0,35,3,2,4,7,0,2,0,7,695,30,15.22,42,2026-03-27,0,0,0,0,0,0,2026-03-27
2026-04-27,2026-03-23,12,37,3.0,42,14.29,34,14.29,43,0,33,1,21,0,31,6,7,0,2,0,7,693,17,15.16,39,2026-03-27,0,0,0,0,0,0,2026-03-27
2026-04-27,2026-03-23,12,38,3.29,41,14.29,34,14.29,43,1,18,0,35,0,31,6,7,0,2,0,7,692,13,14.92,11,2026-03-24,0,0,0,1,0,0,2026-03-27
2026-04-27,2026-03-23,12,39,8.25,1,75.0,1,75.0,5,5,1,1,21,0,31,2,8,0,2,1,1,698,43,14.88,6,2026-03-26,0,2,0,2,0,1,2026-03-27
2026-04-27,2026-03-23,12,50,6.0,13,57.14,6,57.14,17,1,18,3,1,0,31,3,7,0,2,0,7,696,39,14.97,20,2026-03-26,0,0,0,0,0,1,2026-03-27
2026-04-27,2026-03-23,12,51,5.38,22,50.0,9,50.0,22,1,18,3,1,0,31,4,8,0,2,0,7,695,30,14.95,17,2026-03-25,0,0,0,0,0,1,2026-03-27
2026-04-27,2026-03-23,12,52,5.0,25,25.0,30,50.0,22,1,18,1,21,2,9,4,8,0,2,0,7,686,1,14.98,22,2026-03-25,0,1,0,0,0,0,2026-03-27
2026-04-27,2026-03-23,12,53,4.43,31,42.86,18,42.86,27,1,18,2,7,0,31,4,7,0,2,0,7,693,17,15.02,30,2026-03-26,0,1,0,0,0,0,2026-03-27
2026-04-27,2026-03-23,12,54,7.25,3,62.5,3,75.0,5,2,8,3,1,1,22,2,8,0,2,1,1,692,13,14.83,4,2026-03-23,0,1,0,0,0,1,2026-03-27
2026-04-27,2026-03-23,12,55,4.88,27,37.5,19,37.5,34,1,18,2,7,0,31,5,8,0,2,0,7,694,24,15.02,30,2026-03-27,1,0,0,0,0,0,2026-03-27
2026-04-27,2026-03-23,12,56,7.11,4,55.56,7,88.89,1,2,8,3,1,3,2,1,9,0,2,0,7,695,30,14.93,13,2026-03-24,1,1,0,0,0,0,2026-03-27
2026-04-27,2026-03-23,12,57,5.78,15,33.33,23,55.56,21,2,8,1,21,2,9,4,9,0,2,0,7,690,6,14.83,4,2026-03-23,0,2,0,0,0,0,2026-03-27
2026-04-27,2026-03-23,12,58,1.29,46,0.0,40,0.0,45,0,33,0,35,0,31,7,7,0,2,0,7,690,6,15.44,46,2026-03-27,0,0,0,0,0,0,2026-03-27
2026-04-27,2026-03-23,12,59,4.13,36,12.5,39,25.0,42,1,18,0,35,1,22,6,8,0,2,0,7,698,43,14.99,24,2026-03-23,0,1,0,0,0,0,2026-03-27
2026-04-27,2026-03-23,12,60,4.71,29,14.29,34,42.86,27,0,33,1,21,2,9,4,7,0,2,0,7,697,41,15.15,37,2026-03-25,0,0,0,0,0,0,2026-03-27
2026-04-27,2026-03-23,12,61,5.33,23,16.67,33,66.67,10,1,18,0,35,3,2,2,6,0,2,0,7,690,6,14.91,8,2026-03-27,0,0,0,1,0,0,2026-03-27
2026-04-27,2026-03-23,12,62,5.0,25,28.57,25,42.86,27,1,18,1,21,1,22,4,7,0,2,0,7,687,2,15.01,28,2026-03-23,0,0,0,0,0,1,2026-03-27
2026-04-27,2026-03-23,12,63,4.14,34,0.0,40,42.86,27,0,33,0,35,3,2,4,7,0,2,0,7,705,47,15.18,40,2026-03-24,0,0,0,0,0,0,2026-03-27
2026-04-27,2026-03-23,12,64,6.63,10,50.0,9,75.0,5,3,3,1,21,2,9,2,8,0,2,0,7,691,11,14.8,2,2026-03-24,0,1,1,1,0,0,2026-03-27
2026-04-27,2026-03-23,12,65,4.13,36,25.0,30,50.0,22,0,33,2,7,2,9,4,8,0,2,0,7,698,43,15.11,35,2026-03-24,0,0,0,0,0,0,2026-03-27
2026-04-27,2026-03-23,12,66,4.0,38,14.29,34,42.86,27,0,33,1,21,2,9,4,7,0,2,0,7,697,41,15.14,36,2026-03-25,0,0,0,0,0,0,2026-03-27
2026-04-27,2026-03-23,12,67,7.11,4,55.56,7,88.89,1,2,8,3,1,3,2,1,9,0,2,0,7,695,30,15.0,27,2026-03-23,0,1,0,0,0,1,2026-03-27
2026-04-27,2026-04-17,13,1,5.0,23,30.0,21,40.0,25,1,19,2,11,1,22,6,10,0,2,0,7,681,5,14.9,16,2026-04-20,0,1,0,0,0,0,2026-04-22
2026-04-27,2026-04-17,13,2,6.18,15,45.45,11,72.73,8,3,6,2,11,3,5,3,11,0,2,0,7,682,10,14.83,5,2026-04-22,0,2,0,0,0,1,2026-04-22
2026-04-27,2026-04-17,13,3,2.75,41,12.5,33,12.5,41,1,19,0,35,0,36,7,8,0,2,0,7,685,18,14.95,25,2026-04-17,0,1,0,0,0,0,2026-04-22
2026-04-27,2026-04-17,13,4,7.4,4,60.0,7,80.0,5,4,5,2,11,2,12,2,10,0,2,1,1,677,1,14.77,2,2026-04-19,1,2,1,0,0,0,2026-04-22
2026-04-27,2026-04-17,13,5,6.36,13,45.45,11,63.64,13,5,2,0,35,2,12,4,11,0,2,0,7,684,15,14.87,10,2026-04-22,0,3,0,1,0,1,2026-04-22
2026-04-27,2026-04-17,13,6,4.0,32,11.11,36,33.33,32,0,35,1,22,2,12,6,9,0,2,0,7,690,39,14.95,25,2026-04-21,0,0,0,0,0,0,2026-04-22
2026-04-27,2026-04-17,13,7,5.3,20,20.0,30,50.0,20,1,19,1,22,3,5,5,10,0,2,0,7,685,18,14.81,3,2026-04-20,0,1,0,0,0,0,2026-04-22
2026-04-27,2026-04-17,13,8,3.13,40,0.0,42,37.5,30,0,35,0,35,3,5,5,8,0,2,0,7,683,14,15.03,35,2026-04-21,0,0,0,0,0,0,2026-04-22
2026-04-27,2026-04-17,13,9,7.6,3,70.0,3,80.0,5,3,6,4,2,1,22,2,10,0,2,1,1,690,39,14.89,13,2026-04-19,0,2,0,1,0,0,2026-04-22
2026-04-27,2026-04-17,13,10,5.3,20,40.0,13,50.0,20,2,11,2,11,1,22,5,10,0,2,0,7,686,23,14.98,33,2026-04-22,0,1,0,1,0,0,2026-04-22
2026-04-27,2026-04-17,13,11,5.4,19,20.0,30,60.0,16,1,19,1,22,4,2,4,10,0,2,0,7,686,23,14.95,25,2026-04-17,0,1,0,0,0,0,2026-04-22
2026-04-27,2026-04-17,13,12,5.0,23,40.0,13,40.0,25,3,6,1,22,0,36,6,10,0,2,0,7,682,10,14.84,7,2026-04-21,0,2,1,0,0,0,2026-04-22
2026-04-27,2026-04-17,13,13,6.67,9,66.67,5,66.67,12,1,19,1,22,0,36,1,3,0,2,0,7,691,42,14.97,30,2026-04-17,0,0,0,0,0,1,2026-04-18
2026-04-27,2026-04-17,13,14,8.8,1,90.0,1,100.0,1,5,2,4,2,1,22,0,10,0,2,1,1,684,15,14.88,11,2026-04-21,1,2,1,0,0,1,2026-04-22
2026-04-27,2026-04-17,13,15,5.0,23,30.0,21,40.0,25,2,11,1,22,1,22,6,10,0,2,0,7,686,23,14.89,13,2026-04-21,0,1,0,0,0,1,2026-04-22
2026-04-27,2026-04-17,13,16,4.33,30,11.11,36,44.44,24,1,19,0,35,3,5,5,9,0,2,0,7,686,23,14.92,21,2026-04-18,0,1,0,0,0,0,2026-04-22
2026-04-27,2026-04-17,13,17,4.8,27,30.0,21,40.0,25,1,19,2,11,1,22,6,10,0,2,0,7,688,37,15.0,34,2026-04-19,0,1,0,0,0,0,2026-04-22
2026-04-27,2026-04-17,13,18,6.2,14,40.0,13,60.0,16,2,11,2,11,2,12,4,10,0,2,0,7,687,29,14.82,4,2026-04-22,1,0,0,0,0,1,2026-04-22
2026-04-27,2026-04-17,13,19,1.25,45,0.0,42,0.0,44,0,35,0,35,0,36,8,8,0,2,0,7,684,15,15.43,45,2026-04-18,0,0,0,0,0,0,2026-04-22
2026-04-27,2026-04-17,13,20,2.25,44,0.0,42,0.0,44,0,35,0,35,0,36,4,4,0,2,0,7,687,29,15.34,44,2026-04-17,0,0,0,0,0,0,2026-04-19
2026-04-27,2026-04-17,13,21,3.5,38,20.0,30,30.0,35,0,35,2,11,1,22,7,10,0,2,0,7,687,29,15.17,42,2026-04-21,0,0,0,0,0,0,2026-04-22
2026-04-27,2026-04-17,13,22,1.0,46,0.0,42,0.0,44,0,35,0,35,0,36,8,8,0,2,0,7,695,46,15.51,46,2026-04-22,0,0,0,0,0,0,2026-04-22
2026-04-27,2026-04-17,13,23,8.44,2,77.78,2,88.89,3,6,1,1,22,1,22,1,9,1,1,1,1,680,3,14.76,1,2026-04-22,2,2,2,0,0,0,2026-04-22
2026-04-27,2026-04-17,13,24,6.55,10,36.36,18,72.73,8,2,11,2,11,4,2,3,11,0,2,0,7,680,3,14.83,5,2026-04-21,0,2,0,0,0,0,2026-04-22
2026-04-27,2026-04-17,13,25,6.5,12,40.0,13,90.0,2,1,19,3,7,5,1,1,10,0,2,1,1,687,29,14.94,23,2026-04-20,0,1,0,0,0,0,2026-04-22
2026-04-27,2026-04-17,13,26,7.18,6,63.64,6,81.82,4,3,6,4,2,2,12,2,11,0,2,0,7,682,10,14.89,13,2026-04-18,0,2,0,0,0,1,2026-04-22
2026-04-27,2026-04-17,13,27,3.8,35,30.0,21,30.0,35,0,35,3,7,0,36,7,10,0,2,0,7,687,29,15.05,37,2026-04-20,0,0,0,0,0,0,2026-04-22
2026-04-27,2026-04-17,13,28,3.88,34,25.0,28,25.0,38,1,19,1,22,0,36,6,8,0,2,0,7,685,18,14.95,25,2026-04-17,0,0,1,0,0,0,2026-04-22
2026-04-27,2026-04-17,13,29,3.75,36,25.0,28,25.0,38,0,35,2,11,0,36,6,8,0,2,0,7,685,18,14.97,30,2026-04-18,0,0,0,0,0,0,2026-04-22
2026-04-27,2026-04-17,13,30,6.0,16,36.36,18,63.64,13,1,19,3,7,3,5,4,11,0,2,0,7,687,29,14.96,29,2026-04-18,0,1,0,0,0,0,2026-04-22
2026-04-27,2026-04-17,13,31,5.1,22,40.0,13,50.0,20,1,19,3,7,1,22,5,10,0,2,0,7,685,18,14.86,9,2026-04-17,0,1,0,0,0,0,2026-04-22
2026-04-27,2026-04-17,13,32,6.91,7,54.55,8,72.73,8,2,11,4,2,2,12,3,11,0,2,0,7,681,5,14.91,17,2026-04-22,0,1,0,0,0,1,2026-04-22
2026-04-27,2026-04-17,13,33,6.55,10,54.55,8,63.64,13,2,11,4,2,1,22,4,11,0,2,0,7,686,23,14.91,17,2026-04-22,0,1,1,0,0,0,2026-04-22
2026-04-27,2026-04-17,13,34,3.6,37,10.0,40,30.0,35,1,19,0,35,2,12,7,10,0,2,0,7,688,37,14.91,17,2026-04-19,0,1,0,0,0,0,2026-04-22
2026-04-27,2026-04-17,13,35,6.91,7,54.55,8,72.73,8,5,2,1,22,2,12,3,11,0,2,0,7,687,29,14.92,21,2026-04-22,0,2,3,0,0,0,2026-04-22
2026-04-27,2026-04-17,13,36,4.25,31,12.5,33,37.5,30,1,19,0,35,2,12,5,8,0,2,0,7,687,29,14.94,23,2026-04-22,0,1,0,0,0,0,2026-04-22
2026-04-27,2026-04-17,13,37,4.4,29,10.0,40,50.0,20,0,35,1,22,4,2,5,10,0,2,0,7,682,10,15.07,38,2026-04-18,0,0,0,0,0,0,2026-04-22
2026-04-27,2026-04-17,13,38,4.9,26,30.0,21,40.0,25,2,11,1,22,1,22,6,10,0,2,0,7,691,42,14.91,17,2026-04-19,0,1,1,0,0,0,2026-04-22
2026-04-27,2026-04-17,13,39,7.2,5,70.0,3,80.0,5,2,11,5,1,1,22,2,10,0,2,1,1,677,1,14.88,11,2026-04-20,0,2,0,0,0,0,2026-04-22
2026-04-27,2026-04-17,13,40,2.5,43,0.0,42,12.5,41,0,35,0,35,1,22,7,8,0,2,0,7,694,45,15.21,43,2026-04-22,0,0,0,0,0,0,2026-04-22
2026-04-27,2026-04-17,13,41,3.33,39,11.11,36,22.22,40,1,19,0,35,1,22,7,9,0,2,0,7,692,44,15.1,40,2026-04-20,0,1,0,0,0,0,2026-04-22
2026-04-27,2026-04-17,13,42,3.89,33,11.11,36,33.33,32,0,35,1,22,2,12,6,9,0,2,0,7,681,5,15.12,41,2026-04-18,0,0,0,0,0,0,2026-04-22
2026-04-27,2026-04-17,13,43,2.75,41,12.5,33,12.5,41,0,35,1,22,0,36,7,8,0,2,0,7,686,23,15.09,39,2026-04-20,0,0,0,0,0,0,2026-04-22
2026-04-27,2026-04-17,13,44,5.6,18,30.0,21,60.0,16,1,19,2,11,3,5,4,10,0,2,0,7,690,39,14.97,30,2026-04-22,0,0,0,0,1,0,2026-04-22
2026-04-27,2026-04-17,13,45,6.0,16,30.0,21,60.0,16,3,6,0,35,3,5,4,10,0,2,0,7,681,5,14.85,8,2026-04-22,0,2,0,0,0,1,2026-04-22
2026-04-27,2026-04-17,13,46,4.44,28,33.33,20,33.33,32,1,19,2,11,0,36,6,9,0,2,0,7,681,5,15.04,36,2026-04-20,1,0,0,0,0,0,2026-04-22
2026-04-27,2025-09-03,15,1,5.14,23,42.86,14,57.14,14,0,31,3,3,1,20,3,7,0,2,0,7,694,35,15.23,32,2025-09-06,0,0,0,0,0,0,2025-09-07
2026-04-27,2025-09-03,15,2,3.29,39,14.29,33,14.29,40,0,31,1,19,0,34,6,7,0,2,0,7,690,16,15.18,28,2025-09-04,0,0,0,0,0,0,2025-09-07
2026-04-27,2025-09-03,15,3,6.8,3,40.0,16,70.0,6,3,3,1,19,3,2,3,10,0,2,0,7,696,43,15.03,6,2025-09-07,0,2,0,0,0,1,2025-09-07
2026-04-27,2025-09-03,15,4,5.9,14,40.0,16,60.0,12,3,3,1,19,2,8,4,10,0,2,0,7,687,8,15.05,8,2025-09-06,1,2,0,0,0,0,2025-09-07
2026-04-27,2025-09-03,15,5,4.29,32,14.29,33,42.86,27,0,31,1,19,2,8,4,7,0,2,0,7,692,24,15.25,35,2025-09-07,0,0,0,0,0,0,2025-09-07
2026-04-27,2025-09-03,15,6,5.67,17,33.33,21,55.56,17,2,7,1,19,2,8,4,9,0,2,0,7,688,13,15.05,8,2025-09-06,0,1,1,0,0,0,2025-09-07
2026-04-27,2025-09-03,15,7,6.13,8,50.0,4,50.0,21,2,7,2,7,0,34,4,8,0,2,1,1,686,5,15.01,2,2025-09-06,1,0,1,0,0,0,2025-09-07
2026-04-27,2025-09-03,15,8,6.0,11,40.0,16,50.0,21,2,7,2,7,1,20,5,10,0,2,0,7,685,4,15.11,19,2025-09-06,0,2,0,0,0,0,2025-09-07
2026-04-27,2025-09-03,15,9,6.11,9,55.56,3,55.56,17,3,3,2,7,0,34,4,9,0,2,0,7,690,16,15.1,17,2025-09-07,0,2,0,0,0,1,2025-09-07
2026-04-27,2025-09-03,15,10,5.78,15,33.33,21,55.56,17,2,7,1,19,2,8,4,9,0,2,0,7,687,8,15.09,13,2025-09-07,0,1,0,1,0,0,2025-09-07
2026-04-27,2025-09-03,15,11,4.0,34,14.29,33,42.86,27,0,31,1,19,2,8,4,7,0,2,0,7,695,40,15.31,38,2025-09-05,0,0,0,0,0,0,2025-09-07
2026-04-27,2025-09-03,15,12,3.71,37,14.29,33,42.86,27,1,22,0,34,2,8,4,7,0,2,0,7,691,20,15.22,30,2025-09-05,0,1,0,0,0,0,2025-09-07
2026-04-27,2025-09-03,15,13,5.67,17,44.44,7,66.67,7,1,22,3,3,2,8,3,9,0,2,1,1,688,13,15.12,22,2025-09-05,0,1,0,0,0,0,2025-09-07
2026-04-27,2025-09-03,15,14,3.0,41,0.0,40,14.29,40,0,31,0,34,1,20,6,7,0,2,0,7,694,35,15.33,41,2025-09-04,0,0,0,0,0,0,2025-09-07
2026-04-27,2025-09-03,15,15,6.38,7,50.0,4,75.0,5,2,7,2,7,2,8,2,8,0,2,1,1,695,40,15.1,17,2025-09-06,0,0,1,0,0,1,2025-09-07
2026-04-27,2025-09-03,15,16,6.67,5,44.44,7,66.67,7,2,7,2,7,2,8,3,9,0,2,1,1,690,16,15.16,25,2025-09-04,0,1,0,1,0,0,2025-09-07
2026-04-27,2025-09-03,15,17,1.71,42,0.0,40,0.0,42,0,31,0,34,0,34,7,7,0,2,0,7,693,29,15.53,43,2025-09-07,0,0,0,0,0,0,2025-09-07
2026-04-27,2025-09-03,15,18,6.0,11,44.44,7,55.56,17,2,7,2,7,1,20,4,9,0,2,0,7,691,20,15.17,26,2025-09-03,0,1,0,0,0,1,2025-09-07
2026-04-27,2025-09-03,15,19,5.13,24,37.5,19,50.0,21,2,7,1,19,1,20,4,8,0,2,0,7,692,24,15.13,23,2025-09-06,0,1,1,0,0,0,2025-09-07
2026-04-27,2025-09-03,15,20,9.11,1,100.0,1,100.0,1,5,1,4,2,0,34,0,9,1,1,1,1,682,1,14.98,1,2025-09-06,1,3,0,0,0,1,2025-09-07
2026-04-27,2025-09-03,15,21,3.86,36,14.29,33,28.57,36,0,31,1,19,1,20,5,7,0,2,0,7,692,24,15.32,40,2025-09-05,0,0,0,0,0,0,2025-09-07
2026-04-27,2025-09-03,15,22,6.89,2,44.44,7,77.78,3,2,7,2,7,3,2,2,9,0,2,0,7,690,16,15.07,11,2025-09-06,0,0,0,1,0,1,2025-09-07
2026-04-27,2025-09-03,15,34,5.0,26,28.57,25,42.86,27,2,7,0,34,1,20,4,7,0,2,0,7,687,8,15.02,3,2025-09-07,0,1,0,1,0,0,2025-09-07
2026-04-27,2025-09-03,15,35,1.13,44,0.0,40,0.0,42,0,31,0,34,0,34,8,8,0,2,0,7,693,29,15.52,42,2025-09-06,0,0,0,0,0,0,2025-09-07
2026-04-27,2025-09-03,15,36,6.8,3,50.0,4,80.0,2,2,7,3,3,3,2,2,10,0,2,0,7,684,2,15.09,13,2025-09-07,0,1,0,0,0,1,2025-09-07
2026-04-27,2025-09-03,15,37,3.14,40,0.0,40,28.57,36,0,31,0,34,2,8,5,7,0,2,0,7,694,35,15.31,38,2025-09-07,0,0,0,0,0,0,2025-09-07
2026-04-27,2025-09-03,15,38,1.29,43,0.0,40,0.0,42,0,31,0,34,0,34,7,7,0,2,0,7,692,24,15.57,44,2025-09-06,0,0,0,0,0,0,2025-09-07
2026-04-27,2025-09-03,15,39,4.29,32,28.57,25,28.57,36,2,7,0,34,0,34,5,7,0,2,0,7,686,5,15.05,8,2025-09-05,0,1,1,0,0,0,2025-09-07
2026-04-27,2025-09-03,15,40,4.0,34,14.29,33,28.57,36,0,31,1,19,1,20,5,7,0,2,0,7,694,35,15.25,35,2025-09-07,0,0,0,0,0,0,2025-09-07
2026-04-27,2025-09-03,15,41,4.5,30,25.0,30,37.5,33,0,31,2,7,1,20,5,8,0,2,0,7,701,44,15.23,32,2025-09-04,0,0,0,0,0,0,2025-09-07
2026-04-27,2025-09-03,15,43,4.71,28,28.57,25,57.14,14,1,22,1,19,2,8,3,7,0,2,0,7,689,15,15.25,35,2025-09-03,0,0,1,0,0,0,2025-09-07
2026-04-27,2025-09-03,15,44,5.29,22,42.86,14,57.14,14,2,7,1,19,1,20,3,7,0,2,0,7,692,24,15.02,3,2025-09-04,0,1,1,0,0,0,2025-09-07
2026-04-27,2025-09-03,15,45,3.71,37,28.57,25,42.86,27,0,31,2,7,1,20,4,7,0,2,0,7,693,29,15.22,30,2025-09-06,0,0,0,0,0,0,2025-09-07
2026-04-27,2025-09-03,15,46,6.67,5,66.67,2,77.78,3,1,22,5,1,1,20,2,9,0,2,1,1,691,20,15.14,24,2025-09-04,0,1,0,0,0,0,2025-09-07
2026-04-27,2025-09-03,15,47,5.56,21,44.44,7,44.44,25,4,2,0,34,0,34,5,9,0,2,0,7,695,40,15.02,3,2025-09-05,1,1,0,1,0,1,2025-09-07
2026-04-27,2025-09-03,15,48,4.38,31,25.0,30,37.5,33,1,22,1,19,1,20,5,8,0,2,0,7,691,20,15.09,13,2025-09-05,0,1,0,0,0,0,2025-09-07
2026-04-27,2025-09-03,15,49,6.0,11,22.22,32,66.67,7,1,22,1,19,4,1,3,9,0,2,0,7,684,2,15.17,26,2025-09-07,0,0,1,0,0,0,2025-09-07
2026-04-27,2025-09-03,15,50,6.11,9,44.44,7,66.67,7,1,22,3,3,2,8,3,9,0,2,0,7,693,29,15.11,19,2025-09-07,0,1,0,0,0,0,2025-09-07
2026-04-27,2025-09-03,15,51,5.0,26,12.5,39,50.0,21,1,22,0,34,3,2,4,8,0,2,0,7,694,35,15.18,28,2025-09-03,0,1,0,0,0,0,2025-09-07
2026-04-27,2025-09-03,15,52,5.67,17,33.33,21,66.67,7,1,22,2,7,3,2,3,9,0,2,0,7,686,5,15.04,7,2025-09-04,0,1,0,0,0,0,2025-09-07
2026-04-27,2025-09-03,15,53,5.13,24,37.5,19,37.5,33,2,7,1,19,0,34,5,8,0,2,0,7,687,8,15.08,12,2025-09-04,0,2,0,0,0,0,2025-09-07
2026-04-27,2025-09-03,15,54,5.6,20,30.0,24,60.0,12,3,3,0,34,3,2,4,10,0,2,0,7,687,8,15.09,13,2025-09-03,0,3,0,0,0,0,2025-09-07
2026-04-27,2025-09-03,15,55,4.71,28,28.57,25,42.86,27,0,31,2,7,1,20,4,7,0,2,0,7,693,29,15.24,34,2025-09-06,0,0,0,0,0,0,2025-09-07
2026-04-27,2025-09-03,15,56,5.78,15,44.44,7,44.44,25,2,7,2,7,0,34,5,9,0,2,0,7,693,29,15.11,19,2025-09-07,0,1,1,0,0,0,2025-09-07
2026-04-27,2025-12-17,16,11,6.43,9,42.86,12,71.43,8,2,4,1,15,2,4,2,7,0,2,0,7,678,11,14.82,7,2025-12-20,0,2,0,0,0,0,2025-12-20
2026-04-27,2025-12-17,16,12,5.0,23,16.67,27,66.67,10,0,30,1,15,3,3,2,6,0,2,0,7,681,18,15.07,32,2025-12-20,0,0,0,0,0,0,2025-12-20
2026-04-27,2025-12-17,16,13,3.83,33,16.67,27,33.33,30,0,30,1,15,1,13,4,6,0,2,0,7,681,18,15.06,30,2025-12-20,0,0,0,0,0,0,2025-12-20
2026-04-27,2025-12-17,16,14,2.17,41,16.67,27,16.67,36,0,30,1,15,0,32,5,6,0,2,0,7,685,33,15.09,36,2025-12-19,0,0,0,0,0,0,2025-12-20
2026-04-27,2025-12-17,16,15,5.17,21,33.33,20,50.0,16,1,15,1,15,1,13,3,6,0,2,0,7,682,23,15.14,38,2025-12-20,0,1,0,0,0,0,2025-12-20
2026-04-27,2025-12-17,16,16,3.5,34,16.67,27,16.67,36,1,15,0,30,0,32,5,6,0,2,0,7,683,26,15.01,26,2025-12-17,0,1,0,0,0,0,2025-12-20
2026-04-27,2025-12-17,16,17,4.6,27,20.0,26,20.0,35,1,15,0,30,0,32,4,5,0,2,0,7,679,12,14.96,22,2025-12-19,0,1,0,0,0,0,2025-12-20
2026-04-27,2025-12-17,16,18,5.88,15,37.5,18,50.0,16,2,4,1,15,1,13,4,8,0,2,0,7,682,23,14.97,23,2025-12-20,1,1,0,0,0,0,2025-12-20
2026-04-27,2025-12-17,16,19,4.5,28,16.67,27,50.0,16,1,15,0,30,2,4,3,6,0,2,0,7,686,34,14.94,19,2025-12-19,0,0,0,0,0,1,2025-12-20
2026-04-27,2025-12-17,16,20,6.38,10,50.0,6,75.0,6,2,4,2,5,2,4,2,8,0,2,0,7,679,12,14.8,5,2025-12-18,0,2,0,0,0,0,2025-12-20
2026-04-27,2025-12-17,16,21,4.29,31,28.57,23,42.86,24,1,15,1,15,1,13,4,7,0,2,0,7,681,18,14.93,18,2025-12-17,0,0,0,0,0,1,2025-12-20
2026-04-27,2025-12-17,16,22,7.14,5,42.86,12,100.0,1,1,15,2,5,4,1,0,7,0,2,0,7,688,37,14.85,11,2025-12-20,0,1,0,0,0,0,2025-12-20
2026-04-27,2025-12-17,16,23,4.5,28,16.67,27,50.0,16,0,30,1,15,2,4,3,6,0,2,0,7,692,42,15.08,35,2025-12-20,0,0,0,0,0,0,2025-12-20
2026-04-27,2025-12-17,16,24,6.57,8,57.14,4,71.43,8,0,30,4,1,1,13,2,7,0,2,0,7,684,30,15.07,32,2025-12-20,0,0,0,0,0,0,2025-12-20
2026-04-27,2025-12-17,16,25,3.0,37,16.67,27,16.67,36,1,15,0,30,0,32,5,6,0,2,0,7,670,1,15.05,29,2025-12-17,0,0,0,0,0,1,2025-12-20
2026-04-27,2025-12-17,16,26,6.0,13,42.86,12,42.86,24,2,4,1,15,0,32,4,7,0,2,0,7,688,37,15.01,26,2025-12-19,0,1,0,0,0,1,2025-12-20
2026-04-27,2025-12-17,16,27,7.29,4,71.43,2,85.71,4,2,4,3,2,1,13,1,7,0,2,0,7,675,3,14.82,7,2025-12-20,0,1,1,0,0,0,2025-12-20
2026-04-27,2025-12-17,16,28,6.38,10,50.0,6,62.5,12,2,4,2,5,1,13,3,8,0,2,0,7,676,6,14.9,14,2025-12-17,0,2,0,0,0,0,2025-12-20
2026-04-27,2025-12-17,16,29,5.14,22,14.29,38,42.86,24,1,15,0,30,2,4,4,7,0,2,0,7,684,30,14.92,17,2025-12-17,0,0,0,0,0,1,2025-12-20
2026-04-27,2025-12-17,16,30,5.25,20,25.0,25,50.0,16,0,30,2,5,2,4,4,8,0,2,0,7,688,37,15.06,30,2025-12-19,0,0,0,0,0,0,2025-12-20
2026-04-27,2025-12-17,16,31,4.38,30,37.5,18,37.5,29,1,15,2,5,0,32,5,8,0,2,0,7,676,6,14.75,3,2025-12-19,0,1,0,0,0,0,2025-12-20
2026-04-27,2025-12-17,16,32,2.63,40,0.0,39,12.5,42,0,30,0,30,1,13,7,8,0,2,0,7,689,40,15.23,40,2025-12-18,0,0,0,0,0,0,2025-12-20
2026-04-27,2025-12-17,16,33,3.0,37,0.0,39,16.67,36,0,30,0,30,1,13,5,6,0,2,0,7,680,17,15.3,42,2025-12-17,0,0,0,0,0,0,2025-12-20
2026-04-27,2025-12-17,16,34,1.25,43,0.0,39,0.0,43,0,30,0,30,0,32,4,4,0,2,0,7,693,43,,,,0,0,0,0,0,0,2025-12-19
2026-04-27,2025-12-17,16,35,6.17,12,50.0,6,66.67,10,1,15,2,5,1,13,2,6,0,2,1,1,679,12,14.9,14,2025-12-17,1,0,0,0,0,0,2025-12-20
2026-04-27,2025-12-17,16,36,7.43,3,42.86,12,100.0,1,2,4,1,15,4,1,0,7,0,2,1,1,683,26,14.82,7,2025-12-18,0,1,1,0,0,0,2025-12-20
2026-04-27,2025-12-17,16,37,5.75,16,50.0,6,50.0,16,1,15,3,2,0,32,4,8,0,2,0,7,677,9,14.87,12,2025-12-17,0,0,0,0,1,0,2025-12-20
2026-04-27,2025-12-17,16,38,4.67,26,16.67,27,33.33,30,0,30,1,15,1,13,4,6,0,2,0,7,676,6,15.03,28,2025-12-19,0,0,0,0,0,0,2025-12-20
2026-04-27,2025-12-17,16,39,6.0,13,50.0,6,62.5,12,2,4,2,5,1,13,3,8,0,2,0,7,683,26,14.94,19,2025-12-17,0,1,0,1,0,0,2025-12-20
2026-04-27,2025-12-17,16,40,3.5,34,16.67,27,33.33,30,0,30,1,15,1,13,4,6,0,2,0,7,682,23,15.07,32,2025-12-19,0,0,0,0,0,0,2025-12-20
2026-04-27,2025-12-17,16,41,5.0,23,33.33,20,50.0,16,1,15,1,15,1,13,3,6,0,2,0,7,683,26,14.97,23,2025-12-19,0,1,0,0,0,0,2025-12-20
2026-04-27,2025-12-17,16,42,4.86,25,42.86,12,42.86,24,1,15,2,5,0,32,4,7,0,2,0,7,681,18,14.9,14,2025-12-20,0,1,0,0,0,0,2025-12-20
2026-04-27,2025-12-17,16,43,5.5,18,33.33,20,50.0,16,2,4,0,30,1,13,3,6,0,2,0,7,675,3,14.8,5,2025-12-20,1,0,1,0,0,0,2025-12-20
2026-04-27,2025-12-17,16,44,8.86,1,71.43,2,100.0,1,5,1,0,30,2,4,0,7,1,1,1,1,679,12,14.7,2,2025-12-19,0,3,2,0,0,0,2025-12-20
2026-04-27,2025-12-17,16,45,5.43,19,28.57,23,42.86,24,2,4,0,30,1,13,4,7,0,2,0,7,684,30,15.0,25,2025-12-18,0,0,1,0,0,1,2025-12-20
2026-04-27,2025-12-17,16,46,6.86,7,57.14,4,57.14,14,3,2,1,15,0,32,3,7,0,2,1,1,681,18,14.89,13,2025-12-18,1,1,1,0,0,0,2025-12-20
2026-04-27,2025-12-17,16,47,1.83,42,0.0,39,16.67,36,0,30,0,30,1,13,5,6,0,2,0,7,687,35,15.29,41,2025-12-18,0,0,0,0,0,0,2025-12-20
2026-04-27,2025-12-17,16,48,3.33,36,0.0,39,33.33,30,0,30,0,30,2,4,4,6,0,2,0,7,687,35,15.17,39,2025-12-19,0,0,0,0,0,0,2025-12-20
2026-04-27,2025-12-17,16,49,2.67,39,16.67,27,16.67,36,0,30,1,15,0,32,5,6,0,2,0,7,679,12,15.1,37,2025-12-18,0,0,0,0,0,0,2025-12-20
2026-04-27,2025-12-17,16,50,8.29,2,85.71,1,85.71,4,3,2,3,2,0,32,1,7,0,2,1,1,675,3,14.69,1,2025-12-18,0,1,1,0,0,1,2025-12-20
2026-04-27,2025-12-17,16,51,7.0,6,50.0,6,75.0,6,2,4,2,5,2,4,2,8,0,2,0,7,677,9,14.84,10,2025-12-18,1,1,0,0,0,0,2025-12-20
2026-04-27,2025-12-17,16,52,5.71,17,42.86,12,57.14,14,1,15,2,5,1,13,3,7,0,2,1,1,673,2,14.77,4,2025-12-18,0,0,0,1,0,0,2025-12-20
2026-04-27,2025-12-17,16,53,4.0,32,16.67,27,33.33,30,1,15,0,30,1,13,4,6,0,2,0,7,689,40,14.94,19,2025-12-19,0,1,0,0,0,0,2025-12-20
2026-04-27,2026-04-20,18,11,4.88,23,25.0,24,50.0,23,1,18,1,18,2,8,4,8,0,2,0,7,704,34,15.2,22,2026-04-20,0,1,0,0,0,0,2026-04-24
2026-04-27,2026-04-20,18,12,2.17,43,0.0,36,16.67,39,0,29,0,30,1,18,5,6,0,2,0,7,707,39,15.41,39,2026-04-21,0,0,0,0,0,0,2026-04-24
2026-04-27,2026-04-20,18,13,4.88,23,37.5,18,37.5,27,1,18,2,11,0,35,5,8,0,2,0,7,703,30,15.23,24,2026-04-22,0,0,1,0,0,0,2026-04-24
2026-04-27,2026-04-20,18,14,7.78,3,77.78,2,88.89,2,3,4,4,1,1,18,1,9,0,2,1,1,696,5,15.02,3,2026-04-23,1,2,0,0,0,0,2026-04-24
2026-04-27,2026-04-20,18,15,7.33,5,66.67,5,77.78,5,3,4,3,5,1,18,2,9,0,2,1,1,691,1,15.02,3,2026-04-21,2,1,0,0,0,0,2026-04-24
2026-04-27,2026-04-20,18,16,3.43,36,14.29,30,28.57,31,1,18,0,30,1,18,5,7,0,2,0,7,704,34,15.33,33,2026-04-20,0,1,0,0,0,0,2026-04-24
2026-04-27,2026-04-20,18,17,6.33,12,44.44,10,88.89,2,0,29,4,1,4,1,1,9,0,2,0,7,693,2,15.19,21,2026-04-21,0,0,0,0,0,0,2026-04-24
2026-04-27,2026-04-20,18,18,3.29,37,0.0,36,28.57,31,0,29,0,30,2,8,5,7,0,2,0,7,707,39,15.34,35,2026-04-20,0,0,0,0,0,0,2026-04-24
2026-04-27,2026-04-20,18,19,9.11,1,88.89,1,100.0,1,6,1,2,11,1,18,0,9,1,1,1,1,695,4,15.0,1,2026-04-24,2,3,1,0,0,0,2026-04-24
2026-04-27,2026-04-20,18,20,3.57,35,28.57,22,28.57,31,0,29,2,11,0,35,5,7,0,2,0,7,701,21,15.29,31,2026-04-21,0,0,0,0,0,0,2026-04-24
2026-04-27,2026-04-20,18,21,3.63,34,12.5,34,25.0,36,1,18,0,30,1,18,6,8,0,2,0,7,701,21,15.15,17,2026-04-24,0,1,0,0,0,0,2026-04-24
2026-04-27,2026-04-20,18,22,4.38,28,25.0,24,37.5,27,1,18,1,18,1,18,5,8,0,2,0,7,700,16,15.13,15,2026-04-22,0,1,0,0,0,0,2026-04-24
2026-04-27,2026-04-20,18,23,7.78,3,77.78,2,77.78,5,3,4,4,1,0,35,2,9,0,2,0,7,700,16,15.12,13,2026-04-24,1,1,0,1,0,0,2026-04-24
2026-04-27,2026-04-20,18,24,1.0,45,0.0,36,0.0,42,0,29,0,30,0,35,7,7,0,2,0,7,707,39,,,,0,0,0,0,0,0,2026-04-24
2026-04-27,2026-04-20,18,25,3.88,31,12.5,34,37.5,27,0,29,1,18,2,8,5,8,0,2,0,7,703,30,15.31,32,2026-04-21,0,0,0,0,0,0,2026-04-24
2026-04-27,2026-04-20,18,26,5.56,18,33.33,19,44.44,25,2,11,1,18,1,18,5,9,0,2,0,7,707,39,15.24,26,2026-04-21,0,1,0,0,0,1,2026-04-24
2026-04-27,2026-04-20,18,27,4.0,30,14.29,30,14.29,40,0,29,1,18,0,35,6,7,0,2,0,7,703,30,15.27,29,2026-04-24,0,0,0,0,0,0,2026-04-24
2026-04-27,2026-04-20,18,28,6.67,10,44.44,10,77.78,5,1,18,3,5,3,3,2,9,0,2,1,1,700,16,15.04,5,2026-04-22,0,1,0,0,0,0,2026-04-24
2026-04-27,2026-04-20,18,29,5.44,20,33.33,19,55.56,20,2,11,1,18,2,8,4,9,0,2,0,7,698,10,15.11,11,2026-04-21,0,2,0,0,0,0,2026-04-24
2026-04-27,2026-04-20,18,30,6.89,8,44.44,10,66.67,10,3,4,1,18,2,8,3,9,0,2,0,7,699,12,15.1,10,2026-04-22,1,1,1,0,0,0,2026-04-24
2026-04-27,2026-04-20,18,31,6.0,13,40.0,16,70.0,8,1,18,3,5,3,3,3,10,0,2,0,7,699,12,15.25,28,2026-04-20,0,1,0,0,0,0,2026-04-24
2026-04-27,2026-04-20,18,32,4.71,26,14.29,30,57.14,17,1,18,0,30,3,3,3,7,0,2,0,7,697,6,15.2,22,2026-04-21,0,1,0,0,0,0,2026-04-24
2026-04-27,2026-04-20,18,33,5.25,21,25.0,24,62.5,15,0,29,2,11,3,3,3,8,0,2,0,7,708,44,15.33,33,2026-04-24,0,0,0,0,0,0,2026-04-24
2026-04-27,2026-04-20,18,34,5.56,18,22.22,29,66.67,10,1,18,1,18,4,1,3,9,0,2,0,7,697,6,15.12,13,2026-04-23,0,1,0,0,0,0,2026-04-24
2026-04-27,2026-04-20,18,35,6.75,9,62.5,7,62.5,15,2,11,3,5,0,35,3,8,0,2,0,7,702,26,15.14,16,2026-04-23,0,0,1,0,0,1,2026-04-24
2026-04-27,2026-04-20,18,36,8.0,2,77.78,2,88.89,2,3,4,4,1,1,18,1,9,0,2,1,1,694,3,15.0,1,2026-04-21,1,2,0,0,0,0,2026-04-24
2026-04-27,2026-04-20,18,37,2.0,44,0.0,36,20.0,38,0,29,0,30,1,18,4,5,0,2,0,7,710,45,15.48,41,2026-04-21,0,0,0,0,0,0,2026-04-23
2026-04-27,2026-04-20,18,38,7.0,6,66.67,5,66.67,10,3,4,3,5,0,35,3,9,0,2,1,1,698,10,15.09,7,2026-04-22,0,1,1,1,0,0,2026-04-24
2026-04-27,2026-04-20,18,39,6.67,10,55.56,8,66.67,10,3,4,2,11,1,18,3,9,0,2,0,7,700,16,15.11,11,2026-04-22,0,1,1,1,0,0,2026-04-24
2026-04-27,2026-04-20,18,40,2.71,40,0.0,36,0.0,42,0,29,0,30,0,35,7,7,0,2,0,7,702,26,15.51,42,2026-04-24,0,0,0,0,0,0,2026-04-24
2026-04-27,2026-04-20,18,41,5.78,16,44.44,10,55.56,20,4,2,0,30,1,18,4,9,0,2,0,7,697,6,15.09,7,2026-04-23,0,3,1,0,0,0,2026-04-24
2026-04-27,2026-04-20,18,42,2.86,39,0.0,36,0.0,42,0,29,0,30,0,35,7,7,0,2,0,7,700,16,15.58,43,2026-04-21,0,0,0,0,0,0,2026-04-24
2026-04-27,2026-04-20,18,43,3.71,32,0.0,36,28.57,31,0,29,0,30,2,8,5,7,0,2,0,7,701,21,15.37,38,2026-04-24,0,0,0,0,0,0,2026-04-24
2026-04-27,2026-04-20,18,44,4.86,25,28.57,22,42.86,26,2,11,0,30,1,18,4,7,0,2,0,7,702,26,15.05,6,2026-04-22,0,1,1,0,0,0,2026-04-24
2026-04-27,2026-04-20,18,45,3.14,38,14.29,30,14.29,40,1,18,0,30,0,35,6,7,0,2,0,7,703,30,15.27,29,2026-04-20,0,1,0,0,0,0,2026-04-24
2026-04-27,2026-04-20,18,46,2.29,42,0.0,36,0.0,42,0,29,0,30,0,35,7,7,0,2,0,7,706,38,15.61,44,2026-04-23,0,0,0,0,0,0,2026-04-24
2026-04-27,2026-04-20,18,47,5.8,15,40.0,16,70.0,8,2,11,2,11,3,3,3,10,0,2,0,7,699,12,15.17,19,2026-04-21,0,2,0,0,0,0,2026-04-24
2026-04-27,2026-04-20,18,48,2.63,41,0.0,36,25.0,36,0,29,0,30,2,8,6,8,0,2,0,7,701,21,15.45,40,2026-04-23,0,0,0,0,0,0,2026-04-24
2026-04-27,2026-04-20,18,49,6.0,13,42.86,14,57.14,17,2,11,1,18,1,18,3,7,0,2,0,7,701,21,15.15,17,2026-04-23,0,1,0,1,0,0,2026-04-24
2026-04-27,2026-04-20,18,50,4.63,27,25.0,24,50.0,23,1,18,1,18,2,8,4,8,0,2,0,7,705,37,15.17,19,2026-04-24,0,1,0,0,0,0,2026-04-24
2026-04-27,2026-04-20,18,51,4.13,29,25.0,24,37.5,27,0,29,2,11,1,18,5,8,0,2,0,7,704,34,15.35,36,2026-04-23,0,0,0,0,0,0,2026-04-24
2026-04-27,2026-04-20,18,52,5.67,17,33.33,19,55.56,20,2,11,1,18,2,8,4,9,0,2,0,7,707,39,15.23,24,2026-04-23,0,1,0,0,0,1,2026-04-24
2026-04-27,2026-04-20,18,53,7.0,6,55.56,8,66.67,10,4,2,1,18,1,18,3,9,0,2,0,7,697,6,15.09,7,2026-04-24,1,2,0,0,1,0,2026-04-24
2026-04-27,2026-04-20,18,54,5.14,22,42.86,14,57.14,17,0,29,3,5,1,18,3,7,0,2,0,7,699,12,15.24,26,2026-04-24,0,0,0,0,0,0,2026-04-24
2026-04-27,2026-04-20,18,55,3.71,32,0.0,36,28.57,31,0,29,0,30,2,8,5,7,0,2,0,7,702,26,15.36,37,2026-04-22,0,0,0,0,0,0,2026-04-24
2026-04-27,2025-11-26,20,1,5.33,19,33.33,16,55.56,16,2,9,1,18,2,6,4,9,0,2,0,7,687,26,14.91,6,2025-11-28,0,2,0,0,0,0,2025-11-30
2026-04-27,2025-11-26,20,2,5.5,18,50.0,9,62.5,13,1,19,3,4,1,23,3,8,0,2,1,1,691,41,15.02,23,2025-11-28,0,0,0,0,1,0,2025-11-30
2026-04-27,2025-11-26,20,3,3.86,34,28.57,22,28.57,32,1,19,1,18,0,34,5,7,0,2,0,7,682,7,15.13,32,2025-11-26,0,1,0,0,0,0,2025-11-30
2026-04-27,2025-11-26,20,4,8.5,2,87.5,1,100.0,1,3,5,4,2,1,23,0,8,0,2,1,1,684,15,14.9,5,2025-11-29,1,2,0,0,0,0,2025-11-30
2026-04-27,2025-11-26,20,5,8.75,1,87.5,1,87.5,3,5,1,2,6,0,34,1,8,1,1,1,1,675,1,14.85,2,2025-11-29,1,3,0,1,0,0,2025-11-30
2026-04-27,2025-11-26,20,6,6.22,11,44.44,12,55.56,16,3,5,1,18,1,23,4,9,0,2,0,7,689,34,14.94,8,2025-11-29,0,2,0,0,0,1,2025-11-30
2026-04-27,2025-11-26,20,7,3.88,33,25.0,24,25.0,34,1,19,1,18,0,34,6,8,0,2,0,7,685,17,15.02,23,2025-11-26,1,0,0,0,0,0,2025-11-30
2026-04-27,2025-11-26,20,8,5.0,23,37.5,15,50.0,21,1,19,2,6,1,23,4,8,0,2,0,7,679,2,14.98,13,2025-11-28,0,0,0,1,0,0,2025-11-30
2026-04-27,2025-11-26,20,9,4.63,27,25.0,24,37.5,28,1,19,1,18,1,23,5,8,0,2,0,7,689,34,15.13,32,2025-11-30,0,1,0,0,0,0,2025-11-30
2026-04-27,2025-11-26,20,10,7.25,5,62.5,5,87.5,3,1,19,4,2,2,6,1,8,0,2,1,1,685,17,14.93,7,2025-11-28,1,0,0,0,0,0,2025-11-30
2026-04-27,2025-11-26,20,11,4.75,26,12.5,33,50.0,21,1,19,0,35,3,1,4,8,0,2,0,7,687,26,14.97,11,2025-11-28,0,1,0,0,0,0,2025-11-30
2026-04-27,2025-11-26,20,16,2.88,39,12.5,33,25.0,34,0,30,1,18,1,23,6,8,0,2,0,7,689,34,15.35,41,2025-11-26,0,0,0,0,0,0,2025-11-30
2026-04-27,2025-11-26,20,17,5.78,17,33.33,16,55.56,16,2,9,1,18,2,6,4,9,0,2,0,7,681,5,15.03,25,2025-11-26,0,2,0,0,0,0,2025-11-30
2026-04-27,2025-11-26,20,18,6.38,10,50.0,9,62.5,13,2,9,2,6,1,23,3,8,0,2,1,1,687,26,14.97,11,2025-11-29,1,0,0,1,0,0,2025-11-30
2026-04-27,2025-11-26,20,19,1.57,42,0.0,39,0.0,41,0,30,0,35,0,34,7,7,0,2,0,7,688,32,,,,0,0,0,0,0,0,2025-11-30
2026-04-27,2025-11-26,20,20,6.67,9,44.44,12,66.67,10,2,9,2,6,2,6,3,9,0,2,0,7,680,3,14.94,8,2025-11-28,0,1,0,0,0,1,2025-11-30
2026-04-27,2025-11-26,20,21,4.63,27,12.5,33,50.0,21,0,30,1,18,3,1,4,8,0,2,0,7,682,7,15.14,34,2025-11-30,0,0,0,0,0,0,2025-11-30
2026-04-27,2025-11-26,20,22,6.75,8,50.0,9,75.0,9,2,9,2,6,2,6,2,8,0,2,0,7,683,10,14.98,13,2025-11-28,1,1,0,0,0,0,2025-11-30
2026-04-27,2025-11-26,20,23,6.0,13,55.56,6,77.78,6,0,30,5,1,2,6,2,9,0,2,0,7,687,26,15.08,28,2025-11-26,0,0,0,0,0,0,2025-11-30
2026-04-27,2025-11-26,20,24,2.38,41,0.0,39,0.0,41,0,30,0,35,0,34,8,8,0,2,0,7,683,10,15.3,40,2025-11-26,0,0,0,0,0,0,2025-11-30
2026-04-27,2025-11-26,20,25,2.63,40,0.0,39,25.0,34,0,30,0,35,2,6,6,8,0,2,0,7,687,26,15.24,38,2025-11-28,0,0,0,0,0,0,2025-11-30
2026-04-27,2025-11-26,20,26,6.22,11,33.33,16,55.56,16,2,9,1,18,2,6,4,9,0,2,0,7,687,26,14.99,15,2025-11-26,2,0,0,0,0,0,2025-11-30
2026-04-27,2025-11-26,20,32,6.0,13,33.33,16,55.56,16,3,5,0,35,2,6,4,9,0,2,0,7,680,3,15.01,21,2025-11-30,1,2,0,0,0,0,2025-11-30
2026-04-27,2025-11-26,20,33,5.13,22,25.0,24,50.0,21,0,30,2,6,2,6,4,8,0,2,0,7,685,17,15.11,31,2025-11-29,0,0,0,0,0,0,2025-11-30
2026-04-27,2025-11-26,20,34,7.22,6,55.56,6,88.89,2,3,5,2,6,3,1,1,9,0,2,0,7,685,17,15.01,21,2025-11-30,0,1,0,0,0,2,2025-11-30
2026-04-27,2025-11-26,20,35,3.75,35,25.0,24,25.0,34,1,19,1,18,0,34,6,8,0,2,0,7,686,24,15.07,27,2025-11-29,0,1,0,0,0,0,2025-11-30
2026-04-27,2025-11-26,20,36,5.0,23,12.5,33,37.5,28,0,30,1,18,2,6,5,8,0,2,0,7,685,17,14.99,15,2025-11-28,0,0,0,0,0,0,2025-11-30
2026-04-27,2025-11-26,20,37,7.11,7,55.56,6,77.78,6,4,2,1,18,2,6,2,9,0,2,0,7,682,7,14.85,2,2025-11-28,0,2,2,0,0,0,2025-11-30
2026-04-27,2025-11-26,20,38,5.33,19,33.33,16,44.44,27,2,9,1,18,1,23,5,9,0,2,0,7,689,34,15.0,19,2025-11-29,0,2,0,0,0,0,2025-11-30
2026-04-27,2025-11-26,20,39,4.88,25,25.0,24,25.0,34,2,9,0,35,0,34,6,8,0,2,0,7,683,10,15.09,29,2025-11-29,0,1,0,0,0,1,2025-11-30
2026-04-27,2025-11-26,20,40,5.89,15,44.44,12,66.67,10,2,9,2,6,2,6,3,9,0,2,0,7,683,10,14.84,1,2025-11-28,0,2,0,0,0,0,2025-11-30
2026-04-27,2025-11-26,20,41,4.38,31,25.0,24,37.5,28,0,30,2,6,1,23,5,8,0,2,0,7,685,17,15.15,36,2025-11-26,0,0,0,0,0,0,2025-11-30
2026-04-27,2025-11-26,20,42,4.63,27,25.0,24,50.0,21,0,30,2,6,2,6,4,8,0,2,0,7,685,17,15.1,30,2025-11-29,0,0,0,0,0,0,2025-11-30
2026-04-27,2025-11-26,20,47,7.56,4,77.78,3,77.78,6,4,2,3,4,0,34,2,9,0,2,0,7,686,24,14.96,10,2025-11-28,2,2,0,0,0,0,2025-11-30
2026-04-27,2025-11-26,20,48,4.63,27,25.0,24,50.0,21,1,19,1,18,2,6,4,8,0,2,0,7,690,39,15.05,26,2025-11-26,0,1,0,0,0,0,2025-11-30
2026-04-27,2025-11-26,20,49,8.0,3,75.0,4,87.5,3,4,2,2,6,1,23,1,8,0,2,1,1,683,10,14.86,4,2025-11-28,0,2,0,1,0,1,2025-11-30
2026-04-27,2025-11-26,20,50,3.13,37,12.5,33,25.0,34,0,30,1,18,1,23,6,8,0,2,0,7,693,42,15.21,37,2025-11-26,0,0,0,0,0,0,2025-11-30
2026-04-27,2025-11-26,20,51,3.13,37,0.0,39,25.0,34,0,30,0,35,2,6,6,8,0,2,0,7,684,15,15.24,38,2025-11-28,0,0,0,0,0,0,2025-11-30
2026-04-27,2025-11-26,20,52,1.57,42,0.0,39,0.0,41,0,30,0,35,0,34,7,7,0,2,0,7,690,39,15.43,42,2025-11-29,0,0,0,0,0,0,2025-11-30
2026-04-27,2025-11-26,20,53,1.29,44,0.0,39,0.0,41,0,30,0,35,0,34,7,7,0,2,0,7,694,43,,,,0,0,0,0,0,0,2025-11-30
2026-04-27,2025-11-26,20,54,3.57,36,28.57,22,28.57,32,0,30,2,6,0,34,5,7,0,2,0,7,689,34,15.14,34,2025-11-28,0,0,0,0,0,0,2025-11-30
2026-04-27,2025-11-26,20,55,4.38,31,12.5,33,37.5,28,1,19,0,35,2,6,5,8,0,2,0,7,688,32,14.99,15,2025-11-28,0,0,1,0,0,0,2025-11-30
2026-04-27,2025-11-26,20,56,5.25,21,25.0,24,62.5,13,1,19,1,18,3,1,3,8,0,2,0,7,681,5,14.99,15,2025-11-29,0,1,0,0,0,0,2025-11-30
2026-04-27,2025-11-26,20,57,5.89,15,33.33,16,66.67,10,2,9,1,18,3,1,3,9,0,2,0,7,694,43,15.0,19,2025-11-26,0,2,0,0,0,0,2025-11-30
2026-04-27,2026-04-16,21,1,3.78,38,11.11,40,33.33,33,1,20,0,38,2,7,6,9,0,2,0,7,673,13,14.86,31,2026-04-19,0,1,0,0,0,0,2026-04-21
2026-04-27,2026-04-16,21,2,1.25,46,0.0,42,0.0,46,0,34,0,38,0,40,8,8,0,2,0,7,673,13,,,,0,0,0,0,0,0,2026-04-21
2026-04-27,2026-04-16,21,3,4.56,29,33.33,18,44.44,21,0,34,3,3,1,26,5,9,0,2,0,7,671,7,15.01,40,2026-04-21,0,0,0,0,0,0,2026-04-21
2026-04-27,2026-04-16,21,4,6.4,12,50.0,9,70.0,10,2,10,3,3,2,7,3,10,0,2,0,7,673,13,14.65,2,2026-04-21,0,1,0,0,1,0,2026-04-21
2026-04-27,2026-04-16,21,5,5.33,16,22.22,25,55.56,16,0,34,2,11,3,3,4,9,0,2,0,7,673,13,14.86,31,2026-04-21,0,0,0,0,0,0,2026-04-21
2026-04-27,2026-04-16,21,6,3.67,40,11.11,40,33.33,33,0,34,1,23,2,7,6,9,0,2,0,7,678,44,14.98,39,2026-04-18,0,0,0,0,0,0,2026-04-21
2026-04-27,2026-04-16,21,7,6.7,9,60.0,6,80.0,4,1,20,5,1,2,7,2,10,0,2,1,1,674,21,14.82,22,2026-04-16,1,0,0,0,0,0,2026-04-21
2026-04-27,2026-04-16,21,8,7.0,7,50.0,9,80.0,4,2,10,3,3,3,3,2,10,0,2,0,7,674,21,14.8,18,2026-04-16,0,2,0,0,0,0,2026-04-21
2026-04-27,2026-04-16,21,9,8.18,3,72.73,3,90.91,3,5,3,3,3,2,7,1,11,0,2,0,7,668,2,14.59,1,2026-04-21,1,3,0,1,0,0,2026-04-21
2026-04-27,2026-04-16,21,10,4.78,25,22.22,25,44.44,21,1,20,1,23,2,7,5,9,0,2,0,7,676,36,14.81,19,2026-04-21,0,1,0,0,0,0,2026-04-21
2026-04-27,2026-04-16,21,11,8.8,1,80.0,1,100.0,1,6,2,2,11,2,7,0,10,1,1,1,1,669,3,14.65,2,2026-04-21,0,3,0,1,0,2,2026-04-21
2026-04-27,2026-04-16,21,12,6.89,8,55.56,7,66.67,12,3,5,2,11,1,26,3,9,0,2,1,1,671,7,14.71,7,2026-04-20,0,1,0,1,0,1,2026-04-21
2026-04-27,2026-04-16,21,13,4.67,26,22.22,25,44.44,21,1,20,1,23,2,7,5,9,0,2,0,7,669,3,14.72,10,2026-04-20,0,1,0,0,0,0,2026-04-21
2026-04-27,2026-04-16,21,14,4.11,33,22.22,25,33.33,33,1,20,1,23,1,26,6,9,0,2,0,7,673,13,14.87,33,2026-04-16,0,1,0,0,0,0,2026-04-21
2026-04-27,2026-04-16,21,15,4.44,30,22.22,25,33.33,33,1,20,1,23,1,26,6,9,0,2,0,7,675,28,14.82,22,2026-04-19,0,0,1,0,0,0,2026-04-21
2026-04-27,2026-04-16,21,16,3.22,43,0.0,42,11.11,45,0,34,0,38,1,26,8,9,0,2,0,7,674,21,15.13,45,2026-04-18,0,0,0,0,0,0,2026-04-21
2026-04-27,2026-04-16,21,17,4.11,33,22.22,25,44.44,21,1,20,1,23,2,7,5,9,0,2,0,7,666,1,14.77,16,2026-04-20,0,1,0,0,0,0,2026-04-21
2026-04-27,2026-04-16,21,18,7.6,4,70.0,4,70.0,10,7,1,0,38,0,40,3,10,0,2,1,1,669,3,14.71,7,2026-04-17,3,3,0,0,0,1,2026-04-21
2026-04-27,2026-04-16,21,19,5.0,23,22.22,25,55.56,16,1,20,1,23,3,3,4,9,0,2,0,7,679,45,14.82,22,2026-04-21,0,1,0,0,0,0,2026-04-21
2026-04-27,2026-04-16,21,20,4.88,24,25.0,23,37.5,30,2,10,0,38,1,26,5,8,0,2,0,7,676,36,14.75,13,2026-04-19,0,2,0,0,0,0,2026-04-20
2026-04-27,2026-04-16,21,21,3.89,35,22.22,25,22.22,41,0,34,2,11,0,40,7,9,0,2,0,7,672,11,14.84,29,2026-04-21,0,0,0,0,0,0,2026-04-21
2026-04-27,2026-04-16,21,22,7.33,5,55.56,7,77.78,9,3,5,2,11,2,7,2,9,0,2,1,1,672,11,14.81,19,2026-04-16,1,2,0,0,0,0,2026-04-21
2026-04-27,2026-04-16,21,23,1.13,47,0.0,42,0.0,46,0,34,0,38,0,40,8,8,0,2,0,7,675,28,,,,0,0,0,0,0,0,2026-04-21
2026-04-27,2026-04-16,21,24,7.2,6,70.0,4,80.0,4,3,5,4,2,1,26,2,10,0,2,0,7,679,45,14.65,2,2026-04-21,1,2,0,0,0,0,2026-04-21
2026-04-27,2026-04-16,21,25,4.67,26,22.22,25,44.44,21,0,34,2,11,2,7,5,9,0,2,0,7,676,36,14.87,33,2026-04-18,0,0,0,0,0,0,2026-04-21
2026-04-27,2026-04-16,21,26,4.33,31,22.22,25,33.33,33,2,10,0,38,1,26,6,9,0,2,0,7,675,28,14.83,27,2026-04-16,0,1,0,0,0,1,2026-04-21
2026-04-27,2026-04-16,21,27,6.1,14,40.0,14,60.0,13,3,5,1,23,2,7,4,10,0,2,0,7,677,41,14.77,16,2026-04-18,0,2,1,0,0,0,2026-04-21
2026-04-27,2026-04-16,21,28,4.33,31,22.22,25,22.22,41,1,20,1,23,0,40,7,9,0,2,0,7,677,41,14.9,36,2026-04-20,0,1,0,0,0,0,2026-04-21
2026-04-27,2026-04-16,21,29,4.57,28,42.86,13,42.86,28,1,20,2,11,0,40,4,7,0,2,0,7,674,21,14.85,30,2026-04-16,0,0,0,0,0,1,2026-04-20
2026-04-27,2026-04-16,21,30,3.88,37,25.0,23,37.5,30,1,20,1,23,1,26,5,8,0,2,0,7,674,21,14.82,22,2026-04-18,0,1,0,0,0,0,2026-04-21
2026-04-27,2026-04-16,21,31,3.38,42,0.0,42,25.0,39,0,34,0,38,2,7,6,8,0,2,0,7,679,45,15.02,41,2026-04-17,0,0,0,0,0,0,2026-04-21
2026-04-27,2026-04-16,21,32,3.89,35,22.22,25,22.22,41,0,34,2,11,0,40,7,9,0,2,0,7,671,7,14.87,33,2026-04-21,0,0,0,0,0,0,2026-04-21
2026-04-27,2026-04-16,21,33,3.56,41,22.22,25,33.33,33,0,34,2,11,1,26,6,9,0,2,0,7,675,28,15.05,42,2026-04-18,0,0,0,0,0,0,2026-04-21
2026-04-27,2026-04-16,21,34,6.6,10,40.0,14,80.0,4,2,10,2,11,4,1,2,10,0,2,0,7,673,13,14.72,10,2026-04-16,1,1,0,0,0,0,2026-04-21
2026-04-27,2026-04-16,21,35,5.2,20,30.0,22,40.0,29,2,10,1,23,1,26,6,10,0,2,0,7,675,28,14.82,22,2026-04-20,0,1,1,0,0,0,2026-04-21
2026-04-27,2026-04-16,21,36,5.27,17,36.36,17,54.55,20,3,5,1,23,2,7,5,11,0,2,0,7,676,36,14.81,19,2026-04-17,0,2,1,0,0,0,2026-04-21
2026-04-27,2026-04-16,21,37,5.22,18,33.33,18,55.56,16,1,20,2,11,2,7,4,9,0,2,0,7,674,21,14.74,12,2026-04-21,0,0,0,0,1,0,2026-04-21
2026-04-27,2026-04-16,21,38,3.78,38,22.22,25,22.22,41,1,20,1,23,0,40,7,9,0,2,0,7,669,3,14.91,37,2026-04-19,1,0,0,0,0,0,2026-04-21
2026-04-27,2026-04-16,21,39,6.6,10,50.0,9,60.0,13,2,10,3,3,1,26,4,10,0,2,0,7,675,28,14.66,5,2026-04-19,0,1,0,0,0,1,2026-04-21
2026-04-27,2026-04-16,21,40,2.5,45,0.0,42,25.0,39,0,34,0,38,2,7,6,8,0,2,0,7,675,28,15.1,44,2026-04-17,0,0,0,0,0,0,2026-04-21
2026-04-27,2026-04-16,21,41,5.9,15,50.0,9,60.0,13,2,10,3,3,1,26,4,10,0,2,0,7,675,28,14.71,7,2026-04-21,0,0,0,1,0,1,2026-04-21
2026-04-27,2026-04-16,21,42,5.22,18,33.33,18,44.44,21,2,10,1,23,1,26,5,9,0,2,0,7,677,41,14.75,13,2026-04-21,1,1,0,0,0,0,2026-04-21
2026-04-27,2026-04-16,21,43,8.6,2,80.0,1,100.0,1,5,3,3,3,2,7,0,10,0,2,1,1,671,7,14.66,5,2026-04-18,1,0,1,0,0,3,2026-04-21
2026-04-27,2026-04-16,21,44,5.11,21,22.22,25,44.44,21,1,20,1,23,2,7,5,9,0,2,0,7,676,36,14.83,27,2026-04-21,0,1,0,0,0,0,2026-04-21
2026-04-27,2026-04-16,21,45,5.11,21,33.33,18,55.56,16,0,34,3,3,2,7,4,9,0,2,0,7,673,13,14.91,37,2026-04-21,0,0,0,0,0,0,2026-04-21
2026-04-27,2026-04-16,21,46,3.13,44,0.0,42,37.5,30,0,34,0,38,3,3,5,8,0,2,0,7,673,13,15.05,42,2026-04-21,0,0,0,0,0,0,2026-04-21
2026-04-27,2026-04-16,21,47,6.2,13,40.0,14,80.0,4,2,10,2,11,4,1,2,10,0,2,0,7,674,21,14.76,15,2026-04-18,0,1,0,0,0,1,2026-04-21
2026-04-27,2025-09-05,23,1,5.36,22,27.27,28,45.45,25,2,12,1,25,2,13,6,11,0,2,0,7,680,27,15.02,20,2025-09-09,0,2,0,0,0,0,2025-09-10
2026-04-27,2025-09-05,23,2,2.3,43,0.0,41,0.0,43,0,33,0,35,0,35,10,10,0,2,0,7,677,13,15.48,44,2025-09-06,0,0,0,0,0,0,2025-09-10
2026-04-27,2025-09-05,23,3,4.22,33,22.22,30,44.44,26,0,33,2,10,2,13,5,9,0,2,0,7,676,10,15.21,36,2025-09-06,0,0,0,0,0,0,2025-09-10
2026-04-27,2025-09-05,23,4,1.44,46,0.0,41,0.0,43,0,33,0,35,0,35,9,9,0,2,0,7,676,10,15.56,46,2025-09-10,0,0,0,0,0,0,2025-09-10
2026-04-27,2025-09-05,23,5,7.6,3,70.0,2,80.0,5,3,6,4,2,1,23,2,10,0,2,1,1,678,16,14.97,7,2025-09-05,1,1,0,1,0,0,2025-09-10
2026-04-27,2025-09-05,23,6,4.11,36,22.22,30,22.22,39,0,33,2,10,0,35,7,9,0,2,0,7,677,13,15.26,40,2025-09-10,0,0,0,0,0,0,2025-09-10
2026-04-27,2025-09-05,23,7,7.18,5,54.55,8,81.82,4,4,2,2,10,3,5,2,11,0,2,0,7,675,4,14.92,3,2025-09-10,3,0,0,0,0,1,2025-09-10
2026-04-27,2025-09-05,23,8,6.4,11,50.0,11,70.0,9,3,6,2,10,2,13,3,10,0,2,0,7,681,33,15.0,14,2025-09-08,1,2,0,0,0,0,2025-09-10
2026-04-27,2025-09-05,23,9,5.3,23,20.0,34,60.0,16,1,22,1,25,4,1,4,10,0,2,0,7,677,13,15.03,24,2025-09-10,0,1,0,0,0,0,2025-09-10
2026-04-27,2025-09-05,23,10,6.0,13,60.0,4,60.0,16,3,6,3,5,0,35,4,10,0,2,1,1,678,16,15.0,14,2025-09-07,1,2,0,0,0,0,2025-09-10
2026-04-27,2025-09-05,23,11,5.0,26,33.33,22,50.0,23,2,12,0,35,1,23,3,6,0,2,0,7,688,46,15.02,20,2025-09-06,1,0,0,1,0,0,2025-09-07
2026-04-27,2025-09-05,23,12,5.0,26,33.33,22,33.33,34,1,22,0,35,0,35,2,3,0,2,0,7,682,38,14.97,7,2025-09-06,0,1,0,0,0,0,2025-09-07
2026-04-27,2025-09-05,23,13,4.5,30,10.0,39,40.0,31,0,33,1,25,3,5,6,10,0,2,0,7,675,4,15.14,32,2025-09-08,0,0,0,0,0,0,2025-09-10
2026-04-27,2025-09-05,23,14,4.22,33,22.22,30,33.33,34,2,12,0,35,1,23,6,9,0,2,0,7,680,27,15.07,29,2025-09-07,1,1,0,0,0,0,2025-09-10
2026-04-27,2025-09-05,23,15,4.11,36,22.22,30,33.33,34,2,12,0,35,1,23,6,9,0,2,0,7,675,4,15.01,19,2025-09-10,1,1,0,0,0,0,2025-09-10
2026-04-27,2025-09-05,23,16,5.56,19,33.33,22,44.44,26,1,22,2,10,1,23,5,9,0,2,0,7,676,10,15.0,14,2025-09-10,0,0,1,0,0,0,2025-09-10
2026-04-27,2025-09-05,23,17,5.91,15,36.36,21,63.64,12,2,12,2,10,3,5,4,11,0,2,0,7,681,33,15.1,30,2025-09-06,1,1,0,0,0,0,2025-09-10
2026-04-27,2025-09-05,23,18,5.6,18,30.0,26,60.0,16,2,12,1,25,3,5,4,10,0,2,0,7,674,2,15.06,27,2025-09-06,0,1,1,0,0,0,2025-09-10
2026-04-27,2025-09-05,23,19,6.89,6,55.56,6,66.67,10,3,6,2,10,1,23,3,9,0,2,0,7,682,38,14.89,1,2025-09-08,1,0,0,1,0,1,2025-09-09
2026-04-27,2025-09-05,23,20,6.6,8,50.0,11,80.0,5,3,6,2,10,3,5,2,10,0,2,0,7,675,4,14.94,5,2025-09-08,0,3,0,0,0,0,2025-09-10
2026-04-27,2025-09-05,23,21,4.9,28,30.0,26,40.0,31,0,33,3,5,1,23,6,10,0,2,0,7,681,33,15.14,32,2025-09-10,0,0,0,0,0,0,2025-09-10
2026-04-27,2025-09-05,23,22,5.55,20,27.27,28,63.64,12,1,22,2,10,4,1,4,11,0,2,0,7,679,22,15.02,20,2025-09-06,0,1,0,0,0,0,2025-09-10
2026-04-27,2025-09-05,23,23,2.44,42,0.0,41,0.0,43,0,33,0,35,0,35,9,9,0,2,0,7,682,38,15.41,42,2025-09-06,0,0,0,0,0,0,2025-09-10
2026-04-27,2025-09-05,23,24,6.18,12,54.55,8,63.64,12,2,12,4,2,1,23,4,11,0,2,0,7,678,16,15.02,20,2025-09-07,1,0,1,0,0,0,2025-09-10
2026-04-27,2025-09-05,23,25,3.3,40,0.0,41,30.0,38,0,33,0,35,3,5,7,10,0,2,0,7,680,27,15.33,41,2025-09-09,0,0,0,0,0,0,2025-09-10
2026-04-27,2025-09-05,23,26,5.7,17,40.0,17,60.0,16,2,12,2,10,2,13,4,10,0,2,0,7,678,16,15.05,26,2025-09-09,0,0,1,1,0,0,2025-09-10
2026-04-27,2025-09-05,23,27,6.89,6,55.56,6,77.78,8,4,2,1,25,2,13,2,9,0,2,0,7,682,38,14.97,7,2025-09-08,0,3,1,0,0,0,2025-09-09
2026-04-27,2025-09-05,23,28,5.3,23,40.0,17,60.0,16,0,33,4,2,2,13,4,10,0,2,0,7,679,22,15.18,35,2025-09-09,0,0,0,0,0,0,2025-09-10
2026-04-27,2025-09-05,23,29,9.2,1,90.0,1,100.0,1,7,1,2,10,1,23,0,10,1,1,1,1,674,2,14.89,1,2025-09-07,1,4,1,0,0,1,2025-09-10
2026-04-27,2025-09-05,23,30,4.4,31,40.0,17,40.0,31,2,12,0,35,0,35,3,5,0,2,0,7,682,38,14.96,6,2025-09-06,0,0,1,0,0,1,2025-09-08
2026-04-27,2025-09-05,23,31,5.22,25,44.44,14,55.56,22,1,22,3,5,1,23,4,9,0,2,0,7,682,38,15.06,27,2025-09-10,0,1,0,0,0,0,2025-09-10
2026-04-27,2025-09-05,23,32,6.0,13,42.86,16,42.86,30,2,12,1,25,0,35,4,7,0,2,0,7,680,27,15.0,14,2025-09-09,0,2,0,0,0,0,2025-09-09
2026-04-27,2025-09-05,23,33,5.5,21,40.0,17,60.0,16,1,22,3,5,2,13,4,10,0,2,0,7,675,4,15.17,34,2025-09-10,0,1,0,0,0,0,2025-09-10
2026-04-27,2025-09-05,23,34,6.45,10,54.55,8,63.64,12,4,2,2,10,1,23,4,11,0,2,0,7,678,16,14.93,4,2025-09-06,2,1,1,0,0,0,2025-09-10
2026-04-27,2025-09-05,23,35,1.78,45,0.0,41,0.0,43,0,33,0,35,0,35,9,9,0,2,0,7,682,38,15.48,44,2025-09-08,0,0,0,0,0,0,2025-09-10
2026-04-27,2025-09-05,23,36,4.22,33,11.11,37,33.33,34,0,33,1,25,2,13,6,9,0,2,0,7,685,45,15.21,36,2025-09-06,0,0,0,0,0,0,2025-09-10
2026-04-27,2025-09-05,23,37,3.8,39,20.0,34,20.0,40,1,22,1,25,0,35,8,10,0,2,0,7,673,1,14.99,11,2025-09-09,0,1,0,0,0,0,2025-09-10
2026-04-27,2025-09-05,23,38,8.0,2,66.67,3,88.89,3,4,2,2,10,2,13,1,9,0,2,1,1,679,22,14.98,10,2025-09-06,1,2,1,0,0,0,2025-09-10
2026-04-27,2025-09-05,23,39,3.89,38,11.11,37,44.44,26,0,33,1,25,3,5,5,9,0,2,0,7,680,27,15.23,38,2025-09-07,0,0,0,0,0,0,2025-09-10
2026-04-27,2025-09-05,23,40,7.2,4,50.0,11,90.0,2,3,6,2,10,4,1,1,10,0,2,0,7,679,22,14.99,11,2025-09-10,0,2,0,0,0,1,2025-09-10
2026-04-27,2025-09-05,23,41,5.78,16,33.33,22,66.67,10,1,22,2,10,3,5,3,9,0,2,1,1,681,33,15.11,31,2025-09-07,0,0,0,0,0,1,2025-09-10
2026-04-27,2025-09-05,23,42,4.78,29,44.44,14,44.44,26,1,22,3,5,0,35,5,9,0,2,0,7,681,33,15.04,25,2025-09-09,0,0,0,0,0,1,2025-09-10
2026-04-27,2025-09-05,23,43,6.6,8,60.0,4,80.0,5,1,22,5,1,2,13,2,10,0,2,1,1,675,4,15.0,14,2025-09-09,0,1,0,0,0,0,2025-09-10
2026-04-27,2025-09-05,23,44,2.29,44,14.29,36,14.29,41,0,33,1,25,0,35,6,7,0,2,0,7,678,16,15.24,39,2025-09-05,0,0,0,0,0,0,2025-09-10
2026-04-27,2025-09-05,23,45,2.9,41,0.0,41,10.0,42,0,33,0,35,1,23,9,10,0,2,0,7,680,27,15.47,43,2025-09-07,0,0,0,0,0,0,2025-09-10
2026-04-27,2025-09-05,23,46,4.4,31,10.0,39,50.0,23,1,22,0,35,4,1,5,10,0,2,0,7,679,22,14.99,11,2025-09-10,1,0,0,0,0,0,2025-09-10
2026-04-27,2025-06-22,24,11,8.29,1,71.43,1,100.0,1,3,2,2,7,2,5,0,7,0,2,1,1,689,5,14.76,1,2025-06-24,0,2,1,0,0,0,2025-06-25
2026-04-27,2025-06-22,24,12,6.86,7,42.86,12,85.71,4,1,14,2,7,3,2,1,7,0,2,0,7,691,8,14.97,16,2025-06-22,1,0,0,0,0,0,2025-06-25
2026-04-27,2025-06-22,24,13,1.4,45,0.0,38,0.0,44,0,29,0,28,0,32,5,5,0,2,0,7,695,20,,,,0,0,0,0,0,0,2025-06-25
2026-04-27,2025-06-22,24,14,4.14,32,28.57,25,42.86,28,1,14,1,14,1,13,4,7,0,2,0,7,696,26,15.02,21,2025-06-22,0,1,0,0,0,0,2025-06-25
2026-04-27,2025-06-22,24,15,6.17,12,66.67,5,66.67,9,1,14,3,2,0,32,2,6,0,2,0,7,697,35,14.92,10,2025-06-24,0,1,0,0,0,0,2025-06-25
2026-04-27,2025-06-22,24,16,4.0,33,0.0,38,50.0,19,0,29,0,28,3,2,3,6,0,2,0,7,693,13,15.19,38,2025-06-24,0,0,0,0,0,0,2025-06-25
2026-04-27,2025-06-22,24,17,6.0,14,50.0,9,50.0,19,1,14,2,7,0,32,3,6,0,2,0,7,693,13,14.94,13,2025-06-24,0,0,0,0,0,1,2025-06-25
2026-04-27,2025-06-22,24,18,6.29,10,42.86,12,57.14,13,2,7,1,14,1,13,3,7,0,2,0,7,696,26,14.94,13,2025-06-25,0,2,0,0,0,0,2025-06-25
2026-04-27,2025-06-22,24,19,4.33,27,0.0,38,50.0,19,0,29,0,28,3,2,3,6,0,2,0,7,697,35,15.29,42,2025-06-23,0,0,0,0,0,0,2025-06-25
2026-04-27,2025-06-22,24,20,5.5,20,33.33,20,50.0,19,2,7,0,28,1,13,3,6,0,2,0,7,693,13,14.94,13,2025-06-25,0,2,0,0,0,0,2025-06-25
2026-04-27,2025-06-22,24,21,5.5,20,33.33,20,50.0,19,1,14,1,14,1,13,3,6,0,2,0,7,699,42,15.02,21,2025-06-23,0,0,1,0,0,0,2025-06-25
2026-04-27,2025-06-22,24,22,5.71,16,42.86,12,57.14,13,0,29,3,2,1,13,3,7,0,2,0,7,696,26,15.1,29,2025-06-22,0,0,0,0,0,0,2025-06-25
2026-04-27,2025-06-22,24,23,4.0,33,0.0,38,40.0,30,0,29,0,28,2,5,3,5,0,2,0,7,692,12,15.25,41,2025-06-25,0,0,0,0,0,0,2025-06-25
2026-04-27,2025-06-22,24,24,6.75,8,37.5,18,87.5,3,1,14,2,7,4,1,1,8,0,2,0,7,694,17,15.0,19,2025-06-22,0,1,0,0,0,0,2025-06-25
2026-04-27,2025-06-22,24,25,3.0,40,0.0,38,33.33,32,0,29,0,28,2,5,4,6,0,2,0,7,697,35,15.2,39,2025-06-23,0,0,0,0,0,0,2025-06-25
2026-04-27,2025-06-22,24,26,7.43,2,71.43,1,71.43,6,3,2,2,7,0,32,2,7,0,2,1,1,683,1,14.89,5,2025-06-24,1,2,0,0,0,0,2025-06-25
2026-04-27,2025-06-22,24,27,5.86,15,42.86,12,57.14,13,1,14,2,7,1,13,3,7,0,2,0,7,695,20,15.04,24,2025-06-23,0,1,0,0,0,0,2025-06-25
2026-04-27,2025-06-22,24,28,4.0,33,16.67,29,50.0,19,0,29,1,14,2,5,3,6,0,2,0,7,696,26,15.11,34,2025-06-24,0,0,0,0,0,0,2025-06-25
2026-04-27,2025-06-22,24,29,7.0,5,50.0,9,62.5,12,4,1,0,28,1,13,3,8,0,2,0,7,693,13,14.91,7,2025-06-25,0,2,0,1,0,1,2025-06-25
2026-04-27,2025-06-22,24,30,5.5,20,50.0,9,66.67,9,0,29,3,2,1,13,2,6,0,2,0,7,691,8,15.1,29,2025-06-22,0,0,0,0,0,0,2025-06-25
2026-04-27,2025-06-22,24,31,3.83,36,33.33,20,33.33,32,0,29,2,7,0,32,4,6,0,2,0,7,695,20,15.1,29,2025-06-25,0,0,0,0,0,0,2025-06-25
2026-04-27,2025-06-22,24,32,2.0,44,0.0,38,0.0,44,0,29,0,28,0,32,6,6,0,2,0,7,695,20,15.44,44,2025-06-25,0,0,0,0,0,0,2025-06-25
2026-04-27,2025-06-22,24,33,6.71,9,57.14,7,71.43,6,3,2,1,14,1,13,2,7,0,2,1,1,691,8,14.77,3,2025-06-23,0,2,1,0,0,0,2025-06-25
2026-04-27,2025-06-22,24,34,3.17,38,0.0,38,16.67,38,0,29,0,28,1,13,5,6,0,2,0,7,695,20,15.42,43,2025-06-22,0,0,0,0,0,0,2025-06-25
2026-04-27,2025-06-22,24,35,7.43,2,71.43,1,100.0,1,0,29,5,1,2,5,0,7,0,2,1,1,691,8,15.06,25,2025-06-23,0,0,0,0,0,0,2025-06-25
2026-04-27,2025-06-22,24,36,7.0,5,57.14,7,71.43,6,3,2,1,14,1,13,2,7,0,2,1,1,696,26,14.92,10,2025-06-23,1,2,0,0,0,0,2025-06-25
2026-04-27,2025-06-22,24,37,3.33,37,16.67,29,16.67,38,1,14,0,28,0,32,5,6,0,2,0,7,700,44,15.1,29,2025-06-22,0,0,0,1,0,0,2025-06-25
2026-04-27,2025-06-22,24,38,5.14,25,28.57,25,57.14,13,2,7,0,28,2,5,3,7,0,2,0,7,690,6,14.9,6,2025-06-25,1,0,0,1,0,0,2025-06-25
2026-04-27,2025-06-22,24,39,6.17,12,66.67,5,66.67,9,1,14,3,2,0,32,2,6,0,2,0,7,699,42,14.99,17,2025-06-25,0,1,0,0,0,0,2025-06-25
2026-04-27,2025-06-22,24,40,4.17,29,33.33,20,33.33,32,2,7,0,28,0,32,4,6,0,2,0,7,694,17,15.02,21,2025-06-23,1,1,0,0,0,0,2025-06-25
2026-04-27,2025-06-22,24,41,3.17,38,16.67,29,16.67,38,1,14,0,28,0,32,5,6,0,2,0,7,697,35,14.99,17,2025-06-24,0,0,1,0,0,0,2025-06-25
2026-04-27,2025-06-22,24,43,5.67,18,33.33,20,50.0,19,1,14,1,14,1,13,3,6,0,2,0,7,694,17,15.0,19,2025-06-24,0,1,0,0,0,0,2025-06-25
2026-04-27,2025-06-22,24,44,4.67,26,16.67,29,50.0,19,0,29,1,14,2,5,3,6,0,2,0,7,690,6,15.11,34,2025-06-24,0,0,0,0,0,0,2025-06-25
2026-04-27,2025-06-22,24,45,4.33,27,16.67,29,33.33,32,0,29,1,14,1,13,4,6,0,2,0,7,696,26,15.1,29,2025-06-23,0,0,0,0,0,0,2025-06-25
2026-04-27,2025-06-22,24,46,5.33,24,16.67,29,50.0,19,1,14,0,28,2,5,3,6,0,2,0,7,696,26,14.86,4,2025-06-25,0,1,0,0,0,0,2025-06-25
2026-04-27,2025-06-22,24,47,6.29,10,42.86,12,57.14,13,2,7,1,14,1,13,3,7,0,2,0,7,696,26,14.91,7,2025-06-25,0,0,0,0,0,2,2025-06-25
2026-04-27,2025-06-22,24,48,2.4,42,20.0,28,20.0,37,0,29,1,14,0,32,4,5,0,2,0,7,688,2,15.13,36,2025-06-22,0,0,0,0,0,0,2025-06-25
2026-04-27,2025-06-22,24,49,5.63,19,37.5,18,37.5,31,3,2,0,28,0,32,5,8,0,2,0,7,688,2,14.93,12,2025-06-23,1,2,0,0,0,0,2025-06-25
2026-04-27,2025-06-22,24,50,4.17,29,16.67,29,16.67,38,1,14,0,28,0,32,5,6,0,2,0,7,695,20,15.08,26,2025-06-22,0,0,0,0,0,1,2025-06-25
2026-04-27,2025-06-22,24,51,2.83,41,16.67,29,16.67,38,0,29,1,14,0,32,5,6,0,2,0,7,696,26,15.08,26,2025-06-23,0,0,0,0,0,0,2025-06-25
2026-04-27,2025-06-22,24,52,5.71,16,42.86,12,57.14,13,2,7,1,14,1,13,3,7,0,2,0,7,697,35,14.91,7,2025-06-23,0,1,1,0,0,0,2025-06-25
2026-04-27,2025-06-22,24,53,7.43,2,71.43,1,85.71,4,2,7,3,2,1,13,1,7,1,1,1,1,688,2,14.76,1,2025-06-25,0,1,0,0,0,1,2025-06-25
2026-04-27,2025-06-22,24,54,4.17,29,16.67,29,33.33,32,1,14,0,28,1,13,4,6,0,2,0,7,702,45,15.08,26,2025-06-24,1,0,0,0,0,0,2025-06-25
2026-04-27,2025-06-22,24,55,5.43,23,28.57,25,42.86,28,1,14,1,14,1,13,4,7,0,2,0,7,697,35,15.14,37,2025-06-22,0,0,1,0,0,0,2025-06-25
2026-04-27,2025-06-22,24,56,2.33,43,0.0,38,16.67,38,0,29,0,28,1,13,5,6,0,2,0,7,698,41,15.24,40,2025-06-25,0,0,0,0,0,0,2025-06-25
