レースコード,レース日,レース場,レース回,締切時刻,取得日時,状態,艇1_体重(kg),艇1_体重調整(kg),艇1_展示タイム,艇1_チルト,艇2_体重(kg),艇2_体重調整(kg),艇2_展示タイム,艇2_チルト,艇3_体重(kg),艇3_体重調整(kg),艇3_展示タイム,艇3_チルト,艇4_体重(kg),艇4_体重調整(kg),艇4_展示タイム,艇4_チルト,艇5_体重(kg),艇5_体重調整(kg),艇5_展示タイム,艇5_チルト,艇6_体重(kg),艇6_体重調整(kg),艇6_展示タイム,艇6_チルト
202608151001,2026-08-15,10,01R,08:32,2026-08-15T08:22:26.803531+09:00,1,51.0,1.0,6.71,-0.5,53.5,0.0,6.79,-0.5,51.5,0.5,6.73,-0.5,54.0,0.0,6.72,0.0,52.0,0.0,6.75,-0.5,52.4,0.0,6.78,-0.5
202608152101,2026-08-15,21,01R,08:40,2026-08-15T08:30:31.238495+09:00,1,52.0,0.0,,0.0,46.0,1.0,,-0.5,52.0,0.0,,-0.5,46.5,0.5,,0.0,52.0,0.0,,0.0,52.1,0.0,,-0.5
202608151801,2026-08-15,18,01R,08:48,2026-08-15T08:38:27.746215+09:00,1,57.8,0.0,7.03,0.0,55.9,0.0,7.03,-0.5,53.2,0.0,7.0,0.0,47.7,0.0,7.01,-0.5,54.2,0.0,7.07,0.0,52.1,0.0,7.05,0.0
202608151002,2026-08-15,10,02R,08:58,2026-08-15T08:48:34.716683+09:00,1,52.0,0.0,6.7,0.0,52.0,0.0,6.68,0.0,52.0,0.0,6.8,0.0,53.5,0.0,6.92,-0.5,52.9,0.0,6.7,0.0,53.7,0.0,6.78,0.0
202608152102,2026-08-15,21,02R,09:06,2026-08-15T08:56:35.077076+09:00,1,47.0,0.0,6.72,0.0,52.0,0.0,6.74,0.0,43.5,3.5,6.76,-0.5,52.0,0.0,6.75,0.0,50.5,1.5,6.81,-0.5,53.3,0.0,6.81,0.0
202608151802,2026-08-15,18,02R,09:14,2026-08-15T09:04:31.652320+09:00,1,52.0,0.0,6.99,0.0,49.8,0.0,7.04,0.0,52.0,0.0,6.95,0.0,51.5,0.5,7.05,0.0,51.0,1.0,7.01,0.0,52.6,0.0,7.04,0.5
202608151003,2026-08-15,10,03R,09:24,2026-08-15T09:14:33.453976+09:00,1,52.4,0.0,6.75,-0.5,52.0,0.0,6.78,0.0,54.0,0.0,6.79,0.0,52.0,0.0,6.78,0.0,52.7,0.0,6.73,-0.5,52.0,0.0,6.81,-0.5
202608152103,2026-08-15,21,03R,09:32,2026-08-15T09:22:33.437372+09:00,1,52.8,0.0,,0.5,53.3,0.0,,-0.5,52.0,0.0,,0.0,50.5,1.5,,0.0,52.4,0.0,,0.5,53.1,0.0,,0.0
202608151803,2026-08-15,18,03R,09:40,2026-08-15T09:30:27.542310+09:00,1,59.6,0.0,6.98,0.0,52.1,0.0,7.0,0.0,55.4,0.0,7.1,0.0,46.0,1.0,6.97,0.0,54.9,0.0,7.03,0.0,52.9,0.0,6.99,0.5
202608151004,2026-08-15,10,04R,09:50,2026-08-15T09:40:29.356746+09:00,1,52.8,0.0,6.68,0.0,54.2,0.0,6.78,-0.5,54.7,0.0,6.83,-0.5,52.0,0.0,6.79,-0.5,52.0,0.0,6.85,-0.5,52.0,0.0,6.75,-0.5
202608152104,2026-08-15,21,04R,09:58,2026-08-15T09:48:37.663350+09:00,1,52.8,0.0,6.76,0.0,53.3,0.0,6.71,0.0,53.0,0.0,6.77,0.0,47.0,0.0,6.75,0.0,52.0,0.0,6.78,0.0,47.0,0.0,6.76,0.0
202608151804,2026-08-15,18,04R,10:06,2026-08-15T09:56:28.844147+09:00,1,54.0,0.0,,0.0,51.5,0.5,,0.0,49.5,2.5,,-0.5,45.0,2.0,,0.0,52.0,0.0,,0.0,52.0,0.0,,-0.5
202608151005,2026-08-15,10,05R,10:20,2026-08-15T10:10:31.484640+09:00,1,54.0,0.0,6.73,-0.5,53.1,0.0,6.8,-0.5,51.0,1.0,6.85,-0.5,52.0,0.0,6.82,-0.5,56.1,0.0,6.85,-0.5,52.0,0.0,6.83,-0.5
202608152105,2026-08-15,21,05R,10:25,2026-08-15T10:16:31.682842+09:00,1,53.3,0.0,6.83,0.0,52.4,0.0,6.74,-0.5,46.5,0.5,6.81,0.0,47.0,0.0,6.74,0.0,52.0,0.0,6.78,0.0,54.6,0.0,6.79,0.0
202608150901,2026-08-15,09,01R,10:28,2026-08-15T10:18:23.098003+09:00,1,53.8,0.0,6.88,0.0,53.4,0.0,6.95,0.0,52.2,0.0,6.92,0.0,46.0,1.0,6.93,0.0,53.7,0.0,6.98,0.0,52.0,0.0,7.0,0.0
202608151101,2026-08-15,11,01R,10:31,2026-08-15T10:22:34.360247+09:00,1,55.5,0.0,6.83,-0.5,55.8,0.0,6.74,0.0,54.0,0.0,6.79,0.0,56.0,0.0,6.9,0.0,52.0,0.0,6.81,0.0,52.8,0.0,6.86,0.0
202608151805,2026-08-15,18,05R,10:34,2026-08-15T10:24:22.721260+09:00,1,52.0,0.0,7.05,0.0,52.0,0.0,6.96,-0.5,44.5,2.5,6.99,0.0,50.0,2.0,6.99,-0.5,51.0,1.0,7.05,0.0,52.0,0.0,7.08,-0.5
202608150801,2026-08-15,08,01R,10:40,2026-08-15T10:30:33.289152+09:00,1,54.4,0.0,6.79,0.0,52.7,0.0,6.86,-0.5,52.0,0.0,6.8,0.0,52.6,0.0,6.81,-0.5,52.0,0.0,6.8,0.0,52.0,0.0,6.81,0.0
202608151701,2026-08-15,17,01R,10:45,2026-08-15T10:36:23.497932+09:00,1,52.0,0.0,6.8,-0.5,58.2,0.0,6.89,-0.5,57.5,0.0,6.89,0.0,52.3,0.0,6.88,-0.5,54.7,0.0,6.87,0.0,51.5,0.5,6.8,0.0
202608150201,2026-08-15,02,01R,10:47,2026-08-15T10:38:27.625831+09:00,1,55.8,0.0,6.8,0.0,52.0,0.0,6.82,0.0,56.1,0.0,6.78,0.0,44.0,3.0,6.82,-0.5,47.0,0.0,6.67,0.0,55.6,0.0,6.76,-0.5
202608151006,2026-08-15,10,06R,10:50,2026-08-15T10:40:23.690005+09:00,1,52.7,0.0,6.83,0.0,53.3,0.0,6.78,0.0,53.4,0.0,6.83,-0.5,52.6,0.0,6.82,0.0,53.5,0.0,6.85,-0.5,52.0,0.0,6.85,0.0
202608150902,2026-08-15,09,02R,10:56,2026-08-15T10:46:27.245014+09:00,1,52.3,0.0,6.97,-0.5,52.2,0.0,6.95,0.0,51.0,1.0,6.93,0.0,53.6,0.0,6.94,-0.5,53.6,0.0,6.87,-0.5,52.0,0.0,6.85,0.0
202608152106,2026-08-15,21,06R,10:59,2026-08-15T10:50:26.127491+09:00,1,52.4,0.0,6.75,0.0,52.0,0.0,6.76,0.0,52.0,0.0,6.83,0.0,52.0,0.0,6.79,0.0,51.5,0.5,6.72,0.0,50.5,1.5,6.85,-0.5
202608151102,2026-08-15,11,02R,11:02,2026-08-15T10:52:33.635804+09:00,1,45.5,1.5,6.77,-0.5,47.0,0.0,6.82,-0.5,49.0,0.0,6.84,-0.5,46.0,1.0,6.67,-0.5,45.5,1.5,6.87,0.0,48.0,0.0,6.79,-0.5
202608151806,2026-08-15,18,06R,11:04,2026-08-15T10:54:22.160574+09:00,1,47.7,0.0,7.0,-0.5,56.8,0.0,7.16,-0.5,52.0,0.0,7.05,0.0,54.0,0.0,7.05,0.0,52.9,0.0,7.0,0.5,43.5,3.5,7.02,0.0
202608150802,2026-08-15,08,02R,11:10,2026-08-15T11:00:48.278682+09:00,1,47.3,0.0,6.77,0.0,46.0,1.0,6.76,0.0,46.0,1.0,6.77,0.0,43.5,3.5,6.82,0.0,46.5,0.5,6.82,-0.5,48.6,0.0,6.85,0.0
202608150301,2026-08-15,03,01R,11:14,2026-08-15T11:04:36.334220+09:00,1,52.4,0.0,6.7,0.0,52.2,0.0,6.82,0.5,52.7,0.0,6.78,1.0,52.0,0.0,6.64,1.0,51.5,0.5,6.81,0.0,53.2,0.0,6.71,0.0
202608151702,2026-08-15,17,02R,11:14,2026-08-15T11:04:36.334220+09:00,1,51.0,1.0,6.7,-0.5,52.0,0.0,6.72,-0.5,57.3,0.0,6.71,-0.5,53.3,0.0,6.76,-0.5,53.5,0.0,6.77,-0.5,52.6,0.0,6.73,-0.5
202608150202,2026-08-15,02,02R,11:16,2026-08-15T11:06:29.545185+09:00,1,54.0,0.0,6.67,-0.5,50.0,2.0,6.73,0.0,53.9,0.0,6.69,0.0,51.5,0.5,6.7,0.0,52.0,0.0,6.7,-0.5,52.0,0.0,6.67,0.0
202608151007,2026-08-15,10,07R,11:20,2026-08-15T11:10:30.039946+09:00,1,51.5,0.5,6.85,-0.5,51.5,0.5,6.9,-0.5,51.5,0.5,6.85,-0.5,51.0,1.0,6.9,-0.5,55.3,0.0,6.83,-0.5,52.0,0.0,6.78,0.0
202608150903,2026-08-15,09,03R,11:24,2026-08-15T11:14:22.938479+09:00,1,54.5,0.0,7.01,0.0,54.8,0.0,7.09,0.0,53.7,0.0,7.01,0.0,50.0,2.0,7.07,0.5,52.5,0.0,7.03,0.0,44.0,3.0,6.97,0.0
202608152107,2026-08-15,21,07R,11:29,2026-08-15T11:20:29.233623+09:00,1,52.0,0.0,6.76,-0.5,47.2,0.0,6.75,-0.5,50.5,1.5,6.75,0.0,43.5,3.5,6.81,-0.5,46.0,1.0,6.75,0.0,57.1,0.0,6.84,0.0
202608150601,2026-08-15,06,01R,11:31,2026-08-15T11:22:19.845613+09:00,1,53.0,0.0,6.83,-0.5,46.5,0.5,6.8,0.0,52.6,0.0,6.76,0.0,51.0,1.0,6.84,0.0,52.0,0.0,6.75,0.0,53.4,0.0,6.79,0.5
202608150501,2026-08-15,05,01R,11:33,2026-08-15T11:24:30.623473+09:00,1,52.0,0.0,6.76,-0.5,51.5,0.5,6.71,-0.5,51.5,0.5,6.75,0.0,52.0,0.0,6.75,-0.5,52.1,0.0,6.79,0.0,52.9,0.0,6.66,0.0
202608151103,2026-08-15,11,03R,11:34,2026-08-15T11:24:30.623473+09:00,1,52.4,0.0,6.81,0.0,52.0,0.0,6.74,0.0,52.0,0.0,6.79,0.0,52.4,0.0,6.66,-0.5,52.2,0.0,6.97,0.0,53.0,0.0,6.72,0.0
202608151807,2026-08-15,18,07R,11:36,2026-08-15T11:26:22.972440+09:00,1,51.5,0.5,7.04,-0.5,53.6,0.0,7.09,0.0,49.8,0.0,7.04,0.0,53.0,0.0,7.03,0.0,57.8,0.0,7.05,0.0,52.4,0.0,7.07,0.0
202608150302,2026-08-15,03,02R,11:41,2026-08-15T11:32:27.345440+09:00,1,52.3,0.0,6.76,0.5,52.7,0.0,6.84,0.0,52.9,0.0,6.73,0.5,52.0,0.0,6.55,1.0,53.7,0.0,6.84,0.0,54.5,0.0,6.83,0.5
202608150803,2026-08-15,08,03R,11:41,2026-08-15T11:32:27.345440+09:00,1,52.0,0.0,6.81,-0.5,52.0,0.0,6.83,0.0,51.0,1.0,6.76,-0.5,55.1,0.0,6.78,0.0,45.0,2.0,6.82,0.0,52.2,0.0,6.81,0.0
202608151703,2026-08-15,17,03R,11:43,2026-08-15T11:34:22.436502+09:00,1,52.2,0.0,6.67,-0.5,58.4,0.0,6.77,-0.5,52.8,0.0,6.73,-0.5,53.8,0.0,6.74,0.0,52.0,0.0,6.74,-0.5,52.5,0.0,6.72,-0.5
202608150203,2026-08-15,02,03R,11:45,2026-08-15T11:36:34.433977+09:00,1,52.0,0.0,6.68,-0.5,52.1,0.0,6.62,0.0,56.1,0.0,6.73,-0.5,52.8,0.0,6.69,0.0,52.0,0.0,6.74,0.0,51.0,1.0,6.76,-0.5
202608151008,2026-08-15,10,08R,11:50,2026-08-15T11:40:29.467888+09:00,1,52.0,0.0,6.91,-0.5,52.0,0.0,6.91,0.0,52.9,0.0,6.89,0.0,52.4,0.0,6.88,-0.5,52.0,0.0,6.89,-0.5,54.7,0.0,6.89,-0.5
202608150904,2026-08-15,09,04R,11:53,2026-08-15T11:44:21.105843+09:00,1,52.2,0.0,7.07,0.0,52.5,0.0,7.02,0.0,52.3,0.0,7.08,0.0,53.0,0.0,7.12,0.0,52.0,0.0,7.08,0.0,51.5,0.5,7.02,0.0
202608150401,2026-08-15,04,01R,11:55,2026-08-15T11:46:28.737853+09:00,1,52.0,0.0,6.79,0.0,54.7,0.0,6.74,0.0,52.3,0.0,6.74,-0.5,52.0,0.0,6.82,0.0,52.5,0.0,6.78,0.0,52.2,0.0,6.75,-0.5
202608150602,2026-08-15,06,02R,11:58,2026-08-15T11:48:36.323114+09:00,1,47.0,0.0,6.74,0.0,49.6,0.0,6.71,-0.5,53.3,0.0,6.81,0.0,51.5,0.5,6.76,-0.5,51.5,0.5,6.76,0.0,52.0,0.0,6.75,-0.5
202608152108,2026-08-15,21,08R,12:01,2026-08-15T11:52:28.668514+09:00,1,52.0,0.0,6.81,0.0,47.0,0.0,6.77,0.0,52.4,0.0,6.72,0.5,53.3,0.0,6.79,0.5,52.1,0.0,6.83,-0.5,52.3,0.0,6.82,-0.5
202608151104,2026-08-15,11,04R,12:03,2026-08-15T11:54:28.721403+09:00,1,52.0,0.0,6.67,0.5,53.6,0.0,6.79,0.0,52.0,0.0,6.8,0.0,52.0,0.0,6.79,0.0,52.8,0.0,6.81,0.5,54.3,0.0,6.8,0.0
202608150502,2026-08-15,05,02R,12:05,2026-08-15T11:56:28.568252+09:00,1,55.7,0.0,6.74,0.0,52.0,0.0,6.79,0.0,57.2,0.0,6.84,0.0,53.1,0.0,6.79,-0.5,53.3,0.0,6.81,0.0,52.0,0.0,6.81,-0.5
202608150303,2026-08-15,03,03R,12:08,2026-08-15T11:58:30.695323+09:00,1,54.0,0.0,,0.5,52.0,0.0,,0.5,52.9,0.0,,0.0,52.0,0.0,,0.5,52.4,0.0,,0.5,52.1,0.0,,0.5
202608151808,2026-08-15,18,08R,12:09,2026-08-15T12:00:53.250624+09:00,1,47.2,0.0,6.99,0.0,52.0,0.0,7.04,-0.5,52.0,0.0,6.95,-0.5,52.1,0.0,7.01,0.0,49.5,2.5,6.95,0.0,51.5,0.5,7.07,0.0
202608150804,2026-08-15,08,04R,12:12,2026-08-15T12:02:37.073454+09:00,1,52.0,0.0,6.84,0.0,52.0,0.0,6.87,0.0,53.2,0.0,6.84,0.0,52.8,0.0,6.87,0.0,52.9,0.0,6.82,0.0,56.0,0.0,6.79,0.0
202608150204,2026-08-15,02,04R,12:14,2026-08-15T12:04:31.973293+09:00,1,52.1,0.0,6.66,-0.5,54.6,0.0,6.77,-0.5,52.4,0.0,6.78,0.0,56.0,0.0,6.76,-0.5,52.0,0.0,6.77,0.0,52.6,0.0,6.72,-0.5
202608152201,2026-08-15,22,01R,12:18,2026-08-15T12:08:35.191004+09:00,1,52.0,0.0,6.9,0.0,52.3,0.0,6.91,0.0,54.3,0.0,6.98,0.0,52.0,0.0,6.92,0.0,52.2,0.0,6.9,0.0,52.5,0.0,6.89,0.0
202608151704,2026-08-15,17,04R,12:20,2026-08-15T12:10:30.935580+09:00,1,51.5,0.5,6.69,-0.5,52.0,0.0,6.6,-0.5,54.3,0.0,6.68,-0.5,51.0,1.0,6.74,0.0,51.5,0.5,6.69,-0.5,53.3,0.0,6.76,-0.5
202608150905,2026-08-15,09,05R,12:22,2026-08-15T12:12:25.464019+09:00,1,52.0,0.0,6.96,0.0,53.2,0.0,6.99,0.5,52.7,0.0,6.96,0.0,52.0,0.0,7.02,0.0,52.9,0.0,7.12,0.0,44.5,2.5,6.96,0.0
202608150402,2026-08-15,04,02R,12:24,2026-08-15T12:14:36.949444+09:00,1,48.9,0.0,6.78,0.0,46.5,0.5,6.74,0.0,47.0,0.0,6.65,-0.5,46.5,0.5,6.71,0.0,50.1,0.0,6.73,0.0,50.3,0.0,6.71,0.0
202608151009,2026-08-15,10,09R,12:26,2026-08-15T12:16:33.153035+09:00,1,52.0,0.0,6.84,-0.5,51.5,0.5,6.81,-0.5,52.0,0.0,6.9,-0.5,51.0,1.0,6.9,-0.5,54.3,0.0,6.86,-0.5,54.9,0.0,6.92,0.0
202608150603,2026-08-15,06,03R,12:28,2026-08-15T12:18:30.005309+09:00,1,52.0,0.0,6.74,-0.5,52.0,0.0,6.81,-0.5,52.9,0.0,6.84,0.0,53.1,0.0,6.76,-0.5,56.5,0.0,6.79,0.0,53.5,0.0,6.78,0.0
202608150503,2026-08-15,05,03R,12:31,2026-08-15T12:22:22.610240+09:00,1,52.6,0.0,6.78,0.0,53.6,0.0,6.81,-0.5,53.1,0.0,6.76,0.0,52.4,0.0,6.87,-0.5,52.0,0.0,6.78,0.0,52.0,0.0,6.78,-0.5
202608152109,2026-08-15,21,09R,12:34,2026-08-15T12:24:25.205658+09:00,1,54.6,0.0,6.79,0.0,53.3,0.0,6.84,0.0,46.5,0.5,6.8,0.0,52.4,0.0,6.75,-0.5,53.3,0.0,6.79,0.0,53.0,0.0,6.76,0.5
202608150304,2026-08-15,03,04R,12:35,2026-08-15T12:26:30.327282+09:00,1,52.1,0.0,6.76,0.5,52.2,0.0,6.9,0.5,53.1,0.0,6.73,0.5,50.0,2.0,6.74,0.5,54.3,0.0,6.7,1.0,50.5,1.5,6.67,0.5
202608151105,2026-08-15,11,05R,12:37,2026-08-15T12:28:21.879160+09:00,1,52.8,0.0,6.76,0.0,51.5,0.5,6.77,0.0,52.6,0.0,6.9,-0.5,53.6,0.0,6.78,0.0,56.6,0.0,6.81,-0.5,52.0,0.0,6.82,-0.5
202608150805,2026-08-15,08,05R,12:39,2026-08-15T12:30:35.148273+09:00,1,56.0,0.0,6.87,-0.5,52.3,0.0,6.89,0.0,52.0,0.0,6.82,0.0,56.4,0.0,6.83,0.0,52.0,0.0,6.83,0.0,52.0,0.0,6.75,0.5
202608151809,2026-08-15,18,09R,12:42,2026-08-15T12:32:29.918497+09:00,1,51.0,1.0,6.99,-0.5,49.5,2.5,6.98,-0.5,52.0,0.0,7.04,-0.5,51.7,0.0,7.05,0.0,52.0,0.0,6.95,0.0,55.9,0.0,7.01,-0.5
202608150205,2026-08-15,02,05R,12:44,2026-08-15T12:34:31.190701+09:00,1,52.0,0.0,6.72,0.0,52.8,0.0,6.7,-0.5,46.5,0.5,6.68,0.0,52.2,0.0,6.64,0.0,56.1,0.0,6.71,0.0,52.0,0.0,6.66,-0.5
202608152202,2026-08-15,22,02R,12:47,2026-08-15T12:38:28.705361+09:00,1,54.2,0.0,6.9,0.0,52.0,0.0,6.93,0.0,54.9,0.0,6.92,0.0,53.6,0.0,6.98,0.0,52.5,0.0,6.93,0.0,53.7,0.0,6.92,0.5
202608150906,2026-08-15,09,06R,12:50,2026-08-15T12:40:30.296000+09:00,1,53.5,0.0,7.0,0.0,51.5,0.5,7.03,0.5,52.0,0.0,6.96,0.0,52.0,0.0,7.01,0.0,52.0,0.0,7.08,0.0,52.8,0.0,7.05,0.5
202608151705,2026-08-15,17,05R,12:52,2026-08-15T12:42:29.316061+09:00,1,52.0,0.0,6.76,-0.5,52.0,0.0,6.71,0.0,52.0,0.0,6.73,-0.5,52.8,0.0,6.71,-0.5,54.2,0.0,6.75,-0.5,53.3,0.0,6.7,-0.5
202608150403,2026-08-15,04,03R,12:54,2026-08-15T12:44:29.886195+09:00,1,52.0,0.0,6.84,0.0,51.5,0.5,6.71,0.0,52.6,0.0,6.8,0.0,52.0,0.0,6.6,1.0,52.2,0.0,6.59,3.0,52.1,0.0,6.78,0.0
202608150604,2026-08-15,06,04R,12:56,2026-08-15T12:46:20.686228+09:00,1,52.0,0.0,6.64,-0.5,53.8,0.0,6.69,-0.5,47.0,0.0,6.59,0.0,53.6,0.0,6.69,-0.5,53.9,0.0,6.67,0.0,52.0,0.0,6.73,0.0
202608151010,2026-08-15,10,10R,12:59,2026-08-15T12:50:33.425066+09:00,1,53.5,0.0,6.91,0.0,51.0,1.0,6.89,-0.5,53.3,0.0,6.88,0.0,52.0,0.0,6.78,0.0,52.0,0.0,6.84,-0.5,51.5,0.5,6.73,-0.5
202608150305,2026-08-15,03,05R,13:02,2026-08-15T12:52:25.915596+09:00,1,53.6,0.0,,0.5,52.6,0.0,,0.5,54.8,0.0,,0.5,52.1,0.0,,0.0,54.8,0.0,,0.5,51.5,0.5,,0.0
202608150504,2026-08-15,05,04R,13:04,2026-08-15T12:54:23.904038+09:00,1,53.7,0.0,6.85,0.0,54.2,0.0,6.83,-0.5,52.9,0.0,6.87,0.0,53.4,0.0,6.75,0.0,51.5,0.5,6.87,0.0,52.0,0.0,6.83,0.0
202608152110,2026-08-15,21,10R,13:06,2026-08-15T12:56:26.804100+09:00,1,47.2,0.0,6.73,-0.5,52.0,0.0,6.72,0.0,52.0,0.0,6.75,0.0,52.8,0.0,6.78,0.5,52.4,0.0,6.78,0.0,52.0,0.0,6.75,0.0
202608151106,2026-08-15,11,06R,13:09,2026-08-15T13:00:37.766889+09:00,1,54.0,0.0,6.72,0.0,52.0,0.0,6.67,0.0,52.8,0.0,6.76,0.0,52.0,0.0,6.65,0.0,51.5,0.5,6.73,-0.5,52.2,0.0,6.74,0.0
202608150806,2026-08-15,08,06R,13:11,2026-08-15T13:02:29.557318+09:00,1,52.7,0.0,6.82,0.0,58.4,0.0,6.84,0.0,52.7,0.0,6.84,1.0,54.0,0.0,6.77,-0.5,47.3,0.0,6.84,0.0,52.0,0.0,6.83,0.0
202608150206,2026-08-15,02,06R,13:14,2026-08-15T13:04:33.930441+09:00,1,52.2,0.0,6.62,0.0,52.0,0.0,6.69,0.0,52.0,0.0,6.68,0.0,54.0,0.0,6.67,-0.5,52.0,0.0,6.8,0.0,46.0,1.0,6.73,0.0
202608151810,2026-08-15,18,10R,13:13,2026-08-15T13:04:33.930441+09:00,1,54.2,0.0,7.0,0.0,51.5,0.5,7.0,0.0,45.0,2.0,7.0,0.0,52.9,0.0,6.98,0.0,50.0,2.0,6.94,-0.5,56.8,0.0,7.06,0.0
202608152203,2026-08-15,22,03R,13:17,2026-08-15T13:08:24.536669+09:00,1,51.0,1.0,6.89,0.0,52.4,0.0,6.98,0.0,52.8,0.0,6.95,0.0,52.9,0.0,6.9,0.0,52.1,0.0,6.97,0.0,52.7,0.0,6.89,0.0
202608150907,2026-08-15,09,07R,13:20,2026-08-15T13:10:29.618867+09:00,1,52.0,0.0,6.95,0.0,53.7,0.0,7.0,0.0,52.8,0.0,7.07,0.0,55.8,0.0,6.95,0.0,53.5,0.0,7.01,0.0,52.2,0.0,7.07,0.0
202608150605,2026-08-15,06,05R,13:22,2026-08-15T13:12:30.958140+09:00,1,52.8,0.0,,-0.5,52.0,0.0,,-0.5,52.5,0.0,,-0.5,53.5,0.0,,-0.5,52.0,0.0,,-0.5,53.3,0.0,,-0.5
202608150404,2026-08-15,04,04R,13:24,2026-08-15T13:14:32.714473+09:00,1,52.9,0.0,6.82,0.0,52.0,0.0,6.82,0.0,53.3,0.0,6.75,0.5,52.1,0.0,6.67,0.0,53.8,0.0,6.75,0.0,52.5,0.0,6.72,0.0
202608150306,2026-08-15,03,06R,13:29,2026-08-15T13:20:33.970890+09:00,1,50.5,1.5,6.86,0.5,52.0,0.0,6.7,1.0,52.0,0.0,6.87,0.5,53.9,0.0,6.86,0.5,55.9,0.0,6.99,0.0,52.9,0.0,6.9,0.5
202608151706,2026-08-15,17,06R,13:32,2026-08-15T13:22:24.349474+09:00,1,52.4,0.0,6.76,-0.5,57.5,0.0,6.78,-0.5,51.0,1.0,6.76,0.0,52.0,0.0,6.72,0.0,51.5,0.5,6.7,0.0,52.9,0.0,6.69,-0.5
202608150505,2026-08-15,05,05R,13:33,2026-08-15T13:24:22.366431+09:00,1,54.1,0.0,6.82,-0.5,51.0,1.0,6.81,0.0,52.0,0.0,6.83,0.0,53.0,0.0,6.86,0.0,51.5,0.5,6.85,-0.5,53.7,0.0,6.83,-0.5
202608151011,2026-08-15,10,11R,13:35,2026-08-15T13:26:22.433742+09:00,1,51.0,1.0,6.89,-0.5,52.0,0.0,6.88,-0.5,56.1,0.0,6.99,-0.5,52.0,0.0,6.86,0.0,54.0,0.0,6.86,0.0,52.6,0.0,6.86,0.0
202608150807,2026-08-15,08,07R,13:38,2026-08-15T13:28:27.455924+09:00,1,52.3,0.0,6.86,-0.5,55.1,0.0,6.8,0.0,52.0,0.0,6.83,-0.5,52.5,0.0,6.77,-0.5,48.6,0.0,6.81,0.0,52.0,0.0,6.86,0.0
202608151107,2026-08-15,11,07R,13:40,2026-08-15T13:30:28.004450+09:00,1,45.5,1.5,6.7,0.0,52.8,0.0,6.66,0.0,54.8,0.0,6.77,0.0,52.7,0.0,6.8,0.0,53.2,0.0,6.82,0.0,52.2,0.0,6.85,-0.5
202608152111,2026-08-15,21,11R,13:42,2026-08-15T13:32:28.747585+09:00,1,51.5,0.5,6.72,0.0,52.8,0.0,6.79,0.0,47.0,0.0,6.74,0.0,52.0,0.0,6.8,0.0,53.3,0.0,6.83,0.0,52.0,0.0,6.8,0.0
202608152204,2026-08-15,22,04R,13:44,2026-08-15T13:34:25.388587+09:00,1,52.6,0.0,6.94,0.0,52.0,0.0,6.88,-0.5,52.3,0.0,6.94,0.0,54.7,0.0,7.01,0.0,52.7,0.0,6.93,0.0,53.2,0.0,6.98,0.0
202608150207,2026-08-15,02,07R,13:45,2026-08-15T13:36:26.922464+09:00,1,52.0,0.0,6.62,-0.5,53.9,0.0,6.76,0.0,50.5,1.5,6.69,-0.5,52.1,0.0,6.71,-0.5,46.5,0.5,6.65,-0.5,47.0,0.0,6.68,0.0
202608151811,2026-08-15,18,11R,13:49,2026-08-15T13:40:25.977133+09:00,1,53.2,0.0,6.98,0.0,46.0,1.0,6.93,0.0,53.2,0.0,6.95,0.0,52.0,0.0,7.0,0.0,52.4,0.0,7.06,0.0,51.5,0.5,6.95,0.0
202608150908,2026-08-15,09,08R,13:51,2026-08-15T13:42:20.682144+09:00,1,47.0,0.0,6.9,0.0,46.0,1.0,7.03,0.0,53.6,0.0,7.02,0.0,44.0,3.0,6.99,0.0,45.0,2.0,6.99,0.0,48.3,0.0,7.03,0.0
202608150606,2026-08-15,06,06R,13:53,2026-08-15T13:44:27.117535+09:00,1,53.1,0.0,6.62,-0.5,53.4,0.0,6.69,-0.5,54.7,0.0,6.66,0.0,51.0,1.0,6.66,0.0,53.2,0.0,6.61,0.0,52.8,0.0,6.68,0.0
202608150307,2026-08-15,03,07R,13:56,2026-08-15T13:46:23.952890+09:00,1,52.7,0.0,6.75,1.0,52.0,0.0,6.76,0.5,53.7,0.0,6.85,0.0,52.0,0.0,6.77,0.5,54.5,0.0,6.86,0.5,52.4,0.0,6.73,0.5
202608150405,2026-08-15,04,05R,13:55,2026-08-15T13:46:23.952890+09:00,1,55.5,0.0,6.74,0.0,53.6,0.0,6.7,0.0,51.5,0.5,6.77,0.0,55.0,0.0,6.81,0.0,52.5,0.0,6.73,0.0,52.1,0.0,6.6,0.0
202608151707,2026-08-15,17,07R,14:02,2026-08-15T13:52:36.932187+09:00,1,53.6,0.0,6.8,0.0,52.6,0.0,6.73,-0.5,52.9,0.0,6.7,-0.5,53.8,0.0,6.74,0.0,52.3,0.0,6.74,-0.5,50.0,2.0,6.76,-0.5
202608150506,2026-08-15,05,06R,14:04,2026-08-15T13:54:40.237775+09:00,1,52.0,0.0,6.76,0.0,52.1,0.0,6.82,0.0,54.3,0.0,6.67,0.0,52.1,0.0,6.76,0.0,53.1,0.0,6.83,0.0,53.8,0.0,6.82,0.0
202608150808,2026-08-15,08,08R,14:07,2026-08-15T13:58:24.204860+09:00,1,52.6,0.0,6.81,-0.5,52.0,0.0,6.77,-0.5,52.2,0.0,6.76,-0.5,52.0,0.0,6.81,-0.5,46.0,1.0,6.8,0.0,43.5,3.5,6.87,0.0
202608151012,2026-08-15,10,12R,14:10,2026-08-15T14:00:27.016677+09:00,1,53.4,0.0,6.81,-0.5,55.3,0.0,6.81,-0.5,52.8,0.0,6.79,0.0,52.0,0.0,6.87,0.0,54.0,0.0,6.84,-0.5,52.0,0.0,6.93,-0.5
202608151108,2026-08-15,11,08R,14:13,2026-08-15T14:04:23.661078+09:00,1,52.4,0.0,6.83,-0.5,46.0,1.0,6.73,-0.5,55.5,0.0,6.81,-0.5,53.4,0.0,6.87,-0.5,52.3,0.0,6.81,0.0,55.2,0.0,6.82,0.5
202608152205,2026-08-15,22,05R,14:14,2026-08-15T14:04:23.661078+09:00,1,53.4,0.0,6.91,0.0,54.1,0.0,6.95,0.0,52.0,0.0,6.92,0.0,52.4,0.0,6.98,0.0,52.0,0.0,6.93,0.0,52.0,0.0,6.92,0.0
202608150208,2026-08-15,02,08R,14:16,2026-08-15T14:06:32.354950+09:00,1,56.0,0.0,6.68,-0.5,52.8,0.0,6.64,0.0,52.0,0.0,6.67,0.0,53.5,0.0,6.65,0.0,51.5,0.5,6.76,0.0,52.0,0.0,6.67,0.0
202608152112,2026-08-15,21,12R,14:18,2026-08-15T14:08:34.366350+09:00,1,52.0,0.0,6.74,-0.5,53.0,0.0,6.72,0.0,52.0,0.0,6.75,0.0,53.7,0.0,6.74,0.5,52.1,0.0,6.7,0.0,51.5,0.5,6.69,0.0
202608150607,2026-08-15,06,07R,14:21,2026-08-15T14:12:27.617214+09:00,1,52.0,0.0,6.6,0.0,53.0,0.0,6.69,-0.5,,,,,46.5,0.5,6.69,0.0,52.0,0.0,6.72,-0.5,52.1,0.0,6.63,0.0
202608150308,2026-08-15,03,08R,14:24,2026-08-15T14:14:28.721208+09:00,1,52.7,0.0,6.94,0.0,54.4,0.0,6.94,0.5,52.9,0.0,6.93,0.5,53.2,0.0,6.89,0.0,50.0,2.0,6.95,0.5,52.0,0.0,6.99,0.0
202608150909,2026-08-15,09,09R,14:24,2026-08-15T14:14:28.721208+09:00,1,51.0,1.0,6.93,0.0,53.7,0.0,6.98,0.0,51.0,1.0,6.98,0.0,54.3,0.0,6.88,0.0,52.8,0.0,7.01,0.0,50.0,2.0,6.95,0.0
202608150406,2026-08-15,04,06R,14:26,2026-08-15T14:16:30.889906+09:00,1,52.0,0.0,6.77,0.0,52.0,0.0,6.83,0.0,53.1,0.0,6.77,-0.5,52.5,0.0,6.72,0.0,52.0,0.0,6.82,0.0,50.0,2.0,6.71,0.0
202608151812,2026-08-15,18,12R,14:29,2026-08-15T14:20:27.737444+09:00,1,53.0,0.0,6.98,0.0,51.5,0.5,7.05,0.0,52.9,0.0,6.89,0.5,59.6,0.0,6.99,-0.5,54.0,0.0,6.98,0.0,52.0,0.0,6.92,-0.5
202608150809,2026-08-15,08,09R,14:33,2026-08-15T14:24:31.251091+09:00,1,52.8,0.0,6.82,0.0,52.0,0.0,6.79,0.0,46.5,0.5,6.77,0.0,56.0,0.0,6.81,-0.5,52.0,0.0,6.87,-0.5,45.0,2.0,6.77,0.0
202608150507,2026-08-15,05,07R,14:35,2026-08-15T14:26:28.080102+09:00,1,52.1,0.0,6.78,0.0,52.0,0.0,6.82,0.0,53.3,0.0,6.87,0.0,51.5,0.5,6.84,-0.5,50.0,2.0,6.89,-0.5,52.1,0.0,6.86,0.0
202608152206,2026-08-15,22,06R,14:40,2026-08-15T14:30:32.991845+09:00,1,53.0,0.0,6.9,0.0,51.5,0.5,6.95,0.0,52.6,0.0,6.97,0.0,54.3,0.0,6.93,0.0,52.3,0.0,6.89,0.0,52.5,0.0,6.92,0.0
202608151708,2026-08-15,17,08R,14:45,2026-08-15T14:36:20.444204+09:00,1,57.3,0.0,6.74,-0.5,52.0,0.0,6.75,-0.5,52.0,0.0,6.7,-0.5,52.5,0.0,6.73,-0.5,58.2,0.0,6.75,-0.5,52.3,0.0,6.72,0.0
202608150209,2026-08-15,02,09R,14:48,2026-08-15T14:38:22.479111+09:00,1,52.0,0.0,6.66,0.0,52.4,0.0,6.76,0.0,52.0,0.0,6.68,0.0,52.6,0.0,6.7,-0.5,51.5,0.5,6.75,0.0,52.9,0.0,6.69,-0.5
202608150309,2026-08-15,03,09R,14:52,2026-08-15T14:42:35.327176+09:00,1,52.0,0.0,6.96,0.0,52.4,0.0,6.95,0.0,52.0,0.0,6.88,0.5,52.6,0.0,6.89,0.5,52.1,0.0,6.99,0.5,53.7,0.0,6.92,0.5
202608151109,2026-08-15,11,09R,14:51,2026-08-15T14:42:35.327176+09:00,1,52.0,0.0,6.75,0.0,52.0,0.0,6.77,0.0,52.8,0.0,6.68,0.0,45.5,1.5,6.83,0.0,52.0,0.0,6.83,0.0,53.6,0.0,6.72,3.0
202608150608,2026-08-15,06,08R,14:53,2026-08-15T14:44:32.097179+09:00,1,52.6,0.0,6.74,-0.5,50.5,1.5,6.8,-0.5,49.6,0.0,6.68,-0.5,52.9,0.0,6.73,0.0,47.1,0.0,6.69,-0.5,51.0,1.0,6.7,0.0
202608150910,2026-08-15,09,10R,14:55,2026-08-15T14:46:36.321098+09:00,1,52.0,0.0,6.9,0.0,52.0,0.0,6.95,0.0,54.8,0.0,6.99,0.0,51.0,1.0,6.96,0.5,51.0,1.0,6.97,0.0,52.2,0.0,6.91,0.0
202608150407,2026-08-15,04,07R,14:58,2026-08-15T14:48:30.255954+09:00,1,52.3,0.0,6.69,-0.5,52.0,0.0,6.72,0.0,52.0,0.0,6.78,-0.5,52.0,0.0,6.91,0.0,52.0,0.0,6.82,0.0,52.5,0.0,6.76,0.5
202608150810,2026-08-15,08,10R,15:01,2026-08-15T14:52:21.304113+09:00,1,56.0,0.0,6.75,-0.5,52.0,0.0,6.83,0.0,52.7,0.0,6.89,-0.5,52.0,0.0,6.86,0.0,51.0,1.0,6.79,0.0,46.0,1.0,6.77,0.0
202608150508,2026-08-15,05,08R,15:07,2026-08-15T14:58:22.939651+09:00,1,52.6,0.0,,0.0,53.1,0.0,,-0.5,52.2,0.0,,0.0,51.5,0.5,,0.0,52.0,0.0,,0.0,52.0,0.0,,0.0
202608151709,2026-08-15,17,09R,15:12,2026-08-15T15:02:35.025757+09:00,1,52.0,0.0,6.73,-0.5,50.5,1.5,6.81,-0.5,52.5,0.0,6.84,-0.5,52.0,0.0,6.72,-0.5,50.5,1.5,6.76,0.0,51.0,1.0,6.73,-0.5
202608152207,2026-08-15,22,07R,15:14,2026-08-15T15:04:30.254895+09:00,1,54.9,0.0,6.91,0.0,52.6,0.0,6.93,0.0,52.3,0.0,6.92,0.0,52.4,0.0,6.93,0.0,52.5,0.0,6.88,0.0,53.4,0.0,6.93,-0.5
202608151201,2026-08-15,12,01R,15:16,2026-08-15T15:06:24.752871+09:00,1,54.2,0.0,,-0.5,54.8,0.0,,0.0,52.0,0.0,,-0.5,52.0,0.0,,-0.5,52.7,0.0,,0.0,52.0,0.0,,-0.5
202608150101,2026-08-15,01,01R,15:17,2026-08-15T15:08:34.588424+09:00,1,52.0,0.0,,-0.5,52.0,0.0,,0.0,52.0,0.0,,-0.5,47.5,0.0,,-0.5,52.0,0.0,,-0.5,47.9,0.0,,-0.5
202608152401,2026-08-15,24,01R,15:19,2026-08-15T15:10:26.778750+09:00,1,45.0,2.0,,0.0,47.6,0.0,,-0.5,43.5,3.5,,0.0,46.5,0.5,,-0.5,46.5,0.5,,0.0,48.4,0.0,,0.0
202608150210,2026-08-15,02,10R,15:21,2026-08-15T15:12:29.057321+09:00,1,52.4,0.0,6.7,0.0,52.2,0.0,6.71,0.0,52.0,0.0,6.67,0.0,50.0,2.0,6.72,0.0,46.0,1.0,6.74,0.0,52.3,0.0,6.73,-0.5
202608150310,2026-08-15,03,10R,15:22,2026-08-15T15:12:29.057321+09:00,1,52.1,0.0,6.82,0.5,52.4,0.0,6.91,0.5,52.0,0.0,6.86,1.0,53.1,0.0,6.88,0.5,52.2,0.0,6.89,1.0,50.5,1.5,6.81,0.5
202608150609,2026-08-15,06,09R,15:23,2026-08-15T15:14:24.941121+09:00,1,53.3,0.0,6.65,0.0,47.0,0.0,6.59,0.0,51.5,0.5,6.76,0.0,52.0,0.0,6.69,-0.5,52.6,0.0,6.73,0.0,52.6,0.0,6.71,0.0
202608150701,2026-08-15,07,01R,15:25,2026-08-15T15:16:26.095120+09:00,1,57.0,0.0,6.66,-0.5,53.7,0.0,6.68,-0.5,53.4,0.0,6.7,-0.5,52.0,0.0,6.74,0.0,52.0,0.0,6.71,0.0,52.0,0.0,6.73,0.0
202608151110,2026-08-15,11,10R,15:28,2026-08-15T15:18:24.411984+09:00,1,52.0,0.0,6.85,0.0,55.7,0.0,6.81,0.0,56.6,0.0,6.88,-0.5,47.0,0.0,6.84,-0.5,52.0,0.0,6.81,0.0,51.5,0.5,6.81,-0.5
202608150408,2026-08-15,04,08R,15:31,2026-08-15T15:22:18.681437+09:00,1,53.3,0.0,6.76,0.5,52.1,0.0,6.79,0.0,52.0,0.0,6.81,0.0,52.2,0.0,6.55,3.0,46.5,0.5,6.73,0.0,57.2,0.0,6.89,-0.5
202608150911,2026-08-15,09,11R,15:34,2026-08-15T15:24:29.546703+09:00,1,52.5,0.0,6.98,0.0,52.0,0.0,6.96,0.0,53.4,0.0,7.01,0.0,51.5,0.5,7.03,0.0,52.3,0.0,7.0,0.0,52.7,0.0,6.96,0.0
202608150811,2026-08-15,08,11R,15:36,2026-08-15T15:26:20.555891+09:00,1,52.0,0.0,6.74,0.5,54.0,0.0,6.89,-0.5,52.5,0.0,6.77,0.0,52.0,0.0,6.81,-0.5,53.2,0.0,6.79,0.0,52.3,0.0,6.88,0.0
202608151202,2026-08-15,12,02R,15:38,2026-08-15T15:28:36.398985+09:00,1,52.0,0.0,,-0.5,52.0,0.0,,0.0,51.0,1.0,,0.0,54.3,0.0,,-0.5,52.5,0.0,,-0.5,52.0,0.0,,-0.5
202608150509,2026-08-15,05,09R,15:40,2026-08-15T15:30:26.099045+09:00,1,51.5,0.5,6.86,0.0,52.0,0.0,6.88,-0.5,52.9,0.0,6.8,0.0,53.6,0.0,6.88,-0.5,52.0,0.0,6.86,0.0,51.0,1.0,6.87,0.0
202608151710,2026-08-15,17,10R,15:39,2026-08-15T15:30:26.099045+09:00,1,54.7,0.0,6.83,-0.5,53.5,0.0,6.84,-0.5,52.0,0.0,6.82,-0.5,52.2,0.0,6.72,0.0,58.4,0.0,6.82,-0.5,51.0,1.0,6.78,-0.5
202608150102,2026-08-15,01,02R,15:42,2026-08-15T15:32:30.315956+09:00,1,50.0,2.0,6.74,-0.5,52.2,0.0,6.74,0.0,52.3,0.0,6.76,-0.5,52.3,0.0,6.77,-0.5,47.4,0.0,6.73,-0.5,53.3,0.0,6.81,-0.5
202608152208,2026-08-15,22,08R,15:45,2026-08-15T15:36:33.380783+09:00,1,54.1,0.0,6.9,0.0,53.7,0.0,6.9,0.0,51.0,1.0,6.92,0.0,52.0,0.0,6.94,0.0,54.7,0.0,6.94,0.0,52.9,0.0,6.91,0.0
202608152402,2026-08-15,24,02R,15:48,2026-08-15T15:38:33.902141+09:00,1,47.3,0.0,6.94,0.0,44.0,3.0,6.97,-0.5,46.0,1.0,6.98,0.0,50.4,0.0,6.93,-0.5,46.5,0.5,6.94,0.0,46.0,1.0,6.91,0.0
202608150702,2026-08-15,07,02R,15:50,2026-08-15T15:40:29.038013+09:00,1,52.0,0.0,6.78,-0.5,52.9,0.0,6.74,0.0,53.0,0.0,6.75,0.0,52.0,0.0,6.77,-0.5,52.2,0.0,6.84,0.0,53.7,0.0,6.76,0.0
202608150311,2026-08-15,03,11R,15:53,2026-08-15T15:44:24.733916+09:00,1,52.4,0.0,7.0,0.5,53.6,0.0,7.05,0.5,53.9,0.0,6.93,1.0,52.9,0.0,6.97,0.0,52.2,0.0,7.17,0.5,52.3,0.0,7.01,1.0
202608150610,2026-08-15,06,10R,15:53,2026-08-15T15:44:24.733916+09:00,1,53.5,0.0,6.64,0.0,53.9,0.0,6.62,0.0,52.0,0.0,6.67,0.0,52.8,0.0,6.66,-0.5,47.0,0.0,6.69,0.0,53.1,0.0,6.68,-0.5
202608150211,2026-08-15,02,11R,15:55,2026-08-15T15:46:24.718907+09:00,1,52.0,0.0,6.73,-0.5,52.1,0.0,6.69,-0.5,55.6,0.0,6.74,-0.5,52.0,0.0,6.75,0.0,51.0,1.0,6.83,-0.5,51.0,1.0,6.83,-0.5
202608151111,2026-08-15,11,11R,15:58,2026-08-15T15:48:22.796130+09:00,1,53.6,0.0,6.76,-0.5,51.5,0.5,6.75,-0.5,53.0,0.0,6.88,0.0,55.8,0.0,6.87,0.0,,,,,54.8,0.0,6.73,0.0
202608151203,2026-08-15,12,03R,16:02,2026-08-15T15:52:26.803811+09:00,1,53.4,0.0,,-0.5,53.9,0.0,,-0.5,52.0,0.0,,0.0,49.5,2.5,,-0.5,52.0,0.0,,-0.5,51.0,1.0,,-0.5
202608151711,2026-08-15,17,11R,16:04,2026-08-15T15:54:32.328308+09:00,1,52.0,0.0,6.73,0.0,53.3,0.0,6.83,-0.5,53.8,0.0,6.78,0.0,53.3,0.0,6.76,-0.5,52.0,0.0,6.78,-0.5,52.0,0.0,6.73,-0.5
202608150409,2026-08-15,04,09R,16:05,2026-08-15T15:56:32.863588+09:00,1,52.6,0.0,6.83,0.0,47.0,0.0,6.7,-0.5,53.1,0.0,6.85,0.0,54.7,0.0,6.78,0.0,53.9,0.0,6.75,0.0,52.4,0.0,6.77,-0.5
202608150103,2026-08-15,01,03R,16:08,2026-08-15T15:58:31.506095+09:00,1,53.0,0.0,6.78,0.0,52.0,0.0,6.8,-0.5,52.0,0.0,6.7,-0.5,51.1,0.0,6.75,-0.5,51.0,1.0,6.7,-0.5,54.3,0.0,6.64,-0.5
202608150912,2026-08-15,09,12R,16:11,2026-08-15T16:02:31.478365+09:00,1,52.8,0.0,7.06,0.0,52.0,0.0,6.94,0.0,52.8,0.0,6.97,0.5,52.9,0.0,6.99,0.0,47.0,0.0,6.88,0.0,52.5,0.0,6.98,0.0
202608152209,2026-08-15,22,09R,16:14,2026-08-15T16:04:23.850842+09:00,1,52.4,0.0,6.9,0.0,52.2,0.0,6.92,0.0,54.2,0.0,6.9,0.0,51.5,0.5,6.87,0.0,52.6,0.0,6.93,0.0,52.1,0.0,6.92,0.0
202608150510,2026-08-15,05,10R,16:15,2026-08-15T16:06:36.742796+09:00,1,52.9,0.0,6.81,0.0,52.0,0.0,6.75,-0.5,52.0,0.0,6.78,-0.5,52.3,0.0,6.8,-0.5,54.1,0.0,6.85,-0.5,57.2,0.0,6.91,0.0
202608152403,2026-08-15,24,03R,16:17,2026-08-15T16:08:31.774847+09:00,1,47.9,0.0,6.95,0.0,67.0,0.0,7.14,0.0,47.0,0.0,6.93,0.5,47.0,0.0,6.98,0.0,46.0,1.0,6.99,0.0,47.2,0.0,6.97,0.0
202608150703,2026-08-15,07,03R,16:19,2026-08-15T16:10:31.060519+09:00,1,52.0,0.0,6.7,-0.5,52.0,0.0,6.75,0.0,55.0,0.0,6.79,-0.5,52.9,0.0,6.68,0.0,53.5,0.0,6.76,0.0,51.5,0.5,6.7,0.5
202608150812,2026-08-15,08,12R,16:22,2026-08-15T16:12:22.640511+09:00,1,52.0,0.0,6.79,-0.5,52.0,0.0,6.79,0.0,52.2,0.0,6.77,0.0,51.5,0.5,6.82,-0.5,45.5,1.5,6.84,0.0,52.0,0.0,6.76,1.0
202608150312,2026-08-15,03,12R,16:25,2026-08-15T16:16:25.270770+09:00,1,52.0,0.0,6.84,1.0,52.8,0.0,6.97,0.5,55.0,0.0,6.95,1.0,52.0,0.0,6.82,1.0,53.9,0.0,6.89,0.5,52.0,0.0,7.07,0.5
202608150611,2026-08-15,06,11R,16:25,2026-08-15T16:16:25.270770+09:00,1,52.3,0.0,6.65,0.0,52.0,0.0,6.71,-0.5,51.0,1.0,6.72,0.0,52.0,0.0,6.66,0.0,54.6,0.0,6.73,0.0,53.1,0.0,6.76,-0.5
202608151112,2026-08-15,11,12R,16:28,2026-08-15T16:18:27.761455+09:00,1,53.2,0.0,6.8,0.0,53.4,0.0,6.82,-0.5,52.2,0.0,6.82,0.0,52.0,0.0,6.85,0.0,53.6,0.0,6.86,0.0,51.5,0.5,6.82,0.0
202608150212,2026-08-15,02,12R,16:30,2026-08-15T16:20:30.446833+09:00,1,51.5,0.5,6.67,0.0,52.0,0.0,6.71,0.0,55.8,0.0,6.74,0.0,52.0,0.0,6.76,0.0,54.6,0.0,6.77,-0.5,52.2,0.0,6.65,0.5
202608150104,2026-08-15,01,04R,16:34,2026-08-15T16:24:28.340359+09:00,1,52.0,0.0,6.71,-0.5,53.3,0.0,6.77,0.0,52.1,0.0,6.72,-0.5,47.0,0.0,6.7,0.0,51.5,0.5,6.64,0.0,52.0,0.0,6.85,0.5
202608151204,2026-08-15,12,04R,16:33,2026-08-15T16:24:28.340359+09:00,1,55.9,0.0,6.94,-0.5,52.0,0.0,6.92,-0.5,52.0,0.0,6.94,-0.5,52.0,0.0,6.87,-0.5,52.3,0.0,6.85,0.0,53.4,0.0,6.91,-0.5
202608150410,2026-08-15,04,10R,16:37,2026-08-15T16:28:19.211507+09:00,1,52.2,0.0,6.7,-0.5,53.8,0.0,6.75,0.5,52.0,0.0,6.58,1.0,51.5,0.5,6.61,0.0,46.5,0.5,6.6,0.0,52.0,0.0,6.88,0.0
202608151712,2026-08-15,17,12R,16:39,2026-08-15T16:30:29.129930+09:00,1,52.0,0.0,6.77,-0.5,52.8,0.0,6.76,-0.5,53.6,0.0,6.84,0.0,51.5,0.5,6.76,-0.5,52.0,0.0,6.77,-0.5,51.0,1.0,6.77,0.0
202608150704,2026-08-15,07,04R,16:44,2026-08-15T16:34:31.310153+09:00,1,52.4,0.0,,0.0,52.0,0.0,,0.0,51.5,0.5,,-0.5,52.0,0.0,,-0.5,53.3,0.0,,0.0,48.3,0.0,,-0.5
202608150511,2026-08-15,05,11R,16:47,2026-08-15T16:38:25.290015+09:00,1,53.1,0.0,6.81,-0.5,52.6,0.0,6.88,-0.5,52.6,0.0,6.78,0.0,54.2,0.0,6.74,-0.5,53.1,0.0,6.83,-0.5,53.0,0.0,6.83,0.0
202608152404,2026-08-15,24,04R,16:49,2026-08-15T16:40:26.114614+09:00,1,48.0,0.0,6.98,-0.5,48.3,0.0,7.0,0.0,45.5,1.5,7.01,-0.5,47.1,0.0,6.97,0.0,49.8,0.0,7.01,0.0,47.0,0.0,6.97,0.0
202608152210,2026-08-15,22,10R,16:56,2026-08-15T16:46:32.505827+09:00,1,54.4,0.0,6.89,0.0,52.6,0.0,6.93,0.0,53.6,0.0,6.94,0.0,52.1,0.0,6.91,0.5,51.0,1.0,6.94,0.0,52.9,0.0,6.9,0.0
202608150105,2026-08-15,01,05R,17:01,2026-08-15T16:52:35.526122+09:00,1,52.0,0.0,6.77,-0.5,53.0,0.0,6.71,-0.5,52.3,0.0,6.93,0.0,51.5,0.5,6.86,-0.5,52.1,0.0,6.75,-0.5,47.9,0.0,6.82,-0.5
202608150612,2026-08-15,06,12R,17:04,2026-08-15T16:54:36.093297+09:00,1,53.3,0.0,6.64,-0.5,51.5,0.5,6.64,-0.5,53.2,0.0,6.65,0.0,52.0,0.0,6.63,0.0,52.0,0.0,6.68,-0.5,52.6,0.0,6.73,-0.5
202608151205,2026-08-15,12,05R,17:06,2026-08-15T16:56:33.936121+09:00,1,52.0,0.0,6.95,-0.5,53.3,0.0,6.94,-0.5,52.1,0.0,6.94,-0.5,54.2,0.0,7.01,-0.5,51.5,0.5,6.91,-0.5,51.5,0.5,6.92,-0.5
202608150411,2026-08-15,04,11R,17:08,2026-08-15T16:58:23.896897+09:00,1,52.1,0.0,6.65,0.0,52.5,0.0,6.74,0.0,52.1,0.0,6.59,0.0,53.1,0.0,6.76,-0.5,52.0,0.0,6.69,0.0,55.5,0.0,6.71,0.0
202608150705,2026-08-15,07,05R,17:11,2026-08-15T17:02:24.874128+09:00,1,52.7,0.0,6.72,0.0,53.1,0.0,6.77,-0.5,55.8,0.0,6.78,0.0,53.0,0.0,6.84,0.0,51.5,0.5,6.71,0.0,52.0,0.0,6.76,0.0
202608152405,2026-08-15,24,05R,17:19,2026-08-15T17:10:32.472433+09:00,1,48.4,0.0,6.96,0.0,45.0,2.0,6.93,-0.5,47.4,0.0,7.01,0.0,46.0,1.0,6.97,0.0,46.5,0.5,7.0,0.0,45.5,1.5,7.0,-0.5
202608150106,2026-08-15,01,06R,17:25,2026-08-15T17:16:29.832085+09:00,1,51.5,0.5,,-0.5,54.7,0.0,,0.0,52.3,0.0,,-0.5,47.4,0.0,,0.0,52.0,0.0,,0.0,52.0,0.0,,-0.5
202608150512,2026-08-15,05,12R,17:25,2026-08-15T17:16:29.832085+09:00,1,54.3,0.0,6.72,0.0,52.0,0.0,6.81,0.0,52.0,0.0,6.72,-0.5,52.0,0.0,6.67,0.0,52.0,0.0,6.81,0.0,52.4,0.0,6.77,-0.5
202608152211,2026-08-15,22,11R,17:28,2026-08-15T17:18:31.233673+09:00,1,52.7,0.0,6.86,0.0,52.4,0.0,6.86,0.0,52.0,0.0,6.92,0.0,52.3,0.0,6.85,0.0,53.6,0.0,6.91,0.0,52.6,0.0,6.97,0.0
202608151206,2026-08-15,12,06R,17:32,2026-08-15T17:22:33.019917+09:00,1,52.0,0.0,,-0.5,52.0,0.0,,-0.5,52.0,0.0,,-0.5,52.0,0.0,,-0.5,54.3,0.0,,-0.5,52.4,0.0,,-0.5
202608150706,2026-08-15,07,06R,17:36,2026-08-15T17:26:30.442695+09:00,1,52.0,0.0,6.69,0.0,52.0,0.0,6.78,-0.5,45.0,2.0,6.77,-0.5,46.0,1.0,6.63,0.0,52.5,0.0,6.65,-0.5,53.5,0.0,6.77,-0.5
202608150412,2026-08-15,04,12R,17:42,2026-08-15T17:32:31.533649+09:00,1,52.0,0.0,6.67,0.0,51.5,0.5,6.71,0.0,52.0,0.0,6.69,0.0,52.0,0.0,6.7,-0.5,51.5,0.5,6.71,-0.5,51.0,1.0,6.69,0.0
202608151901,2026-08-15,19,01R,17:41,2026-08-15T17:32:31.533649+09:00,1,52.2,0.0,6.86,0.0,52.0,0.0,6.83,-0.5,58.2,0.0,6.85,-0.5,52.0,0.0,6.95,0.0,52.4,0.0,6.85,0.0,51.5,0.5,6.92,0.0
202608152406,2026-08-15,24,06R,17:47,2026-08-15T17:38:28.816416+09:00,1,47.6,0.0,6.95,-0.5,45.0,2.0,7.01,-0.5,48.7,0.0,7.0,0.0,49.0,0.0,6.97,0.0,47.0,0.0,6.91,0.0,47.0,0.0,6.95,0.0
202608150107,2026-08-15,01,07R,17:52,2026-08-15T17:42:31.441133+09:00,1,52.3,0.0,6.72,-0.5,52.0,0.0,6.68,-0.5,54.3,0.0,6.78,-0.5,47.9,0.0,6.77,-0.5,50.0,2.0,6.73,-0.5,52.0,0.0,6.83,-0.5
202608152212,2026-08-15,22,12R,17:55,2026-08-15T17:46:27.784839+09:00,1,52.8,0.0,6.93,0.0,52.0,0.0,6.95,0.0,53.4,0.0,6.97,-0.5,53.4,0.0,6.89,0.0,52.0,0.0,6.88,0.0,52.3,0.0,6.91,0.0
202608151207,2026-08-15,12,07R,17:59,2026-08-15T17:50:23.220299+09:00,1,52.0,0.0,,-0.5,52.7,0.0,,0.0,51.5,0.5,,-0.5,52.1,0.0,,-0.5,52.0,0.0,,-0.5,53.9,0.0,,-0.5
