レースコード,レース日,レース場コード,レース回,状態,1枠_コースpt,1枠_寄与_コースpt,1枠_選手pt,1枠_寄与_選手pt,1枠_モーターpt,1枠_寄与_モーターpt,1枠_展示pt,1枠_寄与_展示pt,1枠_気象pt,1枠_寄与_気象pt,1枠_強さpt,2枠_コースpt,2枠_寄与_コースpt,2枠_選手pt,2枠_寄与_選手pt,2枠_モーターpt,2枠_寄与_モーターpt,2枠_展示pt,2枠_寄与_展示pt,2枠_気象pt,2枠_寄与_気象pt,2枠_強さpt,3枠_コースpt,3枠_寄与_コースpt,3枠_選手pt,3枠_寄与_選手pt,3枠_モーターpt,3枠_寄与_モーターpt,3枠_展示pt,3枠_寄与_展示pt,3枠_気象pt,3枠_寄与_気象pt,3枠_強さpt,4枠_コースpt,4枠_寄与_コースpt,4枠_選手pt,4枠_寄与_選手pt,4枠_モーターpt,4枠_寄与_モーターpt,4枠_展示pt,4枠_寄与_展示pt,4枠_気象pt,4枠_寄与_気象pt,4枠_強さpt,5枠_コースpt,5枠_寄与_コースpt,5枠_選手pt,5枠_寄与_選手pt,5枠_モーターpt,5枠_寄与_モーターpt,5枠_展示pt,5枠_寄与_展示pt,5枠_気象pt,5枠_寄与_気象pt,5枠_強さpt,6枠_コースpt,6枠_寄与_コースpt,6枠_選手pt,6枠_寄与_選手pt,6枠_モーターpt,6枠_寄与_モーターpt,6枠_展示pt,6枠_寄与_展示pt,6枠_気象pt,6枠_寄与_気象pt,6枠_強さpt
202608090201,2026-08-09,02,1R,daily,68.9,19.17,42.8,11.44,54.73,7.48,50.0,11.44,50.0,4.45,53.98,51.16,14.24,44.79,11.97,55.52,7.59,50.0,11.44,50.0,4.45,49.69,48.07,13.38,48.76,13.03,45.22,6.18,50.0,11.44,50.0,4.45,48.48,49.45,13.76,48.76,13.03,41.44,5.66,50.0,11.44,50.0,4.45,48.35,43.05,11.98,34.86,9.31,42.3,5.78,50.0,11.44,50.0,4.45,42.97,39.22,10.91,50.75,13.56,48.54,6.63,50.0,11.44,50.0,4.45,47.0
202608090201,2026-08-09,02,1R,realtime,68.9,19.17,42.8,11.44,55.07,7.53,56.17,12.85,49.49,4.41,55.4,51.16,14.24,44.79,11.97,56.68,7.74,60.06,13.74,49.07,4.37,52.06,48.07,13.38,48.76,13.03,44.99,6.15,44.89,10.27,50.08,4.46,47.29,49.45,13.76,48.76,13.03,42.16,5.76,50.19,11.48,50.35,4.48,48.52,39.22,10.91,34.86,9.31,41.51,5.67,40.88,9.35,50.64,4.51,39.76,43.05,11.98,50.75,13.56,47.04,6.43,47.78,10.93,50.23,4.47,47.37
202608090202,2026-08-09,02,2R,daily,65.73,18.29,42.8,11.44,48.6,6.64,50.0,11.44,50.0,4.45,52.26,54.32,15.12,76.56,20.46,34.3,4.69,50.0,11.44,50.0,4.45,56.15,50.44,14.04,42.8,11.44,45.36,6.2,50.0,11.44,50.0,4.45,47.57,46.69,12.99,34.86,9.31,40.75,5.57,50.0,11.44,50.0,4.45,43.77,43.44,12.09,40.82,10.91,43.48,5.94,50.0,11.44,50.0,4.45,44.83,39.22,10.91,40.82,10.91,56.3,7.69,50.0,11.44,50.0,4.45,45.41
202608090202,2026-08-09,02,2R,realtime,65.73,18.29,42.8,11.44,49.29,6.74,60.1,13.75,49.37,4.4,54.61,54.32,15.12,76.56,20.46,36.19,4.95,51.82,11.86,47.75,4.25,56.63,50.44,14.04,42.8,11.44,45.55,6.22,42.72,9.78,50.41,4.49,45.96,43.44,12.09,34.86,9.31,40.71,5.56,55.6,12.72,51.3,4.57,44.26,39.22,10.91,40.82,10.91,43.42,5.93,58.8,13.46,50.21,4.47,45.68,46.69,12.99,40.82,10.91,56.99,7.79,30.93,7.08,50.81,4.52,43.29
202608090203,2026-08-09,02,3R,daily,61.92,17.23,42.8,11.44,41.78,5.71,50.0,11.44,50.0,4.45,50.27,50.84,14.15,42.8,11.44,61.64,8.42,50.0,11.44,50.0,4.45,49.9,52.89,14.72,48.76,13.03,40.25,5.5,50.0,11.44,50.0,4.45,49.14,51.1,14.22,48.76,13.03,64.84,8.86,50.0,11.44,50.0,4.45,52.0,43.87,12.21,46.78,12.5,45.72,6.25,50.0,11.44,50.0,4.45,46.85,39.22,10.92,48.76,13.03,31.95,4.37,50.0,11.44,50.0,4.45,44.2
202608090203,2026-08-09,02,3R,realtime,61.92,17.23,42.8,11.44,42.14,5.76,53.99,12.35,50.56,4.5,51.28,50.84,14.15,42.8,11.44,62.72,8.57,58.04,13.28,49.84,4.44,51.87,52.89,14.72,48.76,13.03,41.09,5.61,47.17,10.79,50.09,4.46,48.62,51.1,14.22,48.76,13.03,66.26,9.05,36.21,8.29,49.62,4.42,49.01,43.87,12.21,46.78,12.5,46.04,6.29,40.72,9.32,49.87,4.44,44.76,39.22,10.92,48.76,13.03,31.71,4.33,63.85,14.61,49.88,4.44,47.33
202608090204,2026-08-09,02,4R,daily,61.52,17.12,44.79,11.97,54.48,7.44,50.0,11.44,50.0,4.45,52.42,54.02,15.03,52.73,14.09,44.26,6.05,50.0,11.44,50.0,4.45,51.06,52.5,14.61,42.8,11.44,50.44,6.89,50.0,11.44,50.0,4.45,48.83,52.29,14.55,46.78,12.5,69.63,9.51,50.0,11.44,50.0,4.45,52.46,41.09,11.43,46.78,12.5,40.65,5.55,50.0,11.44,50.0,4.45,45.38,38.43,10.69,34.86,9.31,48.74,6.66,50.0,11.44,50.0,4.45,42.56
202608090204,2026-08-09,02,4R,realtime,61.52,17.12,44.79,11.97,54.41,7.44,63.76,14.59,49.95,4.45,55.56,54.02,15.03,52.73,14.09,43.79,5.98,50.06,11.46,47.62,4.24,50.8,52.5,14.61,42.8,11.44,51.01,6.97,52.94,12.11,50.53,4.5,49.63,52.29,14.55,46.78,12.5,70.08,9.58,44.48,10.18,50.46,4.49,51.3,41.09,11.43,46.78,12.5,41.07,5.61,49.43,11.31,51.2,4.56,45.41,38.43,10.69,34.86,9.31,47.87,6.54,39.3,8.99,50.11,4.46,40.0
202608090205,2026-08-09,02,5R,daily,69.06,19.22,58.69,15.68,33.35,4.56,50.0,11.44,50.0,4.45,55.35,47.66,13.26,42.8,11.44,52.19,7.13,50.0,11.44,50.0,4.45,47.72,50.51,14.06,44.79,11.97,45.64,6.24,50.0,11.44,50.0,4.45,48.15,52.69,14.66,80.54,21.52,53.9,7.37,50.0,11.44,50.0,4.45,59.44,41.49,11.55,46.78,12.5,44.14,6.03,50.0,11.44,50.0,4.45,45.97,38.43,10.69,34.86,9.31,42.3,5.78,50.0,11.44,50.0,4.45,41.68
202608090205,2026-08-09,02,5R,realtime,69.06,19.22,58.69,15.68,31.74,4.34,52.48,12.01,49.95,4.45,55.7,47.66,13.26,42.8,11.44,52.1,7.12,44.82,10.26,47.62,4.24,46.32,50.51,14.06,44.79,11.97,45.61,6.23,44.4,10.16,50.53,4.5,46.92,52.69,14.66,80.54,21.52,53.8,7.35,50.45,11.54,50.46,4.49,59.57,41.49,11.55,46.78,12.5,44.2,6.04,55.88,12.79,51.2,4.56,47.43,38.43,10.69,34.86,9.31,41.51,5.67,51.94,11.88,50.11,4.46,42.03
202608090206,2026-08-09,02,6R,daily,62.71,17.45,48.76,13.03,46.51,6.35,50.0,11.44,50.0,4.45,52.73,54.41,15.14,52.73,14.09,45.98,6.28,50.0,11.44,50.0,4.45,51.41,50.51,14.06,48.76,13.03,41.44,5.66,50.0,11.44,50.0,4.45,48.64,49.52,13.78,48.76,13.03,52.99,7.24,50.0,11.44,50.0,4.45,49.94,43.87,12.21,34.86,9.31,40.75,5.57,50.0,11.44,50.0,4.45,42.98,38.82,10.8,46.78,12.5,60.73,8.3,50.0,11.44,50.0,4.45,47.49
202608090206,2026-08-09,02,6R,realtime,62.71,17.45,48.76,13.03,47.57,6.5,60.56,13.86,50.56,4.5,55.34,54.41,15.14,52.73,14.09,45.42,6.21,59.06,13.52,49.84,4.44,53.39,50.51,14.06,48.76,13.03,42.16,5.76,46.47,10.63,50.09,4.46,47.94,49.52,13.78,48.76,13.03,52.26,7.14,48.56,11.11,49.62,4.42,49.48,43.87,12.21,34.86,9.31,40.71,5.56,39.38,9.01,49.87,4.44,40.54,38.82,10.8,46.78,12.5,61.11,8.35,45.92,10.51,49.88,4.44,46.6
202608090207,2026-08-09,02,7R,daily,80.81,22.49,50.75,13.56,49.6,6.78,50.0,11.44,50.0,4.45,58.72,46.52,12.94,48.76,13.03,45.22,6.18,50.0,11.44,50.0,4.45,48.05,46.99,13.08,46.78,12.5,45.72,6.25,50.0,11.44,50.0,4.45,47.72,44.38,12.35,42.8,11.44,45.36,6.2,50.0,11.44,50.0,4.45,45.88,41.5,11.55,48.76,13.03,40.25,5.5,50.0,11.44,50.0,4.45,45.97,39.63,11.03,40.82,10.91,43.48,5.94,50.0,11.44,50.0,4.45,43.77
202608090207,2026-08-09,02,7R,realtime,80.81,22.49,50.75,13.56,47.92,6.55,72.77,16.65,50.2,4.47,63.72,46.52,12.94,48.76,13.03,44.99,6.15,44.44,10.17,50.25,4.47,46.76,46.99,13.08,46.78,12.5,46.04,6.29,44.58,10.2,49.86,4.44,46.51,44.38,12.35,42.8,11.44,45.55,6.22,40.02,9.16,49.53,4.41,43.58,41.5,11.55,48.76,13.03,41.09,5.61,51.32,11.74,49.04,4.37,46.3,39.63,11.03,40.82,10.91,43.42,5.93,46.84,10.72,50.97,4.54,43.13
202608090208,2026-08-09,02,8R,daily,65.73,18.29,48.76,13.03,31.95,4.37,50.0,11.44,50.0,4.45,51.58,49.98,13.91,40.82,10.91,56.3,7.69,50.0,11.44,50.0,4.45,48.4,52.42,14.59,44.79,11.97,55.52,7.59,50.0,11.44,50.0,4.45,50.04,47.87,13.32,42.8,11.44,50.44,6.89,50.0,11.44,50.0,4.45,47.54,44.62,12.42,42.8,11.44,54.73,7.48,50.0,11.44,50.0,4.45,47.23,39.22,10.91,52.73,14.09,48.12,6.57,50.0,11.44,50.0,4.45,47.47
202608090209,2026-08-09,02,9R,daily,67.87,18.89,46.78,12.5,40.65,5.55,50.0,11.44,50.0,4.45,52.84,48.85,13.6,44.79,11.97,45.64,6.24,50.0,11.44,50.0,4.45,47.69,54.09,15.05,46.78,12.5,44.14,6.03,50.0,11.44,50.0,4.45,49.48,46.34,12.9,52.73,14.09,44.26,6.05,50.0,11.44,50.0,4.45,48.93,43.47,12.1,42.8,11.44,41.78,5.71,50.0,11.44,50.0,4.45,45.14,39.22,10.92,42.8,11.44,48.6,6.64,50.0,11.44,50.0,4.45,44.89
202608090210,2026-08-09,02,10R,daily,68.9,19.17,46.78,12.5,69.63,9.51,50.0,11.44,50.0,4.45,57.08,51.16,14.24,80.54,21.52,53.9,7.37,50.0,11.44,50.0,4.45,59.02,49.66,13.82,52.73,14.09,45.98,6.28,50.0,11.44,50.0,4.45,50.08,47.87,13.32,42.8,11.44,61.64,8.42,50.0,11.44,50.0,4.45,49.07,41.07,11.43,44.79,11.97,54.48,7.44,50.0,11.44,50.0,4.45,46.73,41.19,11.46,48.76,13.03,46.51,6.35,50.0,11.44,50.0,4.45,46.74
202608090211,2026-08-09,02,11R,daily,79.56,22.14,48.76,13.03,64.84,8.86,50.0,11.44,50.0,4.45,59.92,45.24,12.59,48.76,13.03,52.99,7.24,50.0,11.44,50.0,4.45,48.75,46.89,13.05,76.56,20.46,34.3,4.69,50.0,11.44,50.0,4.45,54.09,44.32,12.33,42.8,11.44,52.19,7.13,50.0,11.44,50.0,4.45,46.79,45.02,12.53,50.75,13.56,49.6,6.78,50.0,11.44,50.0,4.45,48.76,38.81,10.8,58.69,15.68,33.35,4.56,50.0,11.44,50.0,4.45,46.93
202608090212,2026-08-09,02,12R,daily,77.01,21.43,66.63,17.8,64.87,8.86,50.0,11.44,50.0,4.45,63.99,45.68,12.71,70.61,18.87,62.49,8.54,50.0,11.44,50.0,4.45,56.01,48.13,13.39,66.63,17.8,57.95,7.92,50.0,11.44,50.0,4.45,55.01,43.56,12.12,62.66,16.74,60.45,8.26,50.0,11.44,50.0,4.45,53.02,46.25,12.87,46.78,12.5,60.48,8.26,50.0,11.44,50.0,4.45,49.53,39.22,10.92,56.71,15.15,51.06,6.98,50.0,11.44,50.0,4.45,48.94
202608090301,2026-08-09,03,1R,daily,70.51,32.38,50.83,13.01,48.38,6.08,50.0,4.03,50.0,3.93,59.43,50.36,23.12,43.95,11.25,43.51,5.47,50.0,4.03,50.0,3.93,47.8,49.9,22.91,46.25,11.84,43.66,5.49,50.0,4.03,50.0,3.93,48.2,46.68,21.44,41.66,10.67,51.64,6.49,50.0,4.03,50.0,3.93,46.55,42.59,19.55,48.54,12.43,50.0,6.29,50.0,4.03,50.0,3.93,46.22,39.99,18.36,46.25,11.84,43.71,5.5,50.0,4.03,50.0,3.93,43.65
202608090301,2026-08-09,03,1R,realtime,70.51,32.38,50.83,13.01,50.0,6.29,49.6,4.0,46.45,3.65,59.32,50.36,23.12,43.95,11.25,50.0,6.29,51.89,4.18,49.47,3.88,48.73,49.9,22.91,46.25,11.84,50.0,6.29,54.18,4.36,47.32,3.72,49.12,46.68,21.44,41.66,10.67,50.0,6.29,54.18,4.36,54.58,4.29,47.04,42.59,19.55,48.54,12.43,50.0,6.29,61.04,4.92,51.94,4.08,47.26,39.99,18.36,46.25,11.84,50.0,6.29,29.03,2.34,50.54,3.97,42.79
202608090302,2026-08-09,03,2R,daily,68.56,31.48,48.54,12.43,56.75,7.14,50.0,4.03,50.0,3.93,59.0,55.88,25.66,48.54,12.43,55.76,7.01,50.0,4.03,50.0,3.93,53.05,49.64,22.79,57.71,14.77,47.76,6.01,50.0,4.03,50.0,3.93,51.53,44.46,20.42,43.95,11.25,50.0,6.29,50.0,4.03,50.0,3.93,45.91,41.48,19.04,32.49,8.32,50.0,6.29,50.0,4.03,50.0,3.93,41.6,40.0,18.37,55.42,14.19,45.22,5.69,50.0,4.03,50.0,3.93,46.19
202608090302,2026-08-09,03,2R,realtime,68.56,31.48,48.54,12.43,50.0,6.29,43.81,3.53,44.42,3.49,57.21,55.88,25.66,48.54,12.43,50.0,6.29,34.56,2.78,40.27,3.16,50.32,49.64,22.79,57.71,14.77,50.0,6.29,51.22,4.13,52.23,4.1,52.08,44.46,20.42,43.95,11.25,50.0,6.29,51.22,4.13,53.95,4.24,46.32,41.48,19.04,32.49,8.32,50.0,6.29,67.87,5.47,53.48,4.2,43.32,40.0,18.37,55.42,14.19,50.0,6.29,51.22,4.13,55.94,4.39,47.36
202608090303,2026-08-09,03,3R,daily,65.25,29.96,46.25,11.84,37.02,4.65,50.0,4.03,50.0,3.93,54.41,52.11,23.93,48.54,12.43,53.46,6.72,50.0,4.03,50.0,3.93,51.03,50.09,23.0,60.01,15.36,44.52,5.6,50.0,4.03,50.0,3.93,51.91,48.75,22.39,57.71,14.77,50.99,6.41,50.0,4.03,50.0,3.93,51.53,42.27,19.41,41.66,10.67,57.44,7.22,50.0,4.03,50.0,3.93,45.25,41.56,19.08,34.78,8.9,41.85,5.26,50.0,4.03,50.0,3.93,41.2
202608090303,2026-08-09,03,3R,realtime,65.25,29.96,46.25,11.84,50.0,6.29,56.55,4.56,43.33,3.4,56.05,52.11,23.93,48.54,12.43,50.0,6.29,52.97,4.27,39.95,3.14,50.04,50.09,23.0,60.01,15.36,50.0,6.29,63.71,5.13,52.73,4.14,53.92,48.75,22.39,57.71,14.77,50.0,6.29,38.65,3.11,54.64,4.29,50.85,42.27,19.41,41.66,10.67,50.0,6.29,52.97,4.27,54.35,4.27,44.9,41.56,19.08,34.78,8.9,50.0,6.29,35.07,2.83,55.3,4.34,41.44
202608090304,2026-08-09,03,4R,daily,68.91,31.64,43.95,11.25,39.53,4.97,50.0,4.03,50.0,3.93,55.82,51.4,23.6,55.42,14.19,58.42,7.35,50.0,4.03,50.0,3.93,53.09,47.05,21.6,41.66,10.67,33.82,4.25,50.0,4.03,50.0,3.93,44.48,47.64,21.88,48.54,12.43,48.3,6.07,50.0,4.03,50.0,3.93,48.33,45.01,20.67,46.25,11.84,50.89,6.4,50.0,4.03,50.0,3.93,46.86,40.02,18.38,34.78,8.9,63.1,7.93,50.0,4.03,50.0,3.93,43.17
202608090304,2026-08-09,03,4R,realtime,68.91,31.64,43.95,11.25,50.0,6.29,54.35,4.38,45.35,3.56,57.12,51.4,23.6,55.42,14.19,50.0,6.29,64.8,5.22,49.15,3.86,53.16,47.05,21.6,41.66,10.67,50.0,6.29,54.35,4.38,47.82,3.75,46.69,47.64,21.88,48.54,12.43,50.0,6.29,45.19,3.64,55.27,4.34,48.57,45.01,20.67,46.25,11.84,50.0,6.29,32.12,2.59,52.81,4.15,45.53,40.02,18.38,34.78,8.9,50.0,6.29,49.11,3.96,49.89,3.92,41.44
202608090305,2026-08-09,03,5R,daily,67.35,30.93,43.95,11.25,50.77,6.38,50.0,4.03,50.0,3.93,56.52,52.18,23.96,55.42,14.19,36.82,4.63,50.0,4.03,50.0,3.93,50.73,49.38,22.67,53.13,13.6,46.82,5.89,50.0,4.03,50.0,3.93,50.11,46.47,21.34,66.88,17.12,50.61,6.36,50.0,4.03,50.0,3.93,52.78,45.01,20.67,50.83,13.01,41.6,5.23,50.0,4.03,50.0,3.93,46.87,39.63,18.2,41.66,10.67,33.73,4.24,50.0,4.03,50.0,3.93,41.06
202608090305,2026-08-09,03,5R,realtime,67.35,30.93,43.95,11.25,50.0,6.29,52.39,4.22,41.26,3.24,55.93,52.18,23.96,55.42,14.19,50.0,6.29,63.68,5.13,42.46,3.33,52.9,49.38,22.67,53.13,13.6,50.0,6.29,54.44,4.39,47.56,3.73,50.68,46.47,21.34,66.88,17.12,50.0,6.29,55.47,4.47,61.7,4.84,54.06,45.01,20.67,50.83,13.01,50.0,6.29,33.9,2.73,57.62,4.52,47.22,39.63,18.2,41.66,10.67,50.0,6.29,40.06,3.23,49.69,3.9,42.28
202608090306,2026-08-09,03,6R,daily,65.41,30.04,46.25,11.84,54.19,6.81,50.0,4.03,50.0,3.93,56.64,52.57,24.14,55.42,14.19,55.4,6.97,50.0,4.03,50.0,3.93,53.25,48.6,22.32,71.47,18.3,52.74,6.63,50.0,4.03,50.0,3.93,55.2,47.25,21.7,46.25,11.84,64.06,8.06,50.0,4.03,50.0,3.93,49.54,44.23,20.31,46.25,11.84,43.66,5.49,50.0,4.03,50.0,3.93,45.59,41.96,19.27,48.54,12.43,69.63,8.76,50.0,4.03,50.0,3.93,48.4
202608090306,2026-08-09,03,6R,realtime,65.41,30.04,46.25,11.84,50.0,6.29,49.98,4.03,41.26,3.24,55.43,52.57,24.14,55.42,14.19,50.0,6.29,69.99,5.64,42.46,3.33,53.59,48.6,22.32,71.47,18.3,50.0,6.29,46.65,3.76,47.56,3.73,54.39,47.25,21.7,46.25,11.84,50.0,6.29,36.65,2.95,61.7,4.84,47.62,44.23,20.31,46.25,11.84,50.0,6.29,46.65,3.76,57.62,4.52,46.72,41.96,19.27,48.54,12.43,50.0,6.29,49.98,4.03,49.69,3.9,45.91
202608090307,2026-08-09,03,7R,daily,72.8,33.43,43.95,11.25,67.31,8.46,50.0,4.03,50.0,3.93,61.1,51.02,23.43,43.95,11.25,46.45,5.84,50.0,4.03,50.0,3.93,48.47,47.83,21.96,50.83,13.01,54.65,6.87,50.0,4.03,50.0,3.93,49.8,45.69,20.98,71.47,18.3,38.3,4.82,50.0,4.03,50.0,3.93,52.05,42.29,19.42,41.66,10.67,51.64,6.49,50.0,4.03,50.0,3.93,44.53,40.41,18.55,32.49,8.32,50.0,6.29,50.0,4.03,50.0,3.93,41.11
202608090308,2026-08-09,03,8R,daily,71.84,32.99,57.71,14.77,50.99,6.41,50.0,4.03,50.0,3.93,62.12,48.63,22.33,55.42,14.19,45.22,5.69,50.0,4.03,50.0,3.93,50.15,48.93,22.47,46.25,11.84,43.71,5.5,50.0,4.03,50.0,3.93,47.76,47.2,21.68,55.42,14.19,51.95,6.53,50.0,4.03,50.0,3.93,50.35,42.27,19.41,34.78,8.9,63.1,7.93,50.0,4.03,50.0,3.93,44.2,41.17,18.9,43.95,11.25,55.88,7.03,50.0,4.03,50.0,3.93,45.14
202608090309,2026-08-09,03,9R,daily,72.61,33.34,48.54,12.43,50.99,6.41,50.0,4.03,50.0,3.93,60.13,49.01,22.51,50.83,13.01,50.47,6.35,50.0,4.03,50.0,3.93,49.82,47.0,21.58,48.54,12.43,56.75,7.14,50.0,4.03,50.0,3.93,49.1,47.2,21.68,34.78,8.9,41.85,5.26,50.0,4.03,50.0,3.93,43.8,42.65,19.59,55.42,14.19,58.42,7.35,50.0,4.03,50.0,3.93,49.07,41.56,19.08,43.95,11.25,43.51,5.47,50.0,4.03,50.0,3.93,43.76
202608090310,2026-08-09,03,10R,daily,74.93,34.41,60.01,15.36,44.52,5.6,50.0,4.03,50.0,3.93,63.32,45.92,21.08,50.83,13.01,41.6,5.23,50.0,4.03,50.0,3.93,47.28,47.77,21.94,48.54,12.43,50.0,6.29,50.0,4.03,50.0,3.93,48.6,47.98,22.03,57.71,14.77,47.76,6.01,50.0,4.03,50.0,3.93,50.76,43.81,20.12,53.13,13.6,66.22,8.33,50.0,4.03,50.0,3.93,50.0,39.62,18.19,41.66,10.67,33.82,4.25,50.0,4.03,50.0,3.93,41.06
202608090311,2026-08-09,03,11R,daily,71.06,32.63,55.42,14.19,55.4,6.97,50.0,4.03,50.0,3.93,61.73,49.78,22.86,48.54,12.43,61.05,7.68,50.0,4.03,50.0,3.93,50.92,49.32,22.65,48.54,12.43,55.76,7.01,50.0,4.03,50.0,3.93,50.04,46.43,21.32,55.42,14.19,36.82,4.63,50.0,4.03,50.0,3.93,48.09,43.04,19.76,43.95,11.25,39.53,4.97,50.0,4.03,50.0,3.93,43.94,40.4,18.55,48.54,12.43,53.46,6.72,50.0,4.03,50.0,3.93,45.65
202608090312,2026-08-09,03,12R,daily,78.57,36.08,71.47,18.3,63.45,7.98,50.0,4.03,50.0,3.93,70.3,45.49,20.89,71.47,18.3,52.74,6.63,50.0,4.03,50.0,3.93,53.77,49.26,22.62,66.88,17.12,50.61,6.36,50.0,4.03,50.0,3.93,54.06,45.23,20.77,76.06,19.47,51.45,6.47,50.0,4.03,50.0,3.93,54.66,41.48,19.04,64.59,16.54,36.43,4.58,50.0,4.03,50.0,3.93,48.11,40.0,18.37,71.47,18.3,38.3,4.82,50.0,4.03,50.0,3.93,49.43
202608090501,2026-08-09,05,1R,daily,68.38,24.17,41.97,9.59,46.13,3.91,50.0,9.54,50.0,7.12,54.33,48.89,17.28,46.72,10.67,39.76,3.37,50.0,9.54,50.0,7.12,47.99,48.63,17.19,41.97,9.59,64.12,5.43,50.0,9.54,50.0,7.12,48.88,46.16,16.32,46.72,10.67,48.64,4.12,50.0,9.54,50.0,7.12,47.78,45.98,16.25,41.97,9.59,46.64,3.95,50.0,9.54,50.0,7.12,46.46,41.8,14.78,72.81,16.63,65.76,5.57,50.0,9.54,50.0,7.12,53.65
202608090501,2026-08-09,05,1R,realtime,68.38,24.17,41.97,9.59,50.0,4.23,44.82,8.55,44.31,6.31,52.86,48.89,17.28,46.72,10.67,36.67,3.1,53.51,10.21,67.24,9.58,50.86,48.63,17.19,41.97,9.59,65.85,5.58,47.36,9.04,54.85,7.81,49.21,46.16,16.32,46.72,10.67,49.38,4.18,42.14,8.04,53.42,7.61,46.83,45.98,16.25,41.97,9.59,50.0,4.23,43.69,8.34,40.21,5.73,44.15,41.8,14.78,72.81,16.63,66.99,5.67,68.39,13.05,39.84,5.68,55.81
202608090502,2026-08-09,05,2R,daily,70.46,24.91,46.72,10.67,59.18,5.01,50.0,9.54,50.0,7.12,57.26,49.49,17.49,46.72,10.67,53.15,4.5,50.0,9.54,50.0,7.12,49.34,47.73,16.87,39.6,9.05,46.35,3.92,50.0,9.54,50.0,7.12,46.51,45.86,16.21,46.72,10.67,59.15,5.01,50.0,9.54,50.0,7.12,48.56,44.19,15.62,65.69,15.01,48.37,4.1,50.0,9.54,50.0,7.12,51.39,42.1,14.88,46.72,10.67,66.94,5.67,50.0,9.54,50.0,7.12,47.89
202608090502,2026-08-09,05,2R,realtime,70.46,24.91,46.72,10.67,50.0,4.23,74.09,14.14,47.15,6.72,60.68,49.49,17.49,46.72,10.67,50.0,4.23,56.33,10.75,61.88,8.82,51.97,47.73,16.87,39.6,9.05,60.09,5.09,52.38,10.0,55.65,7.93,48.94,45.86,16.21,46.72,10.67,50.0,4.23,42.95,8.2,53.2,7.58,46.9,44.19,15.62,65.69,15.01,50.0,4.23,40.31,7.69,36.11,5.14,47.7,42.1,14.88,46.72,10.67,50.0,4.23,33.85,6.46,45.9,6.54,42.79
202608090503,2026-08-09,05,3R,daily,67.18,23.75,44.34,10.13,34.1,2.89,50.0,9.54,50.0,7.12,53.43,50.98,18.02,41.97,9.59,60.51,5.12,50.0,9.54,50.0,7.12,49.4,46.53,16.45,39.6,9.05,55.41,4.69,50.0,9.54,50.0,7.12,46.86,49.14,17.37,51.46,11.76,42.13,3.57,50.0,9.54,50.0,7.12,49.36,43.59,15.41,51.46,11.76,47.07,3.99,50.0,9.54,50.0,7.12,47.82,42.39,14.99,49.09,11.22,52.99,4.49,50.0,9.54,50.0,7.12,47.36
202608090503,2026-08-09,05,3R,realtime,67.18,23.75,44.34,10.13,46.92,3.97,60.6,11.57,44.42,6.33,55.75,50.98,18.02,41.97,9.59,50.0,4.23,51.84,9.89,67.83,9.66,51.4,46.53,16.45,39.6,9.05,50.0,4.23,34.77,6.64,55.03,7.84,44.21,49.14,17.37,51.46,11.76,49.4,4.18,62.79,11.98,53.06,7.56,52.86,43.59,15.41,51.46,11.76,50.0,4.23,56.7,10.82,40.12,5.72,47.94,42.39,14.99,49.09,11.22,54.66,4.63,33.2,6.34,39.43,5.62,42.79
202608090504,2026-08-09,05,4R,daily,63.59,22.48,46.72,10.67,47.32,4.01,50.0,9.54,50.0,7.12,53.83,51.28,18.13,51.46,11.76,55.02,4.66,50.0,9.54,50.0,7.12,51.21,49.52,17.51,96.53,22.05,45.88,3.88,50.0,9.54,50.0,7.12,60.11,47.65,16.85,37.23,8.51,40.56,3.43,50.0,9.54,50.0,7.12,45.45,45.68,16.15,46.72,10.67,42.03,3.56,50.0,9.54,50.0,7.12,47.05,42.1,14.88,65.69,15.01,47.61,4.03,50.0,9.54,50.0,7.12,50.59
202608090504,2026-08-09,05,4R,realtime,63.59,22.48,46.72,10.67,43.64,3.69,60.16,11.48,45.84,6.53,54.86,51.28,18.13,51.46,11.76,67.96,5.75,42.85,8.18,65.15,9.28,53.1,49.52,17.51,96.53,22.05,33.08,2.8,57.51,10.98,55.43,7.9,61.24,47.65,16.85,37.23,8.51,50.0,4.23,45.33,8.65,52.95,7.54,45.78,45.68,16.15,46.72,10.67,45.86,3.88,52.72,10.06,38.07,5.42,46.19,42.1,14.88,65.69,15.01,38.22,3.24,41.35,7.89,42.46,6.05,47.07
202608090505,2026-08-09,05,5R,daily,65.95,23.32,46.72,10.67,50.57,4.28,50.0,9.54,50.0,7.12,54.94,51.09,18.06,53.83,12.3,49.57,4.2,50.0,9.54,50.0,7.12,51.22,49.01,17.33,39.6,9.05,48.72,4.12,50.0,9.54,50.0,7.12,47.17,48.33,17.09,34.86,7.96,49.52,4.19,50.0,9.54,50.0,7.12,45.91,43.63,15.42,51.46,11.76,45.24,3.83,50.0,9.54,50.0,7.12,47.68,41.81,14.78,49.09,11.22,41.77,3.54,50.0,9.54,50.0,7.12,46.2
202608090505,2026-08-09,05,5R,realtime,65.95,23.32,46.72,10.67,59.5,5.04,60.74,11.59,44.52,6.34,56.96,51.09,18.06,53.83,12.3,54.17,4.59,58.75,11.21,68.41,9.75,55.91,49.01,17.33,39.6,9.05,61.68,5.22,42.07,8.03,55.2,7.87,47.49,48.33,17.09,34.86,7.96,50.0,4.23,44.4,8.47,52.7,7.51,45.27,43.63,15.42,51.46,11.76,50.0,4.23,42.33,8.08,40.02,5.7,45.2,41.81,14.78,49.09,11.22,50.0,4.23,51.61,9.85,39.02,5.56,45.64
202608090506,2026-08-09,05,6R,daily,69.42,24.54,41.97,9.59,49.21,4.17,50.0,9.54,50.0,7.12,54.96,45.87,16.22,51.46,11.76,38.27,3.24,50.0,9.54,50.0,7.12,47.88,47.99,16.97,41.97,9.59,42.23,3.58,50.0,9.54,50.0,7.12,46.8,50.29,17.78,72.81,16.63,65.76,5.57,50.0,9.54,50.0,7.12,56.65,44.77,15.83,51.46,11.76,41.55,3.52,50.0,9.54,50.0,7.12,47.77,41.49,14.67,37.23,8.51,48.0,4.06,50.0,9.54,50.0,7.12,43.9
202608090507,2026-08-09,05,7R,daily,70.17,24.8,46.72,10.67,35.66,3.02,50.0,9.54,50.0,7.12,55.16,46.79,16.54,41.97,9.59,55.05,4.66,50.0,9.54,50.0,7.12,47.46,47.13,16.66,41.97,9.59,46.13,3.91,50.0,9.54,50.0,7.12,46.82,48.54,17.16,46.72,10.67,53.15,4.5,50.0,9.54,50.0,7.12,49.0,44.79,15.83,91.79,20.97,39.25,3.32,50.0,9.54,50.0,7.12,56.79,42.39,14.99,53.83,12.3,52.19,4.42,50.0,9.54,50.0,7.12,48.37
202608090508,2026-08-09,05,8R,daily,73.45,25.97,51.46,11.76,47.07,3.99,50.0,9.54,50.0,7.12,58.38,48.89,17.28,37.23,8.51,24.51,2.08,50.0,9.54,50.0,7.12,44.53,46.23,16.34,46.72,10.67,47.32,4.01,50.0,9.54,50.0,7.12,47.69,44.96,15.89,65.69,15.01,48.37,4.1,50.0,9.54,50.0,7.12,51.67,43.29,15.3,60.95,13.92,61.69,5.22,50.0,9.54,50.0,7.12,51.12,42.99,15.2,46.72,10.67,48.64,4.12,50.0,9.54,50.0,7.12,46.66
202608090509,2026-08-09,05,9R,daily,73.75,26.07,51.46,11.76,45.24,3.83,50.0,9.54,50.0,7.12,58.33,47.99,16.97,39.6,9.05,50.42,4.27,50.0,9.54,50.0,7.12,46.95,46.83,16.56,41.97,9.59,60.51,5.12,50.0,9.54,50.0,7.12,47.94,46.75,16.53,96.53,22.05,45.88,3.88,50.0,9.54,50.0,7.12,59.13,43.29,15.3,39.6,9.05,46.35,3.92,50.0,9.54,50.0,7.12,44.94,41.2,14.56,41.97,9.59,64.12,5.43,50.0,9.54,50.0,7.12,46.25
202608090510,2026-08-09,05,10R,daily,76.33,26.98,53.83,12.3,49.57,4.2,50.0,9.54,50.0,7.12,60.15,46.83,16.55,41.97,9.59,46.64,3.95,50.0,9.54,50.0,7.12,46.76,46.27,16.36,51.46,11.76,41.55,3.52,50.0,9.54,50.0,7.12,48.3,45.59,16.11,46.72,10.67,42.03,3.56,50.0,9.54,50.0,7.12,47.01,43.61,15.42,51.46,11.76,37.96,3.21,50.0,9.54,50.0,7.12,47.06,41.2,14.57,46.72,10.67,59.15,5.01,50.0,9.54,50.0,7.12,46.91
202608090511,2026-08-09,05,11R,daily,78.83,27.87,51.46,11.76,42.13,3.57,50.0,9.54,50.0,7.12,59.86,45.9,16.23,46.72,10.67,66.94,5.67,50.0,9.54,50.0,7.12,49.24,45.64,16.13,51.46,11.76,60.63,5.13,50.0,9.54,50.0,7.12,49.69,44.37,15.68,37.23,8.51,48.0,4.06,50.0,9.54,50.0,7.12,44.92,43.29,15.3,65.69,15.01,47.61,4.03,50.0,9.54,50.0,7.12,51.01,41.8,14.78,46.72,10.67,39.76,3.37,50.0,9.54,50.0,7.12,45.48
202608090512,2026-08-09,05,12R,daily,76.44,27.02,91.79,20.97,39.25,3.32,50.0,9.54,50.0,7.12,67.99,45.9,16.23,49.09,11.22,41.77,3.54,50.0,9.54,50.0,7.12,47.65,46.53,16.45,46.72,10.67,59.18,5.01,50.0,9.54,50.0,7.12,48.8,46.75,16.53,60.95,13.92,61.69,5.22,50.0,9.54,50.0,7.12,52.34,43.29,15.3,51.46,11.76,38.27,3.24,50.0,9.54,50.0,7.12,46.97,40.9,14.46,51.46,11.76,55.02,4.66,50.0,9.54,50.0,7.12,47.54
202608090901,2026-08-09,09,1R,daily,77.49,30.08,48.05,9.89,36.23,3.16,50.0,11.92,50.0,4.01,59.07,47.72,18.52,48.05,9.89,70.06,6.11,50.0,11.92,50.0,4.01,50.46,45.5,17.66,48.05,9.89,54.97,4.8,50.0,11.92,50.0,4.01,48.29,43.61,16.93,42.33,8.72,40.4,3.52,50.0,11.92,50.0,4.01,45.1,43.61,16.93,42.33,8.72,64.4,5.62,50.0,11.92,50.0,4.01,47.19,41.92,16.27,42.33,8.72,46.35,4.04,50.0,11.92,50.0,4.01,44.97
202608090901,2026-08-09,09,1R,realtime,77.49,30.08,48.05,9.89,43.92,3.83,50.35,12.01,38.54,3.09,58.9,47.72,18.52,48.05,9.89,66.68,5.82,48.1,11.47,51.3,4.11,49.82,45.5,17.66,48.05,9.89,53.31,4.65,50.19,11.97,52.93,4.24,48.42,43.61,16.93,42.33,8.72,43.68,3.81,46.49,11.09,47.4,3.8,44.34,43.61,16.93,42.33,8.72,50.89,4.44,50.27,11.99,60.74,4.87,46.94,41.92,16.27,42.33,8.72,50.69,4.42,54.63,13.03,49.21,3.95,46.39
202608090902,2026-08-09,09,2R,daily,65.86,25.56,48.05,9.89,48.69,4.25,50.0,11.92,50.0,4.01,55.64,49.16,19.08,48.05,9.89,51.69,4.51,50.0,11.92,50.0,4.01,49.42,49.47,19.2,46.14,9.5,52.51,4.58,50.0,11.92,50.0,4.01,49.22,46.44,18.03,36.62,7.54,50.1,4.37,50.0,11.92,50.0,4.01,45.87,45.59,17.7,40.43,8.33,29.87,2.61,50.0,11.92,50.0,4.01,44.56,43.33,16.82,49.95,10.29,47.36,4.13,50.0,11.92,50.0,4.01,47.17
202608090902,2026-08-09,09,2R,realtime,65.86,25.56,48.05,9.89,64.1,5.59,51.41,12.26,33.27,2.67,55.98,49.16,19.08,48.05,9.89,50.99,4.45,56.68,13.52,53.8,4.31,51.26,49.47,19.2,46.14,9.5,53.81,4.7,50.58,12.06,49.55,3.97,49.44,46.44,18.03,36.62,7.54,51.54,4.5,28.78,6.86,47.26,3.79,40.72,45.59,17.7,40.43,8.33,40.88,3.57,58.98,14.06,65.59,5.26,48.91,43.33,16.82,49.95,10.29,48.3,4.21,53.61,12.78,50.65,4.06,48.17
202608090903,2026-08-09,09,3R,daily,67.12,26.05,46.14,9.5,28.94,2.53,50.0,11.92,50.0,4.01,54.01,49.12,19.07,48.05,9.89,61.57,5.37,50.0,11.92,50.0,4.01,50.27,48.02,18.64,44.24,9.11,47.32,4.13,50.0,11.92,50.0,4.01,47.81,48.94,18.99,53.76,11.07,45.55,3.97,50.0,11.92,50.0,4.01,49.97,44.45,17.25,46.14,9.5,34.74,3.03,50.0,11.92,50.0,4.01,45.72,42.2,16.38,42.33,8.72,40.1,3.5,50.0,11.92,50.0,4.01,44.53
202608090903,2026-08-09,09,3R,realtime,67.12,26.05,46.14,9.5,50.95,4.45,46.24,11.03,33.27,2.67,53.7,49.12,19.07,48.05,9.89,62.89,5.49,27.45,6.55,53.8,4.31,45.31,48.02,18.64,44.24,9.11,43.94,3.83,38.83,9.26,49.55,3.97,44.82,48.94,18.99,53.76,11.07,52.79,4.61,65.08,15.52,47.26,3.79,53.98,44.45,17.25,46.14,9.5,37.38,3.26,60.02,14.31,65.59,5.26,49.59,42.2,16.38,42.33,8.72,43.65,3.81,62.42,14.89,50.65,4.06,47.85
202608090904,2026-08-09,09,4R,daily,62.92,24.42,40.43,8.33,61.38,5.36,50.0,11.92,50.0,4.01,54.04,51.93,20.15,42.33,8.72,51.19,4.47,50.0,11.92,50.0,4.01,49.27,47.74,18.53,46.14,9.5,52.18,4.55,50.0,11.92,50.0,4.01,48.52,48.1,18.67,46.14,9.5,68.37,5.97,50.0,11.92,50.0,4.01,50.07,46.41,18.01,49.95,10.29,50.86,4.44,50.0,11.92,50.0,4.01,48.67,42.76,16.6,32.81,6.76,44.25,3.86,50.0,11.92,50.0,4.01,43.15
202608090904,2026-08-09,09,4R,realtime,62.92,24.42,40.43,8.33,59.32,5.18,46.0,10.97,33.27,2.67,51.56,51.93,20.15,42.33,8.72,53.59,4.68,24.04,5.73,53.8,4.31,43.6,47.74,18.53,46.14,9.5,43.32,3.78,52.59,12.54,49.55,3.97,48.33,48.1,18.67,46.14,9.5,59.58,5.2,54.65,13.03,47.26,3.79,50.19,46.41,18.01,49.95,10.29,47.05,4.11,66.96,15.97,65.59,5.26,53.63,42.76,16.6,32.81,6.76,40.97,3.58,55.76,13.3,50.65,4.06,44.29
202608090905,2026-08-09,09,5R,daily,79.66,30.92,57.57,11.86,45.08,3.93,50.0,11.92,50.0,4.01,62.64,45.22,17.55,48.05,9.89,53.97,4.71,50.0,11.92,50.0,4.01,48.09,45.81,17.78,44.24,9.11,34.89,3.04,50.0,11.92,50.0,4.01,45.87,43.9,17.04,38.52,7.93,47.26,4.12,50.0,11.92,50.0,4.01,45.03,43.34,16.82,34.71,7.15,51.71,4.51,50.0,11.92,50.0,4.01,44.42,41.92,16.27,40.43,8.33,42.98,3.75,50.0,11.92,50.0,4.01,44.28
202608090905,2026-08-09,09,5R,realtime,79.66,30.92,57.57,11.86,47.79,4.17,60.7,14.47,33.27,2.67,64.09,45.22,17.55,48.05,9.89,61.07,5.33,43.56,10.39,53.8,4.31,47.48,45.81,17.78,44.24,9.11,35.91,3.13,38.9,9.28,49.55,3.97,43.27,43.9,17.04,38.52,7.93,36.83,3.21,50.67,12.08,47.26,3.79,44.06,43.34,16.82,34.71,7.15,37.7,3.29,51.55,12.29,65.59,5.26,44.81,41.92,16.27,40.43,8.33,42.26,3.69,54.67,13.04,50.65,4.06,45.38
202608090906,2026-08-09,09,6R,daily,67.41,26.16,55.66,11.46,55.51,4.84,50.0,11.92,50.0,4.01,58.4,50.25,19.5,44.24,9.11,43.61,3.81,50.0,11.92,50.0,4.01,48.35,48.86,18.97,40.43,8.33,29.87,2.61,50.0,11.92,50.0,4.01,45.83,46.97,18.23,48.05,9.89,55.37,4.83,50.0,11.92,50.0,4.01,48.89,44.45,17.25,61.38,12.64,42.47,3.71,50.0,11.92,50.0,4.01,49.53,41.92,16.27,42.33,8.72,31.84,2.78,50.0,11.92,50.0,4.01,43.7
202608090906,2026-08-09,09,6R,realtime,67.41,26.16,55.66,11.46,51.65,4.51,60.81,14.5,33.27,2.67,59.3,50.25,19.5,44.24,9.11,45.84,4.0,34.09,8.13,53.8,4.31,45.06,48.86,18.97,40.43,8.33,40.88,3.57,54.9,13.09,49.55,3.97,47.93,46.97,18.23,48.05,9.89,63.9,5.58,58.67,13.99,47.26,3.79,51.48,44.45,17.25,61.38,12.64,47.27,4.12,61.34,14.63,65.59,5.26,53.9,41.92,16.27,42.33,8.72,34.46,3.01,30.22,7.21,50.65,4.06,39.26
202608090907,2026-08-09,09,7R,daily,65.69,25.5,46.14,9.5,39.57,3.45,50.0,11.92,50.0,4.01,54.39,49.29,19.13,49.95,10.29,61.45,5.36,50.0,11.92,50.0,4.01,50.71,46.46,18.03,48.05,9.89,51.69,4.51,50.0,11.92,50.0,4.01,48.37,48.24,18.73,53.76,11.07,63.6,5.55,50.0,11.92,50.0,4.01,51.28,47.09,18.28,53.76,11.07,66.27,5.78,50.0,11.92,50.0,4.01,51.06,43.08,16.72,38.52,7.93,62.88,5.49,50.0,11.92,50.0,4.01,46.07
202608090907,2026-08-09,09,7R,realtime,65.69,25.5,46.14,9.5,58.64,5.12,59.62,14.22,33.27,2.67,57.0,49.29,19.13,49.95,10.29,56.92,4.97,52.36,12.48,53.8,4.31,51.19,46.46,18.03,48.05,9.89,50.99,4.45,40.32,9.61,49.55,3.97,45.96,48.24,18.73,53.76,11.07,47.44,4.14,51.23,12.22,47.26,3.79,49.94,47.09,18.28,53.76,11.07,62.55,5.46,52.95,12.63,65.59,5.26,52.69,43.08,16.72,38.52,7.93,55.39,4.83,43.56,10.39,50.65,4.06,43.94
202608090908,2026-08-09,09,8R,daily,67.55,26.22,46.14,9.5,34.74,3.03,50.0,11.92,50.0,4.01,54.68,48.88,18.97,49.95,10.29,47.36,4.13,50.0,11.92,50.0,4.01,49.33,48.34,18.76,42.33,8.72,46.35,4.04,50.0,11.92,50.0,4.01,47.46,47.29,18.35,63.28,13.03,46.09,4.02,50.0,11.92,50.0,4.01,51.34,44.74,17.37,42.33,8.72,51.19,4.47,50.0,11.92,50.0,4.01,46.48,43.05,16.71,44.24,9.11,47.32,4.13,50.0,11.92,50.0,4.01,45.88
202608090909,2026-08-09,09,9R,daily,74.39,28.87,46.14,9.5,52.18,4.55,50.0,11.92,50.0,4.01,58.86,46.97,18.23,48.05,9.89,40.06,3.5,50.0,11.92,50.0,4.01,47.55,47.0,18.24,42.33,8.72,64.4,5.62,50.0,11.92,50.0,4.01,48.51,45.36,17.61,48.05,9.89,37.23,3.25,50.0,11.92,50.0,4.01,46.68,43.64,16.94,46.14,9.5,52.51,4.58,50.0,11.92,50.0,4.01,46.96,42.5,16.49,48.05,9.89,61.38,5.36,50.0,11.92,50.0,4.01,47.68
202608090910,2026-08-09,09,10R,daily,74.1,28.76,49.95,10.29,50.86,4.44,50.0,11.92,50.0,4.01,59.42,48.11,18.67,53.76,11.07,45.55,3.97,50.0,11.92,50.0,4.01,49.65,46.43,18.02,48.05,9.89,53.97,4.71,50.0,11.92,50.0,4.01,48.56,45.92,17.83,48.05,9.89,70.06,6.11,50.0,11.92,50.0,4.01,49.77,43.64,16.94,55.66,11.46,55.51,4.84,50.0,11.92,50.0,4.01,49.18,41.65,16.16,46.14,9.5,28.94,2.53,50.0,11.92,50.0,4.01,44.13
202608090911,2026-08-09,09,11R,daily,74.66,28.98,53.76,11.07,66.27,5.78,50.0,11.92,50.0,4.01,61.76,46.2,17.93,46.14,9.5,68.37,5.97,50.0,11.92,50.0,4.01,49.33,46.8,18.17,53.76,11.07,63.6,5.55,50.0,11.92,50.0,4.01,50.72,47.16,18.31,57.57,11.86,45.08,3.93,50.0,11.92,50.0,4.01,50.03,43.39,16.84,48.05,9.89,61.57,5.37,50.0,11.92,50.0,4.01,48.04,41.65,16.16,40.43,8.33,61.38,5.36,50.0,11.92,50.0,4.01,45.78
202608090912,2026-08-09,09,12R,daily,77.24,29.98,63.28,13.03,46.09,4.02,50.0,11.92,50.0,4.01,62.97,45.55,17.68,48.05,9.89,55.37,4.83,50.0,11.92,50.0,4.01,48.34,46.71,18.13,61.38,12.64,42.47,3.71,50.0,11.92,50.0,4.01,50.41,45.92,17.83,49.95,10.29,61.45,5.36,50.0,11.92,50.0,4.01,49.41,42.5,16.5,48.05,9.89,36.23,3.16,50.0,11.92,50.0,4.01,45.49,41.93,16.27,46.14,9.5,39.57,3.45,50.0,11.92,50.0,4.01,45.16
202608091001,2026-08-09,10,1R,daily,80.79,29.43,55.73,14.9,36.45,3.4,50.0,8.39,50.0,5.38,61.49,45.76,16.67,44.73,11.96,35.17,3.28,50.0,8.39,50.0,5.38,45.66,45.8,16.69,33.72,9.01,40.79,3.8,50.0,8.39,50.0,5.38,43.26,44.66,16.27,47.48,12.69,49.35,4.6,50.0,8.39,50.0,5.38,47.32,42.3,15.41,39.23,10.48,50.89,4.74,50.0,8.39,50.0,5.38,44.4,40.66,14.81,33.72,9.01,42.46,3.96,50.0,8.39,50.0,5.38,41.54
202608091001,2026-08-09,10,1R,realtime,80.79,29.43,55.73,14.9,39.56,3.68,69.3,11.63,48.2,5.18,64.82,45.76,16.67,44.73,11.96,46.77,4.36,50.39,8.45,46.16,4.96,46.4,45.8,16.69,33.72,9.01,48.81,4.55,53.72,9.01,72.01,7.74,47.0,44.66,16.27,47.48,12.69,49.11,4.57,38.98,6.54,55.4,5.96,46.03,42.3,15.41,39.23,10.48,55.9,5.21,48.9,8.2,40.93,4.4,43.71,40.66,14.81,33.72,9.01,44.27,4.12,38.79,6.51,37.33,4.01,38.47
202608091002,2026-08-09,10,2R,daily,69.28,25.24,47.48,12.69,48.0,4.47,50.0,8.39,50.0,5.38,56.17,56.62,20.63,50.23,13.43,43.79,4.08,50.0,8.39,50.0,5.38,51.89,45.16,16.45,50.23,13.43,33.58,3.13,50.0,8.39,50.0,5.38,46.77,44.66,16.27,39.23,10.48,25.99,2.42,50.0,8.39,50.0,5.38,42.94,43.58,15.88,44.73,11.96,57.94,5.4,50.0,8.39,50.0,5.38,46.99,40.66,14.81,47.48,12.69,47.37,4.41,50.0,8.39,50.0,5.38,45.68
202608091002,2026-08-09,10,2R,realtime,69.28,25.24,47.48,12.69,28.85,2.69,74.09,12.43,52.28,5.62,58.67,56.62,20.63,50.23,13.43,44.06,4.1,45.88,7.7,49.77,5.35,51.2,45.16,16.45,50.23,13.43,32.1,2.99,50.84,8.53,53.42,5.74,47.14,44.66,16.27,39.23,10.48,36.43,3.39,48.8,8.19,47.45,5.1,43.44,43.58,15.88,44.73,11.96,42.34,3.94,47.85,8.03,47.94,5.15,44.96,40.66,14.81,47.48,12.69,55.16,5.14,32.62,5.47,49.16,5.29,43.4
202608091003,2026-08-09,10,3R,daily,76.76,27.96,55.73,14.9,42.0,3.91,50.0,8.39,50.0,5.38,60.53,45.09,16.43,41.98,11.22,44.03,4.1,50.0,8.39,50.0,5.38,45.51,49.59,18.06,47.48,12.69,40.26,3.75,50.0,8.39,50.0,5.38,48.27,44.32,16.15,44.73,11.96,35.76,3.33,50.0,8.39,50.0,5.38,45.2,42.61,15.52,30.97,8.28,53.32,4.97,50.0,8.39,50.0,5.38,42.53,41.61,15.16,47.48,12.69,44.06,4.1,50.0,8.39,50.0,5.38,45.72
202608091003,2026-08-09,10,3R,realtime,76.76,27.96,55.73,14.9,44.21,4.12,62.96,10.56,49.98,5.37,62.91,45.09,16.43,41.98,11.22,43.37,4.04,54.01,9.06,51.16,5.5,46.25,49.59,18.06,47.48,12.69,39.62,3.69,60.54,10.16,54.2,5.83,50.43,44.32,16.15,44.73,11.96,38.96,3.63,42.31,7.1,45.49,4.89,43.72,42.61,15.52,30.97,8.28,42.71,3.98,42.54,7.14,48.1,5.17,40.09,41.61,15.16,47.48,12.69,40.04,3.73,37.72,6.33,51.08,5.49,43.4
202608091004,2026-08-09,10,4R,daily,75.49,27.5,50.23,13.43,40.02,3.73,50.0,8.39,50.0,5.38,58.42,46.36,16.89,41.98,11.22,46.11,4.3,50.0,8.39,50.0,5.38,46.17,48.0,17.48,41.98,11.22,41.36,3.85,50.0,8.39,50.0,5.38,46.32,45.91,16.73,61.24,16.37,50.67,4.72,50.0,8.39,50.0,5.38,51.58,42.93,15.64,44.73,11.96,52.76,4.91,50.0,8.39,50.0,5.38,46.27,41.29,15.04,55.73,14.9,35.8,3.33,50.0,8.39,50.0,5.38,47.04
202608091004,2026-08-09,10,4R,realtime,75.49,27.5,50.23,13.43,34.16,3.18,47.25,7.93,47.69,5.13,57.16,46.36,16.89,41.98,11.22,33.3,3.1,33.99,5.7,52.55,5.65,42.56,48.0,17.48,41.98,11.22,38.79,3.61,35.12,5.89,54.99,5.91,44.12,45.91,16.73,61.24,16.37,46.76,4.36,61.03,10.24,43.53,4.68,52.37,42.93,15.64,44.73,11.96,56.05,5.22,57.26,9.61,48.26,5.19,47.61,41.29,15.04,55.73,14.9,59.24,5.52,65.4,10.97,53.01,5.7,52.13
202608091005,2026-08-09,10,5R,daily,66.58,24.26,77.74,20.78,57.95,5.4,50.0,8.39,50.0,5.38,64.2,49.54,18.05,41.98,11.22,38.61,3.6,50.0,8.39,50.0,5.38,46.63,50.22,18.29,39.23,10.48,49.97,4.65,50.0,8.39,50.0,5.38,47.2,48.46,17.65,50.23,13.43,79.43,7.4,50.0,8.39,50.0,5.38,52.24,44.84,16.33,61.24,16.37,58.73,5.47,50.0,8.39,50.0,5.38,51.93,40.34,14.69,44.73,11.96,35.17,3.28,50.0,8.39,50.0,5.38,43.69
202608091005,2026-08-09,10,5R,realtime,66.58,24.26,77.74,20.78,50.74,4.73,52.48,8.8,46.55,5.01,63.57,49.54,18.05,41.98,11.22,43.0,4.01,36.49,6.12,52.67,5.66,45.06,50.22,18.29,39.23,10.48,42.41,3.95,40.15,6.73,53.28,5.73,45.19,48.46,17.65,50.23,13.43,85.13,7.93,72.62,12.18,44.8,4.82,56.01,44.84,16.33,61.24,16.37,54.45,5.07,55.3,9.28,49.29,5.3,52.35,40.34,14.69,44.73,11.96,46.77,4.36,43.03,7.22,53.43,5.74,43.97
202608091006,2026-08-09,10,6R,daily,67.86,24.72,44.73,11.96,57.94,5.4,50.0,8.39,50.0,5.38,55.84,49.22,17.93,50.23,13.43,55.87,5.2,50.0,8.39,50.0,5.38,50.32,49.27,17.95,39.23,10.48,60.92,5.67,50.0,8.39,50.0,5.38,47.87,47.5,17.3,33.72,9.01,40.79,3.8,50.0,8.39,50.0,5.38,43.88,44.52,16.22,52.98,14.16,70.39,6.56,50.0,8.39,50.0,5.38,50.7,41.61,15.16,36.47,9.75,48.86,4.55,50.0,8.39,50.0,5.38,43.22
202608091006,2026-08-09,10,6R,realtime,67.86,24.72,44.73,11.96,42.34,3.94,48.89,8.2,45.39,4.88,53.7,49.22,17.93,50.23,13.43,53.16,4.95,56.21,9.43,53.95,5.8,51.54,49.27,17.95,39.23,10.48,64.81,6.04,61.21,10.27,55.77,6.0,50.73,47.5,17.3,33.72,9.01,48.81,4.55,53.85,9.03,41.57,4.47,44.37,44.52,16.22,52.98,14.16,56.6,5.27,54.61,9.16,48.41,5.21,50.02,41.61,15.16,36.47,9.75,46.71,4.35,25.31,4.25,54.93,5.91,39.41
202608091007,2026-08-09,10,7R,daily,64.95,23.66,80.49,21.51,47.14,4.39,50.0,8.39,50.0,5.38,63.33,48.04,17.5,39.23,10.48,50.89,4.74,50.0,8.39,50.0,5.38,46.49,50.33,18.34,44.73,11.96,49.64,4.62,50.0,8.39,50.0,5.38,48.68,50.15,18.27,50.23,13.43,33.58,3.13,50.0,8.39,50.0,5.38,48.59,44.24,16.12,41.98,11.22,44.03,4.1,50.0,8.39,50.0,5.38,45.2,42.27,15.4,47.48,12.69,48.0,4.47,50.0,8.39,50.0,5.38,46.33
202608091007,2026-08-09,10,7R,realtime,64.95,23.66,80.49,21.51,56.92,5.3,47.24,7.92,44.26,4.76,63.16,48.04,17.5,39.23,10.48,55.9,5.21,37.21,6.24,54.07,5.81,45.25,50.33,18.34,44.73,11.96,58.55,5.45,51.38,8.62,54.07,5.81,50.18,50.15,18.27,50.23,13.43,32.1,2.99,47.54,7.98,42.84,4.61,47.27,44.24,16.12,41.98,11.22,43.37,4.04,55.0,9.23,49.44,5.32,45.92,42.27,15.4,47.48,12.69,28.85,2.69,61.7,10.35,55.35,5.95,47.08
202608091008,2026-08-09,10,8R,daily,64.56,23.52,47.48,12.69,47.37,4.41,50.0,8.39,50.0,5.38,54.39,52.02,18.95,44.73,11.96,35.76,3.33,50.0,8.39,50.0,5.38,48.0,49.14,17.9,47.48,12.69,49.35,4.6,50.0,8.39,50.0,5.38,48.95,48.96,17.84,41.98,11.22,41.36,3.85,50.0,8.39,50.0,5.38,46.67,44.61,16.25,41.98,11.22,46.11,4.3,50.0,8.39,50.0,5.38,45.53,40.67,14.82,30.97,8.28,53.32,4.97,50.0,8.39,50.0,5.38,41.82
202608091008,2026-08-09,10,8R,realtime,64.56,23.52,47.48,12.69,55.16,5.14,63.1,10.59,40.17,4.32,56.25,52.02,18.95,44.73,11.96,38.96,3.63,59.79,10.03,50.46,5.42,49.99,49.14,17.9,47.48,12.69,49.11,4.57,56.87,9.54,72.66,7.81,52.52,48.96,17.84,41.98,11.22,38.79,3.61,45.27,7.6,50.79,5.46,45.73,44.61,16.25,41.98,11.22,33.3,3.1,37.76,6.33,42.43,4.56,41.47,40.67,14.82,30.97,8.28,42.71,3.98,37.27,6.25,43.52,4.68,38.0
202608091009,2026-08-09,10,9R,daily,63.59,23.17,44.73,11.96,52.76,4.91,50.0,8.39,50.0,5.38,53.8,52.35,19.07,39.23,10.48,25.99,2.42,50.0,8.39,50.0,5.38,45.74,51.09,18.61,55.73,14.9,49.87,4.65,50.0,8.39,50.0,5.38,51.92,47.66,17.36,39.23,10.48,49.97,4.65,50.0,8.39,50.0,5.38,46.27,43.96,16.02,41.98,11.22,38.61,3.6,50.0,8.39,50.0,5.38,44.6,41.32,15.05,50.23,13.43,40.02,3.73,50.0,8.39,50.0,5.38,45.97
202608091009,2026-08-09,10,9R,realtime,63.59,23.17,44.73,11.96,56.05,5.22,68.14,11.43,39.04,4.2,55.97,52.35,19.07,39.23,10.48,36.43,3.39,52.25,8.77,50.57,5.44,47.15,51.09,18.61,55.73,14.9,56.61,5.27,62.64,10.51,70.95,7.63,56.92,47.66,17.36,39.23,10.48,42.41,3.95,47.77,8.01,52.06,5.6,45.41,43.96,16.02,41.98,11.22,43.0,4.01,41.68,6.99,43.46,4.67,42.91,41.32,15.05,50.23,13.43,34.16,3.18,27.59,4.63,43.94,4.72,41.01
202608091010,2026-08-09,10,10R,daily,68.46,24.94,52.98,14.16,70.39,6.56,50.0,8.39,50.0,5.38,59.42,51.37,18.71,50.23,13.43,79.43,7.4,50.0,8.39,50.0,5.38,53.3,48.49,17.67,77.74,20.78,57.95,5.4,50.0,8.39,50.0,5.38,57.61,46.69,17.01,39.23,10.48,60.92,5.67,50.0,8.39,50.0,5.38,46.93,43.96,16.02,55.73,14.9,42.0,3.91,50.0,8.39,50.0,5.38,48.59,40.99,14.93,55.73,14.9,36.45,3.4,50.0,8.39,50.0,5.38,46.99
202608091010,2026-08-09,10,10R,realtime,68.46,24.94,52.98,14.16,56.6,5.27,45.56,7.64,41.33,4.44,56.46,51.37,18.71,50.23,13.43,85.13,7.93,68.07,11.42,49.18,5.29,56.78,48.49,17.67,77.74,20.78,50.74,4.73,47.04,7.89,70.16,7.54,58.61,46.69,17.01,39.23,10.48,64.81,6.04,48.73,8.17,54.03,5.81,47.51,43.96,16.02,55.73,14.9,44.21,4.12,45.22,7.59,43.3,4.66,47.27,40.99,14.93,55.73,14.9,39.56,3.68,45.46,7.63,42.02,4.52,45.66
202608091011,2026-08-09,10,11R,daily,71.39,26.01,61.24,16.37,58.73,5.47,50.0,8.39,50.0,5.38,61.61,51.37,18.71,80.49,21.51,47.14,4.39,50.0,8.39,50.0,5.38,58.38,47.2,17.19,61.24,16.37,50.67,4.72,50.0,8.39,50.0,5.38,52.04,44.74,16.3,50.23,13.43,55.87,5.2,50.0,8.39,50.0,5.38,48.69,43.32,15.78,50.23,13.43,43.79,4.08,50.0,8.39,50.0,5.38,47.05,41.97,15.29,47.48,12.69,40.26,3.75,50.0,8.39,50.0,5.38,45.49
202608091011,2026-08-09,10,11R,realtime,71.39,26.01,61.24,16.37,54.45,5.07,52.35,8.78,39.04,4.2,60.42,51.37,18.71,80.49,21.51,56.92,5.3,49.69,8.34,50.57,5.44,59.31,47.2,17.19,61.24,16.37,46.76,4.36,59.62,10.0,70.95,7.63,55.55,44.74,16.3,50.23,13.43,53.16,4.95,46.79,7.85,52.06,5.6,48.12,43.32,15.78,50.23,13.43,44.06,4.1,36.33,6.09,43.46,4.67,44.08,41.97,15.29,47.48,12.69,39.62,3.69,55.27,9.27,43.94,4.72,45.67
202608091012,2026-08-09,10,12R,daily,76.7,27.94,47.48,12.69,56.45,5.26,50.0,8.39,50.0,5.38,59.66,46.14,16.81,61.24,16.37,52.56,4.9,50.0,8.39,50.0,5.38,51.84,47.15,17.18,50.23,13.43,44.38,4.13,50.0,8.39,50.0,5.38,48.5,45.36,16.52,69.49,18.57,58.76,5.47,50.0,8.39,50.0,5.38,54.33,43.95,16.01,72.24,19.31,48.08,4.48,50.0,8.39,50.0,5.38,53.56,40.67,14.81,58.48,15.63,35.91,3.34,50.0,8.39,50.0,5.38,47.55
202608091201,2026-08-09,12,1R,daily,70.06,28.45,40.16,7.36,44.33,4.29,50.0,9.46,50.0,6.23,55.79,47.27,19.2,43.54,7.98,52.24,5.05,50.0,9.46,50.0,6.23,47.92,48.68,19.77,38.47,7.05,40.23,3.89,50.0,9.46,50.0,6.23,46.4,47.67,19.36,38.47,7.05,60.38,5.84,50.0,9.46,50.0,6.23,47.94,43.46,17.65,41.85,7.67,39.64,3.83,50.0,9.46,50.0,6.23,44.85,42.75,17.36,43.54,7.98,42.69,4.13,50.0,9.46,50.0,6.23,45.16
202608091202,2026-08-09,12,2R,daily,68.16,27.68,45.23,8.29,61.75,5.97,50.0,9.46,50.0,6.23,57.64,49.45,20.08,40.16,7.36,45.95,4.44,50.0,9.46,50.0,6.23,47.58,47.04,19.1,40.16,7.36,49.21,4.76,50.0,9.46,50.0,6.23,46.92,49.03,19.91,43.54,7.98,50.83,4.91,50.0,9.46,50.0,6.23,48.5,44.28,17.98,41.85,7.67,57.98,5.61,50.0,9.46,50.0,6.23,46.95,41.93,17.03,51.99,9.53,49.19,4.76,50.0,9.46,50.0,6.23,47.01
202608091203,2026-08-09,12,3R,daily,67.06,27.24,41.85,7.67,65.2,6.3,50.0,9.46,50.0,6.23,56.91,48.63,19.75,48.61,8.91,51.38,4.97,50.0,9.46,50.0,6.23,49.32,48.4,19.66,50.3,9.22,41.21,3.98,50.0,9.46,50.0,6.23,48.56,47.67,19.36,46.92,8.6,60.16,5.82,50.0,9.46,50.0,6.23,49.47,45.37,18.43,46.92,8.6,52.63,5.09,50.0,9.46,50.0,6.23,47.81,42.75,17.36,48.61,8.91,30.48,2.95,50.0,9.46,50.0,6.23,44.91
202608091204,2026-08-09,12,4R,daily,67.34,27.35,43.54,7.98,45.34,4.38,50.0,9.46,50.0,6.23,55.41,48.08,19.53,48.61,8.91,47.66,4.61,50.0,9.46,50.0,6.23,48.74,49.76,20.21,43.54,7.98,60.12,5.81,50.0,9.46,50.0,6.23,49.7,46.31,18.81,43.54,7.98,36.27,3.51,50.0,9.46,50.0,6.23,45.99,45.37,18.43,55.37,10.15,31.23,3.02,50.0,9.46,50.0,6.23,47.29,43.02,17.47,43.54,7.98,65.01,6.29,50.0,9.46,50.0,6.23,47.43
202608091205,2026-08-09,12,5R,daily,74.79,30.37,50.3,9.22,65.56,6.34,50.0,9.46,50.0,6.23,61.63,48.05,19.51,43.54,7.98,38.43,3.72,50.0,9.46,50.0,6.23,46.9,44.57,18.1,46.92,8.6,69.84,6.75,50.0,9.46,50.0,6.23,49.15,45.74,18.58,45.23,8.29,41.02,3.97,50.0,9.46,50.0,6.23,46.53,44.27,17.98,38.47,7.05,40.23,3.89,50.0,9.46,50.0,6.23,44.61,42.47,17.25,50.3,9.22,31.25,3.02,50.0,9.46,50.0,6.23,45.19
202608091206,2026-08-09,12,6R,daily,69.91,28.39,48.61,8.91,58.69,5.67,50.0,9.46,50.0,6.23,58.67,47.24,19.19,46.92,8.6,57.5,5.56,50.0,9.46,50.0,6.23,49.04,49.45,20.08,45.23,8.29,55.3,5.35,50.0,9.46,50.0,6.23,49.41,47.1,19.13,41.85,7.67,29.47,2.85,50.0,9.46,50.0,6.23,45.34,43.72,17.76,40.16,7.36,45.95,4.44,50.0,9.46,50.0,6.23,45.26,42.47,17.25,57.06,10.46,51.25,4.95,50.0,9.46,50.0,6.23,48.36
202608091207,2026-08-09,12,7R,daily,68.16,27.68,45.23,8.29,53.19,5.14,50.0,9.46,50.0,6.23,56.81,49.45,20.08,43.54,7.98,28.89,2.79,50.0,9.46,50.0,6.23,46.55,49.5,20.1,43.54,7.98,50.83,4.91,50.0,9.46,50.0,6.23,48.69,46.58,18.92,41.85,7.67,44.37,4.29,50.0,9.46,50.0,6.23,46.57,43.74,17.76,48.61,8.91,51.38,4.97,50.0,9.46,50.0,6.23,47.33,42.48,17.25,50.3,9.22,67.06,6.48,50.0,9.46,50.0,6.23,48.65
202608091208,2026-08-09,12,8R,daily,69.64,28.28,51.99,9.53,49.19,4.76,50.0,9.46,50.0,6.23,58.26,48.86,19.84,43.54,7.98,36.27,3.51,50.0,9.46,50.0,6.23,47.03,47.01,19.09,46.92,8.6,60.16,5.82,50.0,9.46,50.0,6.23,49.21,47.91,19.46,50.3,9.22,41.21,3.98,50.0,9.46,50.0,6.23,48.36,44.27,17.98,45.23,8.29,52.48,5.07,50.0,9.46,50.0,6.23,47.04,42.21,17.14,40.16,7.36,44.33,4.29,50.0,9.46,50.0,6.23,44.48
202608091209,2026-08-09,12,9R,daily,71.81,29.16,48.61,8.91,30.48,2.95,50.0,9.46,50.0,6.23,56.72,50.22,20.39,55.37,10.15,31.23,3.02,50.0,9.46,50.0,6.23,49.26,46.74,18.98,38.47,7.05,60.38,5.84,50.0,9.46,50.0,6.23,47.57,46.02,18.69,46.92,8.6,52.63,5.09,50.0,9.46,50.0,6.23,48.07,43.18,17.54,48.61,8.91,47.66,4.61,50.0,9.46,50.0,6.23,46.75,41.93,17.03,45.23,8.29,61.75,5.97,50.0,9.46,50.0,6.23,46.99
202608091210,2026-08-09,12,10R,daily,74.25,30.15,43.54,7.98,65.01,6.29,50.0,9.46,50.0,6.23,60.11,47.24,19.19,50.3,9.22,65.56,6.34,50.0,9.46,50.0,6.23,50.44,46.2,18.76,48.61,8.91,58.69,5.67,50.0,9.46,50.0,6.23,49.04,45.74,18.58,43.54,7.98,60.12,5.81,50.0,9.46,50.0,6.23,48.07,43.45,17.65,50.3,9.22,31.25,3.02,50.0,9.46,50.0,6.23,45.58,43.01,17.47,46.92,8.6,57.5,5.56,50.0,9.46,50.0,6.23,47.32
202608091211,2026-08-09,12,11R,daily,78.85,32.02,57.06,10.46,51.25,4.95,50.0,9.46,50.0,6.23,63.13,45.61,18.52,41.85,7.67,65.2,6.3,50.0,9.46,50.0,6.23,48.19,44.3,17.99,45.23,8.29,53.19,5.14,50.0,9.46,50.0,6.23,47.12,45.2,18.36,46.92,8.6,69.84,6.75,50.0,9.46,50.0,6.23,49.4,44.0,17.87,50.3,9.22,67.06,6.48,50.0,9.46,50.0,6.23,49.27,41.93,17.03,43.54,7.98,45.34,4.38,50.0,9.46,50.0,6.23,45.09
202608091212,2026-08-09,12,12R,daily,77.77,31.58,50.3,9.22,53.53,5.18,50.0,9.46,50.0,6.23,61.67,47.51,19.29,68.9,12.63,53.1,5.13,50.0,9.46,50.0,6.23,52.75,45.66,18.54,48.61,8.91,65.42,6.33,50.0,9.46,50.0,6.23,49.47,43.84,17.81,45.23,8.29,59.36,5.74,50.0,9.46,50.0,6.23,47.53,43.45,17.65,58.76,10.77,43.68,4.22,50.0,9.46,50.0,6.23,48.34,41.66,16.92,55.37,10.15,60.01,5.8,50.0,9.46,50.0,6.23,48.57
202608091301,2026-08-09,13,1R,daily,67.46,27.43,42.14,9.16,60.96,7.19,50.0,12.86,50.0,0.05,56.68,46.6,18.95,59.02,12.83,72.62,8.56,50.0,12.86,50.0,0.05,53.25,53.37,21.7,47.77,10.38,42.44,5.0,50.0,12.86,50.0,0.05,49.99,46.37,18.85,51.52,11.2,53.15,6.27,50.0,12.86,50.0,0.05,49.23,43.83,17.82,49.64,10.79,35.16,4.14,50.0,12.86,50.0,0.05,45.66,42.17,17.14,36.51,7.94,46.83,5.52,50.0,12.86,50.0,0.05,43.51
202608091301,2026-08-09,13,1R,realtime,67.46,27.43,42.14,9.16,50.0,5.89,52.64,13.54,54.75,0.06,56.08,46.6,18.95,59.02,12.83,63.19,7.45,60.54,15.57,50.75,0.05,54.85,53.37,21.7,47.77,10.38,50.0,5.89,54.53,14.02,45.84,0.05,52.04,46.37,18.85,51.52,11.2,53.35,6.29,57.18,14.7,48.48,0.05,51.1,43.83,17.82,49.64,10.79,50.0,5.89,52.12,13.4,50.76,0.05,47.96,42.17,17.14,36.51,7.94,49.56,5.84,22.98,5.91,49.4,0.05,36.88
202608091302,2026-08-09,13,2R,daily,66.73,27.13,44.02,9.57,46.48,5.48,50.0,12.86,50.0,0.05,55.08,50.78,20.65,49.64,10.79,54.09,6.38,50.0,12.86,50.0,0.05,50.72,48.45,19.7,42.14,9.16,63.71,7.51,50.0,12.86,50.0,0.05,49.28,45.88,18.65,44.02,9.57,52.3,6.16,50.0,12.86,50.0,0.05,47.3,45.3,18.42,29.01,6.31,46.4,5.47,50.0,12.86,50.0,0.05,43.1,42.65,17.34,55.27,12.01,45.84,5.4,50.0,12.86,50.0,0.05,47.67
202608091302,2026-08-09,13,2R,realtime,66.73,27.13,44.02,9.57,50.0,5.89,63.54,16.34,57.84,0.06,58.99,50.78,20.65,49.64,10.79,55.18,6.5,50.03,12.87,47.3,0.05,50.86,48.45,19.7,42.14,9.16,58.25,6.87,56.39,14.5,38.37,0.04,50.27,45.88,18.65,44.02,9.57,53.13,6.26,44.02,11.32,43.74,0.05,45.85,42.65,17.34,29.01,6.31,39.53,4.66,49.91,12.84,64.5,0.07,41.21,45.3,18.42,55.27,12.01,50.0,5.89,36.12,9.29,48.23,0.05,45.66
202608091303,2026-08-09,13,3R,daily,65.5,26.63,45.89,9.97,50.16,5.91,50.0,12.86,50.0,0.05,55.43,49.31,20.05,62.78,13.64,47.89,5.65,50.0,12.86,50.0,0.05,52.25,46.48,18.9,44.02,9.57,53.7,6.33,50.0,12.86,50.0,0.05,47.71,48.83,19.85,55.27,12.01,54.45,6.42,50.0,12.86,50.0,0.05,51.2,46.28,18.82,38.39,8.34,63.15,7.44,50.0,12.86,50.0,0.05,47.52,43.39,17.64,45.89,9.97,59.85,7.06,50.0,12.86,50.0,0.05,47.58
202608091303,2026-08-09,13,3R,realtime,65.5,26.63,45.89,9.97,67.48,7.95,60.92,15.67,56.79,0.06,60.28,49.31,20.05,62.78,13.64,44.38,5.23,52.41,13.48,51.07,0.05,52.45,46.48,18.9,44.02,9.57,50.0,5.89,44.42,11.42,44.06,0.05,45.83,48.83,19.85,55.27,12.01,58.7,6.92,30.62,7.88,47.84,0.05,46.71,46.28,18.82,38.39,8.34,50.0,5.89,61.04,15.7,51.09,0.05,48.81,43.39,17.64,45.89,9.97,52.62,6.2,50.58,13.01,49.15,0.05,46.88
202608091304,2026-08-09,13,4R,daily,70.66,28.73,44.02,9.57,58.72,6.92,50.0,12.86,50.0,0.05,58.13,50.29,20.45,57.15,12.42,59.59,7.02,50.0,12.86,50.0,0.05,52.8,45.99,18.7,44.02,9.57,59.01,6.96,50.0,12.86,50.0,0.05,48.13,46.37,18.85,44.02,9.57,55.53,6.55,50.0,12.86,50.0,0.05,47.88,43.83,17.82,55.27,12.01,34.74,4.09,50.0,12.86,50.0,0.05,46.84,42.65,17.34,34.64,7.53,70.15,8.27,50.0,12.86,50.0,0.05,46.05
202608091304,2026-08-09,13,4R,realtime,70.66,28.73,44.02,9.57,50.0,5.89,58.76,15.11,58.51,0.06,59.36,50.29,20.45,57.15,12.42,66.53,7.84,53.05,13.64,47.41,0.05,54.4,45.99,18.7,44.02,9.57,50.0,5.89,48.15,12.38,37.78,0.04,46.58,46.37,18.85,44.02,9.57,44.85,5.29,51.02,13.12,43.53,0.05,46.87,43.83,17.82,55.27,12.01,50.0,5.89,48.46,12.46,48.34,0.05,48.24,42.65,17.34,34.64,7.53,63.54,7.49,40.57,10.43,64.41,0.07,42.86
202608091305,2026-08-09,13,5R,daily,68.83,27.98,49.64,10.79,48.42,5.71,50.0,12.86,50.0,0.05,57.39,49.84,20.26,36.51,7.94,39.4,4.64,50.0,12.86,50.0,0.05,45.75,46.26,18.81,49.64,10.79,36.05,4.25,50.0,12.86,50.0,0.05,46.76,47.88,19.47,36.51,7.94,47.38,5.59,50.0,12.86,50.0,0.05,45.9,44.83,18.22,57.15,12.42,49.74,5.86,50.0,12.86,50.0,0.05,49.42,42.17,17.14,44.02,9.57,51.05,6.02,50.0,12.86,50.0,0.05,45.64
202608091305,2026-08-09,13,5R,realtime,68.83,27.98,49.64,10.79,38.86,4.58,56.61,14.56,58.51,0.06,57.97,49.84,20.26,36.51,7.94,50.0,5.89,40.67,10.46,47.41,0.05,44.6,46.26,18.81,49.64,10.79,29.91,3.53,42.33,10.89,37.78,0.04,44.05,47.88,19.47,36.51,7.94,53.99,6.36,49.49,12.73,43.53,0.05,46.54,44.83,18.22,57.15,12.42,44.71,5.27,49.6,12.76,48.34,0.05,48.72,42.17,17.14,44.02,9.57,38.71,4.56,61.31,15.77,64.41,0.07,47.11
202608091306,2026-08-09,13,6R,daily,77.97,31.7,66.53,14.46,44.87,5.29,50.0,12.86,50.0,0.05,64.36,44.15,17.95,45.89,9.97,60.99,7.19,50.0,12.86,50.0,0.05,48.03,45.52,18.5,51.52,11.2,49.11,5.79,50.0,12.86,50.0,0.05,48.4,46.89,19.06,42.14,9.16,41.24,4.86,50.0,12.86,50.0,0.05,46.0,43.1,17.52,49.64,10.79,44.68,5.27,50.0,12.86,50.0,0.05,46.49,42.17,17.14,34.64,7.53,32.32,3.81,50.0,12.86,50.0,0.05,41.39
202608091306,2026-08-09,13,6R,realtime,77.97,31.7,66.53,14.46,50.0,5.89,55.71,14.33,58.37,0.06,66.44,44.15,17.95,45.89,9.97,50.0,5.89,61.08,15.71,51.32,0.05,49.58,45.52,18.5,51.52,11.2,53.98,6.36,53.51,13.76,42.67,0.04,49.87,46.89,19.06,42.14,9.16,50.0,5.89,42.73,10.99,47.33,0.05,45.16,43.1,17.52,49.64,10.79,39.21,4.62,53.71,13.81,51.34,0.05,46.8,42.17,17.14,34.64,7.53,28.5,3.36,33.26,8.55,48.95,0.05,36.64
202608091307,2026-08-09,13,7R,daily,68.34,27.78,47.77,10.38,64.38,7.59,50.0,12.86,50.0,0.05,58.67,48.11,19.56,44.02,9.57,52.3,6.16,50.0,12.86,50.0,0.05,48.2,49.22,20.01,49.64,10.79,35.16,4.14,50.0,12.86,50.0,0.05,47.86,46.4,18.86,62.78,13.64,45.72,5.39,50.0,12.86,50.0,0.05,50.81,45.07,18.32,45.89,9.97,50.16,5.91,50.0,12.86,50.0,0.05,47.12,42.66,17.34,49.64,10.79,44.67,5.27,50.0,12.86,50.0,0.05,46.31
202608091307,2026-08-09,13,7R,realtime,68.34,27.78,47.77,10.38,67.2,7.92,70.27,18.07,52.95,0.05,64.21,48.11,19.56,44.02,9.57,53.13,6.26,45.99,11.83,46.15,0.05,47.26,49.22,20.01,49.64,10.79,50.0,5.89,46.01,11.83,47.8,0.05,48.58,46.4,18.86,62.78,13.64,43.7,5.15,37.74,9.7,51.32,0.05,47.42,45.07,18.32,45.89,9.97,67.48,7.95,53.58,13.78,53.9,0.06,50.09,42.66,17.34,49.64,10.79,45.68,5.38,46.42,11.94,47.86,0.05,45.51
202608091308,2026-08-09,13,8R,daily,69.57,28.29,60.9,13.24,63.85,7.53,50.0,12.86,50.0,0.05,61.96,47.12,19.16,51.52,11.2,53.67,6.33,50.0,12.86,50.0,0.05,49.59,46.75,19.01,45.89,9.97,59.85,7.06,50.0,12.86,50.0,0.05,48.95,48.13,19.57,59.02,12.83,54.0,6.37,50.0,12.86,50.0,0.05,51.67,44.83,18.22,44.02,9.57,46.48,5.48,50.0,12.86,50.0,0.05,46.18,43.4,17.65,40.26,8.75,57.96,6.83,50.0,12.86,50.0,0.05,46.14
202608091309,2026-08-09,13,9R,daily,74.43,30.26,55.27,12.01,68.58,8.08,50.0,12.86,50.0,0.05,63.27,46.4,18.87,49.64,10.79,68.28,8.05,50.0,12.86,50.0,0.05,50.62,46.53,18.92,44.02,9.57,55.53,6.55,50.0,12.86,50.0,0.05,47.94,45.43,18.47,49.64,10.79,51.07,6.02,50.0,12.86,50.0,0.05,48.19,43.85,17.83,42.14,9.16,63.71,7.51,50.0,12.86,50.0,0.05,47.41,43.16,17.55,59.02,12.83,72.62,8.56,50.0,12.86,50.0,0.05,51.85
202608091310,2026-08-09,13,10R,daily,74.18,30.16,57.15,12.42,43.98,5.18,50.0,12.86,50.0,0.05,60.68,46.9,19.07,55.27,12.01,45.84,5.4,50.0,12.86,50.0,0.05,49.4,45.53,18.51,55.27,12.01,54.45,6.42,50.0,12.86,50.0,0.05,49.86,46.17,18.77,44.02,9.57,59.01,6.96,50.0,12.86,50.0,0.05,48.2,44.09,17.93,47.77,10.38,79.86,9.41,50.0,12.86,50.0,0.05,50.63,42.91,17.44,47.77,10.38,42.44,5.0,50.0,12.86,50.0,0.05,45.74
202608091311,2026-08-09,13,11R,daily,77.41,31.47,51.52,11.2,53.15,6.27,50.0,12.86,50.0,0.05,61.85,45.66,18.56,44.02,9.57,51.05,6.02,50.0,12.86,50.0,0.05,47.06,45.53,18.51,55.27,12.01,34.74,4.09,50.0,12.86,50.0,0.05,47.53,45.43,18.47,51.52,11.2,49.11,5.79,50.0,12.86,50.0,0.05,48.37,43.6,17.73,49.64,10.79,54.09,6.38,50.0,12.86,50.0,0.05,47.8,42.17,17.14,44.02,9.57,53.7,6.33,50.0,12.86,50.0,0.05,45.95
202608091312,2026-08-09,13,12R,daily,75.92,30.87,62.78,13.64,45.72,5.39,50.0,12.86,50.0,0.05,62.81,45.41,18.46,57.15,12.42,49.74,5.86,50.0,12.86,50.0,0.05,49.66,45.29,18.41,66.53,14.46,44.87,5.29,50.0,12.86,50.0,0.05,51.07,46.17,18.77,57.15,12.42,59.59,7.02,50.0,12.86,50.0,0.05,51.13,44.09,17.93,60.9,13.24,63.85,7.53,50.0,12.86,50.0,0.05,51.6,42.91,17.44,62.78,13.64,47.89,5.65,50.0,12.86,50.0,0.05,49.64
202608091401,2026-08-09,14,1R,daily,79.72,30.47,53.93,10.02,53.06,5.42,50.0,10.35,50.0,6.14,62.4,43.4,16.59,41.61,7.73,56.4,5.76,50.0,10.35,50.0,6.14,46.57,46.7,17.85,41.61,7.73,46.55,4.75,50.0,10.35,50.0,6.14,46.83,46.65,17.83,43.37,8.06,58.61,5.98,50.0,10.35,50.0,6.14,48.36,42.89,16.4,46.89,8.71,50.82,5.19,50.0,10.35,50.0,6.14,46.79,40.49,15.47,46.89,8.71,52.56,5.37,50.0,10.35,50.0,6.14,46.05
202608091401,2026-08-09,14,1R,realtime,79.72,30.47,53.93,10.02,47.89,4.89,76.43,15.82,42.23,5.19,66.39,43.4,16.59,41.61,7.73,57.06,5.83,28.8,5.96,52.92,6.5,42.61,46.7,17.85,41.61,7.73,43.15,4.41,37.33,7.73,53.66,6.59,44.31,46.65,17.83,43.37,8.06,53.99,5.51,59.86,12.39,50.43,6.19,49.99,42.89,16.4,46.89,8.71,50.7,5.18,54.11,11.2,51.51,6.33,47.81,40.49,15.47,46.89,8.71,52.94,5.41,43.3,8.97,49.23,6.05,44.6
202608091402,2026-08-09,14,2R,daily,63.1,24.12,50.41,9.37,52.06,5.32,50.0,10.35,50.0,6.14,55.3,51.88,19.83,45.13,8.39,63.79,6.51,50.0,10.35,50.0,6.14,51.22,52.6,20.11,59.22,11.0,54.81,5.6,50.0,10.35,50.0,6.14,53.2,47.2,18.04,48.65,9.04,37.59,3.84,50.0,10.35,50.0,6.14,47.41,44.96,17.18,48.65,9.04,51.68,5.28,50.0,10.35,50.0,6.14,47.99,40.1,15.33,53.93,10.02,60.26,6.15,50.0,10.35,50.0,6.14,48.0
202608091402,2026-08-09,14,2R,realtime,63.1,24.12,50.41,9.37,47.8,4.88,60.76,12.58,42.59,5.23,56.18,51.88,19.83,45.13,8.39,52.09,5.32,51.65,10.69,52.92,6.5,50.73,52.6,20.11,59.22,11.0,57.08,5.83,48.7,10.08,53.02,6.51,53.53,47.2,18.04,48.65,9.04,46.59,4.76,64.98,13.45,49.12,6.03,51.32,44.96,17.18,48.65,9.04,46.6,4.76,30.41,6.3,51.82,6.36,43.64,40.1,15.33,53.93,10.02,53.19,5.43,43.3,8.97,50.51,6.2,45.95
202608091403,2026-08-09,14,3R,daily,76.11,29.09,48.65,9.04,56.71,5.79,50.0,10.35,50.0,6.14,60.41,47.9,18.31,43.37,8.06,54.78,5.59,50.0,10.35,50.0,6.14,48.45,46.49,17.77,41.61,7.73,60.76,6.2,50.0,10.35,50.0,6.14,48.2,46.09,17.61,57.46,10.68,65.94,6.73,50.0,10.35,50.0,6.14,51.52,42.44,16.22,41.61,7.73,54.85,5.6,50.0,10.35,50.0,6.14,46.05,40.81,15.6,50.41,9.37,36.62,3.74,50.0,10.35,50.0,6.14,45.2
202608091403,2026-08-09,14,3R,realtime,76.11,29.09,48.65,9.04,46.72,4.77,64.01,13.25,52.4,6.44,62.59,46.09,17.61,43.37,8.06,51.67,5.28,56.6,11.72,45.43,5.58,48.25,42.44,16.22,41.61,7.73,56.78,5.8,41.25,8.54,59.69,7.33,45.62,47.9,18.31,57.46,10.68,61.58,6.29,64.39,13.33,41.36,5.08,53.68,40.81,15.6,41.61,7.73,54.33,5.55,33.89,7.02,46.09,5.66,41.55,46.49,17.77,50.41,9.37,45.56,4.65,39.69,8.22,55.0,6.76,46.76
202608091404,2026-08-09,14,4R,daily,74.89,28.62,55.7,10.35,51.18,5.23,50.0,10.35,50.0,6.14,60.69,48.31,18.47,46.89,8.71,61.02,6.23,50.0,10.35,50.0,6.14,49.9,47.96,18.33,41.61,7.73,44.97,4.59,50.0,10.35,50.0,6.14,47.15,45.41,17.36,43.37,8.06,54.1,5.52,50.0,10.35,50.0,6.14,47.43,42.81,16.36,45.13,8.39,41.82,4.27,50.0,10.35,50.0,6.14,45.51,40.46,15.46,53.93,10.02,53.26,5.44,50.0,10.35,50.0,6.14,47.42
202608091404,2026-08-09,14,4R,realtime,74.89,28.62,55.7,10.35,50.44,5.15,71.31,14.76,52.4,6.44,65.32,48.31,18.47,46.89,8.71,56.93,5.81,60.59,12.54,41.36,5.08,50.62,47.96,18.33,41.61,7.73,35.88,3.66,46.75,9.68,55.0,6.76,46.16,45.41,17.36,43.37,8.06,51.62,5.27,45.47,9.41,45.43,5.58,45.68,42.81,16.36,45.13,8.39,41.84,4.27,35.5,7.35,59.69,7.33,43.7,40.46,15.46,53.93,10.02,52.99,5.41,40.22,8.33,46.09,5.66,44.88
202608091405,2026-08-09,14,5R,daily,69.17,26.44,52.17,9.69,61.85,6.32,50.0,10.35,50.0,6.14,58.94,47.6,18.19,41.61,7.73,43.17,4.41,50.0,10.35,50.0,6.14,46.83,49.75,19.01,43.37,8.06,52.45,5.35,50.0,10.35,50.0,6.14,48.92,47.91,18.31,43.37,8.06,37.96,3.88,50.0,10.35,50.0,6.14,46.74,44.24,16.91,57.46,10.68,61.49,6.28,50.0,10.35,50.0,6.14,50.36,41.17,15.74,39.85,7.4,43.08,4.4,50.0,10.35,50.0,6.14,44.03
202608091405,2026-08-09,14,5R,realtime,69.17,26.44,52.17,9.69,58.08,5.93,61.57,12.75,43.78,5.38,60.19,47.6,18.19,41.61,7.73,43.79,4.47,33.3,6.89,44.04,5.41,42.7,49.75,19.01,43.37,8.06,49.08,5.01,45.42,9.4,52.38,6.43,47.92,47.91,18.31,43.37,8.06,42.47,4.34,42.49,8.8,60.74,7.46,46.96,44.24,16.91,57.46,10.68,58.34,5.96,57.87,11.98,50.37,6.19,51.71,41.17,15.74,39.85,7.4,44.59,4.55,59.16,12.25,48.68,5.98,45.92
202608091406,2026-08-09,14,6R,daily,66.31,25.35,46.89,8.71,60.09,6.13,50.0,10.35,50.0,6.14,56.69,47.6,18.19,46.89,8.71,50.82,5.19,50.0,10.35,50.0,6.14,48.59,51.18,19.56,41.61,7.73,53.87,5.5,50.0,10.35,50.0,6.14,49.29,47.55,18.18,41.61,7.73,60.36,6.16,50.0,10.35,50.0,6.14,48.56,45.67,17.46,50.41,9.37,66.24,6.76,50.0,10.35,50.0,6.14,50.08,41.53,15.87,59.22,11.0,46.92,4.79,50.0,10.35,50.0,6.14,48.16
202608091406,2026-08-09,14,6R,realtime,66.31,25.35,46.89,8.71,58.67,5.99,50.65,10.49,40.49,4.97,55.51,47.6,18.19,46.89,8.71,50.7,5.18,47.73,9.88,41.06,5.04,47.01,51.18,19.56,41.61,7.73,49.89,5.09,38.86,8.05,53.89,6.62,47.05,47.55,18.18,41.61,7.73,53.0,5.41,55.91,11.57,66.77,8.2,51.09,45.67,17.46,50.41,9.37,63.08,6.44,54.65,11.31,50.41,6.19,50.77,41.53,15.87,59.22,11.0,48.37,4.94,52.0,10.77,47.38,5.82,48.4
202608091407,2026-08-09,14,7R,daily,64.46,24.64,48.65,9.04,56.15,5.73,50.0,10.35,50.0,6.14,55.9,48.77,18.64,43.37,8.06,58.61,5.98,50.0,10.35,50.0,6.14,49.18,53.84,20.58,45.13,8.39,33.89,3.46,50.0,10.35,50.0,6.14,48.92,47.65,18.21,48.65,9.04,51.68,5.28,50.0,10.35,50.0,6.14,49.02,44.66,17.07,60.98,11.33,58.97,6.02,50.0,10.35,50.0,6.14,50.92,40.47,15.47,45.13,8.39,69.28,7.07,50.0,10.35,50.0,6.14,47.42
202608091407,2026-08-09,14,7R,realtime,64.46,24.64,48.65,9.04,49.8,5.08,65.37,13.53,40.85,5.02,57.31,48.77,18.64,43.37,8.06,53.99,5.51,60.2,12.46,41.06,5.04,49.72,53.84,20.58,45.13,8.39,37.74,3.85,52.73,10.92,53.25,6.54,50.28,47.65,18.21,48.65,9.04,46.6,4.76,27.41,5.68,65.46,8.04,45.73,44.66,17.07,60.98,11.33,59.75,6.1,39.79,8.24,50.72,6.23,48.97,40.47,15.47,45.13,8.39,48.69,4.97,54.33,11.25,48.66,5.98,46.05
202608091408,2026-08-09,14,8R,daily,64.81,24.77,43.37,8.06,57.81,5.9,50.0,10.35,50.0,6.14,55.23,49.14,18.78,41.61,7.73,60.76,6.2,50.0,10.35,50.0,6.14,49.21,51.67,19.75,46.89,8.71,52.56,5.37,50.0,10.35,50.0,6.14,50.32,46.56,17.8,46.89,8.71,34.93,3.57,50.0,10.35,50.0,6.14,46.57,46.47,17.76,41.61,7.73,56.4,5.76,50.0,10.35,50.0,6.14,47.74,41.19,15.74,50.41,9.37,52.38,5.35,50.0,10.35,50.0,6.14,46.95
202608091408,2026-08-09,14,8R,realtime,64.81,24.77,43.37,8.06,62.83,6.41,73.17,15.15,44.13,5.42,59.82,49.14,18.78,41.61,7.73,56.78,5.8,45.86,9.5,44.04,5.41,47.21,51.67,19.75,46.89,8.71,52.94,5.41,57.13,11.83,51.74,6.35,52.05,46.56,17.8,46.89,8.71,35.81,3.66,49.78,10.31,59.43,7.3,47.77,46.47,17.76,41.61,7.73,57.06,5.83,33.57,6.95,50.68,6.23,44.49,41.19,15.74,50.41,9.37,42.39,4.33,40.32,8.35,49.96,6.14,43.92
202608091409,2026-08-09,14,9R,daily,63.73,24.36,43.37,8.06,45.34,4.63,50.0,10.35,50.0,6.14,53.54,50.58,19.33,48.65,9.04,37.59,3.84,50.0,10.35,50.0,6.14,48.7,52.75,20.16,41.61,7.73,54.85,5.6,50.0,10.35,50.0,6.14,49.99,48.01,18.35,48.65,9.04,49.44,5.05,50.0,10.35,50.0,6.14,48.93,44.3,16.93,45.13,8.39,63.79,6.51,50.0,10.35,50.0,6.14,48.32,40.47,15.47,31.04,5.77,39.85,4.07,50.0,10.35,50.0,6.14,41.8
202608091409,2026-08-09,14,9R,realtime,63.73,24.36,43.37,8.06,49.29,5.03,59.79,12.38,44.13,5.42,55.25,50.58,19.33,48.65,9.04,46.59,4.76,61.76,12.79,44.04,5.41,51.32,52.75,20.16,41.61,7.73,54.33,5.55,51.24,10.61,51.74,6.35,50.41,48.01,18.35,48.65,9.04,42.68,4.36,35.18,7.28,59.43,7.3,46.33,44.3,16.93,45.13,8.39,52.09,5.32,55.74,11.54,50.68,6.23,48.4,40.47,15.47,31.04,5.77,43.84,4.48,36.11,7.48,49.96,6.14,39.33
202608091410,2026-08-09,14,10R,daily,69.15,26.43,57.46,10.68,61.49,6.28,50.0,10.35,50.0,6.14,59.88,49.5,18.92,53.93,10.02,53.26,5.44,50.0,10.35,50.0,6.14,50.87,47.34,18.09,55.7,10.35,51.18,5.23,50.0,10.35,50.0,6.14,50.16,49.45,18.9,52.17,9.69,61.85,6.32,50.0,10.35,50.0,6.14,51.41,43.94,16.79,50.41,9.37,52.06,5.32,50.0,10.35,50.0,6.14,47.97,40.47,15.47,48.65,9.04,56.71,5.79,50.0,10.35,50.0,6.14,46.79
202608091410,2026-08-09,14,10R,realtime,69.15,26.43,57.46,10.68,58.34,5.96,61.21,12.67,47.69,5.86,61.59,49.5,18.92,53.93,10.02,52.99,5.41,41.98,8.69,51.71,6.35,49.39,47.34,18.09,55.7,10.35,50.44,5.15,44.3,9.17,56.84,6.98,49.75,49.45,18.9,52.17,9.69,58.08,5.93,50.38,10.43,32.72,4.02,48.98,43.94,16.79,50.41,9.37,47.8,4.88,52.0,10.77,62.2,7.64,49.45,40.47,15.47,48.65,9.04,46.72,4.77,49.92,10.33,48.82,6.0,45.61
202608091411,2026-08-09,14,11R,daily,75.86,29.0,53.93,10.02,60.26,6.15,50.0,10.35,50.0,6.14,61.66,48.83,18.66,50.41,9.37,66.24,6.76,50.0,10.35,50.0,6.14,51.29,47.02,17.97,57.46,10.68,65.94,6.73,50.0,10.35,50.0,6.14,51.87,45.15,17.26,59.22,11.0,54.81,5.6,50.0,10.35,50.0,6.14,50.35,42.14,16.11,46.89,8.71,61.02,6.23,50.0,10.35,50.0,6.14,47.55,40.84,15.61,46.89,8.71,60.09,6.13,50.0,10.35,50.0,6.14,46.95
202608091411,2026-08-09,14,11R,realtime,75.86,29.0,53.93,10.02,53.19,5.43,62.47,12.93,42.95,5.28,62.66,48.83,18.66,50.41,9.37,63.08,6.44,49.95,10.34,52.92,6.5,51.31,47.02,17.97,57.46,10.68,61.58,6.29,47.44,9.82,52.38,6.43,51.19,45.15,17.26,59.22,11.0,57.08,5.83,57.7,11.95,47.81,5.87,51.91,42.14,16.11,46.89,8.71,56.93,5.81,56.09,11.61,52.13,6.4,48.65,40.84,15.61,46.89,8.71,58.67,5.99,26.14,5.41,51.79,6.36,42.09
202608091412,2026-08-09,14,12R,daily,78.03,29.83,60.98,11.33,58.97,6.02,50.0,10.35,50.0,6.14,63.67,45.92,17.55,50.41,9.37,36.62,3.74,50.0,10.35,50.0,6.14,47.15,47.74,18.25,59.22,11.0,46.92,4.79,50.0,10.35,50.0,6.14,50.54,44.79,17.12,43.37,8.06,57.81,5.9,50.0,10.35,50.0,6.14,47.57,43.24,16.53,53.93,10.02,53.06,5.42,50.0,10.35,50.0,6.14,48.46,40.11,15.33,48.65,9.04,56.15,5.73,50.0,10.35,50.0,6.14,46.6
202608091501,2026-08-09,15,1R,daily,71.27,26.38,41.79,9.98,46.24,4.03,50.0,11.04,50.0,4.15,55.58,46.92,17.37,46.79,11.18,47.21,4.12,50.0,11.04,50.0,4.15,47.85,47.16,17.46,44.29,10.58,48.62,4.24,50.0,11.04,50.0,4.15,47.47,49.57,18.35,41.79,9.98,64.61,5.64,50.0,11.04,50.0,4.15,49.15,43.06,15.94,49.29,11.77,52.7,4.6,50.0,11.04,50.0,4.15,47.5,41.92,15.52,49.29,11.77,36.57,3.19,50.0,11.04,50.0,4.15,45.67
202608091502,2026-08-09,15,2R,daily,66.08,24.46,41.79,9.98,36.38,3.17,50.0,11.04,50.0,4.15,52.8,50.75,18.78,41.79,9.98,42.3,3.69,50.0,11.04,50.0,4.15,47.64,49.08,18.17,41.79,9.98,44.61,3.89,50.0,11.04,50.0,4.15,47.23,45.74,16.93,51.79,12.37,35.86,3.13,50.0,11.04,50.0,4.15,47.62,45.8,16.95,51.79,12.37,41.01,3.58,50.0,11.04,50.0,4.15,48.09,42.47,15.72,41.79,9.98,52.26,4.56,50.0,11.04,50.0,4.15,45.45
202608091503,2026-08-09,15,3R,daily,64.17,23.75,54.29,12.97,58.16,5.07,50.0,11.04,50.0,4.15,56.98,48.83,18.08,31.78,7.59,32.78,2.86,50.0,11.04,50.0,4.15,43.71,49.35,18.27,51.79,12.37,48.47,4.23,50.0,11.04,50.0,4.15,50.05,48.47,17.94,39.29,9.38,47.04,4.1,50.0,11.04,50.0,4.15,46.62,46.61,17.25,34.29,8.19,34.25,2.99,50.0,11.04,50.0,4.15,43.62,42.47,15.72,46.79,11.18,54.93,4.79,50.0,11.04,50.0,4.15,46.88
202608091504,2026-08-09,15,4R,daily,66.35,24.56,54.29,12.97,63.38,5.53,50.0,11.04,50.0,4.15,58.24,48.29,17.87,49.29,11.77,71.36,6.23,50.0,11.04,50.0,4.15,51.06,48.8,18.07,41.79,9.98,34.89,3.04,50.0,11.04,50.0,4.15,46.28,47.93,17.74,61.79,14.76,53.54,4.67,50.0,11.04,50.0,4.15,52.36,46.07,17.05,49.29,11.77,55.36,4.83,50.0,11.04,50.0,4.15,48.84,42.47,15.72,44.29,10.58,39.88,3.48,50.0,11.04,50.0,4.15,44.97
202608091505,2026-08-09,15,5R,daily,68.94,25.52,46.79,11.18,42.89,3.74,50.0,11.04,50.0,4.15,55.62,48.79,18.06,51.79,12.37,49.17,4.29,50.0,11.04,50.0,4.15,49.91,46.59,17.25,46.79,11.18,50.76,4.43,50.0,11.04,50.0,4.15,48.04,48.43,17.93,54.29,12.97,45.65,3.98,50.0,11.04,50.0,4.15,50.07,44.96,16.64,46.79,11.18,56.09,4.89,50.0,11.04,50.0,4.15,47.9,42.19,15.62,61.79,14.76,62.25,5.43,50.0,11.04,50.0,4.15,50.99
202608091506,2026-08-09,15,6R,daily,68.13,25.22,49.29,11.77,45.1,3.93,50.0,11.04,50.0,4.15,56.11,48.25,17.86,49.29,11.77,36.57,3.19,50.0,11.04,50.0,4.15,48.01,49.58,18.35,71.79,17.15,48.86,4.26,50.0,11.04,50.0,4.15,54.95,45.71,16.92,41.79,9.98,60.1,5.24,50.0,11.04,50.0,4.15,47.33,45.77,16.94,79.3,18.94,41.1,3.59,50.0,11.04,50.0,4.15,54.66,42.47,15.72,39.29,9.38,46.35,4.04,50.0,11.04,50.0,4.15,44.33
202608091507,2026-08-09,15,7R,daily,67.58,25.01,49.29,11.77,39.34,3.43,50.0,11.04,50.0,4.15,55.41,49.98,18.5,46.79,11.18,54.93,4.79,50.0,11.04,50.0,4.15,49.65,48.57,17.98,41.79,9.98,36.38,3.17,50.0,11.04,50.0,4.15,46.32,46.58,17.24,44.29,10.58,48.62,4.24,50.0,11.04,50.0,4.15,47.25,44.72,16.55,74.3,17.75,55.27,4.82,50.0,11.04,50.0,4.15,54.31,42.48,15.72,29.28,7.0,35.36,3.08,50.0,11.04,50.0,4.15,40.99
202608091508,2026-08-09,15,8R,daily,79.67,29.49,59.29,14.16,55.62,4.85,50.0,11.04,50.0,4.15,63.69,46.13,17.07,49.29,11.77,30.94,2.7,50.0,11.04,50.0,4.15,46.73,45.0,16.66,41.79,9.98,46.16,4.03,50.0,11.04,50.0,4.15,45.85,45.76,16.94,49.29,11.77,71.36,6.23,50.0,11.04,50.0,4.15,50.12,41.97,15.54,41.79,9.98,52.26,4.56,50.0,11.04,50.0,4.15,45.26,41.38,15.32,34.29,8.19,34.25,2.99,50.0,11.04,50.0,4.15,41.68
202608091509,2026-08-09,15,9R,daily,73.39,27.17,49.29,11.77,55.36,4.83,50.0,11.04,50.0,4.15,58.96,46.73,17.3,46.79,11.18,50.76,4.43,50.0,11.04,50.0,4.15,48.09,48.37,17.9,49.29,11.77,52.7,4.6,50.0,11.04,50.0,4.15,49.46,44.98,16.65,51.79,12.37,48.47,4.23,50.0,11.04,50.0,4.15,48.43,43.93,16.26,51.79,12.37,35.86,3.13,50.0,11.04,50.0,4.15,46.95,42.5,15.73,46.79,11.18,59.61,5.2,50.0,11.04,50.0,4.15,47.29
202608091510,2026-08-09,15,10R,daily,75.06,27.78,54.29,12.97,48.5,4.23,50.0,11.04,50.0,4.15,60.17,46.73,17.3,71.79,17.15,48.86,4.26,50.0,11.04,50.0,4.15,53.9,46.98,17.39,54.29,12.97,63.38,5.53,50.0,11.04,50.0,4.15,51.07,44.98,16.65,61.79,14.76,62.25,5.43,50.0,11.04,50.0,4.15,52.03,44.76,16.57,41.79,9.98,42.3,3.69,50.0,11.04,50.0,4.15,45.43,41.39,15.32,46.79,11.18,47.21,4.12,50.0,11.04,50.0,4.15,45.8
202608091511,2026-08-09,15,11R,daily,76.72,28.4,79.3,18.94,41.1,3.59,50.0,11.04,50.0,4.15,66.11,47.57,17.61,74.3,17.75,55.27,4.82,50.0,11.04,50.0,4.15,55.36,46.98,17.39,41.79,9.98,64.61,5.64,50.0,11.04,50.0,4.15,48.2,43.87,16.24,44.29,10.58,39.88,3.48,50.0,11.04,50.0,4.15,45.48,42.82,15.85,54.29,12.97,45.65,3.98,50.0,11.04,50.0,4.15,47.99,41.94,15.52,51.79,12.37,41.01,3.58,50.0,11.04,50.0,4.15,46.66
202608091512,2026-08-09,15,12R,daily,77.28,28.61,61.79,14.76,53.54,4.67,50.0,11.04,50.0,4.15,63.22,45.9,16.99,59.29,14.16,55.62,4.85,50.0,11.04,50.0,4.15,51.19,46.98,17.39,49.29,11.77,39.34,3.43,50.0,11.04,50.0,4.15,47.78,45.26,16.75,54.29,12.97,58.16,5.07,50.0,11.04,50.0,4.15,49.98,43.1,15.95,49.29,11.77,45.1,3.93,50.0,11.04,50.0,4.15,46.85,41.39,15.32,51.79,12.37,49.17,4.29,50.0,11.04,50.0,4.15,47.17
202608091601,2026-08-09,16,1R,daily,74.98,28.81,42.1,10.06,30.85,3.53,50.0,10.01,50.0,3.12,55.52,46.0,17.68,46.55,11.13,46.23,5.28,50.0,10.01,50.0,3.12,47.21,47.59,18.29,46.55,11.13,38.69,4.42,50.0,10.01,50.0,3.12,46.96,46.53,17.88,46.55,11.13,78.73,9.0,50.0,10.01,50.0,3.12,51.12,43.1,16.56,42.1,10.06,55.84,6.38,50.0,10.01,50.0,3.12,46.13,41.73,16.04,30.95,7.4,37.22,4.25,50.0,10.01,50.0,3.12,40.81
202608091601,2026-08-09,16,1R,realtime,74.98,28.81,42.1,10.06,39.99,4.57,57.49,11.51,50.89,3.17,58.12,46.0,17.68,46.55,11.13,56.84,6.5,50.02,10.01,48.43,3.02,48.33,47.59,18.29,46.55,11.13,50.0,5.71,57.85,11.58,45.38,2.83,49.53,46.53,17.88,46.55,11.13,63.19,7.22,38.58,7.72,39.23,2.45,46.39,43.1,16.56,42.1,10.06,59.4,6.79,49.46,9.9,62.61,3.9,47.22,41.73,16.04,30.95,7.4,36.35,4.15,46.57,9.32,53.43,3.33,40.24
202608091602,2026-08-09,16,2R,daily,65.09,25.01,44.33,10.59,66.33,7.58,50.0,10.01,50.0,3.12,56.31,50.24,19.31,44.33,10.59,38.37,4.38,50.0,10.01,50.0,3.12,47.41,52.11,20.03,44.33,10.59,48.08,5.49,50.0,10.01,50.0,3.12,49.24,47.65,18.31,44.33,10.59,61.25,7.0,50.0,10.01,50.0,3.12,49.03,43.1,16.56,46.55,11.13,51.0,5.83,50.0,10.01,50.0,3.12,46.64,41.73,16.04,44.33,10.59,57.4,6.56,50.0,10.01,50.0,3.12,46.31
202608091602,2026-08-09,16,2R,realtime,65.09,25.01,44.33,10.59,50.0,5.71,52.52,10.51,51.66,3.22,55.05,50.24,19.31,44.33,10.59,50.0,5.71,57.74,11.56,46.05,2.87,50.04,52.11,20.03,44.33,10.59,51.44,5.88,38.63,7.73,45.54,2.84,47.07,47.65,18.31,44.33,10.59,50.0,5.71,57.12,11.43,40.91,2.55,48.6,43.1,16.56,46.55,11.13,54.35,6.21,52.86,10.58,62.62,3.9,48.38,41.73,16.04,44.33,10.59,51.47,5.88,41.11,8.23,53.22,3.32,44.06
202608091603,2026-08-09,16,3R,daily,65.94,25.34,46.55,11.13,49.06,5.61,50.0,10.01,50.0,3.12,55.19,46.85,18.01,51.01,12.19,55.47,6.34,50.0,10.01,50.0,3.12,49.66,51.83,19.92,44.33,10.59,31.56,3.61,50.0,10.01,50.0,3.12,47.24,47.38,18.21,48.78,11.66,57.98,6.63,50.0,10.01,50.0,3.12,49.61,45.36,17.43,51.01,12.19,33.36,3.81,50.0,10.01,50.0,3.12,46.56,42.57,16.36,51.01,12.19,38.64,4.42,50.0,10.01,50.0,3.12,46.09
202608091603,2026-08-09,16,3R,realtime,65.94,25.34,46.55,11.13,49.31,5.64,58.78,11.76,50.89,3.17,57.04,51.83,19.92,51.01,12.19,50.0,5.71,55.51,11.11,45.38,2.83,51.76,47.38,18.21,44.33,10.59,40.55,4.63,32.33,6.47,39.23,2.45,42.35,45.36,17.43,48.78,11.66,53.32,6.09,45.79,9.16,62.61,3.9,48.25,42.57,16.36,51.01,12.19,46.26,5.29,47.34,9.47,53.43,3.33,46.64,46.85,18.01,51.01,12.19,50.0,5.71,60.22,12.05,48.43,3.02,50.98
202608091604,2026-08-09,16,4R,daily,66.22,25.45,53.24,12.72,33.48,3.83,50.0,10.01,50.0,3.12,55.12,47.42,18.22,42.1,10.06,64.33,7.35,50.0,10.01,50.0,3.12,48.76,50.41,19.37,42.1,10.06,42.41,4.85,50.0,10.01,50.0,3.12,47.4,47.38,18.21,44.33,10.59,55.99,6.4,50.0,10.01,50.0,3.12,48.32,45.36,17.43,48.78,11.66,32.19,3.68,50.0,10.01,50.0,3.12,45.89,43.14,16.58,44.33,10.59,43.22,4.94,50.0,10.01,50.0,3.12,45.23
202608091604,2026-08-09,16,4R,realtime,66.22,25.45,53.24,12.72,49.36,5.64,68.31,13.67,50.89,3.17,60.65,47.42,18.22,42.1,10.06,50.0,5.71,36.05,7.21,48.43,3.02,44.23,50.41,19.37,42.1,10.06,50.0,5.71,52.14,10.43,45.38,2.83,48.41,47.38,18.21,44.33,10.59,54.65,6.24,48.64,9.73,39.23,2.45,47.22,45.36,17.43,48.78,11.66,27.05,3.09,47.32,9.47,62.61,3.9,45.56,43.14,16.58,44.33,10.59,50.0,5.71,47.54,9.51,53.43,3.33,45.73
202608091605,2026-08-09,16,5R,daily,70.46,27.08,42.1,10.06,55.84,6.38,50.0,10.01,50.0,3.12,56.64,46.29,17.79,46.55,11.13,42.09,4.81,50.0,10.01,50.0,3.12,46.85,50.41,19.37,64.39,15.39,63.47,7.25,50.0,10.01,50.0,3.12,55.14,45.96,17.66,51.01,12.19,42.37,4.84,50.0,10.01,50.0,3.12,47.82,44.52,17.11,39.87,9.53,53.64,6.13,50.0,10.01,50.0,3.12,45.89,42.29,16.25,46.55,11.13,44.1,5.04,50.0,10.01,50.0,3.12,45.54
202608091605,2026-08-09,16,5R,realtime,70.46,27.08,42.1,10.06,59.4,6.79,72.41,14.49,50.89,3.17,61.59,46.29,17.79,46.55,11.13,50.0,5.71,47.81,9.57,48.43,3.02,47.21,50.41,19.37,64.39,15.39,68.08,7.78,58.28,11.66,45.38,2.83,57.03,45.96,17.66,51.01,12.19,50.0,5.71,38.49,7.7,39.23,2.45,45.72,44.52,17.11,39.87,9.53,59.78,6.83,31.32,6.27,62.61,3.9,43.64,42.29,16.25,46.55,11.13,63.55,7.26,51.7,10.35,53.43,3.33,48.32
202608091606,2026-08-09,16,6R,daily,71.03,27.29,48.78,11.66,45.78,5.23,50.0,10.01,50.0,3.12,57.31,48.83,18.76,46.55,11.13,42.61,4.87,50.0,10.01,50.0,3.12,47.88,46.74,17.96,79.99,19.12,49.08,5.61,50.0,10.01,50.0,3.12,55.81,47.09,18.1,39.87,9.53,56.74,6.48,50.0,10.01,50.0,3.12,47.23,44.8,17.21,68.84,16.45,52.18,5.96,50.0,10.01,50.0,3.12,52.75,41.44,15.93,46.55,11.13,78.73,9.0,50.0,10.01,50.0,3.12,49.17
202608091606,2026-08-09,16,6R,realtime,71.03,27.29,48.78,11.66,50.91,5.82,60.64,12.13,50.12,3.13,60.03,48.83,18.76,46.55,11.13,56.06,6.41,54.3,10.87,50.82,3.17,50.33,46.74,17.96,79.99,19.12,57.99,6.63,47.11,9.43,45.23,2.82,55.95,47.09,18.1,39.87,9.53,75.96,8.68,53.37,10.68,37.56,2.34,49.33,44.8,17.21,68.84,16.45,50.0,5.71,43.54,8.71,62.6,3.9,52.0,41.44,15.93,46.55,11.13,63.19,7.22,41.04,8.21,53.65,3.35,45.83
202608091607,2026-08-09,16,7R,daily,70.87,27.23,48.78,11.66,46.84,5.35,50.0,10.01,50.0,3.12,57.37,49.35,18.97,62.16,14.85,37.62,4.3,50.0,10.01,50.0,3.12,51.24,47.56,18.27,42.1,10.06,30.85,3.53,50.0,10.01,50.0,3.12,44.98,46.78,17.98,44.33,10.59,66.33,7.58,50.0,10.01,50.0,3.12,49.27,43.37,16.67,44.33,10.59,40.69,4.65,50.0,10.01,50.0,3.12,45.03,42.0,16.14,59.93,14.32,64.72,7.4,50.0,10.01,50.0,3.12,50.98
202608091608,2026-08-09,16,8R,daily,68.9,26.48,42.1,10.06,64.33,7.35,50.0,10.01,50.0,3.12,57.01,49.63,19.07,48.78,11.66,41.97,4.8,50.0,10.01,50.0,3.12,48.65,48.4,18.6,46.55,11.13,49.06,5.61,50.0,10.01,50.0,3.12,48.45,46.78,17.98,44.33,10.59,38.37,4.38,50.0,10.01,50.0,3.12,46.08,43.94,16.88,46.55,11.13,33.35,3.81,50.0,10.01,50.0,3.12,44.94,42.28,16.25,66.61,15.92,41.93,4.79,50.0,10.01,50.0,3.12,50.08
202608091609,2026-08-09,16,9R,daily,76.96,29.57,55.47,13.26,60.87,6.96,50.0,10.01,50.0,3.12,62.91,46.85,18.01,46.55,11.13,56.39,6.44,50.0,10.01,50.0,3.12,48.7,45.05,17.31,46.55,11.13,44.1,5.04,50.0,10.01,50.0,3.12,46.6,45.4,17.44,44.33,10.59,43.22,4.94,50.0,10.01,50.0,3.12,46.1,43.95,16.89,30.95,7.4,37.22,4.25,50.0,10.01,50.0,3.12,41.66,41.73,16.04,71.07,16.98,60.2,6.88,50.0,10.01,50.0,3.12,53.02
202608091610,2026-08-09,16,10R,daily,70.59,27.13,46.55,11.13,51.0,5.83,50.0,10.01,50.0,3.12,57.2,47.95,18.42,57.7,13.79,37.71,4.31,50.0,10.01,50.0,3.12,49.65,47.84,18.38,46.55,11.13,42.09,4.81,50.0,10.01,50.0,3.12,47.44,46.78,17.98,59.93,14.32,48.2,5.51,50.0,10.01,50.0,3.12,50.93,44.78,17.21,42.1,10.06,42.41,4.85,50.0,10.01,50.0,3.12,45.24,42.0,16.14,48.78,11.66,57.98,6.63,50.0,10.01,50.0,3.12,47.55
202608091611,2026-08-09,16,11R,daily,77.25,29.68,64.39,15.39,63.47,7.25,50.0,10.01,50.0,3.12,65.45,46.57,17.9,51.01,12.19,38.64,4.42,50.0,10.01,50.0,3.12,47.63,45.61,17.53,68.84,16.45,52.18,5.96,50.0,10.01,50.0,3.12,53.07,44.83,17.23,62.16,14.85,37.62,4.3,50.0,10.01,50.0,3.12,49.5,43.39,16.67,53.24,12.72,33.48,3.83,50.0,10.01,50.0,3.12,46.35,42.29,16.25,44.33,10.59,61.25,7.0,50.0,10.01,50.0,3.12,46.97
202608091612,2026-08-09,16,12R,daily,77.34,29.72,79.99,19.12,49.08,5.61,50.0,10.01,50.0,3.12,67.57,46.26,17.78,51.01,12.19,33.36,3.81,50.0,10.01,50.0,3.12,46.9,46.71,17.95,59.93,14.32,64.72,7.4,50.0,10.01,50.0,3.12,52.79,44.53,17.11,66.61,15.92,41.93,4.79,50.0,10.01,50.0,3.12,50.95,43.65,16.77,51.01,12.19,42.37,4.84,50.0,10.01,50.0,3.12,46.93,41.44,15.93,48.78,11.66,32.19,3.68,50.0,10.01,50.0,3.12,44.39
202608091801,2026-08-09,18,1R,daily,78.24,33.43,64.71,16.2,30.11,2.08,50.0,8.11,50.0,4.55,64.37,44.46,19.0,59.75,14.96,49.3,3.41,50.0,8.11,50.0,4.55,50.03,45.92,19.62,52.32,13.1,39.44,2.73,50.0,8.11,50.0,4.55,48.11,45.19,19.31,47.36,11.86,35.63,2.47,50.0,8.11,50.0,4.55,46.29,43.76,18.7,57.27,14.34,57.82,4.0,50.0,8.11,50.0,4.55,49.7,42.27,18.06,59.75,14.96,45.76,3.17,50.0,8.11,50.0,4.55,48.85
202608091801,2026-08-09,18,1R,realtime,78.24,33.43,64.71,16.2,33.99,2.35,60.73,9.85,46.71,4.25,66.08,44.46,19.0,59.75,14.96,36.92,2.56,55.61,9.02,57.95,5.27,50.8,45.92,19.62,52.32,13.1,43.84,3.04,59.32,9.62,66.03,6.01,51.38,45.19,19.31,47.36,11.86,22.99,1.59,49.19,7.98,32.6,2.97,43.7,43.76,18.7,57.27,14.34,45.63,3.16,35.47,5.75,60.32,5.49,47.43,42.27,18.06,59.75,14.96,49.7,3.44,39.51,6.41,36.38,3.31,46.18
202608091802,2026-08-09,18,2R,daily,73.48,31.4,54.8,13.72,56.89,3.94,50.0,8.11,50.0,4.55,61.71,46.95,20.06,54.8,13.72,52.44,3.63,50.0,8.11,50.0,4.55,50.07,46.15,19.72,52.32,13.1,49.26,3.41,50.0,8.11,50.0,4.55,48.88,47.22,20.18,52.32,13.1,50.55,3.5,50.0,8.11,50.0,4.55,49.43,43.76,18.7,69.66,17.44,57.7,3.99,50.0,8.11,50.0,4.55,52.79,42.27,18.06,57.27,14.34,56.2,3.89,50.0,8.11,50.0,4.55,48.95
202608091802,2026-08-09,18,2R,realtime,73.48,31.4,54.8,13.72,47.37,3.28,67.29,10.91,47.21,4.3,63.6,46.95,20.06,54.8,13.72,35.42,2.45,50.5,8.19,58.65,5.34,49.76,46.15,19.72,52.32,13.1,53.44,3.7,53.9,8.74,65.79,5.99,51.24,47.22,20.18,52.32,13.1,50.55,3.5,40.86,6.63,31.01,2.82,46.22,43.76,18.7,69.66,17.44,51.61,3.57,54.06,8.77,61.6,5.61,54.08,42.27,18.06,57.27,14.34,58.64,4.06,33.2,5.38,35.72,3.25,45.1
202608091803,2026-08-09,18,3R,daily,74.68,31.91,57.27,14.34,58.49,4.05,50.0,8.11,50.0,4.55,62.96,46.48,19.86,59.75,14.96,43.95,3.04,50.0,8.11,50.0,4.55,50.52,47.48,20.29,59.75,14.96,56.25,3.89,50.0,8.11,50.0,4.55,51.8,45.18,19.3,47.36,11.86,41.64,2.88,50.0,8.11,50.0,4.55,46.7,43.53,18.6,64.71,16.2,37.85,2.62,50.0,8.11,50.0,4.55,50.07,42.5,18.16,54.8,13.72,44.49,3.08,50.0,8.11,50.0,4.55,47.61
202608091803,2026-08-09,18,3R,realtime,74.68,31.91,57.27,14.34,54.68,3.79,58.58,9.5,47.21,4.3,63.83,46.48,19.86,59.75,14.96,43.95,3.04,44.93,7.28,58.65,5.34,50.48,47.48,20.29,59.75,14.96,48.37,3.35,41.81,6.78,65.79,5.99,51.36,45.18,19.3,47.36,11.86,39.52,2.74,37.5,6.08,31.01,2.82,42.8,43.53,18.6,64.71,16.2,55.44,3.84,59.01,9.57,61.6,5.61,53.81,42.5,18.16,54.8,13.72,37.85,2.62,58.01,9.41,35.72,3.25,47.15
202608091804,2026-08-09,18,4R,daily,72.81,31.11,54.8,13.72,37.13,2.57,50.0,8.11,50.0,4.55,60.05,49.67,21.22,54.8,13.72,57.29,3.97,50.0,8.11,50.0,4.55,51.56,46.83,20.01,59.75,14.96,47.34,3.28,50.0,8.11,50.0,4.55,50.9,44.74,19.11,49.84,12.48,59.74,4.14,50.0,8.11,50.0,4.55,48.39,43.31,18.5,64.71,16.2,51.54,3.57,50.0,8.11,50.0,4.55,50.93,42.5,18.16,44.89,11.24,55.49,3.84,50.0,8.11,50.0,4.55,45.9
202608091804,2026-08-09,18,4R,realtime,72.81,31.11,54.8,13.72,33.61,2.33,66.63,10.8,42.59,3.88,61.83,49.67,21.22,54.8,13.72,59.03,4.09,47.99,7.78,49.17,4.48,51.28,46.83,20.01,59.75,14.96,49.93,3.46,44.28,7.18,55.26,5.03,50.63,44.74,19.11,49.84,12.48,56.17,3.89,51.31,8.32,42.94,3.91,47.71,43.31,18.5,64.71,16.2,40.31,2.79,36.15,5.86,64.31,5.85,49.21,42.5,18.16,44.89,11.24,45.95,3.18,53.47,8.67,45.72,4.16,45.41
202608091805,2026-08-09,18,5R,daily,70.32,30.05,52.32,13.1,51.32,3.55,50.0,8.11,50.0,4.55,59.35,46.72,19.96,62.23,15.58,52.74,3.65,50.0,8.11,50.0,4.55,51.85,47.96,20.49,59.75,14.96,47.24,3.27,50.0,8.11,50.0,4.55,51.38,47.45,20.28,49.84,12.48,56.99,3.95,50.0,8.11,50.0,4.55,49.36,44.89,19.18,64.71,16.2,51.34,3.55,50.0,8.11,50.0,4.55,51.59,42.5,18.16,57.27,14.34,50.8,3.52,50.0,8.11,50.0,4.55,48.67
202608091805,2026-08-09,18,5R,realtime,70.32,30.05,52.32,13.1,55.22,3.82,54.25,8.8,42.59,3.88,59.64,46.72,19.96,62.23,15.58,53.14,3.68,63.98,10.37,49.17,4.48,54.07,47.96,20.49,59.75,14.96,58.49,4.05,51.76,8.39,55.26,5.03,52.92,47.45,20.28,49.84,12.48,65.44,4.53,42.33,6.86,42.94,3.91,48.06,44.89,19.18,64.71,16.2,55.43,3.84,40.59,6.58,64.31,5.85,51.65,42.5,18.16,57.27,14.34,36.44,2.52,46.93,7.61,45.72,4.16,46.79
202608091806,2026-08-09,18,6R,daily,67.95,29.03,59.75,14.96,37.37,2.59,50.0,8.11,50.0,4.55,59.24,48.79,20.85,52.32,13.1,39.44,2.73,50.0,8.11,50.0,4.55,49.33,47.3,20.21,79.57,19.92,36.93,2.56,50.0,8.11,50.0,4.55,55.35,47.93,20.48,47.36,11.86,59.09,4.09,50.0,8.11,50.0,4.55,49.09,44.67,19.09,57.27,14.34,51.94,3.6,50.0,8.11,50.0,4.55,49.68,43.19,18.45,57.27,14.34,53.22,3.68,50.0,8.11,50.0,4.55,49.13
202608091806,2026-08-09,18,6R,realtime,67.95,29.03,59.75,14.96,38.63,2.67,48.66,7.89,35.64,3.24,57.8,48.79,20.85,52.32,13.1,43.84,3.04,59.47,9.64,53.55,4.87,51.5,47.3,20.21,79.57,19.92,39.61,2.74,44.12,7.15,60.19,5.48,55.51,47.93,20.48,47.36,11.86,55.56,3.85,42.21,6.84,48.02,4.37,47.4,44.67,19.09,57.27,14.34,64.63,4.47,42.09,6.83,56.14,5.11,49.84,43.19,18.45,57.27,14.34,51.45,3.56,63.28,10.26,46.44,4.23,50.84
202608091807,2026-08-09,18,7R,daily,67.72,28.94,49.84,12.48,36.13,2.5,50.0,8.11,50.0,4.55,56.57,49.25,21.04,59.75,14.96,45.76,3.17,50.0,8.11,50.0,4.55,51.83,49.81,21.28,47.36,11.86,45.49,3.15,50.0,8.11,50.0,4.55,48.95,46.57,19.9,54.8,13.72,49.04,3.39,50.0,8.11,50.0,4.55,49.67,43.99,18.8,59.75,14.96,49.94,3.46,50.0,8.11,50.0,4.55,49.87,42.5,18.16,52.32,13.1,64.06,4.43,50.0,8.11,50.0,4.55,48.35
202608091807,2026-08-09,18,7R,realtime,67.72,28.94,49.84,12.48,41.05,2.84,57.04,9.25,35.64,3.24,56.75,49.25,21.04,59.75,14.96,49.7,3.44,51.38,8.33,53.55,4.87,52.65,49.81,21.28,47.36,11.86,39.38,2.73,57.38,9.3,60.19,5.48,50.65,46.57,19.9,54.8,13.72,41.64,2.88,29.41,4.77,48.02,4.37,45.64,43.99,18.8,59.75,14.96,61.32,4.24,59.47,9.64,56.14,5.11,52.75,42.5,18.16,52.32,13.1,62.08,4.3,45.14,7.32,46.44,4.23,47.1
202608091808,2026-08-09,18,8R,daily,66.46,28.4,44.89,11.24,45.13,3.12,50.0,8.11,50.0,4.55,55.42,51.48,22.0,59.75,14.96,56.25,3.89,50.0,8.11,50.0,4.55,53.51,48.63,20.78,54.8,13.72,52.44,3.63,50.0,8.11,50.0,4.55,50.79,46.09,19.7,44.89,11.24,44.68,3.09,50.0,8.11,50.0,4.55,46.68,44.89,19.18,47.36,11.86,35.63,2.47,50.0,8.11,50.0,4.55,46.16,42.27,18.06,49.84,12.48,38.51,2.67,50.0,8.11,50.0,4.55,45.86
202608091809,2026-08-09,18,9R,daily,69.77,29.81,59.75,14.96,43.95,3.04,50.0,8.11,50.0,4.55,60.47,48.57,20.75,64.71,16.2,51.54,3.57,50.0,8.11,50.0,4.55,53.18,48.44,20.7,49.84,12.48,54.26,3.76,50.0,8.11,50.0,4.55,49.59,45.88,19.61,59.75,14.96,49.3,3.41,50.0,8.11,50.0,4.55,50.63,43.99,18.8,52.32,13.1,49.26,3.41,50.0,8.11,50.0,4.55,47.96,43.19,18.45,54.8,13.72,28.84,2.0,50.0,8.11,50.0,4.55,46.83
202608091810,2026-08-09,18,10R,daily,68.08,29.09,52.32,13.1,55.65,3.85,50.0,8.11,50.0,4.55,58.7,48.6,20.77,54.8,13.72,67.72,4.69,50.0,8.11,50.0,4.55,51.83,48.24,20.61,57.27,14.34,57.82,4.0,50.0,8.11,50.0,4.55,51.61,47.05,20.1,54.8,13.72,56.89,3.94,50.0,8.11,50.0,4.55,50.42,44.69,19.09,59.75,14.96,47.24,3.27,50.0,8.11,50.0,4.55,49.98,43.19,18.46,49.84,12.48,67.72,4.69,50.0,8.11,50.0,4.55,48.28
202608091811,2026-08-09,18,11R,daily,71.65,30.61,69.66,17.44,57.7,3.99,50.0,8.11,50.0,4.55,64.71,48.63,20.78,59.75,14.96,47.34,3.28,50.0,8.11,50.0,4.55,51.67,46.66,19.94,57.27,14.34,51.94,3.6,50.0,8.11,50.0,4.55,50.53,46.38,19.82,57.27,14.34,45.97,3.18,50.0,8.11,50.0,4.55,50.0,44.01,18.81,64.71,16.2,30.11,2.08,50.0,8.11,50.0,4.55,49.75,42.51,18.16,62.23,15.58,52.74,3.65,50.0,8.11,50.0,4.55,50.05
202608091812,2026-08-09,18,12R,daily,77.16,32.97,59.75,14.96,49.94,3.46,50.0,8.11,50.0,4.55,64.04,45.57,19.47,57.27,14.34,56.2,3.89,50.0,8.11,50.0,4.55,50.36,45.45,19.42,57.27,14.34,55.24,3.82,50.0,8.11,50.0,4.55,50.24,45.4,19.4,52.32,13.1,43.88,3.04,50.0,8.11,50.0,4.55,48.19,43.53,18.6,54.8,13.72,57.29,3.97,50.0,8.11,50.0,4.55,48.94,42.72,18.26,54.8,13.72,69.53,4.81,50.0,8.11,50.0,4.55,49.44
202608092001,2026-08-09,20,1R,daily,68.44,26.39,46.25,10.23,59.36,4.42,50.0,10.39,50.0,5.55,56.98,48.72,18.79,44.37,9.81,46.11,3.43,50.0,10.39,50.0,5.55,47.97,47.42,18.28,44.37,9.81,28.61,2.13,50.0,10.39,50.0,5.55,46.17,47.84,18.45,36.81,8.14,58.6,4.36,50.0,10.39,50.0,5.55,46.89,45.16,17.41,46.25,10.23,55.74,4.15,50.0,10.39,50.0,5.55,47.73,42.32,16.32,50.03,11.07,51.74,3.85,50.0,10.39,50.0,5.55,47.18
202608092002,2026-08-09,20,2R,daily,67.44,26.01,46.25,10.23,73.34,5.46,50.0,10.39,50.0,5.55,57.63,47.97,18.5,51.92,11.48,66.76,4.97,50.0,10.39,50.0,5.55,50.89,48.42,18.67,51.92,11.48,38.08,2.83,50.0,10.39,50.0,5.55,48.93,48.34,18.64,46.25,10.23,38.88,2.89,50.0,10.39,50.0,5.55,47.7,44.66,17.22,46.25,10.23,64.5,4.8,50.0,10.39,50.0,5.55,48.19,43.07,16.61,44.37,9.81,64.48,4.8,50.0,10.39,50.0,5.55,47.16
202608092003,2026-08-09,20,3R,daily,63.19,24.37,46.25,10.23,68.94,5.13,50.0,10.39,50.0,5.55,55.67,50.47,19.46,51.92,11.48,50.34,3.75,50.0,10.39,50.0,5.55,50.63,50.17,19.34,46.25,10.23,52.49,3.91,50.0,10.39,50.0,5.55,49.42,48.34,18.64,46.25,10.23,58.84,4.38,50.0,10.39,50.0,5.55,49.19,44.66,17.22,36.81,8.14,66.95,4.98,50.0,10.39,50.0,5.55,46.28,43.07,16.61,61.36,13.57,50.13,3.73,50.0,10.39,50.0,5.55,49.85
202608092004,2026-08-09,20,4R,daily,67.32,25.96,40.59,8.98,42.4,3.15,50.0,10.39,50.0,5.55,54.03,48.76,18.8,53.81,11.9,45.27,3.37,50.0,10.39,50.0,5.55,50.01,48.7,18.78,55.69,12.32,44.88,3.34,50.0,10.39,50.0,5.55,50.38,48.38,18.65,44.37,9.81,52.15,3.88,50.0,10.39,50.0,5.55,48.29,44.17,17.03,36.81,8.14,43.69,3.25,50.0,10.39,50.0,5.55,44.37,42.58,16.42,33.04,7.31,70.86,5.27,50.0,10.39,50.0,5.55,44.94
202608092005,2026-08-09,20,5R,daily,77.94,30.05,50.03,11.07,41.73,3.1,50.0,10.39,50.0,5.55,60.16,48.72,18.79,76.46,16.91,61.61,4.58,50.0,10.39,50.0,5.55,56.23,43.92,16.94,46.25,10.23,41.03,3.05,50.0,10.39,50.0,5.55,46.16,44.84,17.29,51.92,11.48,56.44,4.2,50.0,10.39,50.0,5.55,48.91,42.41,16.35,44.37,9.81,28.61,2.13,50.0,10.39,50.0,5.55,44.23,42.07,16.22,33.04,7.31,49.14,3.66,50.0,10.39,50.0,5.55,43.13
202608092006,2026-08-09,20,6R,daily,67.57,26.06,51.92,11.48,55.46,4.13,50.0,10.39,50.0,5.55,57.61,48.25,18.61,50.03,11.07,72.41,5.39,50.0,10.39,50.0,5.55,51.0,48.45,18.68,46.25,10.23,59.36,4.42,50.0,10.39,50.0,5.55,49.27,47.12,18.17,78.35,17.33,63.51,4.73,50.0,10.39,50.0,5.55,56.17,44.67,17.23,44.37,9.81,58.0,4.32,50.0,10.39,50.0,5.55,47.29,43.83,16.9,42.48,9.4,58.14,4.33,50.0,10.39,50.0,5.55,46.56
202608092007,2026-08-09,20,7R,daily,72.85,28.09,51.92,11.48,58.32,4.34,50.0,10.39,50.0,5.55,59.85,47.75,18.41,46.25,10.23,64.5,4.8,50.0,10.39,50.0,5.55,49.38,45.69,17.62,53.81,11.9,41.19,3.06,50.0,10.39,50.0,5.55,48.52,46.87,18.07,44.37,9.81,46.11,3.43,50.0,10.39,50.0,5.55,47.26,44.17,17.03,50.03,11.07,49.98,3.72,50.0,10.39,50.0,5.55,47.76,42.58,16.42,48.14,10.65,49.41,3.68,50.0,10.39,50.0,5.55,46.68
202608092008,2026-08-09,20,8R,daily,74.11,28.58,48.14,10.65,43.19,3.21,50.0,10.39,50.0,5.55,58.38,50.01,19.29,55.69,12.32,44.88,3.34,50.0,10.39,50.0,5.55,50.88,45.69,17.62,51.92,11.48,60.24,4.48,50.0,10.39,50.0,5.55,49.52,45.11,17.4,34.92,7.73,52.5,3.91,50.0,10.39,50.0,5.55,44.97,42.66,16.45,36.81,8.14,58.6,4.36,50.0,10.39,50.0,5.55,44.89,42.32,16.32,46.25,10.23,52.49,3.91,50.0,10.39,50.0,5.55,46.4
202608092009,2026-08-09,20,9R,daily,73.26,28.25,50.03,11.07,39.42,2.93,50.0,10.39,50.0,5.55,58.19,47.28,18.23,46.25,10.23,41.03,3.05,50.0,10.39,50.0,5.55,47.46,45.96,17.72,51.92,11.48,50.34,3.75,50.0,10.39,50.0,5.55,48.89,45.89,17.69,76.46,16.91,47.51,3.53,50.0,10.39,50.0,5.55,54.08,44.18,17.04,33.04,7.31,70.86,5.27,50.0,10.39,50.0,5.55,45.56,43.34,16.71,46.25,10.23,38.88,2.89,50.0,10.39,50.0,5.55,45.77
202608092010,2026-08-09,20,10R,daily,74.02,28.54,78.35,17.33,63.51,4.73,50.0,10.39,50.0,5.55,66.54,48.04,18.52,46.25,10.23,55.74,4.15,50.0,10.39,50.0,5.55,48.84,45.96,17.72,46.25,10.23,73.34,5.46,50.0,10.39,50.0,5.55,49.35,45.89,17.69,61.36,13.57,50.13,3.73,50.0,10.39,50.0,5.55,50.94,43.68,16.84,40.59,8.98,42.4,3.15,50.0,10.39,50.0,5.55,44.91,42.33,16.32,51.92,11.48,56.44,4.2,50.0,10.39,50.0,5.55,47.94
202608092011,2026-08-09,20,11R,daily,77.3,29.81,53.81,11.9,41.19,3.06,50.0,10.39,50.0,5.55,60.71,45.76,17.65,50.03,11.07,41.73,3.1,50.0,10.39,50.0,5.55,47.76,45.96,17.72,44.37,9.81,58.0,4.32,50.0,10.39,50.0,5.55,47.79,44.62,17.21,51.92,11.48,38.08,2.83,50.0,10.39,50.0,5.55,47.46,44.18,17.04,50.03,11.07,51.74,3.85,50.0,10.39,50.0,5.55,47.89,42.07,16.22,53.81,11.9,45.27,3.37,50.0,10.39,50.0,5.55,47.43
202608092012,2026-08-09,20,12R,daily,74.17,28.6,76.46,16.91,61.61,4.58,50.0,10.39,50.0,5.55,66.04,45.84,17.68,44.37,9.81,52.15,3.88,50.0,10.39,50.0,5.55,47.31,47.15,18.18,48.14,10.65,43.19,3.21,50.0,10.39,50.0,5.55,47.98,46.8,18.05,51.92,11.48,58.32,4.34,50.0,10.39,50.0,5.55,49.81,43.29,16.69,50.03,11.07,72.41,5.39,50.0,10.39,50.0,5.55,49.09,42.65,16.44,51.92,11.48,66.76,4.97,50.0,10.39,50.0,5.55,48.84
202608092301,2026-08-09,23,1R,daily,80.98,34.5,59.12,14.41,64.3,4.83,50.0,8.19,50.0,4.56,66.49,44.63,19.01,46.65,11.37,50.72,3.81,50.0,8.19,50.0,4.56,46.95,45.49,19.38,46.65,11.37,50.93,3.83,50.0,8.19,50.0,4.56,47.33,43.7,18.62,44.57,10.86,49.25,3.7,50.0,8.19,50.0,4.56,45.93,43.55,18.56,42.49,10.36,54.42,4.09,50.0,8.19,50.0,4.56,45.76,41.52,17.69,30.02,7.32,60.49,4.54,50.0,8.19,50.0,4.56,42.3
202608092301,2026-08-09,23,1R,realtime,80.98,34.5,59.12,14.41,66.55,5.0,56.94,9.33,58.17,5.31,68.55,44.63,19.01,46.65,11.37,54.99,4.13,62.22,10.2,52.44,4.78,49.49,45.49,19.38,46.65,11.37,38.24,2.87,53.47,8.76,59.07,5.39,47.78,43.7,18.62,44.57,10.86,50.0,3.76,44.38,7.27,52.74,4.81,45.32,43.55,18.56,42.49,10.36,58.43,4.39,44.56,7.3,39.07,3.56,44.17,41.52,17.69,30.02,7.32,53.19,4.0,38.44,6.3,38.56,3.52,38.82
202608092302,2026-08-09,23,2R,daily,73.9,31.48,79.9,19.48,49.56,3.72,50.0,8.19,50.0,4.56,67.44,48.2,20.53,48.72,11.88,66.94,5.03,50.0,8.19,50.0,4.56,50.2,45.73,19.48,50.8,12.38,56.28,4.23,50.0,8.19,50.0,4.56,48.85,45.33,19.31,48.72,11.88,40.57,3.05,50.0,8.19,50.0,4.56,46.99,44.92,19.14,44.57,10.86,52.58,3.95,50.0,8.19,50.0,4.56,46.71,41.79,17.8,34.18,8.33,35.98,2.7,50.0,8.19,50.0,4.56,41.59
202608092302,2026-08-09,23,2R,realtime,73.9,31.48,79.9,19.48,46.73,3.51,61.73,10.12,58.33,5.32,69.91,48.2,20.53,48.72,11.88,63.98,4.81,54.82,8.98,50.64,4.62,50.82,45.73,19.48,50.8,12.38,60.78,4.57,50.34,8.25,57.86,5.28,49.96,45.33,19.31,48.72,11.88,50.0,3.76,46.09,7.55,53.91,4.92,47.42,44.92,19.14,44.57,10.86,40.72,3.06,42.33,6.94,39.28,3.58,43.58,41.79,17.8,34.18,8.33,51.44,3.86,44.68,7.32,40.03,3.65,40.97
202608092303,2026-08-09,23,3R,daily,72.23,30.77,48.72,11.88,35.8,2.69,50.0,8.19,50.0,4.56,58.09,45.15,19.24,48.72,11.88,47.83,3.59,50.0,8.19,50.0,4.56,47.46,49.33,21.02,42.49,10.36,65.61,4.93,50.0,8.19,50.0,4.56,49.06,47.83,20.37,69.51,16.94,52.94,3.98,50.0,8.19,50.0,4.56,54.05,43.25,18.43,25.86,6.3,42.21,3.17,50.0,8.19,50.0,4.56,40.66,42.07,17.92,36.25,8.84,38.28,2.88,50.0,8.19,50.0,4.56,42.39
202608092303,2026-08-09,23,3R,realtime,72.23,30.77,48.72,11.88,38.16,2.87,57.18,9.37,58.33,5.32,60.21,45.15,19.24,48.72,11.88,50.0,3.76,42.45,6.96,50.64,4.62,46.44,49.33,21.02,42.49,10.36,46.87,3.52,40.11,6.57,57.86,5.28,46.75,47.83,20.37,69.51,16.94,47.71,3.58,53.83,8.82,53.91,4.92,54.64,42.07,17.92,25.86,6.3,43.72,3.28,44.43,7.28,40.03,3.65,38.44,43.25,18.43,36.25,8.84,50.56,3.8,62.02,10.16,39.28,3.58,44.81
202608092304,2026-08-09,23,4R,daily,65.43,27.87,44.57,10.86,48.97,3.68,50.0,8.19,50.0,4.56,55.17,50.47,21.5,57.04,13.9,66.7,5.01,50.0,8.19,50.0,4.56,53.17,48.26,20.56,46.65,11.37,48.07,3.61,50.0,8.19,50.0,4.56,48.3,47.59,20.27,71.59,17.45,63.2,4.75,50.0,8.19,50.0,4.56,55.23,45.22,19.26,36.25,8.84,36.2,2.72,50.0,8.19,50.0,4.56,43.58,42.91,18.28,40.41,9.85,43.33,3.26,50.0,8.19,50.0,4.56,44.14
202608092304,2026-08-09,23,4R,realtime,65.43,27.87,44.57,10.86,50.0,3.76,49.93,8.18,40.86,3.73,54.4,47.59,20.27,57.04,13.9,51.0,3.83,58.43,9.57,58.97,5.38,52.96,48.26,20.56,46.65,11.37,50.4,3.79,52.23,8.56,53.09,4.84,49.12,45.22,19.26,71.59,17.45,56.82,4.27,60.19,9.86,43.63,3.98,54.83,42.91,18.28,36.25,8.84,44.43,3.34,44.62,7.31,50.22,4.58,42.35,50.47,21.5,40.41,9.85,48.49,3.64,34.61,5.67,53.28,4.86,45.53
202608092305,2026-08-09,23,5R,daily,75.29,32.07,44.57,10.86,42.95,3.23,50.0,8.19,50.0,4.56,58.92,46.81,19.94,42.49,10.36,47.09,3.54,50.0,8.19,50.0,4.56,46.59,45.17,19.24,42.49,10.36,52.98,3.98,50.0,8.19,50.0,4.56,46.34,46.44,19.79,61.19,14.92,33.38,2.51,50.0,8.19,50.0,4.56,49.97,44.36,18.9,42.49,10.36,38.5,2.89,50.0,8.19,50.0,4.56,44.9,41.79,17.8,61.19,14.92,64.06,4.81,50.0,8.19,50.0,4.56,50.29
202608092305,2026-08-09,23,5R,realtime,75.29,32.07,44.57,10.86,56.87,4.27,68.91,11.29,46.29,4.22,62.73,45.17,19.24,42.49,10.36,50.0,3.76,45.92,7.52,54.15,4.94,45.82,46.44,19.79,42.49,10.36,58.13,4.37,48.05,7.87,57.44,5.24,47.62,46.81,19.94,61.19,14.92,34.44,2.59,54.47,8.93,52.38,4.78,51.15,44.36,18.9,42.49,10.36,50.0,3.76,26.6,4.36,42.58,3.88,41.26,41.79,17.8,61.19,14.92,49.73,3.74,56.06,9.19,47.21,4.31,49.95
202608092306,2026-08-09,23,6R,daily,66.41,28.29,40.41,9.85,62.67,4.71,50.0,8.19,50.0,4.56,55.6,50.14,21.36,79.9,19.48,55.03,4.13,50.0,8.19,50.0,4.56,57.73,49.61,21.13,42.49,10.36,35.87,2.7,50.0,8.19,50.0,4.56,46.94,45.89,19.55,61.19,14.92,56.29,4.23,50.0,8.19,50.0,4.56,51.45,45.75,19.49,46.65,11.37,48.47,3.64,50.0,8.19,50.0,4.56,47.26,42.07,17.92,34.18,8.33,52.84,3.97,50.0,8.19,50.0,4.56,42.98
202608092306,2026-08-09,23,6R,realtime,66.41,28.29,40.41,9.85,51.39,3.86,57.4,9.41,57.31,5.23,56.64,50.14,21.36,79.9,19.48,58.17,4.37,68.45,11.22,48.78,4.45,60.88,49.61,21.13,42.49,10.36,50.0,3.76,30.83,5.05,55.07,5.02,45.32,45.89,19.55,61.19,14.92,63.24,4.75,60.41,9.9,55.54,5.07,54.18,45.75,19.49,46.65,11.37,39.42,2.96,32.16,5.27,40.69,3.71,42.8,42.07,17.92,34.18,8.33,45.94,3.45,50.74,8.32,42.66,3.89,41.91
202608092307,2026-08-09,23,7R,daily,63.48,27.04,44.57,10.86,48.58,3.65,50.0,8.19,50.0,4.56,54.31,51.3,21.86,44.57,10.86,49.25,3.7,50.0,8.19,50.0,4.56,49.18,49.66,21.15,81.98,19.98,39.58,2.97,50.0,8.19,50.0,4.56,56.87,47.03,20.04,44.57,10.86,32.59,2.45,50.0,8.19,50.0,4.56,46.1,45.49,19.38,34.18,8.33,35.98,2.7,50.0,8.19,50.0,4.56,43.17,42.91,18.28,50.8,12.38,54.47,4.09,50.0,8.19,50.0,4.56,47.51
202608092307,2026-08-09,23,7R,realtime,63.48,27.04,44.57,10.86,50.0,3.76,39.49,6.47,52.04,4.75,52.88,51.3,21.86,44.57,10.86,50.0,3.76,46.04,7.54,47.89,4.37,48.39,49.66,21.15,81.98,19.98,50.0,3.76,71.69,11.75,52.8,4.82,61.46,47.03,20.04,44.57,10.86,45.98,3.45,56.23,9.21,58.25,5.31,48.88,45.49,19.38,34.18,8.33,51.44,3.86,36.96,6.06,41.95,3.83,41.46,42.91,18.28,50.8,12.38,51.54,3.87,49.59,8.13,47.13,4.3,46.96
202608092308,2026-08-09,23,8R,daily,66.54,28.35,48.72,11.88,47.83,3.59,50.0,8.19,50.0,4.56,56.57,51.02,21.74,36.25,8.84,36.2,2.72,50.0,8.19,50.0,4.56,46.05,48.82,20.8,50.8,12.38,56.58,4.25,50.0,8.19,50.0,4.56,50.19,47.03,20.04,86.14,21.0,46.53,3.5,50.0,8.19,50.0,4.56,57.28,44.38,18.91,42.49,10.36,52.62,3.95,50.0,8.19,50.0,4.56,45.97,42.07,17.92,46.65,11.37,50.72,3.81,50.0,8.19,50.0,4.56,45.86
202608092308,2026-08-09,23,8R,realtime,66.54,28.35,48.72,11.88,50.0,3.76,48.68,7.98,52.04,4.75,56.71,51.02,21.74,36.25,8.84,44.43,3.34,37.23,6.1,47.89,4.37,44.38,48.82,20.8,50.8,12.38,49.56,3.72,50.36,8.25,52.8,4.82,49.97,47.03,20.04,86.14,21.0,43.47,3.27,78.19,12.81,58.25,5.31,62.42,44.38,18.91,42.49,10.36,50.0,3.76,39.69,6.5,41.95,3.83,43.35,42.07,17.92,46.65,11.37,54.99,4.13,45.87,7.52,47.13,4.3,45.24
202608092309,2026-08-09,23,9R,daily,66.54,28.35,48.72,11.88,40.57,3.05,50.0,8.19,50.0,4.56,56.03,51.02,21.74,42.49,10.36,54.42,4.09,50.0,8.19,50.0,4.56,48.94,50.77,21.63,57.04,13.9,66.7,5.01,50.0,8.19,50.0,4.56,53.3,45.07,19.2,42.49,10.36,52.98,3.98,50.0,8.19,50.0,4.56,46.29,44.1,18.79,46.65,11.37,77.19,5.8,50.0,8.19,50.0,4.56,48.71,42.35,18.04,25.86,6.3,42.21,3.17,50.0,8.19,50.0,4.56,40.27
202608092309,2026-08-09,23,9R,realtime,66.54,28.35,48.72,11.88,50.0,3.76,36.61,6.0,57.63,5.26,55.24,50.77,21.63,42.49,10.36,58.43,4.39,45.92,7.52,52.65,4.8,48.7,51.02,21.74,57.04,13.9,51.0,3.83,55.96,9.17,45.19,4.12,52.76,45.07,19.2,42.49,10.36,58.13,4.37,52.12,8.54,57.89,5.28,47.75,44.1,18.79,46.65,11.37,77.42,5.82,58.94,9.66,41.11,3.75,49.38,42.35,18.04,25.86,6.3,43.72,3.28,50.47,8.27,45.58,4.16,40.06
202608092310,2026-08-09,23,10R,daily,70.73,30.13,44.57,10.86,52.58,3.95,50.0,8.19,50.0,4.56,57.7,50.47,21.5,59.12,14.41,56.62,4.25,50.0,8.19,50.0,4.56,52.92,46.03,19.61,48.72,11.88,35.8,2.69,50.0,8.19,50.0,4.56,46.93,46.19,19.68,44.57,10.86,42.95,3.23,50.0,8.19,50.0,4.56,46.52,44.38,18.91,79.9,19.48,55.03,4.13,50.0,8.19,50.0,4.56,55.27,42.07,17.92,46.65,11.37,50.93,3.83,50.0,8.19,50.0,4.56,45.88
202608092310,2026-08-09,23,10R,realtime,70.73,30.13,44.57,10.86,40.72,3.06,36.42,5.97,57.63,5.26,55.28,50.47,21.5,59.12,14.41,51.0,3.83,48.22,7.9,45.19,4.12,51.77,46.03,19.61,48.72,11.88,38.16,2.87,44.75,7.33,52.65,4.8,46.49,46.19,19.68,44.57,10.86,56.87,4.27,50.05,8.2,57.89,5.28,48.3,44.38,18.91,79.9,19.48,58.17,4.37,62.63,10.26,41.11,3.75,56.77,42.07,17.92,46.65,11.37,38.24,2.87,57.91,9.49,45.58,4.16,45.81
202608092311,2026-08-09,23,11R,daily,74.63,31.79,61.19,14.92,33.38,2.51,50.0,8.19,50.0,4.56,61.97,47.4,20.19,50.8,12.38,54.47,4.09,50.0,8.19,50.0,4.56,49.42,45.47,19.37,61.19,14.92,56.29,4.23,50.0,8.19,50.0,4.56,51.27,45.35,19.32,48.72,11.88,66.94,5.03,50.0,8.19,50.0,4.56,48.98,44.94,19.14,46.65,11.37,55.29,4.15,50.0,8.19,50.0,4.56,47.42,42.07,17.92,42.49,10.36,65.61,4.93,50.0,8.19,50.0,4.56,45.96
202608092312,2026-08-09,23,12R,daily,76.86,32.75,86.14,21.0,46.53,3.5,50.0,8.19,50.0,4.56,69.99,45.45,19.36,71.59,17.45,63.2,4.75,50.0,8.19,50.0,4.56,54.31,46.31,19.73,79.9,19.48,49.56,3.72,50.0,8.19,50.0,4.56,55.68,45.35,19.32,81.98,19.98,39.58,2.97,50.0,8.19,50.0,4.56,55.03,43.82,18.67,59.12,14.41,64.3,4.83,50.0,8.19,50.0,4.56,50.66,42.07,17.92,69.51,16.94,52.94,3.98,50.0,8.19,50.0,4.56,51.6
202608092401,2026-08-09,24,1R,daily,66.83,28.68,46.6,9.05,62.12,5.89,50.0,9.11,50.0,4.98,57.71,48.37,20.76,48.63,9.45,44.41,4.21,50.0,9.11,50.0,4.98,48.5,48.7,20.9,48.63,9.45,58.47,5.55,50.0,9.11,50.0,4.98,49.98,47.79,20.51,46.6,9.05,54.4,5.16,50.0,9.11,50.0,4.98,48.81,45.48,19.52,46.6,9.05,38.48,3.65,50.0,9.11,50.0,4.98,46.31,42.73,18.34,34.4,6.68,45.28,4.3,50.0,9.11,50.0,4.98,43.4
202608092402,2026-08-09,24,2R,daily,66.96,28.74,44.57,8.66,45.95,4.36,50.0,9.11,50.0,4.98,55.84,51.36,22.05,46.6,9.05,37.42,3.55,50.0,9.11,50.0,4.98,48.73,46.76,20.07,46.6,9.05,38.45,3.65,50.0,9.11,50.0,4.98,46.85,47.08,20.21,34.4,6.68,47.15,4.47,50.0,9.11,50.0,4.98,45.44,44.76,19.21,46.6,9.05,39.46,3.74,50.0,9.11,50.0,4.98,46.09,42.98,18.45,46.6,9.05,42.78,4.06,50.0,9.11,50.0,4.98,45.64
202608092403,2026-08-09,24,3R,daily,66.22,28.42,46.6,9.05,51.53,4.89,50.0,9.11,50.0,4.98,56.45,51.36,22.05,44.57,8.66,57.62,5.47,50.0,9.11,50.0,4.98,50.25,47.75,20.49,58.8,11.42,46.59,4.42,50.0,9.11,50.0,4.98,50.42,46.59,20.0,50.67,9.84,44.82,4.25,50.0,9.11,50.0,4.98,48.17,45.5,19.53,52.7,10.24,46.62,4.42,50.0,9.11,50.0,4.98,48.27,42.49,18.24,34.4,6.68,55.88,5.3,50.0,9.11,50.0,4.98,44.3
202608092404,2026-08-09,24,4R,daily,69.04,29.63,60.84,11.82,55.17,5.23,50.0,9.11,50.0,4.98,60.77,47.63,20.44,40.5,7.87,35.61,3.38,50.0,9.11,50.0,4.98,45.77,47.48,20.38,48.63,9.45,40.36,3.83,50.0,9.11,50.0,4.98,47.74,47.79,20.51,48.63,9.45,52.93,5.02,50.0,9.11,50.0,4.98,49.06,45.48,19.52,71.0,13.79,38.09,3.61,50.0,9.11,50.0,4.98,51.01,42.49,18.24,40.5,7.87,45.93,4.36,50.0,9.11,50.0,4.98,44.54
202608092405,2026-08-09,24,5R,daily,68.17,29.26,50.67,9.84,41.59,3.95,50.0,9.11,50.0,4.98,57.13,47.85,20.54,46.6,9.05,53.92,5.12,50.0,9.11,50.0,4.98,48.79,48.67,20.89,56.77,11.03,47.17,4.48,50.0,9.11,50.0,4.98,50.47,46.78,20.08,50.67,9.84,48.74,4.62,50.0,9.11,50.0,4.98,48.63,45.71,19.62,50.67,9.84,30.89,2.93,50.0,9.11,50.0,4.98,46.47,42.73,18.34,42.53,8.26,68.08,6.46,50.0,9.11,50.0,4.98,47.15
202608092406,2026-08-09,24,6R,daily,68.41,29.36,66.94,13.0,50.62,4.8,50.0,9.11,50.0,4.98,61.25,47.36,20.33,44.57,8.66,56.96,5.4,50.0,9.11,50.0,4.98,48.47,46.72,20.05,50.67,9.84,51.9,4.92,50.0,9.11,50.0,4.98,48.9,48.01,20.6,46.6,9.05,49.91,4.74,50.0,9.11,50.0,4.98,48.48,46.19,19.83,60.84,11.82,63.3,6.01,50.0,9.11,50.0,4.98,51.73,43.22,18.55,46.6,9.05,62.12,5.89,50.0,9.11,50.0,4.98,47.58
202608092407,2026-08-09,24,7R,daily,75.98,32.61,52.7,10.24,50.31,4.77,50.0,9.11,50.0,4.98,61.7,45.65,19.59,46.6,9.05,54.4,5.16,50.0,9.11,50.0,4.98,47.89,46.72,20.05,52.7,10.24,50.59,4.8,50.0,9.11,50.0,4.98,49.17,45.07,19.35,48.63,9.45,58.47,5.55,50.0,9.11,50.0,4.98,48.42,43.76,18.78,46.6,9.05,38.45,3.65,50.0,9.11,50.0,4.98,45.56,42.73,18.34,48.63,9.45,36.55,3.47,50.0,9.11,50.0,4.98,45.34
202608092408,2026-08-09,24,8R,daily,75.25,32.3,52.7,10.24,46.62,4.42,50.0,9.11,50.0,4.98,61.04,46.87,20.12,50.67,9.84,54.8,5.2,50.0,9.11,50.0,4.98,49.24,46.47,19.95,48.63,9.45,48.28,4.58,50.0,9.11,50.0,4.98,48.06,45.56,19.56,48.63,9.45,44.41,4.21,50.0,9.11,50.0,4.98,47.3,43.27,18.57,32.36,6.29,43.15,4.09,50.0,9.11,50.0,4.98,43.03,42.48,18.24,44.57,8.66,38.45,3.65,50.0,9.11,50.0,4.98,44.62
202608092409,2026-08-09,24,9R,daily,73.05,31.35,71.0,13.79,38.09,3.61,50.0,9.11,50.0,4.98,62.84,47.36,20.33,60.84,11.82,55.17,5.23,50.0,9.11,50.0,4.98,51.46,46.47,19.95,50.67,9.84,44.82,4.25,50.0,9.11,50.0,4.98,48.12,45.07,19.35,58.8,11.42,46.59,4.42,50.0,9.11,50.0,4.98,49.27,44.97,19.3,50.67,9.84,48.74,4.62,50.0,9.11,50.0,4.98,47.85,42.97,18.45,50.67,9.84,41.59,3.95,50.0,9.11,50.0,4.98,46.32
202608092410,2026-08-09,24,10R,daily,75.73,32.51,56.77,11.03,47.17,4.48,50.0,9.11,50.0,4.98,62.09,45.65,19.59,66.94,13.0,50.62,4.8,50.0,9.11,50.0,4.98,51.48,45.01,19.32,48.63,9.45,52.93,5.02,50.0,9.11,50.0,4.98,47.87,44.83,19.24,50.67,9.84,51.9,4.92,50.0,9.11,50.0,4.98,48.09,45.22,19.41,48.63,9.45,40.36,3.83,50.0,9.11,50.0,4.98,46.77,43.46,18.65,44.57,8.66,45.95,4.36,50.0,9.11,50.0,4.98,45.75
202608092411,2026-08-09,24,11R,daily,77.69,33.34,60.84,11.82,63.3,6.01,50.0,9.11,50.0,4.98,65.25,45.16,19.39,50.67,9.84,30.89,2.93,50.0,9.11,50.0,4.98,46.24,45.25,19.42,46.6,9.05,49.91,4.74,50.0,9.11,50.0,4.98,47.29,44.83,19.24,52.7,10.24,50.31,4.77,50.0,9.11,50.0,4.98,48.34,44.48,19.09,46.6,9.05,53.92,5.12,50.0,9.11,50.0,4.98,47.34,42.48,18.24,46.6,9.05,51.53,4.89,50.0,9.11,50.0,4.98,46.26
202608092412,2026-08-09,24,12R,daily,75.34,32.34,52.7,10.24,50.59,4.8,50.0,9.11,50.0,4.98,61.46,45.69,19.61,46.6,9.05,39.46,3.74,50.0,9.11,50.0,4.98,46.49,47.01,20.18,50.67,9.84,54.8,5.2,50.0,9.11,50.0,4.98,49.3,45.35,19.47,44.57,8.66,57.62,5.47,50.0,9.11,50.0,4.98,47.67,43.77,18.79,48.63,9.45,48.28,4.58,50.0,9.11,50.0,4.98,46.9,42.74,18.34,48.63,9.45,38.09,3.61,50.0,9.11,50.0,4.98,45.49
