レースコード,レース日,レース場,レース回,締切時刻,取得日時,計測数,計測項目1,計測項目2,計測項目3,艇1_選手名,艇1_値1,艇1_値2,艇1_値3,艇2_選手名,艇2_値1,艇2_値2,艇2_値3,艇3_選手名,艇3_値1,艇3_値2,艇3_値3,艇4_選手名,艇4_値1,艇4_値2,艇4_値3,艇5_選手名,艇5_値1,艇5_値2,艇5_値3,艇6_選手名,艇6_値1,艇6_値2,艇6_値3
202608222101,2026-08-22,21,01R,08:32,2026-08-22T08:22:22.509904+09:00,3,一周,まわり足,直線,岡田 憲行,36.77,7.73,7.73,渡辺 豊,37.29,7.96,7.85,橋本 年光,37.04,7.85,7.85,杉山 太陽,37.09,8.06,7.75,奥平 拓也,36.9,7.97,7.73,宇土 泰就,37.21,7.95,7.86
202608222301,2026-08-22,23,01R,08:44,2026-08-22T08:34:21.329546+09:00,3,一周,まわり足,直線,坂元 浩仁,36.67,5.17,7.9,笠 雅雄,36.97,5.24,7.87,小川 日紀太,37.32,5.43,7.96,鈴木 智啓,37.67,5.37,8.07,今泉 博人,37.99,5.45,7.97,向所 浩二,37.37,5.37,8.03
202608222102,2026-08-22,21,02R,08:58,2026-08-22T08:48:26.499967+09:00,3,一周,まわり足,直線,佐々木 和伸,36.72,7.68,7.8,福西 広太郎,37.1,8.02,7.65,小澤 学,37.42,8.15,7.73,古賀 繁輝,37.19,7.8,7.69,川添 英正,37.55,8.03,7.79,中島 友和,37.7,8.19,7.77
202608222302,2026-08-22,23,02R,09:10,2026-08-22T09:00:49.763524+09:00,3,一周,まわり足,直線,佐藤 大佑,38.07,5.43,7.97,山田 丈,37.4,5.4,7.93,飯田 庄吾,37.43,6.17,7.83,富田 恕生,37.5,5.83,7.9,安藤 裕貴,37.67,5.97,8.0,中野 和裕,37.7,5.57,7.9
202608222103,2026-08-22,21,03R,09:24,2026-08-22T09:14:26.178153+09:00,3,一周,まわり足,直線,中村 辰也,36.45,7.57,7.68,加藤 政彦,37.24,8.09,7.77,山本 隆幸,36.91,7.81,7.76,黒田 剛,36.77,7.96,7.77,岩崎 正哉,37.23,8.02,7.71,西村 仁吾,36.89,7.82,7.68
202608222303,2026-08-22,23,03R,09:36,2026-08-22T09:26:29.040539+09:00,3,一周,まわり足,直線,永田 秀二,37.33,5.3,8.0,大町 利克,37.73,5.5,8.0,吉武 真也,37.87,5.77,7.73,中村 泰平,37.53,5.97,7.87,花田 和明,38.07,5.8,7.8,吉川 颯汰,37.77,6.13,7.9
202608222104,2026-08-22,21,04R,09:50,2026-08-22T09:40:26.437588+09:00,3,一周,まわり足,直線,林 美憲,37.44,7.97,7.87,萩原 知哉,37.41,7.98,7.77,眞鳥 章太,37.3,8.02,7.8,藤山 雅弘,37.46,8.24,7.73,溝口 海義也,37.26,7.91,7.7,八戸 琉楓,37.47,8.16,7.73
202608222304,2026-08-22,23,04R,10:02,2026-08-22T09:52:29.933226+09:00,3,一周,まわり足,直線,河合 三弘,37.7,5.7,8.07,杢野 誓良,37.87,5.6,8.11,横田 貴満,37.97,5.77,8.06,山口 修路,37.58,5.41,7.97,乙藤 智史,38.03,5.73,7.93,西野 雄貴,37.2,5.43,7.83
202608222105,2026-08-22,21,05R,10:20,2026-08-22T10:10:32.547834+09:00,3,一周,まわり足,直線,池永 太,37.77,7.87,7.74,橋本 年光,37.43,7.96,7.78,山谷 央,37.45,7.93,7.71,大平 誉史明,37.63,8.15,7.7,前田 健太郎,37.46,7.91,7.8,島川 光男,37.33,8.03,7.65
202608222305,2026-08-22,23,05R,10:28,2026-08-22T10:18:30.633901+09:00,3,一周,まわり足,直線,末永 由楽,37.1,5.27,8.03,浦田 信義,37.73,5.38,8.06,仲 航太,37.77,5.47,7.95,笠 雅雄,37.48,5.45,7.96,山下 拓巳,37.93,5.45,8.0,藤原 啓史朗,37.94,5.4,8.02
202608220201,2026-08-22,02,01R,10:47,2026-08-22T10:38:28.688525+09:00,3,一周,まわり足,直線,加藤 高史,37.05,5.83,6.83,江藤 敦宏,37.6,5.7,7.08,黄金井 力良,37.6,5.47,7.02,中村 楓,37.5,5.57,7.0,竹内 来,37.43,5.7,7.06,山本 稔太朗,37.56,5.45,7.05
202608222106,2026-08-22,21,06R,10:50,2026-08-22T10:40:22.290911+09:00,3,一周,まわり足,直線,竹田 広樹,36.78,7.7,7.66,重木 輝彦,36.89,7.8,7.71,古川 健,37.3,7.91,7.72,草場 康幸,37.82,8.03,7.74,平石 和男,37.26,7.89,7.79,浅見 昌克,37.22,7.98,7.66
202608221601,2026-08-22,16,01R,10:52,2026-08-22T10:42:40.908029+09:00,3,一周,まわり足,直線,長尾 萌加,37.13,5.73,6.83,高田 綾,37.87,6.13,7.0,西澤 日花里,38.1,6.1,7.1,根岸 真優,38.23,6.13,7.02,中西 月輝,37.77,5.77,7.27,前原 哉,37.4,5.67,7.06
202608222306,2026-08-22,23,06R,11:01,2026-08-22T10:52:24.651988+09:00,3,一周,まわり足,直線,池本 輝明,37.67,5.43,8.06,福田 翔吾,38.17,5.83,8.01,土井 祥伍,38.23,6.05,7.97,河野 大,37.35,5.81,8.01,山下 昂大,37.8,5.77,8.0,今泉 博人,38.22,5.7,7.92
202608220202,2026-08-22,02,02R,11:16,2026-08-22T11:06:28.791977+09:00,3,一周,まわり足,直線,中島 航,37.47,5.73,7.05,赤羽 克也,36.78,5.27,6.99,佐竹 友樹,37.49,5.57,7.03,浜崎 準也,37.53,5.5,7.06,山本 英志,37.81,5.61,7.1,野中 義生,37.23,5.57,7.07
202608222107,2026-08-22,21,07R,11:20,2026-08-22T11:10:24.980900+09:00,3,一周,まわり足,直線,中渡 修作,36.92,7.95,7.69,秋田 健太郎,36.91,7.68,7.77,渡辺 豊,37.16,7.71,7.79,小林 礼央,36.88,7.93,7.69,加藤 政彦,37.13,7.98,7.69,小野 京平,37.61,7.98,7.74
202608221602,2026-08-22,16,02R,11:24,2026-08-22T11:14:30.362877+09:00,3,一周,まわり足,直線,藤本 紗弥香,37.2,5.83,6.77,村上 奈穂,37.7,5.7,6.93,南 彩寧,38.07,6.27,6.87,山本 梨菜,38.07,5.73,7.06,田口 節子,37.33,5.63,7.0,若狭 奈美子,38.1,5.8,6.97
202608222307,2026-08-22,23,07R,11:32,2026-08-22T11:22:26.644208+09:00,3,一周,まわり足,直線,寳田 亮治,37.4,5.53,8.1,山本 景士郎,37.76,5.91,7.89,富田 恕生,37.53,6.1,7.86,吉武 真也,38.17,6.03,7.85,上田 健太,38.4,5.93,7.95,高田 明,38.24,5.76,7.91
