場コード,レース回,n,1コース勝率,2コース勝率,3コース勝率,4コース勝率,5コース勝率,6コース勝率
01,1,183,36.29,18.04,16.98,16.79,9.20,2.70
01,2,183,35.01,16.32,19.12,12.93,13.06,3.56
01,3,182,38.61,15.10,17.48,12.55,11.40,4.87
01,4,184,39.98,17.53,12.20,17.57,8.31,4.40
01,5,184,41.69,14.97,14.77,15.86,9.59,3.11
01,6,183,67.19,6.02,7.11,9.92,7.06,2.70
01,7,181,61.72,6.51,17.99,7.84,4.95,0.99
01,8,180,51.55,6.97,10.24,11.36,17.58,2.30
01,9,179,51.77,13.11,13.34,11.84,8.05,1.87
01,10,178,60.77,12.29,8.58,11.02,5.90,1.44
01,11,178,64.28,9.22,9.46,10.58,5.02,1.44
01,12,178,65.60,8.35,9.89,8.39,6.33,1.44
02,1,171,40.39,18.30,14.65,14.88,9.93,1.87
02,2,171,38.13,22.37,17.81,11.71,7.21,2.77
02,3,170,33.30,17.93,19.71,17.67,9.06,2.33
02,4,170,30.57,23.84,19.71,19.03,5.88,0.97
02,5,170,42.39,12.02,16.98,22.67,4.52,1.42
02,6,170,31.48,23.84,18.35,16.76,7.70,1.88
02,7,169,61.76,11.16,11.13,8.16,5.45,2.34
02,8,171,35.41,18.75,20.98,12.61,9.93,2.32
02,9,170,41.94,15.65,21.08,11.31,8.15,1.88
02,10,171,43.56,18.30,15.10,13.07,4.95,5.03
02,11,171,57.13,10.61,11.48,8.54,10.38,1.87
02,12,170,54.21,9.75,13.80,8.58,11.34,2.33
03,1,156,47.90,15.77,16.63,12.09,5.97,1.63
03,2,154,43.96,24.75,15.33,8.78,5.05,2.14
03,3,153,39.25,19.45,17.37,13.25,6.55,4.12
03,4,152,44.40,20.05,12.51,12.82,8.07,2.16
03,5,152,40.44,21.53,16.47,11.83,8.07,1.66
03,6,152,38.95,21.04,13.00,13.82,8.07,5.13
03,7,152,51.82,17.57,12.51,9.36,6.09,2.65
03,8,153,46.64,16.99,14.42,12.27,6.06,3.63
03,9,153,51.57,13.05,11.95,13.25,6.06,4.12
03,10,153,52.55,9.60,13.43,13.75,9.50,1.16
03,11,153,50.09,15.02,14.91,11.78,5.56,2.64
03,12,154,60.63,9.06,15.82,8.78,4.07,1.65
04,1,152,35.11,14.90,19.08,14.96,12.35,3.61
04,2,152,38.08,15.89,23.53,12.48,6.90,3.11
04,3,152,30.16,22.33,20.07,14.46,10.86,2.12
04,4,152,38.57,18.37,21.55,11.49,5.91,4.10
04,5,153,51.69,12.86,13.07,13.90,5.88,2.60
04,6,153,39.86,19.26,17.51,11.43,9.82,2.11
04,7,153,33.95,22.22,18.49,11.43,11.30,2.60
04,8,152,43.03,10.45,13.63,23.37,5.91,3.61
04,9,151,49.71,14.48,16.19,10.06,7.43,2.13
04,10,152,47.49,19.36,16.60,9.51,5.42,1.63
04,11,152,55.90,12.92,12.64,9.02,6.90,2.62
04,12,153,62.52,11.38,12.58,7.00,5.88,0.63
05,1,176,47.39,15.84,13.38,10.85,9.78,2.76
05,2,176,49.60,17.61,12.94,10.41,6.68,2.76
05,3,176,46.07,19.38,11.17,14.39,4.47,4.53
05,4,176,40.31,17.61,18.25,11.73,9.34,2.76
05,5,174,44.69,16.87,17.08,14.07,5.40,1.89
05,6,177,51.15,10.04,14.65,15.65,6.65,1.86
05,7,176,53.14,10.53,12.50,13.95,7.12,2.76
05,8,176,58.90,12.74,9.85,8.64,5.80,4.08
05,9,176,60.22,11.86,11.62,9.96,4.03,2.31
05,10,175,64.49,11.46,9.00,7.78,5.82,1.44
05,11,177,69.21,9.60,8.92,5.51,4.89,1.86
05,12,177,65.25,9.60,10.68,9.48,4.45,0.54
06,1,185,53.34,12.92,14.35,8.60,8.20,2.59
06,2,185,40.15,17.60,16.90,13.71,8.20,3.44
06,3,185,46.96,21.00,12.65,11.15,6.50,1.74
06,4,185,62.28,9.51,11.80,10.30,4.37,1.74
06,5,185,50.36,15.05,16.90,9.03,6.50,2.16
06,6,184,50.58,14.26,15.69,11.63,6.10,1.74
06,7,185,50.79,14.62,15.20,10.73,6.50,2.16
06,8,185,53.34,8.24,13.07,15.83,7.35,2.16
06,9,185,54.62,12.92,13.50,11.15,6.07,1.74
06,10,184,62.97,8.70,12.27,8.21,5.24,2.60
06,11,184,65.96,9.13,8.00,7.35,7.38,2.17
06,12,185,65.26,8.66,10.95,7.32,6.07,1.74
07,1,191,51.66,14.89,14.37,12.29,5.09,1.70
07,2,191,46.69,18.21,11.47,14.78,5.92,2.94
07,3,191,52.08,14.06,12.71,11.87,7.16,2.11
07,4,192,42.36,18.55,13.48,12.24,9.61,3.76
07,5,192,49.39,11.53,12.24,13.06,10.03,3.76
07,6,192,51.86,14.83,10.59,11.00,10.85,0.86
07,7,191,65.36,5.35,13.54,11.87,3.01,0.87
07,8,191,55.81,14.48,10.22,9.80,6.75,2.94
07,9,192,61.37,7.81,12.24,12.65,4.65,1.28
07,10,192,72.11,7.81,6.05,7.28,5.48,1.28
07,11,192,68.39,6.98,11.01,7.28,5.07,1.28
07,12,192,67.15,6.98,7.29,10.58,4.65,3.34
08,1,194,69.66,7.72,9.04,8.68,3.65,1.25
08,2,194,48.76,17.55,13.96,11.13,6.93,1.66
08,3,192,49.16,14.39,14.07,12.88,8.22,1.26
08,4,193,46.49,15.98,10.72,14.88,8.60,3.32
08,5,192,51.64,18.94,9.12,12.05,6.16,2.09
08,6,193,63.78,9.81,8.67,9.12,5.72,2.91
08,7,190,52.07,18.26,10.44,9.65,7.46,2.11
08,8,193,51.43,16.39,10.72,10.77,6.13,4.55
08,9,192,57.84,13.57,11.60,10.40,4.50,2.09
08,10,193,60.90,13.10,9.90,8.71,5.72,1.67
08,11,193,68.30,9.81,8.26,8.30,3.66,1.67
08,12,193,75.30,8.57,4.96,7.48,2.84,0.85
09,1,171,71.90,10.68,8.08,3.53,4.51,1.30
09,2,170,49.05,15.27,14.48,9.00,7.26,4.94
09,3,171,47.02,14.75,13.96,16.20,6.77,1.30
09,4,171,42.49,19.73,13.51,13.03,9.04,2.20
09,5,169,73.93,9.41,8.16,4.47,3.18,0.85
09,6,170,51.32,16.18,13.12,11.27,6.80,1.30
09,7,166,45.33,15.09,12.44,13.33,11.10,2.72
09,8,169,49.73,15.34,15.00,10.41,6.83,2.68
09,9,167,64.47,11.34,10.53,7.28,4.59,1.78
09,10,167,63.55,12.72,11.46,7.74,4.13,0.40
09,11,164,65.84,8.23,10.22,10.19,5.12,0.40
09,12,167,69.54,9.49,9.61,8.66,1.83,0.86
10,1,171,69.29,8.87,10.04,7.74,3.20,0.86
10,2,171,52.55,25.61,7.78,6.83,6.37,0.86
10,3,172,59.97,8.38,17.65,7.25,4.53,2.21
10,4,172,59.97,10.18,13.15,9.96,4.53,2.21
10,5,172,47.81,14.69,16.75,12.21,8.14,0.41
10,6,172,45.10,15.14,18.55,11.76,7.24,2.21
10,7,170,41.42,14.82,18.72,15.50,6.39,3.14
10,8,168,40.88,20.00,15.22,13.81,8.75,1.33
10,9,168,43.18,19.54,17.52,11.52,5.99,2.25
10,10,167,48.45,18.25,15.76,10.19,6.02,1.34
10,11,167,53.52,18.25,10.69,7.88,6.48,3.18
10,12,168,64.74,8.99,10.64,7.85,5.99,1.79
11,1,165,53.98,16.13,11.64,9.30,6.66,2.29
11,2,165,52.12,11.94,14.90,10.70,8.99,1.35
11,3,164,46.76,16.67,15.90,10.75,7.16,2.76
11,4,164,47.70,14.33,17.30,10.28,6.69,3.70
11,5,164,55.17,9.66,13.10,10.28,10.43,1.36
11,6,164,50.97,13.87,14.03,9.81,9.96,1.36
11,7,164,47.70,18.07,13.56,12.62,6.69,1.36
11,8,165,49.33,15.20,17.69,9.77,5.73,2.29
11,9,165,56.31,14.27,13.04,9.77,5.73,0.89
11,10,163,57.78,12.52,13.63,9.86,5.32,0.90
11,11,164,64.52,9.19,13.56,8.41,2.49,1.83
11,12,164,67.32,8.26,10.29,8.41,3.89,1.83
12,1,169,55.58,11.77,13.15,13.35,3.93,2.22
12,2,169,50.56,17.71,11.78,13.81,5.30,0.85
12,3,169,47.36,16.34,14.06,13.35,6.67,2.22
12,4,169,47.36,13.60,16.35,12.89,6.67,3.13
12,5,170,63.96,12.17,5.82,9.20,6.18,2.66
12,6,170,53.06,13.08,14.91,10.56,6.64,1.75
12,7,169,51.01,15.88,16.35,10.15,4.84,1.76
12,8,170,55.78,14.90,10.82,11.92,5.27,1.30
12,9,170,59.87,16.72,10.36,8.29,3.91,0.85
12,10,170,63.06,10.81,10.36,9.65,3.46,2.66
12,11,170,70.78,8.54,7.18,7.38,5.27,0.85
12,12,170,70.78,11.26,8.09,5.11,4.37,0.39
13,1,187,47.76,11.01,26.80,9.67,4.45,0.30
13,2,187,51.14,19.87,12.45,7.99,7.41,1.15
13,3,187,46.92,16.92,10.76,12.63,10.36,2.41
13,4,187,55.78,19.45,9.50,9.67,3.61,1.99
13,5,186,53.05,16.56,9.11,13.95,6.17,1.15
13,6,186,74.66,3.85,7.00,12.26,1.93,0.30
13,7,186,56.02,12.33,14.20,8.44,7.01,2.00
13,8,186,56.86,12.75,10.39,12.68,4.90,2.42
13,9,185,69.02,8.98,8.30,7.63,4.07,2.01
13,10,185,66.89,9.40,9.58,8.48,4.07,1.58
13,11,185,74.98,8.12,7.03,6.78,2.79,0.31
13,12,185,72.00,6.85,7.03,8.05,4.49,1.58
14,1,154,66.36,6.42,10.29,10.67,4.82,1.44
14,2,158,37.68,18.32,20.18,12.39,10.02,1.41
14,3,159,57.60,13.45,11.95,9.94,4.70,2.36
14,4,158,55.95,12.55,15.38,9.03,5.69,1.41
14,5,158,45.85,15.44,16.34,11.91,7.61,2.85
14,6,158,41.05,13.51,18.74,12.87,10.98,2.85
14,7,156,39.02,14.61,21.35,13.00,10.60,1.42
14,8,156,40.47,17.53,18.44,11.06,10.11,2.39
14,9,156,37.56,16.07,20.38,15.42,8.66,1.91
14,10,156,46.78,17.53,12.61,14.45,7.20,1.42
14,11,155,57.26,14.69,12.67,9.65,3.82,1.92
14,12,155,59.69,10.30,13.16,8.18,7.72,0.94
15,1,179,54.85,11.08,11.57,15.72,3.67,3.12
15,2,179,46.11,16.75,16.37,9.61,8.47,2.68
15,3,179,42.62,13.26,15.93,13.98,11.09,3.12
15,4,179,45.24,14.13,14.62,13.10,10.22,2.68
15,5,180,51.13,14.07,11.08,13.48,7.56,2.67
15,6,180,47.65,13.20,15.86,9.13,11.04,3.11
15,7,178,49.39,16.83,15.12,9.65,6.31,2.70
15,8,178,71.75,9.81,7.67,7.90,1.93,0.94
15,9,176,57.34,12.11,14.37,7.53,5.93,2.72
15,10,176,62.65,10.78,11.72,7.08,6.81,0.95
15,11,176,67.96,11.22,10.39,5.31,3.27,1.83
15,12,176,66.19,9.45,10.83,7.53,5.04,0.95
16,1,178,63.36,8.45,12.23,9.69,4.91,1.37
16,2,178,42.30,16.34,20.13,12.32,7.10,1.81
16,3,178,42.74,14.15,18.81,11.88,9.30,3.12
16,4,178,44.06,12.39,18.81,12.32,8.42,4.00
16,5,178,53.27,9.32,17.93,10.13,7.10,2.25
16,6,178,53.27,14.15,11.79,12.76,6.67,1.37
16,7,179,57.40,14.52,11.30,9.65,4.89,2.24
16,8,179,51.29,15.83,14.36,10.08,4.89,3.55
16,9,178,62.92,11.52,9.16,8.81,5.79,1.81
16,10,179,54.78,12.34,12.18,10.96,7.51,2.24
16,11,179,65.70,12.34,8.25,7.03,4.45,2.24
16,12,180,67.59,8.81,10.39,6.56,5.74,0.92
17,1,187,68.98,8.43,9.64,7.66,4.96,0.33
17,2,186,50.62,14.82,13.50,13.62,4.13,3.30
17,3,186,47.23,17.36,16.46,9.81,7.10,2.03
17,4,186,48.93,13.13,18.58,11.93,5.40,2.03
17,5,186,54.86,11.01,12.23,11.08,9.22,1.60
17,6,186,57.83,11.43,13.50,13.20,2.44,1.60
17,7,185,52.54,14.89,14.83,10.28,6.28,1.18
17,8,186,56.13,11.43,12.23,11.08,6.68,2.45
17,9,186,54.01,11.01,14.77,12.35,6.68,1.18
17,10,186,54.44,14.40,14.77,8.54,6.25,1.60
17,11,186,65.88,8.89,13.07,7.27,4.56,0.33
17,12,186,71.81,6.77,10.96,6.84,2.44,1.18
18,1,193,76.55,4.17,8.18,6.72,3.74,0.64
18,2,193,66.67,9.93,9.83,9.60,3.74,0.23
18,3,194,67.22,9.89,11.43,7.51,2.90,1.05
18,4,193,65.03,15.69,9.83,5.90,2.91,0.64
18,5,193,59.68,9.11,13.95,11.25,5.38,0.64
18,6,192,52.90,15.34,12.35,11.29,5.40,2.71
18,7,192,54.14,15.34,15.24,10.05,4.58,0.65
18,8,193,52.27,19.39,14.36,8.37,5.38,0.23
18,9,192,58.68,12.86,14.83,7.16,4.16,2.30
18,10,191,53.12,14.57,13.65,10.92,5.43,2.31
18,11,190,60.84,14.64,11.20,8.47,3.78,1.07
18,12,194,77.06,6.20,6.51,6.69,2.49,1.05
19,1,171,60.68,13.67,10.39,11.06,2.92,1.29
19,2,171,54.34,14.57,13.55,8.80,6.08,2.65
19,3,172,55.45,10.45,14.84,9.66,7.41,2.18
19,4,172,57.25,10.45,13.94,10.56,6.51,1.28
19,5,173,65.52,9.96,9.84,8.72,5.13,0.83
19,6,173,50.72,13.99,16.12,10.97,7.37,0.83
19,7,173,61.93,8.61,11.19,10.97,5.58,1.73
19,8,173,64.17,10.85,12.54,8.72,2.89,0.83
19,9,172,64.91,7.75,11.69,6.96,5.16,3.53
19,10,172,69.86,6.85,9.44,6.06,4.70,3.08
19,11,172,69.86,9.10,12.14,6.96,1.55,0.38
19,12,172,71.67,8.65,7.19,7.41,3.35,1.73
20,1,182,53.77,14.89,11.88,12.03,6.20,1.22
20,2,182,52.05,13.59,12.74,12.03,7.50,2.08
20,3,182,41.70,17.47,17.49,14.19,7.06,2.08
20,4,181,50.98,14.09,15.40,12.52,5.36,1.66
20,5,182,70.15,14.89,5.85,7.29,1.46,0.36
20,6,181,53.14,13.22,13.66,10.35,5.36,4.26
20,7,181,60.50,11.06,10.63,10.79,5.80,1.23
20,8,181,65.26,16.68,8.90,6.46,1.90,0.79
20,9,180,62.50,11.54,8.94,9.53,4.95,2.54
20,10,180,64.68,12.41,10.25,8.22,3.21,1.23
20,11,180,72.07,8.50,8.51,5.18,4.95,0.80
20,12,164,68.11,8.20,9.14,9.31,3.45,1.79
21,1,177,68.91,7.94,6.28,8.35,6.79,1.74
21,2,180,60.62,7.40,6.63,16.93,6.27,2.15
21,3,180,63.23,5.66,14.46,8.67,6.70,1.28
21,4,180,70.18,5.22,8.80,8.24,5.83,1.72
21,5,180,68.01,6.53,7.93,6.50,8.01,3.02
21,6,180,42.36,17.40,17.50,11.28,8.44,3.02
21,7,180,59.75,12.18,7.06,11.72,8.01,1.28
21,8,179,46.47,21.40,14.08,10.89,5.86,1.29
21,9,179,60.88,10.05,8.84,10.02,8.04,2.16
21,10,179,60.01,10.49,11.03,9.15,7.17,2.16
21,11,179,63.94,7.43,11.90,9.15,5.86,1.73
21,12,180,65.84,8.70,11.41,7.80,4.96,1.28
22,1,174,71.38,10.44,8.45,7.41,2.11,0.20
22,2,174,54.87,20.71,14.25,7.41,2.55,0.20
22,3,174,49.06,12.23,28.99,5.18,3.45,1.10
22,4,174,46.38,20.71,18.72,10.09,3.89,0.20
22,5,174,48.62,20.26,13.81,10.54,6.13,0.65
22,6,174,51.29,17.58,14.70,9.20,4.79,2.43
22,7,175,59.96,13.50,12.41,8.72,5.21,0.20
22,8,174,66.03,14.01,8.90,6.52,3.00,1.54
22,9,174,62.90,12.67,13.81,4.74,3.89,1.99
22,10,175,65.73,13.95,11.52,6.05,1.65,1.09
22,11,175,67.96,10.39,12.86,5.16,2.99,0.65
22,12,175,73.29,10.84,7.97,5.60,1.65,0.65
23,1,158,77.63,6.65,7.25,4.20,3.89,0.39
23,2,160,64.03,12.78,8.60,7.49,6.23,0.86
23,3,160,60.70,7.06,14.80,11.78,4.33,1.34
23,4,159,47.59,17.62,12.47,11.84,7.22,3.26
23,5,160,61.17,11.82,9.08,10.35,6.71,0.86
23,6,160,48.79,16.59,15.27,8.92,8.14,2.29
23,7,159,41.85,18.58,16.78,11.36,8.65,2.78
23,8,159,45.68,18.10,14.87,13.75,6.26,1.35
23,9,159,47.11,18.58,19.17,8.01,5.30,1.82
23,10,159,56.68,17.14,9.60,9.44,5.78,1.35
23,11,159,63.86,11.40,7.69,8.96,6.74,1.35
23,12,159,68.17,7.57,10.08,7.53,4.83,1.82
24,1,175,51.35,14.71,13.42,12.26,7.03,1.23
24,2,175,54.02,19.16,10.31,9.15,5.69,1.67
24,3,175,50.91,19.16,10.76,11.82,6.58,0.78
24,4,176,55.99,11.99,12.04,13.09,6.11,0.78
24,5,177,54.42,12.38,14.63,9.51,6.97,2.10
24,6,177,53.10,12.82,9.78,14.36,7.85,2.10
24,7,177,70.28,9.29,8.90,6.43,3.88,1.21
24,8,177,68.08,11.06,9.78,7.31,3.00,0.77
24,9,177,61.91,12.38,10.66,7.31,5.64,2.10
24,10,177,68.52,8.41,7.58,5.54,6.97,2.98
24,11,177,73.81,7.09,7.58,6.43,4.32,0.77
24,12,175,70.46,8.04,9.42,6.93,3.47,1.67
