レースコード,レース日,レース場コード,レース回,艇1_選手名,艇1_枠番別勝率,艇1_枠番別平均ST,艇1_枠番別平均スタート順,艇1_過去1走_着順,艇1_過去1走_進入,艇1_過去1走_グレード,艇1_過去2走_着順,艇1_過去2走_進入,艇1_過去2走_グレード,艇1_過去3走_着順,艇1_過去3走_進入,艇1_過去3走_グレード,艇1_過去4走_着順,艇1_過去4走_進入,艇1_過去4走_グレード,艇1_過去5走_着順,艇1_過去5走_進入,艇1_過去5走_グレード,艇1_過去6走_着順,艇1_過去6走_進入,艇1_過去6走_グレード,艇1_過去7走_着順,艇1_過去7走_進入,艇1_過去7走_グレード,艇1_過去8走_着順,艇1_過去8走_進入,艇1_過去8走_グレード,艇1_過去9走_着順,艇1_過去9走_進入,艇1_過去9走_グレード,艇1_過去10走_着順,艇1_過去10走_進入,艇1_過去10走_グレード,艇2_選手名,艇2_枠番別勝率,艇2_枠番別平均ST,艇2_枠番別平均スタート順,艇2_過去1走_着順,艇2_過去1走_進入,艇2_過去1走_グレード,艇2_過去2走_着順,艇2_過去2走_進入,艇2_過去2走_グレード,艇2_過去3走_着順,艇2_過去3走_進入,艇2_過去3走_グレード,艇2_過去4走_着順,艇2_過去4走_進入,艇2_過去4走_グレード,艇2_過去5走_着順,艇2_過去5走_進入,艇2_過去5走_グレード,艇2_過去6走_着順,艇2_過去6走_進入,艇2_過去6走_グレード,艇2_過去7走_着順,艇2_過去7走_進入,艇2_過去7走_グレード,艇2_過去8走_着順,艇2_過去8走_進入,艇2_過去8走_グレード,艇2_過去9走_着順,艇2_過去9走_進入,艇2_過去9走_グレード,艇2_過去10走_着順,艇2_過去10走_進入,艇2_過去10走_グレード,艇3_選手名,艇3_枠番別勝率,艇3_枠番別平均ST,艇3_枠番別平均スタート順,艇3_過去1走_着順,艇3_過去1走_進入,艇3_過去1走_グレード,艇3_過去2走_着順,艇3_過去2走_進入,艇3_過去2走_グレード,艇3_過去3走_着順,艇3_過去3走_進入,艇3_過去3走_グレード,艇3_過去4走_着順,艇3_過去4走_進入,艇3_過去4走_グレード,艇3_過去5走_着順,艇3_過去5走_進入,艇3_過去5走_グレード,艇3_過去6走_着順,艇3_過去6走_進入,艇3_過去6走_グレード,艇3_過去7走_着順,艇3_過去7走_進入,艇3_過去7走_グレード,艇3_過去8走_着順,艇3_過去8走_進入,艇3_過去8走_グレード,艇3_過去9走_着順,艇3_過去9走_進入,艇3_過去9走_グレード,艇3_過去10走_着順,艇3_過去10走_進入,艇3_過去10走_グレード,艇4_選手名,艇4_枠番別勝率,艇4_枠番別平均ST,艇4_枠番別平均スタート順,艇4_過去1走_着順,艇4_過去1走_進入,艇4_過去1走_グレード,艇4_過去2走_着順,艇4_過去2走_進入,艇4_過去2走_グレード,艇4_過去3走_着順,艇4_過去3走_進入,艇4_過去3走_グレード,艇4_過去4走_着順,艇4_過去4走_進入,艇4_過去4走_グレード,艇4_過去5走_着順,艇4_過去5走_進入,艇4_過去5走_グレード,艇4_過去6走_着順,艇4_過去6走_進入,艇4_過去6走_グレード,艇4_過去7走_着順,艇4_過去7走_進入,艇4_過去7走_グレード,艇4_過去8走_着順,艇4_過去8走_進入,艇4_過去8走_グレード,艇4_過去9走_着順,艇4_過去9走_進入,艇4_過去9走_グレード,艇4_過去10走_着順,艇4_過去10走_進入,艇4_過去10走_グレード,艇5_選手名,艇5_枠番別勝率,艇5_枠番別平均ST,艇5_枠番別平均スタート順,艇5_過去1走_着順,艇5_過去1走_進入,艇5_過去1走_グレード,艇5_過去2走_着順,艇5_過去2走_進入,艇5_過去2走_グレード,艇5_過去3走_着順,艇5_過去3走_進入,艇5_過去3走_グレード,艇5_過去4走_着順,艇5_過去4走_進入,艇5_過去4走_グレード,艇5_過去5走_着順,艇5_過去5走_進入,艇5_過去5走_グレード,艇5_過去6走_着順,艇5_過去6走_進入,艇5_過去6走_グレード,艇5_過去7走_着順,艇5_過去7走_進入,艇5_過去7走_グレード,艇5_過去8走_着順,艇5_過去8走_進入,艇5_過去8走_グレード,艇5_過去9走_着順,艇5_過去9走_進入,艇5_過去9走_グレード,艇5_過去10走_着順,艇5_過去10走_進入,艇5_過去10走_グレード,艇6_選手名,艇6_枠番別勝率,艇6_枠番別平均ST,艇6_枠番別平均スタート順,艇6_過去1走_着順,艇6_過去1走_進入,艇6_過去1走_グレード,艇6_過去2走_着順,艇6_過去2走_進入,艇6_過去2走_グレード,艇6_過去3走_着順,艇6_過去3走_進入,艇6_過去3走_グレード,艇6_過去4走_着順,艇6_過去4走_進入,艇6_過去4走_グレード,艇6_過去5走_着順,艇6_過去5走_進入,艇6_過去5走_グレード,艇6_過去6走_着順,艇6_過去6走_進入,艇6_過去6走_グレード,艇6_過去7走_着順,艇6_過去7走_進入,艇6_過去7走_グレード,艇6_過去8走_着順,艇6_過去8走_進入,艇6_過去8走_グレード,艇6_過去9走_着順,艇6_過去9走_進入,艇6_過去9走_グレード,艇6_過去10走_着順,艇6_過去10走_進入,艇6_過去10走_グレード
202608220201,2026-08-22,02,01R,加藤 高史,6.5,0.23,4.6,6,,G3,3,,IP,2,,IP,2,,IP,2,,IP,1,,IP,3,,IP,5,,IP,1,,IP,3,,IP,江藤 敦宏,4.7,0.2,4.7,4,,IP,6,,IP,3,3,IP,4,,IP,5,,IP,5,,IP,1,,IP,2,,IP,3,,IP,4,,IP,黄金井 力良,5.7,0.11,2.1,1,,IP,3,,IP,3,,IP,6,,G3,4,,IP,5,,IP,3,,IP,2,,IP,3,,IP,2,,IP,中村 楓,2.8,0.13,2.7,4,,IP,4,,IP,5,,IP,5,,IP,5,6,IP,4,,IP,5,,IP,4,,IP,5,,IP,5,,IP,竹内 来,3.7,0.13,3.1,1,,IP,2,,IP,5,6,IP,6,6,IP,6,,IP,5,,IP,3,,IP,6,,IP,4,,IP,5,,IP,山本 稔太朗,4.0,0.21,4.7,2,,IP,6,,IP,3,,IP,4,,G3,3,4,G3,4,,IP,4,,G3,4,,G3,5,,IP,6,,IP
202608220202,2026-08-22,02,02R,中島 航,7.1,0.16,3.9,2,,IP,6,,IP,2,,IP,3,,IP,1,,G3,2,,IP,2,,IP,1,,G3,1,,IP,5,,IP,赤羽 克也,6.2,0.17,4.1,2,,IP,5,,IP,6,,IP,3,,IP,3,,IP,2,,IP,2,,IP,3,,IP,2,,IP,2,,IP,佐竹 友樹,2.9,0.15,3.9,5,,IP,4,,IP,6,2,IP,6,4,IP,5,,G2,6,,G2,2,,IP,5,,IP,4,,IP,5,,IP,浜崎 準也,3.7,0.19,3.8,4,3,IP,6,,IP,6,,IP,5,,IP,4,5,IP,4,5,IP,1,,IP,4,,IP,3,,IP,6,,IP,山本 英志,4.2,0.16,3.1,6,,IP,4,,IP,5,,IP,3,,IP,6,,G2,2,,G2,4,,IP,5,,IP,4,,G3,2,,IP,野中 義生,4.2,0.14,3.1,6,,IP,4,,IP,5,,IP,6,,G3,3,,G3,2,,G3,4,,G3,2,,G3,5,,G3,3,,IP
202608220203,2026-08-22,02,03R,近藤 友宝,7.4,0.18,3.6,3,,IP,3,,IP,2,,IP,4,,IP,1,,IP,1,,IP,2,,IP,1,,IP,2,,IP,4,,IP,妹尾 忠幸,6.0,0.15,2.9,3,,IP,3,,IP,5,,IP,3,,IP,3,,IP,2,,IP,4,,IP,2,,IP,2,,IP,3,,IP,大江 純,4.8,0.14,2.2,1,,IP,6,,IP,転,,IP,4,,IP,2,,IP,1,,IP,5,,IP,2,4,G3,4,,G3,6,4,IP,川上 剛,5.3,0.17,3.5,4,,IP,2,,IP,3,,IP,1,,IP,4,,IP,4,3,IP,5,,IP,3,,IP,6,,IP,2,,IP,内山 文典,3.2,0.15,3.3,3,,IP,5,,IP,6,,IP,2,,IP,5,,IP,2,,IP,5,,IP,6,,IP,6,,IP,6,,IP,吉村 誠,5.2,0.15,3.2,5,,IP,3,,IP,3,,IP,3,,IP,2,5,IP,4,,IP,4,,IP,4,5,IP,2,,IP,4,,IP
202608220204,2026-08-22,02,04R,乃村 康友,6.0,0.18,3.8,1,,IP,2,,IP,3,,IP,3,,IP,F,,IP,1,,IP,2,,IP,3,,G3,4,,IP,5,,IP,吉島 祥之,5.3,0.18,4.2,3,,IP,2,,G3,1,,G3,5,,IP,5,,IP,1,,IP,4,,IP,3,,IP,6,,IP,4,,IP,東本 勝利,5.8,0.18,3.9,4,,IP,2,,IP,4,,IP,2,,IP,5,,IP,2,,IP,3,4,G3,4,,G3,3,,G3,2,,IP,前原 大道,6.0,0.13,2.6,3,,IP,1,,IP,1,,IP,5,,G3,2,,G3,2,,IP,6,,G2,F,,G2,4,,IP,1,,IP,木山 大聖,5.3,0.07,1.1,4,,IP,2,,IP,2,,IP,1,,IP,2,,IP,5,,IP,5,,IP,1,4,IP,落,,IP,6,,IP,三川 昂暁,3.8,0.16,3.6,6,,IP,5,,IP,4,,IP,6,,IP,4,,IP,3,,IP,5,,IP,5,,IP,2,,IP,2,,IP
202608220205,2026-08-22,02,05R,永嶋 裕一,8.0,0.13,1.9,1,,IP,5,,IP,1,,IP,3,,IP,1,,IP,1,,IP,2,,IP,4,,IP,1,,IP,1,,IP,堂原 洋史,3.8,0.16,3.8,2,,IP,3,,IP,転,,IP,4,,IP,2,,G3,6,,G3,6,,IP,4,,IP,4,,IP,5,,IP,加藤 高史,5.11,0.18,4.5,4,,G3,2,4,G3,4,,IP,4,,IP,5,4,IP,2,,IP,転,,IP,3,,IP,4,,IP,3,,IP,常住 蓮,7.5,0.13,2.6,3,,IP,1,,IP,4,,IP,3,,IP,3,,G3,1,,G3,2,,G2,5,,G2,1,,G1,3,,SG,高橋 勲,5.22,0.11,2.8,6,,IP,エ,,IP,4,3,IP,3,,IP,5,,G3,3,,G3,3,3,G3,2,,IP,3,3,IP,2,,G3,鳥本 智史,1.6,0.17,3.4,6,,IP,6,,IP,4,,IP,6,,IP,4,,IP,6,,IP,6,,IP,6,,IP,6,,IP,6,,IP
202608220206,2026-08-22,02,06R,本吉 正樹,5.8,0.18,3.3,1,,IP,5,,IP,2,,IP,6,,IP,2,,IP,1,,IP,6,,IP,4,,IP,3,,IP,2,,IP,鈴木 賢一,5.8,0.15,4.2,4,,G3,2,,IP,5,,IP,2,,IP,2,,G3,6,3,G3,1,,IP,6,,IP,2,,IP,2,,IP,中島 航,4.6,0.21,4.2,2,,IP,3,,IP,4,,IP,5,,IP,4,,IP,3,,IP,5,,IP,5,,IP,4,5,G3,2,,IP,尾嶋 一広,5.6,0.11,1.8,3,,IP,1,,G3,4,,IP,2,,IP,6,,IP,3,,IP,4,,G1,2,,IP,3,,IP,5,,IP,若林 義人,6.0,0.17,3.9,3,,IP,1,4,IP,3,,IP,2,,IP,5,,IP,6,,G3,3,,G3,2,,IP,5,,IP,1,2,IP,柴田 朋哉,5.2,0.13,3.2,3,,IP,2,,IP,5,,IP,6,,G3,3,,IP,4,,IP,4,,IP,1,,IP,1,,IP,6,,IP
202608220207,2026-08-22,02,07R,内堀 学,8.4,0.12,2.6,2,,IP,F,,IP,1,,IP,1,,IP,1,,IP,1,,IP,1,,IP,1,,IP,3,,IP,1,,IP,近藤 友宝,3.4,0.17,3.3,4,,IP,2,,IP,6,,IP,6,,IP,6,,IP,3,,IP,4,,IP,5,3,IP,3,3,IP,6,,IP,野中 義生,4.5,0.16,3.1,3,,IP,2,,IP,5,,IP,4,,IP,5,,IP,F,,G3,5,,IP,1,4,IP,1,4,IP,6,,G3,木山 大聖,4.5,0.11,2.6,4,,IP,3,,IP,4,,IP,6,,IP,3,,IP,2,,IP,5,,IP,4,,IP,4,,IP,3,,IP,中村 楓,2.5,0.13,2.8,6,6,IP,6,,IP,3,,IP,6,6,IP,6,6,IP,5,,IP,4,,IP,5,,IP,3,,IP,6,,IP,野相 弘司,2.3,0.23,5.1,6,,IP,5,,IP,3,,IP,4,,IP,5,,IP,4,,IP,6,,IP,6,,IP,6,,IP,6,,IP
202608220208,2026-08-22,02,08R,江藤 敦宏,4.8,0.19,4.2,6,,IP,6,,IP,1,,IP,5,,IP,5,,IP,2,,IP,1,,IP,2,,IP,5,,IP,4,,IP,乃村 康友,5.1,0.18,4.2,6,,IP,2,,IP,4,,IP,2,,IP,6,,IP,6,,IP,1,,IP,3,,IP,2,,IP,4,3,G3,川上 剛,5.3,0.16,3.2,2,2,IP,2,,IP,4,,IP,4,,IP,1,,IP,4,,IP,4,,IP,4,,IP,3,,IP,6,,IP,佐竹 友樹,3.9,0.15,2.8,4,,IP,6,,IP,4,,IP,2,,IP,3,,IP,6,,IP,6,,IP,5,5,G2,5,,G2,2,,IP,鳥本 智史,1.8,0.17,3.6,6,6,IP,6,6,IP,6,6,IP,6,6,IP,6,6,IP,6,6,IP,5,6,IP,6,6,IP,6,6,IP,2,6,IP,久富 政弘,3.9,0.21,5.0,1,,IP,4,,IP,3,,IP,6,,IP,5,,IP,6,,IP,3,4,IP,5,,IP,3,,IP,6,,IP
202608220209,2026-08-22,02,09R,東本 勝利,8.6,0.16,3.5,2,,IP,1,,IP,1,,IP,1,,IP,1,,IP,1,,IP,1,,IP,5,,IP,2,,IP,2,,IP,高橋 勲,6.3,0.12,2.2,6,,IP,5,,IP,5,,IP,2,,IP,1,3,G3,1,,G3,3,,G3,2,,IP,2,,IP,2,,G3,赤羽 克也,7.4,0.13,3.1,3,,IP,3,,IP,2,,IP,1,,IP,2,,IP,4,,IP,3,,IP,1,,IP,1,,IP,3,,IP,竹内 来,2.3,0.21,4.0,3,,IP,5,,IP,4,5,IP,6,5,IP,6,,IP,5,,IP,6,,IP,4,,IP,6,6,IP,6,5,IP,大江 純,1.8,0.13,4.2,6,,IP,6,6,IP,6,,IP,6,,IP,6,,IP,3,,IP,6,,IP,6,,IP,4,,IP,6,,G3,相原 利章,3.6,0.13,2.6,5,,IP,3,,IP,5,,IP,4,,IP,5,,IP,5,,IP,3,,IP,4,,IP,3,,IP,5,,IP
202608220210,2026-08-22,02,10R,吉島 祥之,6.7,0.17,3.8,4,,IP,1,,IP,3,,G3,2,,G3,5,,IP,3,,IP,6,,IP,1,,IP,1,,IP,1,,IP,吉村 誠,8.2,0.18,3.5,2,,IP,1,,IP,1,,IP,2,,IP,4,,IP,3,,IP,1,3,IP,1,,IP,3,,IP,1,,IP,常住 蓮,7.6,0.12,2.4,1,,IP,2,,IP,2,,IP,1,,G3,4,,G2,3,,G2,3,,G2,3,,G1,3,,SG,3,,IP,鈴木 賢一,4.33,0.19,4.3,5,,G3,1,,IP,転,,IP,2,5,G3,3,,IP,4,,IP,6,,IP,4,,IP,5,5,IP,5,,IP,黄金井 力良,5.9,0.16,3.1,3,,IP,3,,G3,5,,IP,3,,IP,6,,IP,2,,IP,2,6,IP,1,,IP,3,,IP,3,,IP,坂東 満,2.0,0.22,4.7,5,,IP,6,,IP,6,,IP,6,,IP,3,,IP,6,,IP,6,,IP,6,,IP,4,,IP,5,,IP
202608220211,2026-08-22,02,11R,尾嶋 一広,8.8,0.14,2.5,1,,IP,1,,G3,2,,IP,1,,IP,1,,IP,1,,IP,6,,IP,1,,IP,2,,IP,1,,G1,山本 英志,7.0,0.11,2.3,2,,IP,3,,IP,3,,IP,2,,IP,2,,G2,5,,G2,1,,IP,3,,IP,1,,IP,4,3,IP,堂原 洋史,6.3,0.16,2.8,2,,IP,2,,IP,2,,IP,2,5,G3,4,,IP,1,,IP,6,,IP,3,,IP,3,,IP,4,,IP,内山 文典,4.4,0.12,3.3,5,,IP,4,,IP,5,,IP,4,,IP,5,,IP,3,,IP,2,,IP,6,,IP,2,,IP,3,,IP,前原 大道,4.8,0.18,3.7,4,,IP,3,6,IP,3,,G3,4,,IP,5,,G2,4,,G2,4,,IP,3,,IP,4,,G1,4,,G1,今井 貴士,5.7,0.13,3.7,2,,IP,2,,IP,2,,IP,5,,IP,6,,IP,3,,IP,3,,IP,3,,IP,3,,IP,3,,IP
202608220212,2026-08-22,02,12R,若林 義人,8.8,0.13,1.9,1,,IP,1,,IP,1,,IP,1,,IP,1,,G3,5,,IP,1,,IP,1,,IP,3,,IP,1,,IP,久富 政弘,4.0,0.18,3.9,6,,IP,3,,IP,6,,IP,5,,IP,2,,IP,4,,IP,3,,IP,5,,IP,4,,IP,3,,IP,山本 稔太朗,6.0,0.16,3.4,1,,IP,3,,G3,2,,G3,4,,IP,3,4,G3,4,,G3,3,,IP,2,,IP,3,,IP,5,,IP,内堀 学,5.7,0.14,2.5,5,,IP,4,,IP,1,,IP,2,,IP,1,,IP,6,,IP,4,2,IP,5,,IP,1,,IP,4,,IP,三川 昂暁,4.0,0.16,3.4,5,,IP,5,,IP,4,6,IP,3,,IP,3,,IP,5,,IP,5,,IP,4,,IP,1,,IP,5,,IP,浜崎 準也,3.7,0.22,4.7,5,,IP,4,,IP,5,,IP,6,,IP,3,,IP,5,,IP,3,,IP,4,,IP,3,,IP,4,,IP
202608220301,2026-08-22,03,01R,大塚 雅治,7.8,0.13,2.4,3,,IP,4,,IP,1,,IP,1,,IP,3,2,IP,3,,G3,1,,IP,3,,IP,1,,IP,1,,IP,川辺 郭人,4.7,0.17,2.6,4,,IP,2,,IP,4,,IP,4,,IP,3,,IP,3,,IP,4,,IP,6,,IP,4,,IP,3,,IP,重富 伸也,4.0,0.18,3.2,6,,IP,4,,IP,2,,IP,6,,IP,5,,IP,5,,IP,4,,IP,2,,IP,2,,IP,5,,IP,多田 有佑,4.5,0.18,3.6,4,,IP,3,,IP,6,,IP,4,5,G2,2,,G2,1,,IP,6,6,IP,6,,IP,4,,IP,4,,IP,野田 昇吾,3.1,0.17,3.9,1,,IP,6,,IP,5,,IP,6,,IP,5,,IP,3,,IP,4,6,IP,5,,IP,6,,IP,5,,IP,栗原 一馬,2.8,0.16,3.8,6,,IP,6,,IP,3,,IP,3,,IP,6,,IP,6,,IP,5,,IP,5,,IP,4,,IP,4,,IP
202608220302,2026-08-22,03,02R,表 健太,2.4,0.19,4.0,5,,IP,6,,IP,6,,IP,4,,IP,転,,IP,5,2,IP,5,,IP,4,,IP,5,,IP,3,,IP,富永 夏哉人,5.0,0.15,3.4,転,,IP,2,,IP,3,,IP,4,,IP,2,,IP,2,,IP,6,,IP,6,,IP,6,,IP,2,,IP,山崎 聖司,3.5,0.13,2.7,5,,IP,3,,IP,4,,IP,3,,IP,6,,IP,6,,IP,2,,IP,5,,IP,6,4,IP,4,,IP,熊本 英一,3.8,0.19,4.5,4,,IP,4,,IP,2,,IP,1,,IP,4,,IP,4,,IP,6,6,IP,6,,IP,6,,IP,6,,IP,藤井 公人,5.11,0.11,2.5,2,,IP,4,,IP,3,,IP,3,,IP,2,,IP,転,,IP,3,6,IP,6,,IP,3,,IP,6,,IP,川原 涼,2.3,0.19,4.1,5,5,IP,5,,IP,6,,IP,6,,IP,5,,IP,5,,IP,5,,IP,2,,IP,6,,IP,5,,IP
202608220303,2026-08-22,03,03R,宇野 博之,5.1,0.21,4.1,6,,IP,3,,IP,2,,IP,4,,IP,4,,IP,3,,IP,6,,IP,6,,IP,1,,IP,1,,IP,吉川 勇作,2.1,0.13,2.7,6,,IP,3,,IP,6,,IP,6,,IP,4,,IP,5,,IP,6,,IP,5,,IP,5,,IP,6,,IP,倉尾 大介,5.8,0.12,3.0,F,,IP,4,4,IP,2,5,IP,2,,IP,2,,IP,3,,IP,4,,IP,2,,IP,3,,IP,3,,IP,竹井 貴史,6.1,0.17,3.1,2,,IP,5,,IP,2,5,IP,2,,IP,2,,IP,3,,G2,4,,IP,2,,IP,3,,IP,5,,IP,藤井 太雅,3.2,0.2,5.4,5,,IP,4,,IP,4,,IP,3,,IP,4,,IP,6,,IP,5,,IP,5,,IP,6,,IP,3,,IP,森 智哉,3.5,0.18,3.9,5,,IP,5,,IP,6,,IP,5,,IP,3,,IP,3,,IP,5,,IP,4,,IP,3,,IP,4,,IP
202608220304,2026-08-22,03,04R,森下 勇,8.3,0.11,2.1,6,,IP,1,,IP,1,,IP,1,,IP,1,,IP,1,,IP,1,,IP,4,,IP,2,,IP,1,,IP,八木 治樹,6.0,0.19,3.0,4,,IP,1,,IP,5,,IP,4,,IP,1,,IP,3,,IP,3,,IP,2,,IP,4,,IP,3,,IP,金子 龍斗,4.7,0.15,2.8,3,,IP,4,,IP,1,,IP,6,,IP,5,,IP,5,,IP,4,,IP,4,,IP,2,,IP,3,,IP,前田 将太,5.6,0.12,3.1,3,,IP,2,,G3,4,,G3,3,,G3,2,,IP,6,,IP,3,3,IP,3,,IP,6,,SG,3,,SG,荒木 颯斗,4.4,0.12,2.1,3,,IP,5,,IP,4,,IP,5,,G3,3,,G3,5,,IP,1,,IP,5,,IP,4,6,IP,3,,IP,佐野 優都,2.8,0.28,5.7,4,,IP,5,,IP,5,,IP,6,,IP,6,,IP,6,,IP,4,,IP,1,,IP,5,,IP,6,,IP
202608220305,2026-08-22,03,05R,松下 誉士,5.5,0.19,4.0,6,,IP,1,,IP,5,,IP,2,,IP,5,,IP,2,,IP,1,,IP,4,,IP,4,,IP,3,,IP,岡 暢祐,4.8,0.16,3.3,1,3,IP,5,,IP,4,,IP,6,,IP,5,,IP,1,,IP,6,,IP,3,,IP,3,,IP,3,,IP,栗原 一馬,5.5,0.17,3.9,5,,IP,1,,IP,F,,IP,3,,IP,6,,IP,1,,IP,2,,IP,4,,IP,2,,IP,3,4,IP,原田 才一郎,5.5,0.16,3.7,6,,IP,2,,G3,3,,G3,1,,IP,6,,IP,2,,IP,5,,G1,3,,IP,2,,IP,4,,IP,三木 晴斗,5.1,0.11,2.3,4,,IP,3,6,G3,2,,G3,3,,IP,転,,IP,3,,IP,3,,IP,6,,IP,1,,IP,4,6,IP,黒柳 浩孝,3.7,0.14,2.5,5,,IP,2,,IP,2,,IP,3,,IP,6,,IP,5,,IP,5,,IP,5,,IP,4,,IP,6,,G2
202608220306,2026-08-22,03,06R,片岡 秀樹,6.1,0.15,3.3,1,,IP,1,,IP,6,,IP,4,,IP,1,,IP,5,2,IP,5,,IP,1,,IP,1,,IP,5,,IP,多田 有佑,3.5,0.18,3.7,5,,IP,4,,G2,6,,G2,5,,IP,5,,IP,3,,IP,3,,IP,5,,IP,4,,IP,4,,IP,熊本 英一,3.8,0.19,4.6,3,,IP,3,,IP,3,,IP,5,,IP,5,,IP,4,,IP,5,4,IP,6,,IP,2,,IP,6,,IP,田村 隆信,5.1,0.15,3.5,3,3,IP,2,,IP,4,,IP,1,,IP,4,,IP,1,,IP,6,,IP,6,,G2,5,,G2,5,,G1,板橋 侑我,4.7,0.14,3.1,5,,IP,4,,SG,4,,IP,4,,G2,5,,G2,3,,G2,2,,IP,3,,IP,5,,IP,4,,IP,眞鳥 康太,3.8,0.2,4.5,4,,IP,4,,IP,2,,IP,3,,IP,6,,IP,3,,IP,5,,IP,4,,IP,5,,G3,6,,G3
202608220307,2026-08-22,03,07R,大島 隆乃介,7.67,0.17,3.5,2,,IP,1,,IP,1,,IP,2,,IP,6,,IP,4,,IP,1,,IP,1,,IP,2,,IP,転,,IP,宇佐見 淳,7.0,0.16,2.8,3,,IP,3,,IP,1,3,IP,3,,IP,3,,IP,2,,IP,3,,IP,4,,G3,1,,G3,2,,IP,富永 夏哉人,4.3,0.14,3.2,3,,IP,2,4,IP,5,,IP,6,,IP,6,,IP,3,,IP,2,,IP,3,,IP,4,,IP,6,,IP,森 智哉,5.5,0.14,2.2,1,5,IP,1,,IP,5,,IP,2,,IP,6,,IP,5,,IP,3,,IP,1,,IP,4,5,IP,5,,IP,重富 伸也,2.3,0.12,2.8,3,6,IP,6,,IP,5,,IP,5,,IP,5,4,IP,5,,IP,5,,IP,4,,IP,6,,IP,6,,IP,加藤 翔馬,6.0,0.18,4.1,不,,IP,3,,IP,5,,IP,3,5,IP,2,2,G3,1,5,IP,5,,IP,3,,IP,1,,IP,5,,IP
202608220308,2026-08-22,03,08R,門間 雄大,7.1,0.13,2.4,5,,IP,4,,IP,2,,IP,1,,G3,2,,G3,2,,G2,4,,G3,1,,IP,1,,IP,3,,IP,垂水 悠,4.0,0.1,2.3,2,,IP,5,,IP,5,,G3,6,,G3,5,,IP,2,,IP,3,,IP,4,,IP,3,,IP,6,,IP,柳内 敬太,6.3,0.16,3.5,6,,IP,2,,IP,4,,IP,3,,IP,2,,IP,2,,IP,3,,IP,3,,IP,1,,IP,3,,IP,山崎 聖司,4.5,0.18,3.9,3,,IP,2,,IP,5,,IP,3,,IP,5,6,IP,4,,IP,4,,IP,3,,IP,6,,IP,3,,IP,吉川 勇作,2.2,0.15,3.2,6,6,IP,6,,IP,6,,IP,3,,IP,4,,IP,6,6,IP,5,4,IP,6,,IP,4,,IP,6,,IP,野田 昇吾,2.5,0.15,4.1,4,,IP,5,,IP,6,,IP,5,,IP,6,,IP,5,,IP,6,,IP,4,,IP,5,,IP,3,,IP
202608220309,2026-08-22,03,09R,木下 大將,9.4,0.09,1.7,2,,IP,1,2,IP,1,,IP,1,,IP,1,,IP,2,,IP,1,,IP,1,,IP,2,,G3,1,,G3,藤井 太雅,4.89,0.22,4.5,5,,IP,2,,IP,2,,IP,4,,IP,落,,IP,4,,IP,5,,IP,5,,IP,2,,IP,3,,IP,川辺 郭人,2.8,0.18,3.6,3,,IP,4,,IP,5,,IP,4,,IP,F,,IP,4,,IP,5,,IP,6,,IP,6,,IP,4,,IP,末永 祐輝,4.6,0.12,2.2,3,,IP,6,,IP,3,,IP,4,,IP,4,5,G3,3,,G3,2,,G3,5,,IP,6,,IP,2,,IP,岡 暢祐,2.8,0.15,3.3,5,,IP,6,,IP,4,,IP,4,,IP,2,,IP,4,,IP,6,,IP,転,6,IP,5,,IP,5,,IP,前田 将太,6.9,0.12,3.5,2,5,IP,2,,G3,3,5,IP,3,,IP,3,,IP,1,,IP,3,,IP,6,,SG,2,,IP,2,5,IP
202608220310,2026-08-22,03,10R,中野 希一,7.7,0.14,3.9,1,,IP,3,,IP,1,,IP,1,,IP,1,,IP,1,,G3,1,,G3,4,,IP,3,,G3,6,,G3,伊久間 陽優,7.0,0.11,2.7,3,,IP,3,,IP,2,,G3,2,,G3,2,3,IP,1,,IP,2,,IP,2,,IP,5,,IP,3,,IP,川原 涼,4.4,0.15,3.1,6,,IP,6,,IP,2,,IP,1,,IP,6,,IP,2,,IP,3,4,IP,2,,IP,6,,IP,転,4,IP,池田 雄一,5.1,0.17,3.7,2,,IP,2,,IP,3,,IP,3,,IP,6,,IP,6,,IP,6,,IP,3,,IP,3,,IP,2,,IP,芝田 京介,3.5,0.22,4.2,2,,IP,6,6,IP,5,,IP,4,6,IP,4,,IP,4,,IP,6,6,IP,6,6,IP,3,,IP,4,,IP,佐野 優都,2.8,0.28,5.7,4,,IP,5,,IP,5,,IP,6,,IP,6,,IP,6,,IP,4,,IP,1,,IP,5,,IP,6,,IP
202608220311,2026-08-22,03,11R,田村 隆信,7.1,0.18,4.4,1,,IP,2,,IP,1,,IP,5,,IP,6,,IP,5,,IP,3,,IP,1,,IP,1,,G2,1,,G2,荒木 颯斗,6.2,0.15,2.5,1,,IP,2,,IP,1,,IP,3,,IP,5,,G3,3,,G3,5,,IP,4,,IP,2,,IP,4,,IP,小林 基樹,3.3,0.12,2.3,5,,IP,4,,IP,3,,IP,3,,IP,6,,IP,6,,IP,5,,IP,6,,IP,5,,IP,2,,IP,黒柳 浩孝,4.3,0.16,3.3,2,,IP,2,,IP,6,2,IP,4,,IP,6,,IP,6,,IP,2,,IP,5,,IP,2,3,IP,5,,IP,倉尾 大介,4.4,0.18,3.4,4,4,IP,6,6,IP,2,4,IP,5,,IP,6,,IP,4,,IP,3,,IP,5,,IP,2,,IP,2,,IP,藤井 公人,3.22,0.14,3.2,欠,,IP,6,,IP,4,,IP,2,5,IP,4,,IP,4,,IP,4,,IP,6,,IP,5,,IP,6,,IP
202608220312,2026-08-22,03,12R,竹井 貴史,8.7,0.17,3.3,1,,IP,1,,IP,4,,IP,1,,IP,1,,IP,3,,IP,1,,IP,3,,IP,1,,IP,1,,G2,岩津 徹郎,5.8,0.11,2.4,5,,IP,5,3,IP,3,,IP,2,,IP,1,,IP,2,,IP,3,,IP,3,,IP,5,,IP,2,,IP,松下 誉士,3.5,0.2,4.1,5,,IP,6,,IP,3,,IP,4,,IP,5,,IP,5,6,IP,3,,IP,6,,IP,1,,IP,6,,IP,板橋 侑我,5.5,0.14,3.0,6,,IP,6,,SG,5,,IP,3,,IP,3,,G2,2,,IP,1,,IP,1,,IP,6,,IP,3,,IP,門間 雄大,3.9,0.11,2.2,6,,IP,3,,IP,4,,IP,6,,IP,3,,G3,3,,G2,4,6,G2,4,,G3,6,,G3,4,,IP,宇佐見 淳,3.0,0.16,3.0,5,5,IP,4,5,IP,5,,IP,5,,IP,4,,IP,4,5,IP,4,,G3,5,,IP,4,,IP,5,,IP
202608220401,2026-08-22,04,01R,伊倉 光,7.0,0.13,2.6,5,,IP,2,,IP,3,,IP,3,,IP,3,,IP,2,,IP,1,,IP,1,,G3,4,,IP,1,,IP,松下 直也,8.0,0.18,3.0,2,,IP,1,,IP,2,,IP,3,,IP,2,,IP,3,,IP,1,,IP,2,,IP,2,,IP,2,,IP,宮崎 奏磨,1.5,0.23,4.0,6,,IP,6,,IP,6,,IP,6,,IP,6,,IP,4,,IP,,,,,,,,,,,,IP,長尾 京志郎,4.9,0.12,3.5,4,,IP,4,,IP,3,,IP,4,,IP,6,,IP,2,,IP,3,,IP,2,,IP,3,,IP,5,,IP,飯山 泰,5.0,0.14,3.0,3,,IP,3,4,G3,1,,IP,5,,IP,5,,G2,5,,G2,3,,IP,5,,IP,5,,IP,2,,IP,松下 哲也,2.6,0.18,3.5,4,,IP,6,,IP,4,,IP,6,,IP,6,,IP,3,,IP,4,,IP,5,,IP,6,,IP,5,,IP
202608220402,2026-08-22,04,02R,岡村 慶太,9.9,0.1,2.7,1,,IP,2,,IP,1,,IP,1,,IP,1,,IP,1,,IP,1,,IP,1,,IP,1,,IP,1,,IP,三品 隆浩,4.6,0.2,4.7,5,,IP,4,,IP,3,,IP,3,,IP,3,,IP,6,,IP,2,,IP,6,,IP,4,3,IP,2,,IP,村本 大成,3.6,0.14,3.5,6,,IP,6,,IP,6,,IP,5,,IP,3,,IP,6,,IP,2,,IP,3,,IP,3,,IP,4,,IP,栗原 謙治,2.1,0.23,5.3,6,,IP,5,,IP,6,,IP,6,,IP,4,,IP,5,5,IP,5,5,IP,5,6,IP,5,,IP,4,,IP,浮田 圭浩,2.8,0.21,4.0,5,,IP,4,6,IP,6,,IP,6,,IP,6,,IP,4,,IP,6,,IP,4,,IP,4,,IP,3,,IP,岩橋 裕馬,3.4,0.16,3.5,6,,IP,4,,IP,1,,IP,4,,IP,3,,IP,4,,IP,6,,G3,6,5,IP,6,,IP,5,,IP
202608220403,2026-08-22,04,03R,峰重 侑治,7.0,0.15,2.5,2,,IP,1,,IP,2,,IP,1,,IP,4,,IP,4,,IP,1,,IP,1,,IP,5,,IP,4,,IP,佐口 達也,4.6,0.16,2.2,4,,IP,3,,IP,1,,IP,3,,IP,6,,IP,6,,IP,3,,IP,4,,IP,4,,IP,4,,IP,倉富 大誠,5.6,0.13,2.9,3,4,IP,1,,IP,5,,IP,2,,IP,3,,IP,3,,IP,5,,IP,4,,IP,4,,IP,2,,IP,立間 充宏,6.1,0.13,2.4,5,,IP,2,,IP,2,,IP,2,5,IP,4,5,G2,2,,IP,3,,IP,3,,IP,5,,IP,3,,IP,小川 竜太朗,3.0,0.17,3.2,5,,IP,4,,IP,欠,,G3,5,,IP,3,,IP,5,,IP,4,,IP,4,4,IP,5,,IP,4,,IP,菊地 孝平,5.5,0.1,3.8,1,5,IP,3,3,IP,3,,SG,6,,SG,3,,G2,6,,G2,5,5,G1,5,,G1,4,,G1,3,,SG
202608220404,2026-08-22,04,04R,山地 正樹,7.4,0.2,4.3,6,,IP,1,,IP,2,,IP,1,,IP,1,,IP,2,,IP,1,,IP,6,,IP,2,,IP,2,,IP,畔柳 俊吾,5.0,0.2,4.2,6,,IP,3,,IP,4,,IP,3,,IP,2,,IP,4,,IP,4,,IP,落,3,IP,3,,IP,3,,IP,豊田 訓靖,4.1,0.23,4.7,4,,IP,2,,IP,6,,IP,3,,IP,4,,IP,6,,G3,4,,G3,6,,G3,5,,G3,1,,G3,福来 剛,6.4,0.14,2.6,1,,IP,3,,IP,2,,IP,1,,IP,4,,G2,5,,G2,2,,IP,3,,IP,転,,IP,2,,IP,上原 健次郎,3.2,0.2,4.6,4,,IP,6,,IP,4,,IP,5,,IP,5,,IP,4,,G2,4,,G2,6,,IP,4,,IP,4,,IP,中野 次郎,3.7,0.16,4.2,6,,SG,3,,IP,6,,G1,4,,G1,4,,G3,6,,G2,3,5,IP,6,,G1,4,,G1,6,,G1
202608220405,2026-08-22,04,05R,田代 達也,4.2,0.18,3.2,1,,IP,4,,IP,6,,IP,転,,IP,3,,IP,1,,IP,5,,IP,3,2,IP,5,,IP,6,,IP,伏島 祐介,5.6,0.22,4.9,3,,IP,6,,IP,4,,IP,5,,IP,1,,IP,2,,IP,3,,IP,2,,IP,1,,IP,6,,IP,荒井 輝年,6.4,0.11,2.1,6,,G2,3,,IP,1,,IP,1,,IP,1,,IP,5,,IP,F,,IP,1,,IP,1,,IP,4,,IP,小坂 尚哉,7.7,0.14,2.5,2,,IP,2,,IP,1,,IP,2,,IP,2,,IP,4,,G1,6,,G1,2,,IP,1,,IP,1,,IP,古澤 光紀,4.3,0.13,3.5,3,,IP,3,,IP,2,,IP,3,,IP,6,,IP,4,,IP,6,,IP,6,,IP,4,6,IP,4,,IP,丸山 祐也,2.9,0.27,5.5,4,,IP,3,,IP,6,,IP,3,,IP,5,,IP,6,,IP,4,,IP,5,,IP,5,,IP,6,,IP
202608220406,2026-08-22,04,06R,浮田 圭浩,6.1,0.14,2.9,3,,IP,1,,IP,3,,IP,5,,IP,5,,IP,3,,IP,2,,IP,1,,IP,1,,IP,6,,IP,佐藤 謙史朗,3.9,0.18,3.7,5,,IP,2,,IP,4,,IP,5,,IP,4,,IP,1,,IP,5,,IP,6,,IP,4,,IP,5,,IP,上野 真之介,7.4,0.14,3.1,2,,IP,2,,IP,3,,SG,1,2,IP,2,,SG,2,,G1,5,,G1,4,4,SG,3,,IP,5,,IP,鈴木 博,5.3,0.14,3.6,5,,IP,3,,IP,6,,IP,6,6,IP,2,,IP,3,,IP,2,,IP,3,,IP,2,,IP,4,,IP,松下 哲也,4.4,0.13,2.7,3,,IP,3,,IP,4,6,IP,1,,IP,2,,IP,5,,IP,5,4,IP,5,,IP,5,6,IP,5,,IP,齋藤 勇,2.8,0.21,4.0,4,,IP,4,,IP,5,,IP,6,,IP,4,4,IP,2,,IP,5,,IP,6,,IP,6,,IP,6,,IP
202608220407,2026-08-22,04,07R,岩下 巧斗,9.6,0.18,3.0,1,,IP,1,,IP,2,,IP,2,,IP,1,,IP,1,,IP,1,,IP,1,,IP,1,,IP,1,,IP,峰重 侑治,4.2,0.18,4.3,4,,IP,4,,IP,2,,IP,5,,IP,5,,IP,2,,IP,5,,IP,4,,IP,5,,IP,3,,IP,飯山 泰,7.5,0.13,2.3,5,,IP,2,,G3,2,,IP,2,,G2,1,,IP,1,,IP,4,,IP,2,,IP,2,,IP,2,,IP,成貞 琳平,4.8,0.16,3.1,2,,IP,4,,IP,3,,IP,3,,IP,2,,IP,3,,IP,6,,IP,4,,IP,6,,IP,4,,IP,三品 隆浩,3.9,0.21,4.3,6,,IP,5,,IP,1,,IP,4,,IP,4,4,IP,5,,IP,2,,IP,5,,IP,4,4,IP,5,,IP,水摩 敦,4.9,0.14,2.5,6,,IP,2,5,IP,4,,IP,3,,IP,6,,IP,3,,IP,3,,IP,1,,IP,4,,IP,6,,IP
202608220408,2026-08-22,04,08R,中島 昂章,7.7,0.16,3.1,2,,IP,2,,IP,1,,IP,1,,IP,1,,G3,1,,G3,3,,IP,1,,IP,4,,IP,6,,IP,伊倉 光,5.4,0.12,3.2,1,,IP,3,,IP,3,,IP,2,,IP,5,,IP,4,,IP,5,,IP,5,,G3,2,,IP,3,3,IP,岩橋 裕馬,5.5,0.15,2.7,1,,IP,5,,IP,3,,IP,1,,IP,1,,IP,5,,IP,6,,IP,2,,IP,5,,IP,4,,IP,菊地 孝平,7.8,0.09,2.3,3,,IP,6,,SG,1,,G2,3,,G2,1,,G1,1,,G1,4,,SG,5,,SG,2,,SG,2,,G1,畔柳 俊吾,4.0,0.18,3.8,4,,IP,4,,IP,5,,IP,6,,IP,6,,IP,2,,IP,4,,IP,3,,IP,4,,IP,3,,IP,泉 具巳,4.0,0.15,2.2,4,,IP,4,,IP,6,,IP,6,,IP,2,,IP,6,,IP,5,,IP,6,,IP,2,,IP,1,,IP
202608220409,2026-08-22,04,09R,松下 直也,7.4,0.19,3.2,5,,IP,2,,IP,2,2,IP,2,,IP,3,,IP,1,,IP,1,,IP,1,,IP,1,,IP,5,,IP,入海 馨,6.7,0.16,3.6,1,,IP,5,,SG,2,,IP,2,,IP,1,,G2,1,,IP,転,,IP,5,,G1,4,,G1,2,,IP,小坂 尚哉,7.6,0.11,2.2,2,,IP,2,,IP,2,,IP,1,,IP,2,,IP,4,,G1,1,,G1,1,,IP,4,,IP,4,,IP,福田 理,6.3,0.12,2.5,4,,IP,1,5,IP,3,,IP,3,,G3,5,,G3,6,,IP,3,,IP,1,,IP,2,,IP,1,,IP,福来 剛,6.9,0.12,1.3,3,,IP,6,,IP,F,,IP,1,,IP,2,,IP,1,,G2,1,,IP,2,,IP,1,,IP,4,,G2,倉富 大誠,2.7,0.18,4.7,3,,IP,6,,IP,4,,IP,6,,IP,5,,IP,6,,IP,5,,IP,3,,IP,5,,IP,5,,IP
202608220410,2026-08-22,04,10R,鈴木 博,9.0,0.15,2.3,1,,IP,4,,IP,1,,IP,1,2,IP,1,,IP,2,,IP,1,2,IP,2,,IP,1,,IP,1,,IP,山地 正樹,4.6,0.2,4.4,3,,IP,3,,IP,5,,IP,5,3,IP,6,,IP,6,,IP,1,,IP,2,,IP,3,,IP,4,,IP,渡邊 哲也,2.1,0.14,2.7,6,,IP,6,,IP,4,,IP,6,,IP,5,,IP,5,,IP,5,,IP,5,,IP,転,,IP,3,,IP,伏島 祐介,3.2,0.19,4.1,5,,IP,4,6,IP,5,6,IP,2,6,IP,6,,IP,6,,IP,5,,IP,5,,IP,3,,IP,4,,IP,岡村 慶太,5.2,0.13,2.8,5,4,IP,1,,IP,4,,IP,4,4,IP,2,,IP,4,,IP,5,,IP,5,,IP,2,,IP,2,,IP,立間 充宏,4.4,0.16,3.8,4,,IP,3,,IP,3,,IP,2,,G2,4,,IP,4,,IP,4,,IP,5,,IP,4,,IP,6,,IP
202608220411,2026-08-22,04,11R,荒井 輝年,7.0,0.18,3.6,6,6,G2,1,,IP,1,,IP,1,,IP,1,,IP,5,,IP,1,,IP,3,,IP,転,,IP,1,,IP,中野 次郎,6.9,0.1,2.2,5,,IP,5,,SG,2,,SG,2,,IP,5,,IP,1,,G1,3,,G1,2,,G1,3,,G3,1,,G3,水摩 敦,6.3,0.15,3.9,3,,IP,3,,IP,1,,IP,1,2,IP,6,,IP,5,,IP,2,4,IP,1,,IP,4,,IP,3,,IP,小川 竜太朗,5.1,0.15,2.5,5,,IP,4,,G3,5,,IP,2,5,IP,1,,IP,1,,IP,2,,IP,4,,IP,6,,IP,5,,IP,西舘 健,3.9,0.16,3.9,3,,IP,6,,IP,4,,G3,5,,IP,5,,IP,3,,IP,4,,IP,4,,IP,3,,IP,4,,IP,長尾 京志郎,2.7,0.23,4.9,6,,IP,4,,IP,4,,IP,6,,IP,5,,IP,3,,IP,4,,IP,5,,IP,5,,IP,6,,IP
202608220412,2026-08-22,04,12R,上野 真之介,10.5,0.11,1.8,1,,IP,1,,IP,1,,IP,2,,SG,1,,SG,1,,SG,1,,IP,1,,IP,1,,IP,1,,IP,高井 雄基,5.2,0.22,4.2,5,,IP,4,,IP,1,,IP,5,,IP,4,,IP,2,,IP,5,,IP,4,,IP,2,,IP,2,,G3,古澤 光紀,8.0,0.17,3.4,欠,,IP,1,,IP,2,,IP,2,,IP,3,,IP,2,,IP,1,2,IP,1,,IP,4,,IP,2,,IP,佐口 達也,2.7,0.17,4.4,5,,IP,5,,IP,5,,IP,5,,IP,4,,IP,2,,IP,5,,IP,5,,IP,6,,IP,5,3,IP,岩下 巧斗,4.0,0.15,2.9,4,,IP,4,,IP,6,,IP,3,,IP,4,,IP,4,,IP,6,,IP,2,,IP,2,,IP,F,6,IP,上原 健次郎,4.2,0.21,4.9,2,,IP,4,,IP,5,,IP,3,,G2,4,,IP,4,,IP,3,,IP,4,,IP,6,,IP,5,,IP
202608220601,2026-08-22,06,01R,渥美 卓郎,5.3,0.14,3.6,1,,IP,3,,IP,4,,IP,5,,IP,1,,IP,3,,IP,1,,IP,6,,IP,5,,IP,5,,IP,小畑 実成,4.5,0.17,3.3,4,,IP,2,,IP,3,,IP,3,,IP,5,,IP,5,,IP,6,,IP,3,,IP,2,,IP,5,,IP,坂井 康嗣,3.9,0.18,3.7,2,,IP,5,,IP,5,,IP,4,,IP,5,,IP,4,,IP,6,,IP,3,,IP,4,,IP,3,,IP,松井 賢治,4.4,0.16,3.3,5,,IP,6,,IP,3,,IP,2,,IP,2,,IP,4,,IP,2,,IP,4,,IP,6,,IP,5,,IP,仲本 舜,3.2,0.16,4.5,5,,IP,5,,IP,4,,IP,2,,IP,4,,IP,4,,IP,3,6,IP,転,,IP,6,,IP,6,,IP,成田 華音,1.9,0.15,4.3,6,,IP,4,,IP,3,,IP,6,,IP,6,,IP,5,,IP,6,,IP,6,,IP,6,,IP,6,,IP
202608220602,2026-08-22,06,02R,野見山 拓己,4.9,0.11,2.1,6,,IP,3,,IP,2,,IP,F,,G3,1,,IP,3,,IP,5,,G3,3,,IP,妨,,IP,1,,IP,外崎 悟,6.4,0.16,4.4,1,,IP,1,,IP,3,,IP,4,,IP,2,,IP,4,,G2,4,,G2,2,,IP,2,,IP,転,3,IP,岸本 隆,5.0,0.12,2.5,6,,IP,5,,IP,3,,IP,1,,IP,3,,IP,4,,IP,2,,IP,6,,IP,5,,IP,1,4,IP,鈴木 猛,6.1,0.17,3.8,2,,IP,6,,IP,3,,IP,2,,IP,1,,IP,2,,IP,4,,IP,5,,G3,3,,G3,2,,IP,鈴谷 一平,4.4,0.12,2.4,4,,IP,6,,IP,1,,IP,4,,IP,5,,IP,4,,IP,5,,IP,3,,IP,4,,G1,3,3,IP,山田 佑樹,4.1,0.14,3.9,5,,IP,4,,IP,3,,IP,3,,IP,3,,IP,5,,IP,3,,IP,5,,IP,3,,IP,6,,IP
202608220603,2026-08-22,06,03R,浅井 翼,4.2,0.18,3.5,1,,IP,2,,IP,1,,IP,2,,IP,6,,IP,6,2,IP,6,,IP,6,,IP,6,,IP,6,,IP,坪口 竜也,7.3,0.14,2.9,2,,IP,3,,IP,3,,IP,2,3,IP,2,,IP,2,,IP,2,,IP,1,3,IP,3,,G2,4,,IP,田川 大貴,5.3,0.18,3.6,5,,G3,6,,G3,1,4,IP,6,,G2,5,,G2,1,,IP,2,,IP,3,,IP,1,,IP,6,,IP,北川 潤二,6.3,0.16,3.5,4,2,IP,4,2,IP,6,,IP,3,,IP,1,,IP,3,,IP,2,3,IP,2,2,IP,2,3,IP,3,,IP,中野 夢斗,3.7,0.19,3.8,4,,IP,5,,IP,5,,IP,4,,IP,5,,IP,5,,IP,6,,IP,5,,IP,2,,IP,2,,IP,大塚 浩二,3.4,0.2,4.5,5,,IP,5,,IP,5,5,IP,4,,IP,1,,IP,3,,IP,4,,IP,6,,IP,6,,IP,5,,IP
202608220604,2026-08-22,06,04R,中辻 崇人,8.9,0.15,3.5,1,,IP,1,,IP,1,,IP,1,,IP,3,,IP,1,,IP,1,,IP,6,,G1,1,,G1,1,,IP,中里 昌志,5.6,0.24,4.9,4,,IP,1,,IP,4,,IP,2,,IP,3,,IP,2,,IP,5,,IP,5,,IP,3,,IP,3,,IP,内田 圭,3.9,0.15,3.4,4,,IP,2,,IP,2,,IP,5,,IP,3,,IP,5,,IP,6,,IP,6,,IP,6,,IP,3,,IP,齋藤 智裕,3.5,0.19,3.2,6,,IP,5,,IP,4,,IP,5,,IP,4,,IP,3,,IP,4,,IP,3,,IP,4,6,IP,5,,IP,花田 凱成,3.7,0.16,3.8,2,,IP,4,,IP,4,4,IP,5,,IP,6,,IP,6,,IP,3,,IP,6,,IP,3,,IP,4,6,IP,松浦 勝,2.1,0.17,4.1,5,,IP,3,,IP,6,,IP,6,,IP,5,,IP,5,,IP,5,,IP,5,,IP,5,,IP,6,,IP
202608220605,2026-08-22,06,05R,大西 賢,6.4,0.16,4.3,1,,IP,1,,IP,4,,IP,1,,IP,3,,IP,4,,IP,1,,IP,4,,IP,5,,IP,4,,IP,服部 達哉,6.2,0.19,4.9,4,,IP,1,,IP,5,,IP,4,,G3,2,,G3,2,,IP,3,,IP,4,,IP,1,,IP,3,,IP,山本 幸也,4.1,0.17,2.8,4,,IP,5,,IP,6,,IP,2,,IP,4,4,IP,転,4,IP,2,,IP,2,,IP,4,4,IP,5,4,IP,荒井 翔伍,5.3,0.14,2.7,2,,IP,3,,IP,6,,IP,3,,G3,4,,G3,3,,IP,4,,IP,4,,IP,4,,IP,1,,IP,成田 華音,1.8,0.21,4.0,5,6,IP,6,6,IP,4,6,IP,5,6,IP,5,6,IP,6,6,IP,5,6,IP,6,6,IP,5,6,IP,6,6,IP,柳沢 一,5.3,0.15,2.1,5,,IP,3,,IP,3,,IP,2,,IP,2,,IP,2,5,IP,5,,G1,5,,G1,6,,IP,2,,IP
202608220606,2026-08-22,06,06R,関根 彰人,7.2,0.14,2.5,4,,IP,2,,IP,2,,IP,1,,IP,4,2,G3,1,,G3,5,,IP,2,,IP,2,,IP,1,,IP,村上 彰一,4.1,0.16,3.9,6,,IP,5,,IP,5,,IP,5,,IP,5,,IP,2,,IP,4,,IP,3,,IP,2,,IP,3,,IP,山口 晃朋,6.1,0.13,2.6,2,,IP,2,,IP,4,,IP,4,4,IP,1,,IP,1,,G3,4,,IP,5,4,IP,1,,IP,6,,IP,木幡 純也,4.7,0.19,3.0,4,,IP,3,,IP,5,,IP,3,,IP,6,,IP,5,,IP,5,5,IP,2,,IP,2,2,IP,2,,IP,小畑 実成,2.2,0.18,3.5,4,,IP,6,,IP,6,,IP,6,,IP,5,,IP,5,,IP,5,,IP,6,,IP,4,,IP,4,,IP,藤岡 俊介,4.3,0.14,3.4,6,,IP,3,,IP,5,,IP,5,,IP,5,,IP,4,5,IP,2,,IP,3,,IP,2,,IP,5,,IP
202608220607,2026-08-22,06,07R,汐崎 正則,8.8,0.16,2.7,1,,IP,5,3,IP,2,,IP,2,,IP,1,,IP,1,,IP,1,,IP,1,,G3,1,,IP,1,,IP,佐々木 完太,7.6,0.13,4.0,2,,IP,2,,IP,5,,SG,1,,SG,6,,G2,1,,G1,3,,G1,1,,IP,2,,G1,4,,IP,金子 和之,4.9,0.16,3.1,4,,IP,4,4,G2,5,,IP,3,,IP,4,,IP,3,,IP,4,,IP,1,,IP,4,,IP,4,,IP,坂井 康嗣,3.1,0.18,3.3,6,,IP,3,,IP,4,,IP,6,,IP,6,,IP,3,,IP,6,,IP,2,,IP,6,,IP,5,3,IP,野見山 拓己,3.1,0.15,3.0,3,,IP,6,,IP,5,,G3,5,,IP,3,,IP,6,,IP,4,,IP,6,,G3,4,,IP,4,,IP,盛本 真輔,3.0,0.21,4.0,5,,IP,3,,IP,5,,IP,5,,IP,5,,IP,4,,IP,4,,IP,6,,IP,6,,IP,3,,IP
202608220608,2026-08-22,06,08R,牧 宏次,6.4,0.16,3.5,4,,IP,2,,IP,4,,IP,4,,IP,4,,IP,1,,IP,1,,IP,1,,IP,3,,IP,4,,IP,山口 広樹,3.4,0.19,4.4,5,,IP,4,,IP,5,,IP,5,,IP,6,,IP,4,,IP,6,,IP,3,,IP,2,,IP,4,,IP,宮嵜 隆太郎,3.0,0.13,2.7,3,,IP,3,4,IP,3,,IP,6,,IP,6,,IP,6,,IP,6,,G3,4,,IP,5,,IP,5,,IP,安河内 健,6.4,0.16,2.4,2,,IP,2,,IP,2,,IP,4,,IP,3,,IP,1,,IP,6,,G3,2,,IP,5,,IP,3,,IP,渥美 卓郎,2.9,0.19,4.9,2,,IP,5,,IP,5,,IP,4,,IP,6,,IP,5,,IP,5,6,IP,5,,IP,4,4,IP,5,,IP,中野 夢斗,3.1,0.2,3.9,4,,IP,4,,IP,6,,IP,6,5,IP,4,,IP,3,,IP,4,,IP,4,,IP,5,,IP,6,5,IP
202608220609,2026-08-22,06,09R,松井 賢治,8.8,0.15,3.4,1,,IP,1,,IP,3,,IP,1,,IP,1,,IP,4,,IP,2,,IP,1,,IP,1,,IP,1,,IP,大塚 浩二,5.0,0.16,3.3,転,,IP,1,,IP,6,,IP,4,,IP,3,,IP,4,,IP,5,,IP,4,,IP,2,,IP,3,,IP,林 祐介,4.0,0.14,3.4,4,,IP,5,,IP,F,,IP,5,,IP,4,,IP,4,,IP,2,,IP,2,,IP,欠,,IP,4,,IP,高橋 正男,6.4,0.13,2.9,3,,IP,2,,IP,2,,IP,4,,IP,2,,G1,3,,IP,2,,IP,4,,IP,2,,IP,6,,IP,岸本 隆,3.5,0.15,2.9,3,,IP,4,,IP,5,,IP,6,,G3,5,,IP,3,,IP,3,4,IP,5,6,IP,5,,IP,4,,G3,齋藤 智裕,1.7,0.19,2.9,5,,IP,4,,IP,6,,IP,6,,IP,5,,IP,5,,IP,6,,IP,5,,IP,6,,IP,6,,IP
202608220610,2026-08-22,06,10R,荒井 翔伍,8.6,0.15,3.2,3,,IP,1,,IP,1,,IP,4,,G3,2,,G3,1,,IP,2,,IP,1,,IP,1,,IP,1,,IP,今坂 晃広,4.4,0.18,4.2,4,,IP,2,,IP,4,,IP,6,,IP,3,,IP,4,,IP,6,,IP,4,4,G3,3,3,G3,3,,IP,鈴木 猛,3.89,0.15,3.2,5,,IP,4,,IP,2,,IP,5,,IP,6,,IP,3,,IP,5,,IP,4,,G3,3,,G3,転,,IP,仲本 舜,4.4,0.16,3.2,5,,IP,6,,IP,1,5,IP,3,,IP,4,,IP,5,,IP,1,,IP,5,,IP,6,,IP,3,5,IP,北川 潤二,3.5,0.2,4.2,4,2,IP,4,4,IP,4,4,IP,4,4,IP,4,3,IP,5,4,IP,5,3,IP,6,3,IP,3,2,IP,4,2,IP,山口 晃朋,4.3,0.13,2.7,5,,IP,4,5,IP,5,,IP,1,,IP,4,,IP,3,,G3,6,2,G3,5,,IP,3,,IP,3,,IP
202608220611,2026-08-22,06,11R,外崎 悟,8.0,0.13,2.8,6,,IP,1,,IP,2,,IP,1,,IP,4,,IP,1,,G2,1,,IP,3,,IP,転,,IP,1,,IP,木幡 純也,4.7,0.15,2.7,6,,IP,2,,IP,6,,IP,3,,IP,6,,IP,4,,IP,4,,IP,3,,IP,1,,IP,3,,IP,柳沢 一,6.9,0.14,1.4,1,,IP,3,,IP,4,,IP,2,4,IP,1,,IP,2,,IP,3,,IP,5,,G1,3,,IP,2,,IP,盛本 真輔,5.3,0.18,3.9,3,,IP,5,,IP,6,5,IP,1,,IP,3,,IP,4,,IP,3,,IP,2,,IP,2,,IP,5,,IP,坪口 竜也,5.7,0.16,3.9,3,,IP,2,,IP,5,,IP,5,,IP,4,,IP,3,,G2,2,,IP,2,,IP,2,,IP,4,4,IP,内田 圭,2.1,0.21,4.9,2,,IP,5,,IP,6,,IP,6,,IP,5,,IP,6,,IP,5,,IP,6,,IP,5,,IP,6,,IP
202608220612,2026-08-22,06,12R,佐々木 完太,10.4,0.1,1.7,1,,IP,1,,IP,2,,IP,1,,SG,1,,SG,1,,G2,1,,G1,1,,G1,1,,G1,2,,IP,花田 凱成,4.6,0.18,3.8,5,,IP,5,,IP,6,,IP,2,,IP,4,,IP,3,,IP,1,,IP,2,,IP,4,,IP,6,,IP,鈴谷 一平,7.0,0.14,3.4,1,,IP,3,,IP,3,,IP,3,,IP,1,,IP,1,,IP,1,,IP,2,,IP,5,,IP,5,,IP,藤岡 俊介,6.5,0.1,2.4,3,,IP,3,,IP,6,,IP,1,,IP,3,,IP,1,3,IP,3,,IP,2,,IP,4,,IP,2,,IP,田川 大貴,4.8,0.18,4.0,5,,IP,2,,G3,3,,G3,5,6,G3,2,,IP,4,,IP,6,,G2,2,,IP,5,,IP,3,,IP,服部 達哉,2.5,0.17,3.5,5,,IP,5,,IP,2,5,IP,5,,G3,6,,IP,6,,IP,5,,IP,6,,IP,4,,IP,5,,IP
202608220701,2026-08-22,07,01R,酒井 陽祐,8.0,0.14,2.6,1,,IP,2,,IP,1,,IP,2,,IP,欠,,IP,1,,IP,1,,IP,2,,G3,2,,IP,2,,IP,東 潤樹,5.6,0.18,4.7,6,,IP,4,,IP,4,,IP,6,,IP,4,,IP,2,,IP,2,,IP,1,,IP,2,,IP,2,,G3,胡本 悟志,4.4,0.16,3.1,2,,IP,4,,IP,3,,IP,3,,IP,4,,IP,3,,IP,5,4,IP,5,4,IP,4,,IP,5,,G3,塚越 陸斗,1.33,0.2,4.4,6,,IP,6,,IP,4,,IP,6,6,IP,6,6,IP,6,6,IP,6,6,IP,6,6,IP,6,6,IP,,,IP,岡村 将也,6.2,0.18,4.4,5,,IP,3,,IP,1,,IP,2,4,IP,4,,IP,4,,IP,2,,IP,3,,IP,5,,IP,1,,IP,西尾 亮輔,2.8,0.18,4.6,5,5,IP,4,,IP,6,,IP,4,,IP,2,,IP,転,,IP,4,,IP,6,,IP,5,,IP,5,,IP
202608220702,2026-08-22,07,02R,杉山 勝匡,7.1,0.13,2.4,2,,IP,6,,IP,2,,IP,1,,IP,1,,IP,5,,IP,3,,IP,1,,IP,1,,IP,3,,IP,相馬 翔,4.2,0.17,3.4,5,,IP,6,,IP,4,,IP,4,,IP,4,,IP,6,,IP,1,,IP,3,,IP,2,,IP,5,,IP,松井 貫太,4.9,0.22,4.6,1,,IP,4,,IP,5,,IP,5,,IP,4,,IP,6,,IP,2,,IP,5,,IP,2,,IP,2,,IP,眞崎 武蔵,4.2,0.16,2.8,5,,IP,2,,IP,3,,IP,5,,IP,1,,IP,6,5,IP,3,,IP,6,,IP,4,,IP,5,5,IP,杉山 正樹,5.8,0.12,2.9,2,,IP,5,,IP,4,,IP,4,,IP,3,,IP,1,,IP,6,,G1,2,,IP,3,,G2,3,,G2,平野 和明,2.9,0.16,4.4,6,,IP,6,,IP,3,,IP,5,,IP,6,5,IP,4,5,G3,6,,IP,3,,IP,3,,IP,6,,IP
202608220703,2026-08-22,07,03R,福嶋 智之,8.0,0.13,2.5,1,,IP,1,,IP,5,,IP,3,,IP,2,,IP,1,,IP,2,,IP,3,,IP,1,,IP,1,,IP,永田 啓二,6.3,0.12,2.3,5,,IP,4,,IP,1,,IP,5,,IP,1,,IP,5,,IP,3,,IP,1,,IP,2,,G3,2,,G3,鈴木 茂正,4.5,0.18,3.6,6,,IP,6,,IP,4,4,IP,6,,IP,3,,IP,4,,IP,3,,IP,2,,IP,2,,IP,3,,IP,金山 立樹,4.0,0.19,4.2,2,,IP,6,,IP,6,,G3,3,,G3,4,,IP,6,,IP,3,,IP,3,,IP,3,2,IP,6,,IP,西川 拓利,5.7,0.12,2.4,1,,IP,4,,IP,3,,IP,6,,G3,4,,IP,2,,G3,5,,G3,2,,G3,6,,IP,1,,IP,石原 光,2.6,0.15,4.1,5,,IP,6,,IP,4,5,IP,5,,G3,4,5,IP,3,,G3,6,,IP,6,,IP,5,,G3,6,,G3
202608220704,2026-08-22,07,04R,長谷川 雅和,9.2,0.1,2.0,1,,IP,1,,IP,1,,IP,1,,IP,5,,IP,1,,IP,1,,IP,1,,IP,1,,IP,1,,IP,村田 敦,5.8,0.13,2.0,4,,IP,2,,IP,2,,IP,1,5,IP,6,,IP,2,,IP,3,,IP,6,,IP,3,,IP,3,,IP,長尾 章平,5.5,0.19,4.5,2,,IP,6,,IP,4,,IP,6,5,IP,1,,IP,3,,IP,6,,IP,4,,IP,1,,IP,2,,IP,阪本 勇介,5.3,0.18,3.9,4,,IP,4,5,IP,1,,IP,2,,IP,4,,IP,5,,IP,6,5,IP,2,,IP,4,,IP,2,,IP,渡 修平,2.3,0.21,4.3,6,,IP,6,6,IP,6,,IP,4,,IP,4,,G3,4,,G3,4,,IP,6,,IP,5,,IP,6,6,IP,長野 壮志郎,3.7,0.15,3.4,6,,IP,4,,IP,3,,IP,6,,IP,4,,IP,6,,IP,5,,IP,2,,IP,3,,IP,4,5,IP
202608220705,2026-08-22,07,05R,中里 英夫,8.6,0.13,3.0,2,,IP,1,,IP,1,,IP,2,,IP,2,,IP,1,,IP,1,,IP,5,,IP,1,,IP,1,,IP,庄司 孝輔,5.5,0.16,3.3,4,,IP,1,1,IP,4,,IP,6,,G3,4,,IP,1,,IP,1,,IP,5,1,IP,3,,IP,4,,IP,岡谷 健吾,5.2,0.15,3.9,2,5,IP,2,,IP,6,5,IP,4,,IP,2,,IP,2,2,IP,4,,IP,6,4,IP,5,,IP,2,,IP,大森 翼,3.11,0.12,2.7,6,2,IP,欠,,IP,6,6,IP,4,,IP,3,,IP,6,,IP,4,,IP,3,,IP,6,,IP,4,,IP,塚越 陸斗,1.5,0.22,4.2,6,6,IP,6,,IP,5,6,IP,5,,IP,6,,IP,5,,IP,5,6,IP,5,6,IP,6,6,IP,6,6,IP,松田 大志郎,6.2,0.24,5.0,5,,IP,4,,IP,3,,IP,2,,IP,3,,IP,3,,G1,3,,G1,2,5,IP,3,,IP,3,,IP
202608220706,2026-08-22,07,06R,芦澤 望,7.5,0.16,2.6,3,,IP,4,,IP,1,,IP,1,,IP,1,,IP,2,,IP,1,,IP,2,,IP,2,,IP,6,,IP,高橋 直哉,4.8,0.18,4.2,4,,IP,1,,IP,3,,IP,6,,G2,5,,IP,6,,IP,5,,IP,1,,IP,6,3,G3,1,,IP,日高 龍之介,5.25,0.16,3.0,3,,IP,1,,IP,6,,IP,4,,IP,,,,,,,,,,,,,,,,,,IP,長谷川 晴哉,4.9,0.13,3.4,4,,IP,6,,IP,4,,IP,2,,G3,2,,IP,4,,IP,4,,IP,3,,IP,2,,IP,5,3,IP,眞崎 武蔵,3.6,0.16,3.2,3,6,IP,3,,IP,4,6,IP,3,,IP,6,,IP,欠,,IP,5,,IP,2,6,IP,6,,IP,5,,IP,小野 勇作,3.5,0.2,5.1,5,,IP,5,,IP,6,,G3,4,,IP,4,5,IP,6,,G3,3,5,IP,6,,IP,3,,IP,2,5,IP
202608220707,2026-08-22,07,07R,中澤 和志,9.0,0.11,1.6,1,,IP,1,,IP,2,,IP,1,,IP,1,,IP,1,,IP,1,,IP,1,,IP,2,,IP,4,,IP,胡本 悟志,5.4,0.13,2.8,4,,IP,3,,IP,1,,IP,3,,IP,2,,IP,4,,IP,1,,IP,5,,IP,5,,IP,5,,G3,平野 和明,5.9,0.17,4.3,2,,IP,2,,IP,3,,IP,3,,IP,1,,IP,4,,IP,4,,IP,6,5,IP,3,,IP,3,,IP,長岡 良也,5.6,0.15,3.6,2,,IP,4,,IP,4,,IP,3,,IP,3,3,IP,3,,IP,2,,IP,3,,IP,5,,IP,3,,IP,森清 友翔,3.1,0.16,3.6,5,,IP,5,,IP,6,,IP,4,,IP,5,,IP,4,,IP,5,,IP,2,,IP,4,,IP,5,,IP,金山 立樹,3.5,0.22,4.3,3,,IP,6,,IP,5,,IP,2,,G3,3,,IP,落,,IP,6,,IP,4,,IP,3,5,IP,6,,IP
202608220708,2026-08-22,07,08R,仲口 博崇,9.4,0.17,2.3,2,,IP,1,,IP,1,,IP,3,,IP,1,,IP,1,,IP,1,,G3,1,,IP,1,,IP,1,,IP,鈴木 茂正,4.5,0.19,4.5,5,,IP,1,,IP,4,,IP,3,,IP,2,,IP,4,,IP,6,,IP,5,,IP,5,,IP,3,,IP,長谷川 雅和,6.7,0.15,3.1,2,,IP,6,,IP,3,,IP,2,,IP,2,,IP,4,,IP,2,,IP,1,,IP,2,,IP,3,,G3,杉山 勝匡,4.3,0.16,3.7,6,,IP,1,,IP,5,,IP,3,,IP,4,5,IP,5,,IP,3,,IP,5,,IP,F,,IP,1,,IP,東 潤樹,4.4,0.18,3.6,4,,IP,4,,IP,6,,IP,6,,IP,5,,IP,1,,IP,2,,IP,5,,G3,5,,G3,2,,IP,渡邉 睦広,4.2,0.14,2.7,6,5,IP,6,,IP,6,,IP,4,,IP,5,,IP,2,5,IP,3,,IP,1,,G3,2,,G3,6,,IP
202608220709,2026-08-22,07,09R,西川 拓利,8.7,0.13,2.5,1,,IP,1,,IP,1,,IP,6,,G3,1,,IP,3,,IP,1,,G3,1,,IP,1,,IP,1,,IP,貫地谷 直人,4.1,0.19,4.3,4,,IP,3,,IP,5,,IP,3,,IP,6,,IP,4,3,IP,2,,IP,5,,IP,3,,IP,5,,IP,酒井 陽祐,4.9,0.14,3.4,2,,IP,4,,IP,4,,IP,5,,IP,1,,IP,4,,IP,6,,IP,3,,IP,3,,G3,4,,IP,長尾 章平,4.4,0.21,4.6,3,,IP,6,5,IP,3,,IP,4,,IP,5,5,IP,3,,IP,6,,IP,3,,IP,4,,IP,2,,IP,大森 翼,3.6,0.12,2.5,2,,IP,転,4,IP,6,,IP,6,,IP,4,6,IP,妨,,IP,3,,IP,3,,IP,4,,IP,3,,IP,藤生 雄人,3.6,0.18,4.4,4,,IP,3,,IP,5,2,IP,6,,IP,4,,IP,4,,IP,6,,IP,4,,IP,4,,IP,4,,IP
202608220710,2026-08-22,07,10R,永田 啓二,9.7,0.12,2.0,1,,IP,1,,IP,1,,IP,2,,IP,2,,IP,1,,IP,1,,IP,1,,IP,1,,IP,1,,IP,松井 貫太,4.5,0.2,5.2,4,,IP,4,,IP,4,,IP,1,,IP,6,3,IP,4,,IP,4,,IP,4,,IP,2,,IP,5,,IP,芦澤 望,4.8,0.15,3.2,5,,IP,3,,IP,6,,IP,2,,IP,5,,IP,F,,IP,1,,IP,6,,IP,1,,IP,2,,IP,北川 太一,6.0,0.14,2.9,4,,IP,1,,IP,3,,IP,4,,IP,2,,G3,2,,IP,3,,IP,5,,G3,5,,G3,1,,IP,村田 敦,6.0,0.14,3.4,4,,IP,4,,IP,5,,IP,1,,IP,2,,IP,5,,IP,1,4,IP,5,,IP,2,,IP,1,,IP,岡谷 健吾,4.44,0.16,3.5,2,,IP,4,,IP,3,,IP,6,,IP,4,,IP,5,5,IP,2,,IP,6,,IP,転,,IP,3,,IP
202608220711,2026-08-22,07,11R,長岡 良也,9.6,0.17,4.2,1,,IP,1,,IP,1,,IP,1,,IP,1,,IP,1,,IP,1,,IP,1,,IP,3,,IP,1,,IP,杉山 正樹,6.2,0.16,2.7,4,,IP,2,,IP,1,,IP,4,,IP,2,,IP,3,,IP,4,,IP,2,,IP,4,,G1,4,,G1,阪本 勇介,4.3,0.24,4.0,6,,IP,3,4,IP,6,,IP,3,,IP,3,,IP,6,,IP,4,,IP,3,,IP,4,,IP,2,,IP,松田 大志郎,7.7,0.13,2.2,3,,IP,1,,G2,1,,G2,1,,IP,2,,IP,1,,IP,1,,G1,F,,G1,5,,IP,2,,IP,小野 勇作,3.8,0.17,4.1,6,,IP,4,,IP,4,,G3,6,,G3,3,,IP,5,,IP,4,,IP,4,,G3,1,,G3,5,,IP,岡村 将也,3.1,0.19,4.1,6,,IP,3,,IP,4,,IP,6,5,IP,4,,IP,4,,IP,3,,IP,6,,IP,6,,IP,6,,IP
202608220712,2026-08-22,07,12R,長谷川 晴哉,7.1,0.18,3.7,1,,IP,5,,IP,4,,IP,6,,G3,4,,G3,1,,IP,1,,IP,1,,IP,1,,IP,1,,IP,石原 光,5.9,0.15,3.4,4,,IP,2,,G3,6,,G3,2,,IP,1,,IP,1,,G3,6,,G3,2,,IP,2,,G3,6,,G3,仲口 博崇,6.3,0.15,3.1,2,,IP,2,,IP,2,,IP,2,,IP,4,,IP,6,,G3,3,,IP,1,,IP,2,,IP,5,,IP,長野 壮志郎,5.3,0.12,2.5,5,,IP,1,,IP,3,,IP,3,,IP,2,,IP,6,,IP,5,,IP,2,,IP,2,,IP,5,,IP,中澤 和志,6.0,0.13,3.1,3,,IP,2,4,IP,1,,IP,5,,IP,4,,IP,3,,IP,3,,IP,1,,IP,3,,IP,6,,IP,庄司 孝輔,5.3,0.14,2.5,3,,IP,2,,IP,6,,IP,6,,G3,6,,G3,1,,IP,2,,IP,2,,IP,3,,IP,4,,IP
202608220801,2026-08-22,08,01R,谷野 錬志,10.1,0.16,3.3,2,,IP,1,,IP,1,,IP,1,,IP,1,,G2,1,,SG,1,,IP,1,2,IP,1,,IP,1,,IP,伊藤 啓三,5.4,0.15,3.8,3,,IP,4,,IP,転,,IP,2,,IP,5,,IP,2,,IP,2,,IP,3,,IP,5,,IP,1,,IP,永田 義紘,4.8,0.13,2.3,2,,G3,4,,G3,6,,IP,5,,IP,6,,IP,4,,IP,1,,IP,2,,IP,2,4,IP,5,5,IP,鈴木 裕隆,4.8,0.16,3.3,2,,IP,4,,IP,5,3,G3,5,,IP,5,,IP,5,,IP,3,,IP,2,,IP,2,,IP,3,,IP,田中 宏典,2.8,0.24,4.0,4,,IP,5,,IP,6,,G3,6,6,IP,6,,IP,4,,IP,転,,IP,2,,IP,6,,IP,3,6,IP,山田 真聖,4.3,0.16,3.2,3,,IP,6,,IP,5,,IP,1,,IP,4,4,IP,2,,IP,5,,IP,5,,IP,3,,IP,5,,IP
202608220802,2026-08-22,08,02R,川崎 智稔,6.8,0.14,2.6,2,,IP,5,,IP,2,,IP,3,,IP,2,,IP,1,,IP,3,,IP,1,,IP,4,,IP,3,,G3,佐藤 航,6.2,0.16,3.7,2,,IP,4,,IP,6,,IP,1,,IP,2,,IP,2,,IP,2,,IP,6,,G2,2,,G2,5,,IP,馬野 耀,5.67,0.15,2.8,4,,IP,4,,IP,4,,IP,2,,IP,2,2,IP,2,,IP,4,,IP,エ,,IP,6,,IP,1,,IP,町田 洸希,2.4,0.22,4.1,5,,IP,6,,IP,6,,IP,5,6,IP,5,,IP,5,,IP,6,,IP,2,,IP,6,3,IP,4,,IP,徳増 秀樹,4.0,0.1,2.7,6,,IP,4,,G3,6,3,G3,5,,IP,6,,IP,4,,IP,1,,G3,1,,G3,4,,G1,6,,G1,村岡 賢,4.5,0.16,3.3,6,,IP,5,5,IP,4,5,IP,3,,IP,1,5,IP,5,5,IP,4,5,IP,1,,IP,4,,IP,5,,IP
202608220803,2026-08-22,08,03R,松本 一毅,7.5,0.17,3.3,6,,IP,2,,IP,1,,IP,3,,IP,2,,IP,1,,IP,1,,IP,1,,IP,5,,IP,1,,IP,峰重 力也,4.8,0.11,2.5,4,,IP,6,,IP,2,,IP,3,,IP,5,,IP,1,3,IP,6,,IP,4,,IP,2,,IP,4,,IP,川原 祐明,7.2,0.14,2.6,2,,IP,1,,IP,1,,IP,2,,IP,3,,IP,3,,IP,1,,IP,5,,IP,5,4,IP,1,,IP,一柳 和孝,3.8,0.13,3.2,6,,IP,3,,IP,3,5,G3,4,,G3,3,,IP,5,,IP,5,,G3,4,,IP,6,,IP,3,3,IP,久永 祥平,4.6,0.18,4.8,2,,IP,3,,IP,4,,IP,5,4,IP,5,,IP,5,6,IP,4,,IP,4,,IP,1,,IP,4,,IP,藤原 孝斗,2.4,0.2,3.7,4,,IP,5,,IP,6,,IP,4,5,IP,5,,IP,6,,IP,5,,IP,4,5,IP,6,,IP,6,,IP
202608220804,2026-08-22,08,04R,小林 遼太,8.6,0.15,2.8,3,,IP,1,,IP,1,,IP,1,,IP,2,,IP,3,,IP,1,,IP,3,,G3,1,,G3,1,,IP,今泉 友吾,7.5,0.16,3.6,3,,IP,2,,IP,1,,IP,3,,IP,2,,G2,4,3,G2,1,,IP,1,,IP,2,,G1,6,,G1,佐々木 英樹,4.8,0.15,2.7,6,,IP,2,,IP,3,,IP,1,,G3,3,,G3,5,,IP,2,,IP,5,,IP,6,,IP,4,,IP,山本 寛久,5.8,0.18,3.3,6,,IP,2,,IP,3,,G2,6,,G2,3,,IP,3,,IP,1,,IP,1,,IP,5,5,IP,3,,IP,青木 蓮,5.7,0.12,2.9,3,,IP,3,,IP,6,,G3,4,,G3,1,,IP,2,,IP,3,,IP,2,,IP,妨,,IP,2,,IP,杉山 裕也,3.7,0.14,2.9,3,,IP,4,5,G3,3,,G3,5,,G3,5,,G2,6,,IP,5,,IP,6,,G3,4,5,IP,2,,IP
202608220805,2026-08-22,08,05R,小原 聡将,9.1,0.16,2.4,2,,IP,1,,G3,1,,G3,1,,IP,1,,IP,1,,IP,1,,IP,3,,G2,4,,IP,1,,IP,柴田 大輔,5.4,0.18,3.8,3,,IP,3,,IP,3,,G3,5,,G3,2,,G3,5,,IP,1,,IP,3,,IP,4,,IP,4,,IP,作間 章,5.6,0.2,3.5,5,,IP,5,,IP,3,,IP,3,,IP,4,,IP,1,,IP,1,,IP,4,,IP,3,,IP,3,,IP,石田 勇斗,3.0,0.16,4.3,4,,IP,4,,IP,5,,IP,4,,IP,6,,IP,5,,IP,5,,IP,6,,IP,2,,IP,5,,IP,渡邉 和将,5.3,0.13,3.1,3,,IP,6,,IP,6,,IP,3,,IP,4,6,SG,1,,SG,6,,IP,3,,IP,4,,IP,1,4,IP,上之 晃弘,2.7,0.17,3.6,6,,IP,5,,IP,6,,IP,6,,IP,6,,IP,4,,IP,4,,IP,3,,G3,3,5,IP,6,,IP
202608220806,2026-08-22,08,06R,渡辺 浩司,8.5,0.14,1.7,2,,IP,4,,IP,1,,IP,3,,IP,1,,IP,2,,IP,2,,IP,2,,SG,1,,G1,1,,IP,濱本 優一,5.3,0.13,2.4,3,,IP,3,,IP,6,,IP,2,,IP,6,,IP,1,,IP,2,,IP,6,,IP,4,,IP,2,,IP,山本 浩輔,5.0,0.15,3.1,3,,IP,5,,IP,5,,IP,3,,IP,2,,IP,5,2,IP,4,,IP,F,,IP,1,,IP,1,,IP,佐藤 太亮,5.5,0.14,3.2,3,,IP,1,5,IP,4,,IP,3,,IP,2,,IP,3,,IP,3,,IP,6,,IP,5,,IP,3,,IP,鈴木 裕隆,4.7,0.17,4.2,5,,IP,5,,IP,1,,IP,4,,G3,5,,G3,4,,IP,3,,IP,3,4,IP,1,,IP,6,,IP,大場 敏,4.7,0.16,3.6,2,2,IP,5,,IP,3,,IP,3,4,IP,5,,IP,4,,IP,2,,IP,2,4,IP,6,,IP,5,,IP
202608220807,2026-08-22,08,07R,町田 洸希,6.9,0.12,2.5,1,,IP,1,,IP,1,,IP,3,,IP,2,,IP,4,,IP,1,,IP,4,,IP,3,,IP,6,,IP,武富 智亮,6.5,0.16,4.2,4,3,IP,4,,IP,2,,IP,3,,IP,3,,IP,2,,IP,1,,IP,3,,G2,4,,G2,3,,G2,宮武 英司,3.7,0.18,3.4,3,,IP,3,,IP,6,,IP,4,,IP,6,,IP,6,,IP,5,4,IP,3,,IP,3,4,G3,4,,IP,登玉 隼百,5.8,0.14,3.3,4,,IP,3,,IP,6,,IP,1,,G3,落,,IP,1,,IP,6,6,IP,2,,IP,2,,IP,2,,IP,赤岩 善生,7.4,0.16,3.5,1,2,IP,2,2,IP,1,,G3,4,,G3,2,2,G2,1,3,IP,4,2,SG,5,4,G1,4,2,G1,2,2,G1,伊藤 啓三,2.7,0.16,2.8,6,,IP,6,,IP,6,,IP,4,,IP,3,,IP,6,,IP,3,,IP,5,,IP,6,,IP,4,,IP
202608220808,2026-08-22,08,08R,木場 悠介,8.2,0.12,2.1,4,,IP,1,,IP,2,,IP,2,,IP,1,,IP,1,,IP,2,,IP,1,,IP,2,,IP,3,,IP,中 亮太,7.6,0.15,2.5,1,,IP,2,,IP,1,,G3,3,,IP,3,,IP,2,,IP,1,,IP,5,,G2,1,,IP,4,3,IP,谷野 錬志,6.5,0.13,2.1,4,,IP,2,,IP,6,,IP,3,,IP,2,,IP,4,,G2,3,4,G2,3,,SG,3,,SG,1,,IP,谷村 一哉,5.0,0.16,3.5,1,,IP,6,,IP,6,,IP,2,,IP,4,,IP,2,,IP,3,,G2,5,,G2,3,,IP,5,,IP,一柳 和孝,3.5,0.14,3.0,3,,IP,2,,IP,4,,IP,5,6,G3,5,,IP,4,,IP,4,,IP,6,,IP,5,,G3,5,,IP,黒野 元基,5.0,0.14,2.0,3,5,IP,4,,IP,3,,IP,4,5,IP,5,,IP,3,,IP,3,,G3,5,5,IP,4,,IP,1,5,IP
202608220809,2026-08-22,08,09R,明石 正之,6.2,0.13,2.6,2,,IP,3,,IP,F,,IP,3,,IP,3,,IP,1,,IP,4,,IP,1,,IP,5,,IP,1,,IP,山本 寛久,5.8,0.13,2.1,5,,IP,5,,G2,2,,G2,2,,G2,3,,IP,4,,IP,4,,IP,1,,IP,3,,IP,5,,IP,上之 晃弘,4.7,0.15,3.3,5,,IP,6,,IP,4,,IP,5,,IP,2,,IP,4,,IP,5,,IP,1,,IP,4,,IP,1,,IP,久永 祥平,5.3,0.11,3.1,6,,IP,1,,IP,2,,IP,4,,IP,3,,IP,転,,IP,2,,IP,3,,IP,4,,G3,3,,G3,永田 義紘,2.3,0.15,3.4,5,,IP,F,,IP,5,,G3,4,,IP,4,,IP,5,,IP,5,,IP,6,6,IP,5,,IP,4,,IP,佐藤 航,5.4,0.19,4.4,6,,IP,2,,IP,2,,IP,3,5,G3,2,5,G3,6,,IP,6,,IP,3,4,IP,4,5,G2,1,4,IP
202608220810,2026-08-22,08,10R,服部 幸男,8.4,0.15,2.4,1,,IP,2,,IP,2,,G2,5,,G2,3,,IP,1,,IP,1,,IP,2,,IP,1,,IP,1,,IP,山田 真聖,5.0,0.17,3.6,2,,IP,4,,IP,4,,IP,6,,IP,2,,IP,5,,IP,6,6,IP,3,,IP,3,,IP,1,,IP,川崎 智稔,5.4,0.09,2.3,6,,IP,6,,IP,3,,IP,2,,IP,4,,IP,1,,IP,3,,IP,4,,IP,2,,IP,3,,IP,青木 蓮,6.9,0.1,1.8,5,,IP,1,,IP,3,,IP,1,,G3,2,5,G3,6,,IP,3,,IP,3,,IP,1,,IP,1,,IP,松本 一毅,5.9,0.15,3.2,2,,IP,4,,IP,1,,IP,5,,IP,2,4,IP,1,,IP,5,,IP,1,,IP,4,,IP,6,,IP,作間 章,5.2,0.16,4.2,3,5,IP,5,4,IP,4,,IP,4,,IP,2,,IP,3,,IP,5,,G3,3,,IP,3,,IP,2,,IP
202608220811,2026-08-22,08,11R,徳増 秀樹,8.2,0.15,4.1,5,,IP,2,,IP,2,,G3,1,,G3,1,,IP,1,,IP,1,,IP,2,,IP,3,,IP,1,,IP,杉山 裕也,6.8,0.13,3.5,2,,IP,3,,IP,3,,G3,2,,G3,4,,G3,4,,G2,2,3,G2,1,,IP,4,,IP,2,,G3,田中 宏典,5.5,0.17,2.4,5,,IP,3,2,IP,2,,IP,1,4,G3,2,,IP,6,,IP,3,,IP,3,,IP,4,,IP,4,4,IP,濱本 優一,5.7,0.14,1.6,2,,IP,3,,IP,4,,IP,3,,IP,6,,IP,4,,IP,2,,IP,2,,IP,2,5,IP,4,,IP,小原 聡将,4.44,0.16,3.4,3,,IP,転,,IP,5,,G3,4,,IP,3,,IP,3,,G2,5,,G2,4,,IP,3,,IP,5,,IP,峰重 力也,4.1,0.07,1.6,3,,IP,5,,IP,6,,IP,2,,IP,6,,IP,6,,IP,5,,IP,3,,IP,5,,IP,1,,IP
202608220812,2026-08-22,08,12R,赤岩 善生,8.6,0.09,2.2,F,,IP,1,,IP,1,,IP,1,,IP,1,,IP,1,,IP,1,,IP,1,,IP,4,,G3,1,,G2,渡辺 浩司,7.6,0.14,2.9,1,,IP,1,,IP,4,,IP,2,,IP,1,,IP,3,,IP,6,,SG,3,,G1,3,,G1,1,,IP,渡邉 和将,6.7,0.16,2.3,1,,IP,5,,IP,3,,IP,1,2,IP,1,,IP,6,,IP,3,,IP,4,,SG,4,,SG,3,,SG,黒野 元基,7.6,0.14,2.1,2,,IP,4,,IP,5,,IP,1,,IP,1,,IP,1,5,G3,1,,IP,5,,IP,1,,IP,1,,IP,川原 祐明,6.5,0.12,3.1,6,,IP,1,,IP,3,,IP,2,,IP,1,4,IP,2,,IP,5,,IP,3,,IP,3,,IP,3,,IP,今泉 友吾,5.6,0.13,3.6,3,5,IP,2,,IP,6,,IP,6,,G2,2,,IP,5,,G1,2,,IP,2,,IP,3,,IP,3,,IP
202608221601,2026-08-22,16,01R,長尾 萌加,6.6,0.14,2.9,1,,IP,3,,IP,4,,IP,1,,IP,2,,IP,6,,IP,3,,IP,1,,IP,6,,IP,1,,IP,高田 綾,4.5,0.18,3.8,6,,IP,3,,IP,4,,IP,6,,IP,2,,IP,4,,IP,2,,IP,1,,IP,5,,IP,6,,IP,西澤 日花里,3.1,0.21,4.4,5,,IP,5,,IP,2,,IP,6,,IP,4,,IP,2,,IP,6,,IP,6,,G3,5,,IP,5,,IP,根岸 真優,2.7,0.16,2.8,5,,IP,5,,IP,1,,IP,4,,IP,6,,IP,6,5,IP,5,,IP,5,,IP,6,,IP,5,,IP,中西 月輝,1.3,0.24,4.9,6,6,IP,6,6,IP,6,6,IP,6,6,IP,5,6,IP,6,6,IP,5,6,IP,5,,IP,6,6,IP,6,6,IP,前原 哉,2.3,0.21,4.6,6,,IP,5,5,IP,6,,IP,5,,IP,3,,IP,6,,IP,6,5,IP,4,,G3,4,,G3,6,5,IP
202608221602,2026-08-22,16,02R,藤本 紗弥香,5.2,0.22,4.3,4,,IP,1,,G3,4,,G3,1,,G3,3,,IP,6,,IP,F,,IP,2,,IP,6,,IP,2,,IP,村上 奈穂,5.2,0.16,3.2,5,,IP,2,,IP,2,,IP,2,,G3,5,,G3,3,,G3,6,,G2,4,,IP,4,,IP,2,,IP,南 彩寧,4.1,0.18,3.4,5,,IP,5,,IP,4,,IP,6,,IP,1,,IP,落,,IP,4,,IP,3,,G3,2,,IP,4,,IP,山本 梨菜,7.44,0.16,3.0,1,,IP,3,,G1,5,,IP,3,,G3,転,,G3,4,,IP,1,,IP,1,,IP,2,,IP,2,,IP,田口 節子,7.3,0.17,3.2,5,,G1,5,,G1,1,,G3,1,,G3,1,,IP,1,,IP,4,,IP,3,,G3,2,,IP,2,4,G2,若狭 奈美子,3.4,0.18,3.8,5,,IP,6,,G1,4,,IP,4,,G3,5,,G3,4,,IP,4,,IP,5,,IP,4,,IP,3,5,IP
202608221603,2026-08-22,16,03R,真子 奈津実,7.8,0.17,2.4,1,,IP,2,,G3,1,,IP,3,,IP,1,,G3,5,,IP,4,,IP,2,,IP,1,,IP,1,,IP,堀之内紀代子,7.6,0.21,4.1,2,,IP,1,,IP,2,,G1,2,,G1,1,,IP,6,,IP,2,,IP,3,,IP,2,,G3,3,,G3,中村 かなえ,4.7,0.14,2.7,2,,IP,6,,IP,2,,IP,3,,IP,3,,IP,6,,IP,6,,IP,1,,IP,4,,IP,5,,IP,戸田 海咲音,1.5,0.24,4.1,4,,IP,6,6,IP,6,6,IP,5,5,IP,6,6,IP,6,,IP,6,,IP,F,6,G3,転,,G3,4,,IP,倉持 莉々,5.1,0.13,2.1,3,,IP,4,,G1,5,,G1,4,,IP,4,,IP,3,,IP,4,,IP,3,,IP,2,,IP,5,,IP,藤原 早菜,3.6,0.19,4.4,4,5,IP,6,,G1,5,,IP,6,,IP,5,,IP,3,,IP,5,,G3,6,,IP,3,,IP,2,,IP
202608221604,2026-08-22,16,04R,渡邉 真奈美,6.89,0.18,3.7,1,,IP,1,,G1,2,,IP,6,,IP,4,,IP,エ,,IP,3,,IP,1,,IP,1,,IP,5,,G3,小野 桜,4.9,0.21,3.5,3,,IP,2,,IP,6,,IP,3,,IP,4,,IP,2,,G3,3,,G3,4,,IP,5,,IP,4,,IP,武井 莉里佳,8.0,0.14,2.8,3,,IP,1,,IP,3,,G1,5,,G3,1,,G3,2,,IP,1,,IP,1,,IP,2,,IP,2,,IP,濱崎 寿里矢,2.6,0.18,3.8,5,,IP,6,,IP,3,,IP,4,,IP,4,,IP,6,,IP,F,,IP,4,,IP,5,5,G3,5,,G3,喜井 つかさ,4.7,0.16,3.7,3,,IP,2,,IP,6,,G1,5,,G1,1,,IP,3,,IP,4,,G3,4,,IP,5,,IP,5,,G3,長嶋 万記,6.8,0.15,3.1,5,,IP,5,,G1,3,,IP,2,,IP,1,,IP,4,,IP,3,,IP,2,5,G3,1,,G3,2,,G2
202608221605,2026-08-22,16,05R,米丸 乃絵,10.0,0.14,2.7,1,,IP,1,,G1,1,,G1,1,,IP,1,,IP,1,,IP,1,,G3,1,,G3,4,,G2,1,,SG,瀧川 千依,4.2,0.2,4.3,2,,IP,4,,IP,4,3,IP,6,,IP,2,,IP,F,,IP,2,,IP,6,,IP,4,,IP,4,,IP,西岡 育未,4.0,0.18,3.0,1,,IP,4,,IP,6,,IP,欠,,IP,5,,IP,4,,IP,6,,IP,3,,IP,5,,IP,3,,IP,土屋 千明,6.22,0.15,2.9,2,,G1,4,,G1,2,,IP,3,,IP,3,,IP,2,,IP,4,,IP,4,,G3,3,,G3,エ,,IP,土屋 南,5.2,0.17,2.7,2,,G1,6,,G1,4,,G3,2,3,G3,3,,IP,4,,IP,4,,IP,5,,IP,3,,IP,3,4,IP,恵良 琴美,2.9,0.13,2.9,6,,IP,6,,IP,6,,IP,4,,IP,6,,IP,3,,IP,6,,IP,3,,IP,3,,IP,5,,IP
202608221606,2026-08-22,16,06R,安井 瑞紀,6.1,0.19,4.0,1,,IP,1,,G1,妨,,IP,5,,IP,1,,IP,2,,IP,2,,IP,6,,IP,6,,IP,1,,IP,南 彩寧,4.4,0.23,3.8,2,,IP,4,,IP,6,,IP,4,,IP,4,,IP,5,,IP,2,,IP,3,,IP,6,,IP,3,,G3,根岸 真優,3.5,0.17,3.7,5,,IP,4,,IP,3,,IP,5,,IP,2,,IP,2,,IP,5,,IP,6,,IP,6,,IP,6,,IP,海野 ゆかり,5.3,0.15,3.0,2,,IP,5,,G1,5,,IP,2,,G3,2,,G3,2,,IP,5,,IP,4,,IP,3,,G3,4,,G3,三浦 永理,6.0,0.15,2.4,1,,IP,6,,G1,2,,IP,3,,IP,3,,G3,4,,G3,3,,IP,3,,IP,3,,IP,3,,IP,星田 夢結,1.5,0.16,3.6,6,,IP,6,,IP,6,,IP,4,,IP,5,,IP,6,,IP,6,,IP,6,,IP,5,,IP,6,,IP
202608221607,2026-08-22,16,07R,寺田 千恵,8.0,0.18,3.5,4,,IP,4,,G1,5,,IP,1,,IP,2,,IP,1,,G3,1,,G3,1,,IP,1,,IP,1,,IP,藤田 美代,4.3,0.19,4.1,2,,IP,1,,IP,2,,IP,4,,IP,6,,IP,6,,IP,5,,IP,4,,IP,4,,IP,6,,G3,高田 綾,6.5,0.18,3.0,3,,IP,3,,IP,4,,IP,1,,IP,2,,IP,3,,IP,3,,IP,2,,IP,1,,IP,6,,IP,藤本 紗弥香,4.1,0.17,3.1,4,,IP,1,,G3,5,,G3,5,,G3,5,,G3,3,,G3,5,,IP,2,,IP,6,,IP,4,,IP,守屋 美穂,5.7,0.17,4.2,4,,G1,6,,G1,3,,G2,5,,IP,2,,IP,6,,G1,6,,SG,1,,IP,2,,IP,2,,IP,中村 かなえ,4.2,0.12,2.2,5,,IP,5,,IP,2,,IP,6,,IP,4,,IP,1,,IP,3,,IP,6,,IP,4,,IP,4,5,G3
202608221608,2026-08-22,16,08R,喜多須 杏奈,5.8,0.11,2.1,1,,IP,3,,IP,1,,IP,5,,IP,1,,IP,6,,IP,妨,,IP,5,,G3,3,,G2,1,,IP,中曽 瑠華,3.3,0.17,3.9,5,,IP,3,,IP,5,,IP,6,,IP,3,,IP,6,,IP,1,,IP,5,,G3,6,,G3,5,,IP,藤原 早菜,3.9,0.19,3.7,5,,IP,1,,IP,6,,G1,4,,IP,4,,G3,4,,G3,6,,IP,2,,IP,5,4,IP,5,,IP,若狭 奈美子,4.7,0.18,4.4,3,,IP,5,,G1,6,,G1,4,,IP,2,,IP,3,,G3,4,,G3,5,,IP,3,,IP,4,,IP,福岡 泉水,3.4,0.12,1.8,5,,IP,6,,IP,4,,IP,4,,G3,6,,G3,1,,G3,5,,G3,3,,IP,エ,,IP,4,,IP,中西 月輝,1.9,0.25,5.0,6,,IP,6,,IP,3,,IP,4,,IP,6,,IP,5,,IP,6,,IP,6,,IP,転,,IP,5,,IP
202608221609,2026-08-22,16,09R,土屋 南,7.3,0.13,2.9,6,,IP,4,,G1,1,,G1,1,,G3,3,,G3,1,,G3,2,,IP,2,,IP,4,,IP,1,,IP,植竹 玲奈,3.3,0.18,3.9,3,,IP,6,,IP,5,,IP,2,,IP,6,,IP,4,,IP,4,,IP,3,,IP,6,,IP,落,,IP,長尾 萌加,5.1,0.14,2.7,2,,IP,3,,IP,3,,IP,3,,IP,3,,IP,2,,IP,4,,IP,4,,IP,5,,IP,6,,IP,村上 奈穂,3.3,0.18,4.0,4,,IP,3,,G3,5,,G3,5,,G2,5,5,G2,4,,IP,4,,IP,5,,IP,6,,IP,4,,IP,長嶋 万記,5.5,0.13,2.0,5,,IP,2,,G1,6,,G1,1,,IP,2,,IP,3,,IP,3,,IP,3,,IP,4,,IP,5,,IP,戸田 海咲音,1.7,0.21,3.8,3,,IP,6,,IP,6,,IP,6,,IP,5,,IP,6,,IP,5,,IP,6,,IP,6,,IP,6,,IP
202608221610,2026-08-22,16,10R,田口 節子,10.3,0.15,2.0,1,,IP,1,,IP,1,,G1,1,,G3,1,,G3,1,,IP,1,,IP,1,,IP,1,,IP,1,,IP,米丸 乃絵,6.8,0.15,2.5,3,,IP,2,,IP,6,,G1,1,,G1,1,,IP,4,,G3,1,,G2,5,,G2,2,,SG,6,,SG,海野 ゆかり,7.1,0.14,3.0,2,,IP,2,,G1,2,,IP,3,,G3,1,,G3,4,,IP,2,,IP,2,2,IP,2,,G3,5,,G3,堀之内紀代子,6.8,0.13,2.9,4,5,IP,3,,G1,1,3,IP,2,,IP,3,,IP,1,,IP,5,,G3,1,,G3,2,,G3,5,,G3,小野 桜,3.9,0.16,3.5,1,,IP,6,6,IP,2,,IP,5,,IP,6,,IP,4,,G3,4,,G3,3,,IP,5,,IP,6,,IP,渡邉 真奈美,2.3,0.13,3.1,6,,IP,6,,G1,4,,IP,6,,IP,5,,IP,5,5,IP,4,,IP,6,,IP,5,,IP,4,,G3
202608221611,2026-08-22,16,11R,三浦 永理,9.2,0.17,4.4,1,,IP,1,,IP,1,,G1,1,,G1,1,,IP,1,,IP,1,,G3,2,,G3,1,,G3,5,,IP,喜井 つかさ,6.6,0.15,3.4,1,,IP,2,,IP,5,,G1,4,,G1,2,,IP,4,,IP,3,,G3,2,,G3,2,,G3,3,,IP,山本 梨菜,6.4,0.16,3.6,3,,IP,1,,IP,エ,,G1,2,,G3,3,,IP,2,,IP,2,,IP,2,,IP,2,,IP,5,,IP,寺田 千恵,6.1,0.13,2.5,4,,IP,2,,IP,5,,G1,4,,G1,4,,IP,4,,G3,2,,IP,2,3,IP,2,,IP,2,,IP,瀧川 千依,1.7,0.29,5.2,6,,IP,4,,IP,5,,IP,6,,IP,6,6,IP,6,6,IP,6,6,IP,6,6,IP,4,,IP,6,,IP,真子 奈津実,3.0,0.14,2.8,5,,IP,6,,G3,2,4,IP,5,,G3,4,,IP,5,,IP,5,,IP,4,,IP,4,,IP,6,,IP
202608221612,2026-08-22,16,12R,守屋 美穂,7.6,0.14,3.2,1,,IP,2,,IP,1,,G1,1,,G2,5,,G2,5,,IP,1,,G1,F,,SG,1,,SG,2,,IP,倉持 莉々,6.2,0.16,2.9,3,,IP,1,,G1,1,,IP,4,,IP,5,,IP,2,,IP,3,,IP,5,,IP,3,,IP,3,,G3,土屋 千明,6.1,0.12,2.1,2,,IP,1,,IP,2,,G1,5,,G1,4,,IP,2,,IP,6,,IP,3,2,IP,5,,IP,2,,G3,武井 莉里佳,5.4,0.2,3.4,3,,IP,2,,G1,4,,G3,6,,IP,4,,IP,1,,IP,2,,IP,5,,G3,2,,G3,5,,G3,安井 瑞紀,3.4,0.15,2.3,4,4,IP,6,,G1,5,,IP,4,,IP,5,6,IP,4,,IP,F,,IP,4,6,IP,4,,G3,2,,G3,喜多須 杏奈,2.8,0.25,4.8,3,,IP,4,,IP,5,,IP,6,,IP,6,,IP,6,,IP,4,,IP,5,,G3,5,,G2,6,5,G2
202608221901,2026-08-22,19,01R,花本 剛,6.7,0.19,3.2,2,,IP,1,,IP,1,,IP,5,,IP,5,,IP,2,,IP,1,,IP,6,,IP,3,,IP,1,,IP,西川 新太郎,5.8,0.15,3.7,1,,IP,5,,IP,5,,IP,3,,IP,3,,IP,3,,IP,4,,IP,5,,IP,1,,IP,1,,IP,田中 太一郎,2.9,0.19,3.0,6,,IP,4,,IP,6,,IP,3,4,IP,5,5,IP,2,,IP,5,,IP,6,4,IP,5,,IP,5,,IP,滝沢 崚,4.1,0.17,3.2,6,5,IP,5,,IP,6,,IP,1,,IP,3,,IP,3,5,IP,1,,IP,5,,IP,6,,IP,5,,IP,山田 陽翔,1.4,0.17,4.7,6,6,IP,4,,IP,6,6,IP,6,6,IP,5,6,IP,6,6,IP,6,6,IP,6,6,IP,6,6,IP,6,6,IP,岩永 節也,2.3,0.24,5.5,3,,IP,6,,IP,6,,IP,5,,IP,4,5,IP,6,,IP,6,,IP,6,,IP,4,,IP,5,5,IP
202608221902,2026-08-22,19,02R,平岡 重典,5.0,0.16,3.8,4,,IP,3,,IP,5,,IP,5,,IP,3,,IP,4,,IP,2,,IP,1,,IP,4,,IP,4,2,IP,渡邉 健,3.5,0.17,3.0,6,,IP,6,,IP,5,,IP,6,,IP,3,,IP,3,,IP,2,,IP,6,,IP,6,,IP,2,,IP,沼田 大都,4.7,0.2,4.2,6,,IP,3,,IP,5,,IP,3,,IP,4,,IP,4,,IP,3,2,IP,4,,IP,3,,IP,2,,IP,内田 壮,3.1,0.15,3.8,5,,IP,3,,IP,4,,IP,5,,IP,4,,IP,5,,IP,3,,IP,5,6,IP,6,,IP,5,,IP,小野 信樹,3.78,0.13,2.7,6,,IP,5,,IP,5,6,IP,4,,IP,欠,,IP,6,6,IP,2,,IP,1,,IP,5,,IP,4,,IP,和田 拓也,3.4,0.16,3.7,6,,IP,3,,IP,5,,IP,6,,IP,6,,IP,3,,IP,3,,IP,3,,IP,6,,IP,6,,G1
202608221903,2026-08-22,19,03R,渡辺 空依,8.0,0.18,3.0,1,,IP,1,,IP,3,,IP,1,,IP,1,,IP,5,,IP,4,,IP,2,,IP,1,,IP,1,,IP,川口 貴久,3.8,0.18,3.6,2,,IP,6,,G3,5,,IP,6,,IP,4,,IP,2,,IP,2,,IP,F,,IP,5,,IP,4,,IP,石橋 道友,6.3,0.14,2.9,1,,IP,2,,IP,4,,IP,3,,IP,2,,IP,1,,IP,5,,G1,5,,G1,5,,G1,2,,IP,折下 寛法,4.4,0.13,2.3,4,,IP,2,,G3,3,,G3,3,,IP,5,,IP,5,,IP,5,,IP,3,,IP,3,,IP,5,,IP,天野 友和,5.2,0.14,1.7,3,,IP,3,,IP,5,4,IP,4,,IP,3,,IP,1,,IP,5,6,IP,5,6,IP,2,,IP,3,,IP,大場 広孝,3.6,0.19,4.6,4,,IP,3,,IP,4,,IP,5,,IP,5,,IP,3,,IP,3,,IP,5,,IP,5,,IP,5,5,IP
202608221904,2026-08-22,19,04R,松尾 光広,5.2,0.17,4.1,2,,IP,5,,IP,1,,IP,5,,IP,5,,IP,2,,IP,5,,IP,1,,IP,5,,IP,3,,IP,佐々木 大河,4.6,0.15,3.2,1,3,IP,欠,,IP,6,,IP,5,,IP,5,,IP,1,,IP,4,,IP,2,,IP,2,,IP,6,3,IP,榮田 将彦,4.5,0.16,2.4,5,,IP,2,,G3,3,,G3,6,,IP,4,,IP,3,,IP,3,,IP,6,,IP,6,,IP,1,1,IP,本村 大,4.2,0.19,4.4,1,5,IP,6,,IP,6,5,IP,2,,IP,3,,IP,2,,IP,6,,IP,4,,IP,5,,IP,6,5,IP,中嶋 誠一郎,4.0,0.16,3.2,3,4,IP,2,,IP,6,,G3,6,,G3,5,,G3,4,,G3,4,,IP,5,,IP,3,,IP,3,,IP,葛原 大陽,4.7,0.16,3.5,2,,IP,3,,IP,2,,IP,4,,IP,4,,IP,3,,IP,4,,IP,5,,G3,4,,G3,6,,IP
202608221905,2026-08-22,19,05R,白水 勝也,7.4,0.13,1.8,2,,IP,1,,IP,2,,IP,F,,IP,1,,IP,2,,IP,1,,IP,2,,IP,5,,IP,1,,IP,竹之内 極,4.7,0.16,3.6,5,,IP,5,,IP,2,,G3,6,,G3,2,,G3,1,,IP,5,,IP,3,,IP,3,,IP,5,,IP,江本 真治,4.5,0.18,2.9,3,,IP,4,,G2,5,5,G2,6,5,G2,3,,IP,2,,IP,6,,IP,5,,IP,4,,IP,2,,G3,今出 晋二,3.9,0.15,3.7,4,,IP,6,,IP,2,,IP,4,,IP,5,,IP,6,,IP,2,,IP,6,,IP,3,,IP,4,,IP,芝田 浩治,3.9,0.21,4.5,2,,IP,5,6,IP,6,,IP,4,,IP,4,,IP,2,,IP,5,,IP,5,,IP,5,,IP,3,,IP,近藤 稔也,2.8,0.19,4.2,1,5,IP,6,,IP,5,,IP,4,,IP,5,,IP,6,,IP,6,,IP,4,5,IP,5,,IP,6,,IP
202608221906,2026-08-22,19,06R,山口 達也,8.7,0.13,2.5,1,,IP,1,,IP,1,,IP,1,,IP,1,,G3,1,,G3,2,,G2,3,,G2,2,,G2,5,,IP,栗原 直也,4.8,0.2,4.6,5,,IP,2,,IP,3,,IP,2,,IP,2,,IP,4,,IP,3,,IP,5,,IP,5,,IP,5,,IP,田頭 実,7.4,0.12,2.7,1,2,IP,5,2,G3,1,2,G3,1,2,IP,4,2,G3,1,2,G3,5,1,IP,3,2,IP,1,2,IP,2,2,IP,榎 幸司,5.1,0.18,4.1,2,,IP,2,,IP,3,,IP,2,,IP,4,,IP,2,,IP,5,,IP,4,,IP,6,,G2,6,,IP,花本 剛,3.6,0.16,3.3,5,,IP,6,,IP,5,,IP,3,6,IP,6,,IP,2,,IP,F,,IP,3,,IP,4,,IP,3,,IP,渡邉 健,2.3,0.17,3.6,6,,IP,6,,IP,3,,IP,4,,IP,3,,IP,6,,IP,6,,IP,F,,IP,5,,IP,6,,G3
202608221907,2026-08-22,19,07R,鶴田 勇雄,9.33,0.14,2.2,1,,IP,2,,IP,1,,IP,2,,IP,1,,IP,転,,IP,1,,IP,1,,IP,2,,IP,1,,IP,市橋 卓士,6.3,0.11,1.6,4,,IP,4,,IP,3,,IP,4,,IP,1,,IP,1,,IP,1,1,IP,6,,IP,2,3,IP,4,,IP,和田 拓也,7.0,0.17,2.7,4,,IP,2,,IP,1,,IP,3,,IP,4,,IP,2,,IP,1,,IP,3,,IP,4,,IP,1,,IP,岩永 節也,2.9,0.18,4.2,5,,IP,6,,IP,5,5,IP,6,,IP,3,,IP,6,,IP,5,,IP,4,,IP,3,,IP,4,,IP,上田 洋平,3.7,0.15,3.3,5,,IP,4,,IP,4,,IP,3,,IP,5,,IP,6,,IP,5,,IP,2,6,IP,5,,IP,3,,IP,川口 貴久,3.0,0.18,3.8,4,,G3,6,,G3,5,,IP,4,,IP,4,,IP,5,,IP,欠,,IP,5,,IP,5,,IP,4,,IP
202608221908,2026-08-22,19,08R,烏野 賢太,7.5,0.15,3.7,1,,IP,1,,IP,1,,IP,1,,IP,1,,G3,4,,G3,3,,IP,6,,IP,1,,G3,4,,G3,橋口 真樹,5.2,0.2,5.1,3,,IP,5,3,G3,4,,IP,6,,G3,6,,G3,3,3,IP,2,,IP,3,,IP,2,,IP,1,,IP,上田 隆章,5.4,0.2,4.1,1,,IP,2,,IP,1,,IP,3,,IP,6,,IP,2,,IP,6,,IP,4,,IP,5,,IP,4,,IP,百武 翔,6.3,0.19,3.9,2,,IP,3,,IP,3,,IP,2,3,IP,5,5,IP,2,,IP,2,,IP,5,,IP,4,,IP,1,5,IP,廣瀬 篤哉,2.7,0.16,2.8,6,,IP,6,,IP,5,,IP,2,,IP,6,,IP,6,,IP,4,,IP,4,,IP,6,,IP,4,,IP,山田 陽翔,1.0,0.23,5.0,6,,IP,6,,IP,6,,IP,6,,IP,6,,IP,6,,IP,6,,IP,6,,IP,6,,IP,6,,IP
202608221909,2026-08-22,19,09R,三好 勇人,9.2,0.11,2.0,1,,IP,4,,IP,1,,IP,1,,IP,1,,IP,1,,IP,1,,IP,2,,IP,1,,IP,1,,IP,石橋 道友,7.2,0.14,3.4,1,,IP,5,,IP,2,,IP,1,,IP,3,,G1,6,,G1,4,,G1,1,,IP,1,,IP,2,,IP,平岡 重典,4.8,0.16,3.3,5,,IP,1,,IP,4,,IP,5,,IP,4,,IP,4,,IP,3,,IP,4,,IP,2,,IP,4,,IP,松尾 光広,2.8,0.19,4.1,6,5,IP,4,,IP,4,5,IP,5,,IP,4,,IP,4,,IP,6,,IP,3,,IP,6,,IP,6,,IP,田中 太一郎,4.3,0.15,3.1,4,,IP,3,,IP,3,,IP,2,,IP,6,,IP,5,,IP,3,,IP,4,,IP,4,,IP,5,,IP,茶谷 信次,2.9,0.18,4.0,6,,IP,2,5,IP,6,,IP,4,,IP,6,,IP,4,,IP,5,5,IP,5,,IP,4,,IP,5,,IP
202608221910,2026-08-22,19,10R,田頭 実,7.6,0.11,1.1,1,,IP,欠,,IP,F,,IP,1,,IP,1,,G3,1,,G3,4,,IP,1,,IP,1,,IP,1,,G3,小野 信樹,3.8,0.19,3.5,2,,IP,6,,IP,6,,IP,6,,IP,5,,IP,2,,IP,3,4,IP,3,,IP,6,,IP,4,,IP,天野 友和,4.9,0.18,3.5,4,,IP,4,,IP,3,,IP,4,,IP,3,2,IP,3,,IP,6,,IP,2,,IP,3,,IP,4,,IP,白水 勝也,5.8,0.15,2.7,3,,IP,4,,IP,1,,IP,5,,IP,3,5,IP,2,,IP,3,,IP,5,,IP,3,3,IP,2,,IP,榮田 将彦,3.1,0.11,2.7,5,,G3,5,,G3,6,4,IP,3,,IP,5,,IP,3,,IP,6,6,IP,4,,IP,3,3,IP,6,,IP,滝沢 崚,2.7,0.21,4.8,3,,IP,4,5,IP,4,5,IP,5,4,IP,6,,IP,6,,IP,4,,IP,5,,IP,6,,IP,5,,IP
202608221911,2026-08-22,19,11R,市橋 卓士,8.2,0.12,2.8,1,,IP,1,,IP,1,,IP,1,,IP,1,,IP,2,,IP,2,,IP,6,,G2,4,,IP,1,,IP,折下 寛法,4.4,0.14,2.9,4,,IP,5,,IP,2,,G3,5,,G3,3,,IP,5,,IP,2,,IP,5,,IP,2,,IP,5,,IP,芝田 浩治,6.3,0.16,3.4,3,,IP,2,,IP,2,,IP,4,,IP,4,,IP,2,,IP,6,,IP,2,,IP,3,,IP,1,,IP,山口 達也,6.4,0.18,3.8,3,,IP,2,2,G3,6,,G2,2,,G2,3,,G2,4,,G2,2,,IP,転,,IP,2,,G2,1,,IP,内田 壮,2.1,0.19,4.0,5,,IP,4,6,IP,6,,IP,3,,IP,5,,IP,5,,IP,5,,IP,6,,IP,転,,IP,6,6,IP,本村 大,3.1,0.18,4.5,5,,IP,5,5,IP,5,5,IP,4,,IP,6,5,IP,3,,IP,6,,IP,4,,IP,6,,IP,2,,IP
202608221912,2026-08-22,19,12R,佐々木 大河,10.0,0.14,2.0,1,,IP,1,,IP,1,,IP,1,,IP,1,,IP,1,,IP,1,,IP,1,,IP,1,,IP,1,,IP,上田 洋平,4.9,0.13,2.6,3,,IP,6,,IP,4,,IP,3,,IP,3,,IP,5,,IP,5,,IP,2,,IP,3,,IP,2,,IP,榎 幸司,4.9,0.17,4.2,4,,IP,3,,IP,2,,IP,3,,IP,4,,IP,2,,IP,3,,IP,6,,G2,6,,IP,4,,IP,烏野 賢太,5.5,0.16,2.9,3,,IP,3,,IP,3,,IP,1,,G3,4,,G3,3,,IP,6,3,G3,4,,IP,1,,IP,5,,IP,江本 真治,4.7,0.16,3.9,5,6,G2,3,6,IP,4,,IP,3,4,IP,3,,IP,5,,IP,2,4,IP,5,,IP,3,,IP,4,,IP,沼田 大都,3.1,0.18,4.6,5,,IP,6,,IP,5,,IP,3,,IP,4,,IP,6,,IP,6,,IP,5,,IP,3,,IP,3,,IP
202608222001,2026-08-22,20,01R,加倉 侑征,5.2,0.15,3.7,4,,IP,4,,G3,6,,IP,5,,IP,1,,IP,3,,IP,6,,IP,2,,IP,2,,IP,2,,IP,岡部 大輔,6.3,0.18,2.9,4,3,IP,2,,IP,2,,IP,1,,IP,3,,IP,2,,IP,3,,IP,3,,IP,3,,IP,6,3,IP,澤崎 雄哉,5.5,0.14,3.2,2,,IP,5,4,IP,5,,G3,2,,IP,3,,IP,2,,G3,3,,G3,3,,IP,6,,IP,2,,IP,廣中 良一,5.1,0.14,2.9,2,,IP,3,,IP,3,,IP,2,,G3,3,,IP,3,,IP,妨,,IP,6,,G3,5,,IP,2,,IP,北川 敏弘,3.8,0.15,3.3,4,,IP,5,,IP,4,,IP,3,,IP,3,,IP,5,,IP,4,,IP,4,6,IP,5,,IP,4,,IP,森林 太,2.44,0.22,5.2,5,,IP,6,,IP,6,,IP,6,,IP,4,,IP,欠,,G3,3,5,G3,6,,IP,5,,IP,4,,IP
202608222002,2026-08-22,20,02R,塩崎 優司,5.4,0.15,2.7,4,,IP,2,,IP,5,,G3,5,,IP,3,,IP,5,,IP,3,,IP,1,,IP,1,,IP,4,2,IP,鹿島 敏弘,6.2,0.15,3.3,1,,IP,2,3,IP,2,,IP,3,,G2,2,,IP,6,,IP,5,,IP,4,,IP,1,,IP,4,3,IP,武田 信一,4.9,0.11,2.1,4,,IP,3,,IP,1,,IP,6,,IP,5,,IP,4,4,IP,3,,IP,2,,IP,5,,IP,3,,IP,井上 慧人,4.2,0.14,2.7,2,,IP,6,6,IP,1,,IP,2,,IP,5,5,IP,6,5,IP,4,,IP,5,,IP,5,,IP,4,,IP,平田 忠則,6.4,0.19,4.3,2,,IP,2,,G3,1,,G3,2,,IP,1,,IP,3,,IP,5,6,IP,4,,G3,4,,IP,4,,IP,三村 岳人,2.8,0.16,2.9,5,,IP,6,,IP,5,,IP,5,,IP,1,,IP,5,,IP,3,,IP,6,,IP,6,,IP,6,,IP
202608222003,2026-08-22,20,03R,森作 雄大,8.3,0.13,2.0,1,,IP,1,,IP,1,,IP,1,,IP,1,,IP,1,,IP,6,,IP,4,,IP,2,,IP,1,,IP,川田 正人,3.8,0.22,4.7,4,,IP,5,,IP,3,,IP,5,,IP,6,,IP,6,,IP,5,,IP,3,,IP,3,,IP,2,,IP,香月 大輝,4.0,0.13,2.3,4,,IP,3,,IP,2,,IP,4,4,IP,4,,IP,5,,IP,4,,IP,4,,IP,5,4,IP,5,,IP,後藤 正宗,5.4,0.16,3.4,2,,IP,1,,IP,3,,IP,2,,IP,6,,IP,5,,IP,3,,IP,6,,IP,3,,IP,3,,IP,屋良 龍紀,4.6,0.15,2.8,6,,IP,3,,IP,3,,IP,3,,IP,5,,IP,2,,IP,6,,IP,2,,IP,5,,IP,3,,IP,鳥飼 眞,3.8,0.16,3.5,2,,IP,5,5,IP,3,5,IP,5,2,IP,6,,IP,6,,G3,1,4,IP,6,3,IP,6,,IP,3,5,IP
202608222004,2026-08-22,20,04R,中村 将隆,8.4,0.13,2.6,1,,IP,2,,IP,1,,IP,1,,G3,1,,IP,5,,IP,2,,IP,2,,IP,1,,G3,2,,IP,木村 浩士,5.3,0.17,4.2,6,,IP,6,,IP,5,,IP,1,4,G3,3,3,IP,6,,IP,2,,IP,2,4,IP,3,,IP,1,,IP,渡邉 英児,5.2,0.15,4.0,6,,IP,2,4,IP,3,,IP,3,,IP,2,,IP,3,,IP,6,,IP,3,,IP,4,,IP,3,,IP,石田 貴洋,6.1,0.12,2.7,5,,IP,1,,IP,2,6,IP,3,,IP,3,,IP,3,,IP,3,5,IP,2,,G3,2,,G3,6,,IP,篠原 飛翔,6.0,0.19,3.5,4,,IP,2,,IP,2,,IP,3,,IP,2,,IP,2,6,IP,5,,IP,3,,IP,4,,IP,3,,IP,間野 兼礼,3.3,0.15,3.2,4,,IP,5,,IP,5,,IP,3,,IP,5,,IP,5,,IP,4,,IP,3,,IP,6,,IP,4,,IP
202608222005,2026-08-22,20,05R,稲田 浩二,9.0,0.13,2.2,3,,IP,1,,IP,4,,SG,3,,G2,2,,G2,1,,IP,1,,IP,1,,IP,1,,G2,1,,G2,永井 源,6.5,0.14,3.8,6,,IP,5,,IP,2,,G3,1,,G3,2,,G3,1,,G3,2,,G3,6,,IP,3,,IP,1,,IP,柴田 光,5.3,0.17,3.7,2,,IP,3,,G3,2,,G3,F,2,IP,2,,IP,2,,IP,4,,IP,6,,G1,3,,G1,6,,G1,向後 龍一,6.0,0.15,3.5,1,,IP,3,,IP,4,,IP,5,,G3,3,,IP,5,,IP,1,,IP,2,,IP,2,,IP,5,,IP,坂井 滉哉,4.7,0.1,1.9,2,,IP,6,,IP,5,,IP,4,6,IP,5,,IP,2,,IP,5,6,IP,3,,IP,2,,IP,3,,IP,金児 隆太,4.7,0.17,4.1,4,5,IP,2,4,IP,2,2,IP,5,,IP,6,5,IP,2,,IP,5,,IP,3,4,IP,4,,G3,5,,IP
202608222006,2026-08-22,20,06R,関口 智久,7.6,0.16,3.8,3,,IP,1,,IP,2,,IP,1,,IP,3,2,IP,1,,IP,1,,IP,4,,IP,2,,IP,4,,IP,安河内 将,7.1,0.14,2.5,2,,IP,3,,IP,2,,IP,1,,IP,4,,IP,1,,IP,3,,IP,2,,IP,2,,IP,妨,,IP,森林 太,4.6,0.15,2.9,1,,IP,2,,IP,3,,IP,2,,IP,4,,IP,6,,G3,5,,G3,5,,IP,4,,IP,6,,IP,村田 修次,5.0,0.14,3.0,3,,IP,4,,IP,5,,IP,3,,IP,4,,IP,4,,IP,3,,IP,2,,IP,4,,IP,3,,IP,深山 祐二,3.5,0.17,4.1,5,,IP,2,,IP,6,,IP,4,,IP,2,,IP,6,,IP,5,,IP,6,,IP,4,,IP,4,,IP,野末 智一,3.4,0.18,4.1,5,,IP,2,5,IP,3,5,IP,5,,IP,3,5,IP,4,,IP,5,,IP,6,,IP,5,,IP,6,,IP
202608222007,2026-08-22,20,07R,岡瀬 正人,8.2,0.13,3.3,1,,IP,4,,IP,4,,IP,2,,IP,1,,IP,2,,IP,1,,IP,1,,IP,1,,IP,2,,IP,井上 慧人,3.9,0.14,4.2,3,,IP,2,,IP,4,3,IP,3,,IP,6,,IP,4,,IP,3,,IP,5,,IP,6,,IP,6,,IP,松村 敏,7.1,0.13,2.2,2,,IP,2,,IP,2,,IP,1,,IP,1,,IP,2,,IP,1,,IP,3,,IP,6,,IP,6,,IP,渡辺 真至,4.3,0.15,2.9,2,,IP,4,,IP,3,,IP,3,,IP,4,,IP,5,,IP,4,,IP,6,5,IP,2,,IP,F,,IP,川田 正人,4.7,0.19,4.7,2,,IP,5,,IP,1,,IP,4,,IP,F,,IP,1,,IP,3,,IP,6,,IP,4,,IP,5,,IP,久田 武,2.9,0.17,4.3,3,,IP,6,,IP,5,,IP,6,,IP,5,5,IP,6,,IP,2,,IP,4,5,IP,5,,IP,5,,IP
202608222008,2026-08-22,20,08R,原田 篤志,9.0,0.13,2.4,1,,IP,1,,IP,1,,IP,1,,G3,1,,G3,1,,G3,1,,IP,4,,IP,3,,IP,1,,IP,石岡 将太,6.6,0.17,3.5,4,3,IP,2,,IP,3,,IP,3,,IP,2,,IP,2,3,IP,2,,IP,1,,IP,3,,IP,5,,IP,三村 岳人,7.0,0.16,2.1,1,,IP,2,,IP,5,,IP,3,,IP,3,,IP,1,,IP,2,,IP,3,,IP,3,2,IP,2,,IP,遠藤 圭吾,4.5,0.13,3.7,2,,IP,5,,IP,6,,IP,6,,IP,5,,IP,2,,IP,4,,IP,6,,IP,2,,IP,1,,IP,森作 雄大,3.5,0.09,2.2,4,,IP,2,,IP,6,,IP,5,,IP,6,,IP,5,,IP,6,,IP,1,,IP,4,,IP,5,,IP,岡部 大輔,2.8,0.19,5.1,6,,IP,6,,IP,6,,IP,4,,IP,4,,IP,6,,IP,6,,IP,2,,IP,6,,IP,3,,IP
202608222009,2026-08-22,20,09R,渡邉 英児,8.0,0.16,4.3,3,,IP,1,,IP,4,,IP,1,,IP,3,,IP,4,,IP,1,,IP,1,,IP,1,,IP,1,,IP,香月 大輝,4.2,0.16,2.2,5,,IP,5,,IP,転,,IP,1,,IP,6,,IP,6,,IP,3,,IP,3,,IP,2,,IP,3,,IP,廣中 良一,3.7,0.16,2.9,3,4,IP,4,,IP,4,,G3,5,,G3,2,,IP,6,6,IP,3,,G3,4,,G3,6,5,IP,6,,IP,牧山 敦也,4.3,0.17,4.1,5,,IP,4,,IP,4,,IP,1,,IP,6,,IP,5,,IP,2,,IP,5,,IP,3,,IP,4,,IP,塩崎 優司,2.8,0.13,3.4,5,,IP,5,,IP,5,6,G3,3,,G3,5,,IP,6,,IP,4,,IP,6,,IP,5,,IP,3,,IP,小川 晃司,4.6,0.14,3.5,2,,IP,4,,IP,4,,IP,5,,IP,3,,IP,4,,IP,5,,G3,3,,G3,3,,G3,4,,G3
202608222010,2026-08-22,20,10R,向後 龍一,8.4,0.16,3.1,3,,IP,1,,IP,1,,IP,4,,G3,2,,G3,3,,G3,1,,IP,1,,IP,1,,IP,1,,IP,篠原 飛翔,6.3,0.16,3.6,6,,IP,3,,IP,2,,IP,2,,IP,4,,IP,2,,IP,4,,IP,1,,IP,4,,IP,1,,IP,屋良 龍紀,6.6,0.1,2.2,2,,IP,5,,IP,3,,IP,2,,IP,2,,IP,4,,IP,2,,IP,1,,IP,1,,IP,5,,IP,野末 智一,5.5,0.19,4.7,4,,IP,5,,IP,3,,IP,3,,IP,4,,IP,2,,IP,4,,IP,4,,IP,2,3,IP,2,,IP,澤崎 雄哉,3.8,0.16,3.4,6,,IP,6,,IP,5,,G3,3,,G3,2,,IP,5,,G3,5,,G3,4,,IP,2,4,IP,4,,IP,鹿島 敏弘,2.0,0.2,5.5,5,,IP,5,,IP,5,,IP,5,,IP,6,,G2,5,,IP,5,,IP,6,,IP,4,,IP,6,,IP
202608222011,2026-08-22,20,11R,後藤 正宗,7.5,0.18,3.4,F,,IP,1,,IP,1,,IP,6,,IP,1,,IP,1,,IP,1,,IP,1,,IP,4,,IP,1,,IP,金児 隆太,7.2,0.21,4.3,2,,IP,3,,IP,1,,IP,3,,IP,3,,IP,4,1,IP,5,,IP,1,,IP,1,,IP,1,3,IP,岡瀬 正人,5.2,0.14,2.7,4,,IP,5,,IP,2,5,IP,2,,IP,3,,IP,4,,IP,1,,IP,4,,IP,4,2,IP,5,,IP,加倉 侑征,3.6,0.16,3.3,4,,IP,5,,IP,5,,G3,6,,IP,3,,IP,4,,IP,3,6,IP,F,,IP,6,,IP,1,3,IP,中村 将隆,4.7,0.2,4.9,2,,IP,3,,IP,4,,IP,6,6,G3,2,6,G3,3,,IP,3,,IP,4,,IP,5,,IP,5,,IP,村田 修次,5.3,0.17,3.8,2,,IP,2,,IP,3,,IP,2,5,IP,4,5,IP,4,5,IP,6,,IP,5,,IP,4,,IP,2,5,IP
202608222012,2026-08-22,20,12R,松村 敏,8.9,0.12,1.6,1,,IP,1,,IP,1,,IP,2,,IP,1,,IP,1,,IP,1,,IP,F,,IP,1,,IP,1,,IP,原田 篤志,5.1,0.14,2.9,5,,IP,2,,G3,5,,IP,6,,IP,3,,IP,2,,IP,5,,G3,2,,G3,3,,IP,3,,IP,平田 忠則,7.5,0.14,3.3,2,,IP,3,,IP,2,,IP,2,,IP,3,,G3,2,2,G3,3,,G3,2,4,IP,1,,IP,3,,IP,稲田 浩二,5.0,0.12,2.0,3,,IP,5,,SG,6,,G2,5,,G2,2,,G2,5,,IP,1,,IP,6,,G1,4,,IP,3,,G1,安河内 将,5.8,0.15,3.9,5,6,IP,3,,IP,4,,IP,2,,IP,3,,G3,3,,IP,4,,IP,2,,IP,3,,IP,3,,IP,石田 貴洋,5.1,0.12,2.2,5,5,IP,2,5,IP,5,,IP,2,,IP,3,,IP,4,,IP,6,,IP,4,,G3,1,,IP,5,,IP
202608222101,2026-08-22,21,01R,岡田 憲行,8.4,0.18,2.7,3,,IP,3,,IP,1,,IP,1,,IP,1,,IP,1,,IP,1,,IP,3,,IP,1,,IP,3,,IP,渡辺 豊,4.1,0.19,4.8,4,,IP,4,,IP,4,,IP,5,,IP,4,,G3,6,3,IP,4,,IP,3,,IP,3,,IP,3,,IP,橋本 年光,5.7,0.15,3.1,3,,IP,3,,IP,3,,IP,2,,IP,6,,IP,4,,IP,2,,IP,2,,IP,5,,IP,2,,IP,杉山 太陽,2.9,0.16,3.7,妨,,IP,5,,IP,6,,IP,4,,IP,3,,IP,5,,IP,4,6,IP,4,,IP,5,,IP,4,,IP,奥平 拓也,4.11,0.22,4.7,6,,IP,4,,IP,6,,IP,5,,IP,3,,IP,2,,IP,3,,IP,2,,IP,欠,,IP,6,,IP,宇土 泰就,2.2,0.17,4.3,5,,IP,6,,IP,6,5,IP,5,,IP,4,,IP,5,,IP,6,,IP,3,,IP,6,,IP,5,,IP
202608222102,2026-08-22,21,02R,佐々木 和伸,9.8,0.13,2.7,1,,IP,1,,IP,1,,IP,1,,IP,1,,IP,1,,IP,1,,IP,1,,IP,1,,IP,2,,IP,福西 広太郎,2.0,0.14,3.0,5,,IP,,,,,,,,,,,,,,,,,,,,,,,,,,,IP,小澤 学,4.3,0.23,5.7,2,,IP,5,,IP,4,,IP,2,,IP,6,,IP,5,,IP,4,,IP,2,,IP,4,,IP,5,,IP,古賀 繁輝,6.7,0.09,2.3,2,5,IP,1,,IP,1,,IP,4,,IP,3,,IP,1,,IP,6,,IP,5,,IP,1,,IP,3,,IP,川添 英正,3.0,0.21,4.8,5,,IP,3,,IP,4,,IP,4,,IP,5,,IP,5,,IP,6,,IP,4,,IP,4,3,IP,6,,IP,中島 友和,2.9,0.16,3.4,2,5,IP,6,,IP,4,5,IP,3,,G3,6,,IP,6,,IP,6,,IP,5,,IP,5,,IP,6,,IP
202608222103,2026-08-22,21,03R,中村 辰也,8.0,0.16,2.8,1,,IP,1,,IP,4,,IP,2,,IP,2,,IP,1,,IP,1,,IP,1,,IP,2,,IP,5,,IP,加藤 政彦,4.8,0.16,2.5,2,,IP,6,,IP,4,,IP,5,,IP,2,,IP,3,,IP,1,,IP,5,,IP,4,,IP,5,,IP,山本 隆幸,7.44,0.23,4.3,1,,IP,3,,G3,1,,G3,2,,G3,4,,IP,転,,IP,3,5,IP,3,2,IP,2,,G1,2,,IP,黒田 剛,4.5,0.15,2.7,2,,IP,4,,IP,4,6,IP,6,,IP,4,,IP,1,,IP,6,,IP,2,,IP,6,,IP,4,,IP,岩崎 正哉,4.7,0.19,3.4,2,,IP,4,,IP,6,,IP,5,,G3,4,,IP,5,,IP,4,,IP,2,,G3,4,,G3,1,,IP,西村 仁吾,2.44,0.24,4.6,3,,IP,6,,IP,転,,IP,6,,IP,6,,IP,6,,IP,5,,IP,6,,IP,2,,IP,6,,IP
202608222104,2026-08-22,21,04R,林 美憲,8.0,0.16,2.7,2,,IP,1,,IP,1,,IP,4,,IP,2,,IP,4,,IP,1,,IP,1,,IP,2,,IP,2,,IP,萩原 知哉,4.4,0.16,3.0,1,,IP,2,,IP,4,6,IP,5,,IP,6,,IP,4,,IP,6,,IP,2,,IP,4,,IP,5,3,IP,眞鳥 章太,4.6,0.13,2.6,3,,IP,3,,IP,6,,IP,3,,IP,2,,IP,5,,IP,5,,G2,4,,G2,6,,IP,3,,IP,藤山 雅弘,5.5,0.17,3.6,3,,IP,4,,IP,4,,IP,2,,IP,2,,IP,5,,IP,3,,IP,5,,IP,3,,IP,2,,IP,溝口 海義也,5.2,0.15,3.1,2,,IP,3,,G3,4,,G3,6,,IP,5,,IP,3,,IP,4,,IP,2,,IP,4,,IP,3,,G2,八戸 琉楓,1.7,0.19,4.7,6,,IP,6,,IP,5,,IP,5,,IP,5,,IP,5,,IP,6,,IP,6,,IP,4,,IP,6,,IP
202608222105,2026-08-22,21,05R,池永 太,8.8,0.13,2.8,1,,IP,2,,IP,2,,IP,2,,IP,1,,IP,1,,G2,1,,IP,2,,IP,1,,IP,4,,G2,橋本 年光,4.3,0.12,2.7,4,,IP,3,,IP,4,,IP,3,,IP,5,,IP,3,,IP,1,,IP,6,,IP,5,,IP,5,,IP,山谷 央,5.2,0.14,2.4,1,,IP,4,4,IP,5,,IP,4,,IP,4,,IP,3,,IP,2,,IP,4,,IP,5,2,IP,2,,IP,大平 誉史明,4.78,0.13,2.9,2,,IP,2,,IP,5,,IP,5,,IP,6,,IP,欠,,IP,2,,IP,5,,IP,4,,IP,2,,IP,前田 健太郎,4.1,0.21,4.4,5,6,IP,5,,IP,2,6,G3,6,,G3,6,,IP,1,,IP,5,,IP,3,,IP,6,,IP,2,,IP,島川 光男,3.9,0.18,3.3,5,,IP,4,,IP,5,,IP,6,,IP,2,,IP,2,5,IP,5,,IP,3,,IP,4,,IP,5,,IP
202608222106,2026-08-22,21,06R,竹田 広樹,6.6,0.19,3.8,3,,IP,4,,IP,1,,IP,6,,IP,1,,IP,1,,IP,1,,IP,1,,IP,4,,IP,6,,IP,重木 輝彦,6.8,0.14,3.1,4,,IP,2,,IP,1,,IP,3,,IP,3,,IP,4,3,IP,1,,IP,1,,IP,3,,IP,4,,IP,古川 健,4.4,0.17,2.7,2,,IP,5,,IP,2,,IP,5,,IP,5,,IP,3,,IP,5,,IP,5,,IP,5,,IP,1,4,IP,草場 康幸,2.7,0.18,3.6,2,,IP,6,,IP,6,,IP,6,,IP,5,,IP,3,,IP,6,,IP,4,,IP,5,,IP,6,,IP,平石 和男,3.9,0.22,5.2,4,,IP,5,4,IP,4,,IP,5,6,G3,3,,G3,3,,IP,3,,IP,5,,IP,6,,IP,3,,IP,浅見 昌克,4.0,0.17,4.2,6,,IP,3,,IP,5,5,IP,3,4,IP,3,,IP,4,,G1,6,,G1,5,,IP,3,,IP,4,3,IP
202608222107,2026-08-22,21,07R,中渡 修作,8.2,0.15,3.7,2,,IP,2,,IP,1,,IP,1,,IP,5,,IP,2,,IP,2,,IP,1,,IP,2,,IP,1,,IP,秋田 健太郎,3.4,0.18,3.4,4,,IP,2,,IP,4,,IP,5,,IP,6,,IP,5,,IP,5,,IP,4,,IP,3,,IP,6,,IP,渡辺 豊,5.0,0.18,3.6,4,,IP,6,,IP,5,,IP,1,,IP,4,,G3,1,,IP,3,,IP,3,4,IP,6,,IP,3,,IP,小林 礼央,2.78,0.16,2.3,落,,IP,4,,IP,6,,IP,5,,IP,6,,IP,6,5,IP,転,,IP,5,,IP,2,,IP,3,,IP,加藤 政彦,5.4,0.09,2.3,4,,IP,4,,IP,1,,IP,転,,IP,6,,IP,1,6,IP,1,,IP,4,,IP,1,,IP,6,,IP,小野 京平,2.7,0.2,4.8,5,,IP,4,5,IP,4,,IP,4,,IP,5,,IP,5,,IP,5,,IP,6,,IP,5,,IP,4,,IP
202608222108,2026-08-22,21,08R,奥平 拓也,6.33,0.17,3.6,1,,IP,3,,IP,1,,IP,4,,IP,6,,IP,2,,IP,転,,IP,3,,IP,3,,IP,3,,IP,津留 浩一郎,4.5,0.17,3.5,3,,IP,6,,IP,3,,G3,2,,IP,3,,IP,2,,IP,4,,IP,6,,IP,4,,IP,6,,IP,宮脇 遼太,6.3,0.13,3.0,2,4,IP,1,,G3,4,6,G3,6,,IP,2,2,IP,3,4,IP,4,,IP,2,,IP,2,,IP,3,,IP,八戸 琉楓,2.2,0.21,4.1,5,,IP,4,,IP,6,,IP,4,,IP,6,,IP,5,,IP,6,,IP,6,,IP,4,6,IP,5,5,IP,福西 広太郎,3.2,0.21,4.9,5,,IP,4,,IP,5,,IP,5,6,IP,2,,IP,5,,IP,3,,IP,5,,IP,5,,IP,5,,IP,岩崎 正哉,4.3,0.22,4.9,5,,IP,3,,IP,4,,IP,4,,IP,4,,G3,3,,G3,4,5,IP,6,,G3,3,,G3,4,,IP
202608222109,2026-08-22,21,09R,上野 秀和,8.0,0.2,3.8,3,,IP,5,,IP,2,,IP,1,,IP,4,,IP,1,,IP,1,,IP,1,,IP,1,,IP,1,,IP,古賀 繁輝,5.3,0.16,3.1,2,,IP,4,,IP,3,,IP,4,3,IP,2,,IP,3,,IP,3,,IP,5,,IP,6,,IP,2,3,IP,黒田 剛,3.9,0.15,2.9,5,,IP,5,,IP,2,,IP,2,,IP,4,,IP,5,,IP,4,,IP,5,,IP,6,,IP,3,,IP,萩原 知哉,3.1,0.2,4.0,6,,IP,6,,IP,6,,IP,5,3,IP,3,,IP,5,5,IP,3,,IP,4,,IP,4,,IP,4,,IP,宇土 泰就,3.3,0.14,3.0,5,,IP,6,,IP,4,,IP,4,4,IP,6,3,IP,3,,IP,2,,IP,5,,IP,4,,IP,6,,IP,大平 誉史明,4.22,0.16,3.8,5,,IP,6,5,IP,2,5,IP,欠,,IP,3,5,IP,4,,IP,2,,G3,3,,IP,5,,IP,6,,IP
202608222110,2026-08-22,21,10R,藤山 雅弘,8.2,0.14,2.7,5,,IP,1,,IP,2,,IP,1,,IP,1,,IP,1,,IP,5,,IP,1,,IP,1,,IP,1,,IP,池永 太,5.9,0.13,2.5,2,,IP,4,,IP,2,,IP,6,,IP,6,,G2,3,,G2,6,,IP,1,,IP,3,,G2,1,,G2,吉田 光,4.7,0.16,3.6,3,,IP,4,,IP,4,,IP,3,,IP,4,,IP,3,,IP,2,,IP,5,,IP,6,,IP,3,,IP,本岡 勝利,3.4,0.19,4.5,4,,IP,4,,IP,4,,IP,5,5,IP,6,,IP,4,,IP,6,,IP,5,,IP,3,,IP,3,,IP,中島 友和,4.1,0.16,2.8,2,,IP,4,,IP,3,,IP,6,,G3,4,,G3,3,,IP,5,,IP,5,,IP,5,,IP,3,,IP,平石 和男,4.9,0.23,5.6,2,,IP,3,,IP,6,,IP,3,,IP,2,,G3,4,,IP,2,5,IP,5,5,IP,5,5,IP,5,,IP
202608222111,2026-08-22,21,11R,溝口 海義也,8.4,0.14,2.4,5,,IP,2,,IP,2,,IP,2,,IP,1,,G3,1,,G3,2,,IP,1,,IP,1,,IP,1,,IP,杉山 太陽,4.9,0.16,3.6,4,,IP,5,,IP,2,,IP,1,,IP,3,,IP,5,,IP,6,,IP,4,3,IP,2,,IP,4,4,IP,中村 辰也,6.3,0.16,3.3,3,,IP,6,,IP,3,,IP,2,2,IP,1,,IP,2,,IP,2,,IP,2,,IP,5,,IP,3,,IP,秋田 健太郎,3.5,0.16,3.3,5,,IP,5,,IP,5,5,IP,5,5,IP,1,,IP,4,,IP,4,,IP,6,,IP,4,,IP,4,,IP,島川 光男,4.0,0.15,2.8,4,,IP,6,,IP,4,,IP,6,,IP,1,4,IP,5,,IP,3,,IP,4,,IP,4,,IP,4,,IP,重木 輝彦,4.9,0.21,4.3,4,,IP,2,5,IP,6,5,IP,5,,IP,3,,IP,4,,IP,4,,IP,2,,IP,2,,IP,4,,IP
202608222112,2026-08-22,21,12R,山本 隆幸,8.7,0.18,4.2,1,,IP,1,,IP,6,,G3,1,,G3,1,,IP,1,,IP,2,,IP,1,,IP,2,,IP,1,,IP,岡田 憲行,5.8,0.18,3.7,5,,IP,2,,IP,4,,IP,3,,IP,2,1,IP,4,,IP,3,,IP,3,1,IP,3,1,IP,2,,IP,前田 健太郎,3.6,0.16,3.8,4,,IP,1,,IP,5,,IP,6,,G3,3,,IP,5,,IP,6,,IP,6,,IP,2,,IP,6,,IP,佐々木 和伸,6.8,0.18,3.5,3,,IP,3,,IP,3,,IP,2,,IP,2,,IP,5,,IP,1,,IP,2,3,IP,3,,IP,2,,IP,宮脇 遼太,5.1,0.19,3.8,3,,IP,4,,G3,5,,IP,3,,IP,6,,IP,3,,IP,4,,IP,1,,IP,2,,IP,4,,IP,眞鳥 章太,3.8,0.13,3.6,5,,IP,3,,IP,4,,IP,6,,IP,5,,IP,6,,G2,1,,IP,5,,IP,6,,IP,2,,IP
202608222201,2026-08-22,22,01R,江夏 満,9.5,0.13,1.9,1,,IP,1,,IP,1,,IP,2,,IP,2,,G1,1,,IP,1,,IP,1,,IP,2,,IP,1,,IP,齊藤 優,5.7,0.13,3.3,3,,IP,3,,IP,2,,IP,4,,IP,4,,IP,3,,IP,3,,IP,2,,IP,2,3,IP,6,,IP,宮本 夏樹,5.9,0.16,3.4,5,4,IP,3,,IP,1,,IP,2,,IP,6,,IP,2,,IP,2,,IP,5,,IP,1,,IP,4,5,IP,藤森 拓海,3.1,0.12,3.3,4,,IP,5,,IP,6,,IP,2,,IP,3,,IP,5,,IP,6,,IP,4,,IP,5,,IP,6,,IP,守屋 大地,3.6,0.16,3.4,2,,IP,5,,IP,4,,IP,2,,IP,4,,IP,6,,IP,5,,IP,6,,IP,4,,IP,5,,G3,杉田 篤光,2.8,0.21,5.1,5,,IP,5,,IP,4,,IP,5,,G3,3,5,IP,4,,IP,4,,G3,6,,IP,6,,IP,5,,IP
202608222202,2026-08-22,22,02R,柴田 友和,4.9,0.17,3.9,1,,IP,4,,IP,4,,IP,5,2,IP,5,,IP,1,,IP,2,,IP,5,,IP,3,,IP,6,,IP,山川 雄大,3.5,0.18,4.1,5,,IP,2,,IP,4,,IP,5,,IP,6,,IP,3,,IP,5,,IP,6,,IP,2,,IP,6,,IP,鈴木 勝博,4.8,0.13,2.6,6,,IP,6,,IP,1,,IP,6,,IP,4,,G2,5,,G2,3,5,G3,1,,G3,1,,IP,6,,IP,郷原 章平,5.4,0.15,2.8,2,3,IP,1,,IP,4,,IP,3,,IP,3,,IP,5,,IP,5,,IP,1,,IP,5,,IP,4,,IP,村上 功祐,4.4,0.14,2.4,3,,IP,4,,IP,5,,IP,5,,IP,3,,IP,2,,IP,4,,IP,4,,IP,3,,IP,5,,IP,芹澤 克彦,4.0,0.18,3.4,5,,IP,5,,IP,4,,IP,4,,G3,4,,IP,4,,IP,3,,IP,4,,G3,4,,G3,3,5,IP
202608222203,2026-08-22,22,03R,川島 拓郎,6.6,0.17,2.8,5,,IP,1,,IP,1,,G3,1,,G3,1,,IP,6,,IP,5,,G3,1,,IP,1,,IP,6,,IP,中山 雄太,5.9,0.14,2.1,5,,IP,2,,IP,2,,IP,3,,IP,1,,IP,2,,IP,5,,IP,1,,IP,5,,IP,5,,IP,深川 真二,6.9,0.14,2.8,2,,IP,3,,IP,4,,IP,1,,IP,6,,IP,1,,IP,2,,IP,2,,IP,1,,IP,4,,IP,嘉手苅 徹哉,5.0,0.13,2.8,2,,IP,5,,IP,5,,IP,1,,IP,3,,IP,5,,IP,2,,IP,3,,IP,5,,IP,4,,IP,橋本 久和,4.6,0.19,3.6,5,,IP,2,,IP,6,4,G3,5,,IP,2,,IP,5,6,IP,1,,IP,2,,IP,4,,G3,6,,G3,吉原 快誓,2.8,0.12,2.6,6,,IP,5,,IP,2,,IP,5,,IP,5,,IP,6,,IP,6,,IP,6,,IP,3,,IP,4,,IP
202608222204,2026-08-22,22,04R,大澤 誠也,8.2,0.17,3.8,2,,IP,1,,IP,4,,IP,1,,IP,2,,IP,1,,IP,1,,IP,4,,IP,2,,IP,1,,IP,森口 和紀,6.0,0.16,3.4,5,,IP,3,,IP,2,,IP,4,,IP,5,,G3,2,,IP,1,,IP,2,3,IP,5,,IP,1,,IP,野長瀬 正孝,6.0,0.16,2.6,3,,IP,5,,IP,5,,IP,3,,IP,5,,G3,1,,G3,2,,IP,1,,IP,2,2,IP,3,,IP,三苫 晃幸,6.4,0.17,2.6,4,,IP,2,,IP,3,5,IP,2,,IP,3,,IP,2,,IP,2,,IP,2,,IP,4,,IP,4,,IP,小玉 啓太,5.11,0.17,3.2,3,,IP,6,,IP,4,,IP,3,,IP,1,,IP,3,,IP,転,,IP,3,,IP,6,,IP,3,,IP,本橋 克洋,3.1,0.21,4.7,4,,IP,5,,IP,2,,IP,4,,IP,5,,IP,6,5,IP,3,,IP,6,,IP,6,,IP,5,,IP
202608222205,2026-08-22,22,05R,一色 凌雅,8.8,0.14,2.2,F,,IP,1,,IP,1,,IP,2,,G3,1,,IP,1,,IP,1,,IP,1,,IP,1,,IP,1,,IP,高野 哲史,8.8,0.18,3.5,1,,IP,2,,IP,3,,IP,1,,IP,1,,IP,2,,IP,1,,IP,2,,IP,2,,IP,1,,IP,鈴木 秀茉,5.1,0.15,3.2,5,,IP,2,,IP,3,,G3,4,,G3,2,,IP,3,,IP,6,,IP,3,,IP,2,,IP,5,,IP,荒牧 凪沙,4.0,0.23,4.1,1,,IP,4,,IP,5,,IP,6,,IP,4,,IP,3,,IP,5,,IP,5,,IP,3,5,IP,6,,IP,常盤 海心,2.8,0.2,4.4,6,,IP,6,4,IP,2,,IP,6,,IP,4,,IP,6,,IP,5,,IP,4,,IP,4,,IP,5,,IP,森定 晃史,3.5,0.2,5.0,6,,IP,5,,IP,3,,IP,3,,IP,6,,IP,6,,IP,2,,IP,4,,IP,4,,IP,5,,IP
202608222206,2026-08-22,22,06R,酒見 峻介,8.0,0.18,3.3,6,,IP,1,,IP,3,,IP,1,,IP,3,,G2,1,,IP,3,2,IP,1,,IP,1,,IP,1,,IP,大澤 風葵,6.3,0.16,4.1,1,1,IP,2,,IP,4,,IP,3,,G3,3,,IP,4,,IP,4,,IP,2,,IP,6,,IP,1,,IP,藤森 拓海,5.5,0.14,2.7,2,,IP,2,,IP,4,,IP,5,,IP,3,4,IP,1,,IP,6,,IP,5,,IP,3,,IP,2,,IP,佐藤 博亮,6.8,0.12,2.3,2,,IP,2,3,IP,2,,IP,3,,IP,4,,IP,3,,G3,3,,IP,2,,IP,2,,IP,3,,IP,村松 将平,3.3,0.15,2.9,5,,IP,4,,IP,2,,IP,5,,IP,4,,IP,5,,IP,6,,IP,F,6,IP,5,,IP,2,,IP,阿波 勝哉,3.7,0.19,3.8,2,,IP,6,,IP,1,4,G3,6,,G3,4,,IP,6,,IP,妨,,IP,4,,IP,5,,IP,3,,IP
202608222207,2026-08-22,22,07R,小川 知行,7.3,0.14,1.7,2,,IP,3,,IP,1,,IP,5,,IP,2,,IP,1,,IP,2,,IP,6,,IP,1,,IP,1,,IP,守屋 大地,5.3,0.15,2.9,3,,IP,2,,IP,3,,IP,6,,IP,4,,IP,4,,IP,1,,IP,4,,IP,2,,IP,5,,IP,芹澤 克彦,4.0,0.12,1.9,F,,IP,5,,G3,5,,G3,2,,IP,4,,IP,2,,IP,3,,IP,4,4,G3,5,,IP,4,,IP,野間 大樹,2.7,0.19,3.9,3,,IP,転,,IP,6,,IP,4,,G3,4,,G3,F,,IP,6,,IP,6,,IP,5,,IP,2,,IP,益田 啓司,6.7,0.13,2.6,3,,IP,2,,IP,2,,IP,2,,IP,6,6,IP,2,,IP,2,,G2,4,,G2,5,,IP,1,,IP,多羅尾 達之,2.3,0.12,3.0,6,,IP,6,,IP,5,,IP,6,,IP,5,,IP,6,,IP,4,,IP,4,5,IP,3,,IP,6,,IP
202608222208,2026-08-22,22,08R,村上 功祐,9.0,0.13,2.8,2,,IP,1,,IP,1,,IP,1,,IP,2,,IP,3,,IP,1,,IP,1,,IP,2,,IP,1,,IP,山田 哲也,6.6,0.13,2.2,1,,IP,3,,G3,3,,G3,3,,IP,2,,IP,1,4,IP,5,,IP,3,,G3,4,,IP,2,3,IP,杉田 篤光,5.3,0.17,5.0,3,4,IP,2,4,IP,2,,IP,5,,G3,1,,IP,5,,IP,5,4,IP,6,4,G3,4,,G3,1,,IP,野村 誠,5.0,0.16,3.5,2,,IP,3,,IP,5,,IP,5,,IP,3,,IP,4,,IP,4,3,IP,3,,IP,2,,IP,4,,IP,森口 和紀,3.4,0.12,2.5,3,,IP,3,,IP,6,,IP,2,,G3,5,,G3,5,,IP,5,,IP,5,,IP,6,,IP,4,,IP,中山 雄太,4.1,0.15,3.9,4,,IP,4,,IP,2,,IP,4,,IP,5,,IP,3,,IP,4,,IP,6,,IP,4,,IP,4,,IP
202608222209,2026-08-22,22,09R,寺本 重宣,8.0,0.11,2.0,3,,IP,2,,IP,1,,G3,1,,G3,1,,IP,1,,IP,1,,IP,1,,IP,5,,IP,4,,IP,本橋 克洋,3.5,0.2,4.8,6,,IP,3,,IP,3,,IP,5,,IP,3,,IP,3,,IP,F,,IP,6,,IP,3,,IP,6,,IP,荒牧 凪沙,6.7,0.21,3.4,1,,IP,2,,IP,1,,IP,2,,IP,2,,IP,3,,IP,1,,IP,5,,IP,6,,IP,4,,IP,鈴木 勝博,5.2,0.13,2.4,4,,IP,1,,IP,2,,G2,4,,G2,3,,IP,5,,G3,1,5,IP,6,,IP,4,,IP,6,,IP,齊藤 優,4.6,0.15,3.4,4,4,IP,3,,IP,5,,IP,3,,IP,3,,IP,3,,IP,5,,IP,5,,IP,3,,IP,3,,IP,伊藤 将吉,3.5,0.13,3.8,6,,IP,5,,G3,4,,IP,3,,IP,5,,IP,3,,IP,5,,IP,5,,IP,4,,IP,3,,IP
202608222210,2026-08-22,22,10R,野長瀬 正孝,8.6,0.14,3.0,1,,IP,1,,IP,4,,IP,1,,IP,1,,IP,1,,G3,3,,G3,1,,IP,2,,IP,2,,IP,郷原 章平,5.6,0.14,2.5,5,,IP,3,,IP,3,,IP,5,,IP,1,,IP,3,,IP,4,,IP,2,,IP,2,,IP,4,,IP,山崎 義明,6.8,0.16,2.2,1,,IP,3,,G3,3,,IP,4,,IP,1,,IP,3,,IP,3,,IP,4,,IP,2,,IP,2,,IP,一色 凌雅,7.1,0.19,2.9,1,,IP,1,,IP,6,,IP,3,,G3,4,,IP,1,,IP,3,,IP,1,,IP,2,,IP,3,,IP,大澤 風葵,5.1,0.12,3.2,2,3,IP,6,,IP,2,,IP,4,,G3,3,,IP,6,6,IP,3,,IP,2,,IP,6,,IP,3,,IP,宮本 夏樹,2.9,0.19,4.4,5,,IP,4,5,IP,6,,IP,6,,IP,5,,IP,5,,IP,6,,IP,4,,IP,3,,IP,3,,IP
202608222211,2026-08-22,22,11R,飛田 江己,9.0,0.09,1.9,1,,IP,1,,IP,1,,G3,2,,G3,1,,IP,1,,IP,1,,IP,1,,IP,1,,IP,5,,IP,橋本 久和,4.5,0.19,4.0,5,,IP,3,,IP,4,,IP,6,,G3,3,,IP,1,,IP,5,,IP,5,,IP,2,,IP,4,,IP,野間 大樹,4.4,0.2,3.9,5,4,IP,4,,G3,4,,G3,6,,IP,4,,IP,4,,IP,2,,IP,6,,IP,3,,IP,1,,IP,森定 晃史,6.6,0.16,3.5,3,,IP,4,,IP,1,,IP,2,,IP,3,,IP,2,,IP,3,,IP,3,,IP,1,,IP,5,,IP,酒見 峻介,4.2,0.18,4.0,3,,IP,6,6,IP,4,6,IP,3,4,IP,6,,IP,6,,IP,6,,IP,1,6,IP,3,,G2,4,,G2,三苫 晃幸,4.3,0.17,2.7,6,,IP,5,,IP,6,,IP,3,,IP,2,5,IP,2,5,IP,6,,IP,4,4,IP,3,,IP,5,,IP
202608222212,2026-08-22,22,12R,深川 真二,8.7,0.13,2.7,4,,IP,1,,IP,1,,IP,1,,IP,1,,IP,1,,IP,1,,IP,1,,IP,5,,IP,1,,IP,益田 啓司,6.4,0.15,3.4,3,,IP,3,,IP,1,,IP,2,,IP,2,,IP,6,,G2,2,,IP,4,,IP,2,,IP,4,,IP,江夏 満,6.4,0.15,3.2,3,,IP,2,,IP,4,,IP,1,,G1,4,,IP,1,,IP,2,,IP,1,,IP,5,,IP,6,,IP,山田 哲也,6.5,0.08,1.6,6,,IP,1,,IP,3,,G3,3,,IP,4,,IP,4,,IP,1,,IP,3,,IP,2,,IP,1,,G3,高野 哲史,6.1,0.15,2.9,5,,IP,1,,IP,5,,IP,1,,IP,3,,IP,2,,IP,2,3,IP,4,,IP,5,,IP,3,,IP,佐藤 博亮,5.4,0.12,3.0,3,5,IP,2,,IP,5,,IP,4,,IP,5,,IP,4,,IP,5,,G3,2,,G3,2,4,IP,1,5,IP
202608222301,2026-08-22,23,01R,坂元 浩仁,8.9,0.18,3.6,1,,IP,1,,IP,1,,IP,2,,G2,6,,G2,1,,IP,1,,IP,1,,IP,1,,IP,2,,IP,笠 雅雄,5.7,0.19,3.5,5,,IP,4,,IP,2,,IP,2,,IP,2,,IP,1,,IP,4,,IP,6,,IP,1,,IP,5,,IP,小川 日紀太,5.0,0.15,3.2,4,,IP,6,,IP,6,,IP,3,,IP,1,,IP,3,,IP,3,,IP,4,,IP,2,,IP,4,,IP,鈴木 智啓,4.2,0.17,3.2,3,,IP,3,,IP,5,,IP,5,,IP,6,,IP,5,,IP,3,,IP,6,,IP,2,,IP,2,5,IP,今泉 博人,1.7,0.27,4.1,6,6,IP,3,6,IP,5,6,IP,6,6,IP,6,6,IP,6,6,IP,5,6,IP,5,6,IP,落,6,IP,6,6,IP,向所 浩二,2.6,0.16,3.8,5,5,IP,4,,IP,5,4,IP,6,,IP,5,5,IP,4,,IP,5,,IP,4,,IP,4,,IP,6,,IP
202608222302,2026-08-22,23,02R,佐藤 大佑,7.3,0.15,3.9,6,,IP,1,,IP,3,,G2,1,,G2,2,,IP,6,,IP,1,,IP,1,,G3,1,4,G3,4,,G2,山田 丈,5.7,0.13,2.8,6,,IP,1,,IP,3,,G2,4,,G2,2,,IP,1,,IP,1,,IP,4,,IP,5,,IP,F,,IP,飯田 庄吾,3.9,0.16,3.5,2,4,IP,3,,IP,6,,IP,5,,IP,5,,IP,4,,IP,5,,IP,3,,IP,4,,IP,4,,IP,富田 恕生,3.0,0.18,2.9,5,,IP,5,,IP,2,,IP,4,,IP,6,,IP,6,,IP,3,,IP,5,,IP,妨,,IP,4,,IP,安藤 裕貴,3.5,0.15,2.2,5,,IP,4,,IP,4,,IP,4,,IP,5,,IP,6,,IP,4,,IP,5,,IP,5,,IP,1,3,IP,中野 和裕,2.5,0.14,3.5,3,,IP,4,,G3,6,,IP,6,,IP,6,,G3,5,,IP,4,,IP,5,5,IP,5,5,IP,5,,IP
202608222303,2026-08-22,23,03R,永田 秀二,7.2,0.15,2.4,5,,IP,2,,IP,1,,IP,2,,G3,3,,G3,6,,G2,1,,IP,1,,IP,3,,IP,1,,IP,大町 利克,4.8,0.16,3.1,5,,IP,5,,IP,2,,IP,3,,IP,4,,IP,4,,IP,3,,IP,5,,IP,3,,IP,2,,IP,吉武 真也,3.3,0.18,3.2,5,,IP,5,,IP,5,,IP,6,,IP,2,,IP,3,,IP,5,,IP,4,,IP,5,,IP,4,,IP,中村 泰平,6.5,0.16,2.9,3,,IP,3,,IP,1,,IP,4,,IP,4,,IP,4,5,IP,1,,IP,2,,IP,4,,IP,2,,IP,花田 和明,2.6,0.19,3.6,5,4,IP,5,4,G3,2,2,IP,5,4,G3,6,2,G3,6,4,IP,3,2,IP,6,4,IP,6,4,IP,5,3,IP,吉川 颯汰,0.9,0.22,4.8,6,,IP,6,,IP,6,,IP,6,,IP,6,,IP,6,,IP,5,,IP,6,,IP,転,,IP,転,,IP
202608222304,2026-08-22,23,04R,河合 三弘,7.2,0.17,3.3,3,,IP,2,,IP,4,,G3,3,,IP,2,,IP,1,,IP,4,,IP,2,,IP,1,,IP,2,,IP,杢野 誓良,5.2,0.16,3.7,4,,IP,2,,IP,2,,IP,1,,IP,4,,IP,6,,IP,3,,IP,3,,IP,4,,IP,6,,IP,横田 貴満,6.0,0.15,3.2,5,,IP,2,,IP,5,,IP,2,,IP,4,,IP,2,,IP,2,,IP,1,,IP,2,,IP,5,,IP,山口 修路,5.3,0.19,4.5,3,,IP,2,,IP,2,,IP,3,,IP,2,,IP,3,,IP,5,,IP,4,,IP,4,,IP,6,5,G3,乙藤 智史,4.9,0.17,3.2,5,,IP,2,,IP,4,,IP,5,,IP,1,,IP,6,,IP,4,,IP,4,,IP,3,,IP,2,,IP,西野 雄貴,5.9,0.22,3.4,3,,IP,2,,IP,1,2,IP,6,5,IP,2,,IP,5,5,IP,1,,IP,4,,IP,4,,IP,3,,IP
202608222305,2026-08-22,23,05R,末永 由楽,8.7,0.11,1.9,1,,IP,2,,IP,1,,IP,1,,IP,1,,IP,1,,IP,3,,G2,6,,G2,1,,IP,1,,IP,浦田 信義,5.3,0.18,3.9,3,,G3,6,,G3,1,,IP,3,,IP,3,,G3,3,,G3,5,,IP,3,,IP,3,,IP,4,,IP,仲 航太,5.8,0.14,2.5,3,,IP,1,,IP,2,,IP,6,,G3,2,,IP,6,,IP,2,,IP,3,,IP,5,,IP,2,,IP,笠 雅雄,5.4,0.15,2.9,2,,IP,6,,IP,2,,IP,4,,IP,3,,IP,6,,IP,4,,IP,4,,IP,1,,IP,2,5,IP,山下 拓巳,3.4,0.19,4.1,4,,IP,6,,IP,5,6,IP,2,,IP,4,,IP,1,,IP,6,6,IP,6,,IP,6,6,IP,5,,IP,藤原 啓史朗,4.4,0.11,2.7,3,,IP,4,,IP,4,,IP,3,,IP,6,,IP,3,5,IP,3,,G1,5,,G2,3,,IP,6,,IP
202608222306,2026-08-22,23,06R,池本 輝明,8.2,0.15,3.0,1,,IP,2,,IP,2,,IP,4,2,G3,2,,G3,4,,IP,1,,IP,1,,IP,1,,IP,1,,IP,福田 翔吾,7.2,0.12,2.5,1,,IP,2,,IP,2,,IP,3,,G3,3,,G3,1,4,G3,4,,G3,3,,IP,3,,IP,2,,IP,土井 祥伍,4.0,0.17,4.1,5,,IP,2,,IP,5,,IP,6,,IP,4,,IP,4,,IP,3,,IP,4,4,IP,6,,IP,2,,IP,河野 大,6.3,0.12,2.2,3,,IP,4,,IP,1,,IP,3,,IP,1,,IP,1,,G2,6,6,G2,4,,IP,5,,IP,2,,IP,山下 昂大,5.1,0.16,3.2,5,,IP,2,4,IP,3,4,IP,3,,IP,3,,IP,4,6,IP,1,,IP,6,,IP,4,6,IP,4,4,IP,今泉 博人,2.0,0.25,4.7,5,,IP,6,,IP,4,,IP,4,,IP,6,,IP,6,,IP,6,,IP,6,,IP,4,,IP,6,,IP
202608222307,2026-08-22,23,07R,寳田 亮治,8.2,0.19,3.8,2,,IP,2,,IP,1,,IP,5,,IP,1,,IP,2,,IP,2,,IP,1,,IP,1,,IP,2,,IP,山本 景士郎,4.2,0.19,4.6,3,,IP,2,,IP,5,,G3,2,,IP,6,,IP,3,,IP,5,,G1,5,,IP,5,,IP,4,,IP,富田 恕生,4.1,0.2,4.1,5,,IP,4,,IP,2,,IP,5,,IP,5,4,IP,5,,IP,2,,IP,2,,IP,6,,IP,4,,IP,吉武 真也,2.5,0.15,3.3,5,5,IP,6,,IP,6,5,IP,6,,IP,エ,,IP,転,,IP,6,,IP,5,,IP,2,,IP,4,,IP,上田 健太,4.4,0.12,3.1,4,,IP,4,,IP,2,,IP,3,,IP,5,,IP,6,6,G2,6,,G2,4,,IP,3,,IP,3,,IP,高田 明,4.1,0.18,4.0,4,,IP,5,5,IP,4,,IP,4,,IP,2,,IP,4,,IP,5,,IP,4,,IP,6,,G2,4,,G2
202608222308,2026-08-22,23,08R,鈴木 智啓,7.6,0.16,3.0,3,,IP,5,,IP,1,,IP,1,,IP,3,,IP,5,,IP,1,,IP,1,,IP,1,,IP,1,,IP,小川 日紀太,5.7,0.18,3.3,6,,IP,4,,IP,5,,IP,1,,IP,2,,IP,3,,IP,2,,IP,2,,IP,3,,IP,4,,IP,河合 三弘,4.8,0.19,4.4,3,,IP,2,,G3,5,,G3,3,,IP,6,,IP,6,,IP,4,,IP,1,,IP,5,,IP,2,,IP,安藤 裕貴,3.2,0.13,2.5,4,,IP,2,,IP,6,,IP,5,,IP,3,,IP,6,,IP,6,,IP,5,,IP,6,,IP,3,,IP,吉川 颯汰,1.6,0.2,4.9,6,6,IP,5,6,IP,6,6,IP,6,6,IP,6,6,IP,3,,IP,6,,IP,6,6,IP,6,6,IP,6,6,IP,平尾 崇典,5.8,0.14,2.5,2,,IP,3,4,IP,4,,IP,6,,IP,1,2,IP,4,,G2,2,5,IP,4,,IP,5,,IP,1,,IP
202608222309,2026-08-22,23,09R,杢野 誓良,7.9,0.13,3.2,2,,IP,4,,IP,1,,IP,2,,IP,1,,IP,2,,IP,6,,IP,1,,IP,1,,IP,1,,IP,花田 和明,6.4,0.15,3.0,3,,IP,2,,IP,4,,G3,2,,IP,4,,IP,3,,G3,3,,G3,2,,IP,3,,IP,2,,IP,山下 拓巳,3.7,0.15,3.0,5,,IP,4,,IP,2,,IP,2,,IP,4,,IP,5,,IP,6,,IP,5,,IP,4,,IP,5,,IP,照屋 厚仁,4.8,0.15,2.9,4,,IP,2,,IP,6,,IP,1,,G3,4,,G3,3,,IP,3,,G3,3,,IP,5,,IP,6,,IP,山田 丈,5.6,0.19,4.5,1,4,IP,3,,IP,4,,G2,6,,G2,3,2,IP,3,3,IP,3,,IP,2,,IP,6,,IP,3,,IP,寺島 吉彦,3.7,0.16,3.2,6,,IP,6,,IP,2,,IP,4,,IP,4,,IP,5,,IP,6,,IP,5,,IP,4,,IP,1,,IP
202608222310,2026-08-22,23,10R,西野 雄貴,9.6,0.12,1.9,1,,IP,1,,IP,2,,IP,1,,IP,2,,IP,1,,IP,1,,IP,1,,IP,1,,IP,1,,IP,中村 泰平,7.0,0.12,2.9,1,,IP,1,,IP,2,,IP,6,,IP,3,,IP,1,,IP,6,,IP,1,,IP,2,,IP,3,,IP,山下 昂大,6.3,0.14,2.4,4,,IP,1,,IP,4,,IP,1,,IP,4,,IP,1,,IP,1,,IP,6,,IP,3,,IP,4,,IP,浦田 信義,3.5,0.18,3.5,2,,G3,6,,IP,5,,G3,6,,G3,4,,IP,4,,IP,6,,IP,3,,IP,5,,IP,3,,IP,坂元 浩仁,3.4,0.17,3.6,6,,IP,3,,IP,6,6,IP,6,,G2,4,,G2,5,,G2,4,,IP,3,4,IP,4,,IP,5,,IP,永田 秀二,4.1,0.18,4.6,5,,IP,6,,G3,6,,G3,5,,G2,3,,G2,2,,IP,4,,IP,3,,IP,2,,IP,6,,IP
202608222311,2026-08-22,23,11R,高田 明,8.8,0.16,2.8,1,,IP,2,,IP,2,,IP,4,,IP,2,,IP,1,,IP,1,,IP,1,,IP,1,,IP,1,,IP,仲 航太,6.3,0.16,2.8,3,,IP,1,,IP,2,,IP,2,,IP,4,,G3,6,,G3,2,,IP,3,,IP,2,,IP,4,,IP,乙藤 智史,7.2,0.13,3.0,1,,IP,1,,IP,5,,IP,1,,IP,3,,IP,1,,IP,5,,IP,4,,IP,1,,IP,2,,IP,福田 翔吾,6.63,0.11,2.4,1,,IP,1,,IP,3,,IP,転,,G3,6,,G3,転,2,G3,1,,IP,5,,IP,4,,IP,1,,IP,佐藤 大佑,5.7,0.17,3.2,6,,IP,3,,IP,5,,G2,3,,IP,2,,IP,2,,IP,5,,G3,1,,G3,2,,G2,4,6,IP,池本 輝明,3.3,0.22,5.2,3,,IP,6,,IP,5,,IP,6,,G3,3,,G3,5,,IP,5,,IP,3,,IP,3,,IP,6,,IP
202608222312,2026-08-22,23,12R,藤原 啓史朗,9.2,0.15,3.6,1,,IP,1,,IP,1,,IP,1,,IP,1,,IP,1,,IP,1,,IP,2,,IP,5,,G2,1,,IP,河野 大,6.0,0.15,3.6,1,,IP,4,,IP,1,,IP,6,,IP,2,,IP,5,,IP,4,,IP,5,,G2,4,,G2,1,,G2,平尾 崇典,6.8,0.14,2.8,1,,IP,4,,IP,1,,IP,3,,IP,5,,G2,2,,IP,3,,IP,転,,IP,1,,G2,2,,IP,横田 貴満,5.2,0.16,3.0,4,,IP,3,,IP,3,,IP,4,,IP,3,,IP,2,,IP,5,,IP,3,,IP,5,6,IP,2,,IP,山本 景士郎,3.4,0.21,4.0,3,,IP,6,,G3,5,,IP,5,,IP,6,,IP,3,,IP,4,,IP,5,,IP,3,,IP,4,,IP,末永 由楽,4.0,0.13,3.2,5,,IP,5,,IP,5,,IP,2,5,IP,5,,IP,4,,IP,6,,G2,3,,G2,6,,G2,3,,G2
202608222401,2026-08-22,24,01R,山崎 鉄平,7.6,0.16,2.7,3,,IP,3,,IP,2,,IP,2,,IP,3,,IP,2,,IP,3,,IP,1,,IP,2,,IP,1,,IP,樅山 拓馬,5.3,0.18,3.1,5,,IP,4,,IP,6,,IP,4,,IP,3,,IP,2,,G3,3,,G3,3,,IP,2,,IP,2,,IP,齊藤 廉,6.2,0.12,2.1,2,,IP,3,,IP,4,,IP,2,,IP,2,,IP,3,4,IP,2,,IP,5,,IP,5,,IP,1,,IP,鐘ヶ江 真司,3.7,0.14,2.3,5,,IP,4,,IP,4,,IP,4,,IP,5,,IP,3,,IP,6,,IP,4,5,IP,2,,IP,5,,IP,東 健介,2.7,0.15,3.2,4,,IP,3,,IP,3,,IP,6,,G3,5,6,G3,6,,IP,4,,IP,6,,IP,6,6,IP,6,,IP,山崎 昂介,2.9,0.18,3.9,4,,IP,6,,IP,4,,IP,4,,IP,6,,IP,4,,IP,4,,IP,6,,IP,5,,IP,4,,IP
202608222402,2026-08-22,24,02R,國弘 翔平,7.4,0.13,2.3,2,,IP,2,,IP,1,,IP,4,,IP,1,,IP,1,,IP,2,,IP,3,,IP,5,,IP,2,,IP,谷川 将太,6.8,0.13,2.4,2,,IP,2,,IP,5,,IP,2,,IP,2,,IP,2,,IP,3,,IP,3,,IP,2,,IP,3,,IP,樋口 喜彦,4.67,0.12,1.9,2,,IP,4,,IP,2,,IP,転,,IP,5,,IP,6,,IP,1,,IP,5,,IP,6,,IP,3,4,IP,高野 心吾,4.7,0.17,4.0,6,,IP,2,,IP,4,,IP,5,,IP,6,5,IP,1,,IP,5,,IP,1,,IP,2,,IP,6,,IP,池田 雷太,3.5,0.16,3.2,2,,IP,2,4,IP,6,,IP,6,,IP,2,4,IP,6,6,IP,5,,IP,6,,IP,4,,IP,6,,IP,柴田 直哉,4.0,0.2,4.6,4,5,IP,3,,IP,6,,IP,3,,IP,5,,IP,5,,IP,5,5,IP,3,,IP,6,,IP,1,5,IP
202608222403,2026-08-22,24,03R,赤坂 俊輔,9.2,0.14,2.8,1,,IP,4,,IP,1,,IP,1,,IP,2,,IP,1,,IP,1,,G3,1,,G3,1,,IP,1,,IP,品田 直樹,6.0,0.18,3.0,6,,IP,2,,IP,1,,IP,6,,IP,3,,IP,2,,IP,3,,IP,4,,IP,3,,IP,1,,IP,上瀧 絢也,4.8,0.13,3.1,2,,IP,4,,IP,4,,IP,2,,IP,2,,IP,転,,IP,6,,IP,3,,IP,2,,IP,6,,IP,原田 雄次,4.6,0.19,4.5,4,,IP,3,,IP,3,,IP,3,,IP,3,,IP,6,6,IP,6,,IP,3,,IP,5,,IP,2,,IP,村岡 賢人,6.5,0.12,3.2,3,,IP,4,,IP,3,,IP,2,4,IP,3,,IP,1,,IP,5,,G1,2,,G1,4,,G1,2,,IP,板倉 敦史,1.78,0.24,5.0,6,,IP,5,,IP,4,,IP,6,,IP,6,,IP,6,,IP,エ,,IP,4,,IP,6,,G3,6,5,IP
202608222404,2026-08-22,24,04R,馬袋 義則,9.4,0.12,1.6,1,,IP,1,,IP,2,,IP,1,,G3,2,,G3,2,,IP,1,,IP,1,,IP,1,,IP,1,,IP,広瀬 聖仁,5.0,0.15,2.9,3,,IP,1,,IP,4,,G3,4,,IP,4,,IP,2,3,IP,3,,IP,5,,IP,4,,IP,5,3,IP,松田 隆司,5.6,0.14,2.3,1,4,IP,6,4,IP,3,,IP,1,,IP,5,,IP,6,,IP,1,,IP,3,,IP,4,,IP,3,4,IP,角山 雄哉,5.3,0.17,3.0,4,,IP,6,5,G3,1,,G3,6,,G3,1,,IP,2,,IP,2,,IP,6,,IP,4,,IP,3,5,IP,國崎 良春,4.7,0.14,3.0,3,,IP,4,,IP,1,6,IP,3,,IP,5,,IP,5,4,IP,3,,IP,6,,IP,5,,IP,2,,IP,上原 崚,3.4,0.15,3.1,5,,IP,5,,G3,5,,G3,4,,IP,3,,G2,5,,G2,6,,G3,4,,G3,4,,IP,4,,G2
202608222405,2026-08-22,24,05R,藤森 陸斗,8.6,0.14,3.3,4,,IP,1,,IP,1,,IP,3,,G3,1,,IP,2,,IP,1,,IP,1,,IP,1,,IP,2,,IP,池田 雄祐,4.9,0.18,3.4,3,,IP,3,,IP,3,,IP,5,,IP,4,,G3,5,,G3,6,,G3,2,,IP,4,,IP,1,,IP,佐竹 太一,6.1,0.14,2.7,1,,IP,3,,IP,3,,IP,6,,IP,1,,IP,5,,IP,4,,IP,2,2,IP,1,,IP,4,,G3,清水 紀克,4.5,0.2,3.7,6,2,IP,2,2,IP,3,2,IP,2,3,IP,3,2,IP,4,2,IP,3,2,IP,6,2,IP,6,2,IP,4,3,IP,高倉 和士,7.0,0.11,1.8,4,,IP,3,,IP,2,,IP,4,,IP,1,,G3,3,,IP,2,,IP,4,,IP,1,,G1,2,,G1,増田 進,3.6,0.24,5.2,3,,IP,3,,IP,4,,IP,4,,IP,2,5,IP,5,,IP,6,,IP,6,,IP,5,,IP,5,5,IP
202608222406,2026-08-22,24,06R,森 智也,8.4,0.13,2.0,1,,IP,2,,IP,2,,IP,1,,IP,2,,IP,2,,IP,1,,IP,1,,IP,1,,IP,5,,IP,堀本 翔太,4.3,0.21,3.9,4,,IP,5,,IP,5,,IP,6,,IP,4,,IP,1,,IP,3,,IP,4,,IP,3,,IP,4,,IP,山下 大輝,6.3,0.13,2.6,1,,IP,6,,IP,3,,IP,1,,IP,3,,IP,3,,IP,5,,IP,5,,IP,1,,IP,2,,IP,東 健介,2.7,0.16,3.5,5,,IP,5,,IP,5,,IP,2,,IP,6,,IP,5,,IP,5,,IP,4,,G3,5,,IP,5,,IP,近藤 雄一郎,3.9,0.17,3.9,4,,IP,5,,IP,3,,IP,5,,IP,3,,IP,4,6,IP,5,,IP,3,,IP,6,,IP,3,,IP,新開 航,5.78,0.16,3.8,2,5,IP,3,,SG,4,,IP,5,,G2,転,,G2,5,,SG,5,,SG,2,,G1,1,,IP,6,,G1
202608222407,2026-08-22,24,07R,稗田 聖也,7.7,0.17,3.2,1,,IP,1,,IP,5,,IP,3,,IP,2,,IP,1,,IP,1,,IP,6,,IP,1,,IP,1,,IP,鐘ヶ江 真司,5.1,0.16,3.3,4,,IP,2,,IP,6,,IP,5,,IP,5,,IP,1,,IP,2,,IP,3,,IP,5,,IP,2,,IP,田路 朋史,6.1,0.2,3.6,4,,IP,2,,IP,1,,IP,5,,IP,2,,IP,3,,IP,4,,IP,6,,IP,2,,IP,1,,IP,大野 芳顕,3.9,0.17,4.0,4,,IP,3,,IP,6,,IP,4,,IP,5,,IP,5,,G3,3,,IP,5,,IP,1,,IP,5,,IP,浦田 晃嗣,3.0,0.18,4.4,6,,IP,6,,IP,6,,IP,6,,IP,4,,IP,2,,IP,5,,IP,5,,IP,5,,IP,2,,IP,加藤 啓太,3.6,0.18,3.5,5,,IP,3,,IP,5,,IP,3,,IP,2,,IP,6,,IP,4,,IP,4,,IP,5,,IP,6,,IP
202608222408,2026-08-22,24,08R,岩永 雅人,7.0,0.2,4.5,6,2,IP,5,,IP,2,,IP,2,,IP,1,,IP,6,,IP,1,,IP,1,,IP,1,,IP,1,,IP,大月 遊雅,3.5,0.14,3.8,5,,IP,4,,IP,4,,IP,5,3,IP,5,,IP,3,,IP,6,,IP,4,,IP,3,,IP,4,,IP,樅山 拓馬,7.6,0.13,2.4,1,,IP,1,,IP,1,,IP,3,,G3,3,,IP,2,,IP,1,,IP,4,,IP,2,,IP,4,,IP,廣瀬 将亨,5.1,0.12,2.9,2,,IP,5,,IP,6,,IP,3,5,G3,3,,IP,4,,IP,5,,G2,4,,G2,2,,IP,2,,IP,藤田 浩人,4.4,0.15,3.9,4,,IP,3,,IP,6,,IP,5,,IP,3,,IP,4,,IP,3,,IP,3,,IP,3,,IP,6,,IP,三原 司,3.3,0.21,4.1,4,,IP,5,5,IP,6,,IP,3,,IP,3,,IP,5,,IP,6,,IP,6,,IP,3,,IP,4,,IP
202608222409,2026-08-22,24,09R,村岡 賢人,9.2,0.12,2.6,1,,IP,1,,IP,1,,IP,1,,IP,2,,IP,1,,IP,1,,G1,6,,G1,1,,IP,1,,IP,馬袋 義則,6.9,0.14,2.8,5,,IP,3,,IP,1,,G3,2,,G3,4,,IP,1,,IP,3,,IP,2,,IP,3,,G3,2,,G3,柴田 直哉,4.8,0.15,3.3,2,,IP,5,,IP,6,4,IP,2,,IP,1,,IP,5,6,IP,6,,IP,3,,IP,4,,IP,3,,IP,赤坂 俊輔,5.6,0.17,3.6,4,,IP,2,,IP,1,,IP,5,,G3,2,,G3,5,,IP,4,,IP,2,,IP,5,,IP,3,,IP,齊藤 廉,6.44,0.16,2.9,4,,IP,2,,IP,3,,IP,3,,IP,3,,IP,転,6,IP,2,,IP,3,,IP,3,,IP,2,,IP,藤森 陸斗,3.3,0.16,4.7,エ,,IP,5,,IP,4,,IP,6,,G3,5,,IP,2,,IP,5,,IP,3,,IP,3,,IP,5,,IP
202608222410,2026-08-22,24,10R,國崎 良春,7.7,0.17,2.9,2,,IP,2,,IP,3,,IP,2,2,IP,1,,IP,1,,IP,2,,IP,1,,IP,6,2,IP,2,,IP,國弘 翔平,6.4,0.15,2.7,2,3,IP,3,,IP,2,,IP,2,,IP,4,,IP,2,,IP,4,,IP,3,,IP,3,,IP,3,,IP,山崎 昂介,6.3,0.15,3.3,1,4,IP,2,,IP,6,,IP,2,,IP,5,,IP,1,,IP,4,,IP,1,,IP,4,,IP,3,,IP,山下 大輝,8.3,0.15,2.6,3,,IP,2,,IP,1,,IP,1,,IP,1,,IP,1,,IP,1,,IP,2,,IP,6,,IP,1,,IP,池田 雄祐,3.4,0.17,3.6,4,,IP,4,,IP,4,,IP,6,,G3,4,,G3,3,,G3,5,,IP,3,,IP,5,4,IP,6,6,IP,山崎 鉄平,3.5,0.18,4.3,5,,IP,2,,IP,4,,IP,2,,IP,6,,IP,6,,IP,3,,IP,6,,IP,5,,IP,5,,IP
202608222411,2026-08-22,24,11R,新開 航,10.5,0.12,3.0,1,,IP,1,,IP,1,,IP,1,,IP,1,,IP,1,,SG,1,,SG,1,,IP,1,,G2,2,,G2,稗田 聖也,6.1,0.12,2.0,2,,IP,4,,IP,2,,IP,4,,IP,1,,IP,6,,IP,4,,IP,4,,IP,2,,IP,1,,IP,高倉 和士,8.1,0.11,2.2,1,,IP,1,,IP,2,,IP,3,,IP,4,,IP,2,,IP,3,4,G3,1,,IP,2,,IP,1,,IP,谷川 将太,4.4,0.16,2.7,2,,IP,6,5,IP,3,,IP,3,,IP,4,,IP,5,,IP,3,,IP,6,,IP,3,,IP,4,,IP,品田 直樹,2.4,0.2,4.4,6,,IP,5,,IP,5,,IP,4,,IP,5,,IP,6,,IP,6,,IP,3,,IP,4,,IP,6,,IP,広瀬 聖仁,4.4,0.2,3.7,6,,IP,2,5,IP,5,,G3,3,,IP,3,,IP,6,,IP,5,,IP,2,,IP,5,,IP,2,,IP
202608222412,2026-08-22,24,12R,上原 崚,7.8,0.14,3.1,3,,IP,1,,G3,1,,IP,3,,G2,2,,G3,6,,G3,1,,IP,1,,IP,4,,G2,1,,G2,上瀧 絢也,3.6,0.19,4.0,6,3,IP,4,,IP,4,,IP,5,,IP,6,,IP,2,,IP,6,,IP,3,,IP,2,,IP,6,,IP,近藤 雄一郎,5.2,0.14,2.9,5,,IP,2,,IP,3,,IP,5,6,IP,3,,IP,4,,IP,3,,IP,1,,IP,4,,IP,4,,IP,佐竹 太一,5.2,0.13,3.0,4,,IP,3,,IP,3,,IP,3,,IP,4,,IP,3,5,G3,4,5,G3,2,,IP,4,,G3,4,,G3,大野 芳顕,3.0,0.14,2.6,5,,IP,4,,IP,4,,G3,5,,G3,5,,IP,3,,IP,6,,IP,4,4,IP,6,6,IP,5,,IP,高野 心吾,2.7,0.19,4.6,6,,IP,6,,IP,5,,IP,4,,IP,5,5,IP,4,,IP,3,,IP,5,,IP,5,,IP,6,,IP
