レースコード,レース日,レース場コード,レース回,状態,荒れ度,P_その他_1,P_その他_2,P_その他_3,P_その他_4,P_その他_5,P_その他_6,P_まくり_2,P_まくり_3,P_まくり_4,P_まくり_5,P_まくり_6,P_まくり差し_3,P_まくり差し_4,P_まくり差し_5,P_まくり差し_6,P_差し_2,P_差し_3,P_差し_4,P_差し_5,P_差し_6,P_抜き_1,P_抜き_2,P_抜き_3,P_抜き_4,P_抜き_5,P_抜き_6,P_恵まれ_2,P_恵まれ_3,P_恵まれ_4,P_恵まれ_5,P_逃げ_1,P_逃げ_2
202608180501,2026-08-18,05,01R,daily,0.7844,0.002767,0.001293,0.000701,0.000271,0.000239,0.000627,0.086329,0.189102,0.042383,0.018620,0.005957,0.125661,0.020313,0.024656,0.007906,0.069507,0.056076,0.029615,0.003918,0.003193,0.017062,0.013755,0.039516,0.004742,0.006740,0.002827,0.001102,0.001737,0.001293,0.002789,0.215556,0.003746
202608180501,2026-08-18,05,01R,realtime,0.7457,0.001027,0.000495,0.000613,0.000269,0.000226,0.000459,0.074406,0.177616,0.039772,0.014028,0.004502,0.128415,0.013636,0.027872,0.006384,0.071351,0.061705,0.020563,0.003524,0.002884,0.019661,0.014596,0.039691,0.004631,0.006906,0.003334,0.000814,0.001314,0.001232,0.002317,0.254251,0.001503
202608180502,2026-08-18,05,02R,daily,0.7964,0.002265,0.000938,0.000576,0.000298,0.000188,0.000352,0.228450,0.052269,0.130712,0.008680,0.008614,0.022463,0.033423,0.010863,0.006998,0.134376,0.020116,0.046977,0.003217,0.002474,0.013023,0.026452,0.011207,0.015293,0.003334,0.002153,0.001210,0.002598,0.001403,0.001769,0.203600,0.003708
202608180502,2026-08-18,05,02R,realtime,0.8129,0.000660,0.000723,0.000312,0.000265,0.000199,0.000273,0.292663,0.047818,0.111249,0.004089,0.006488,0.019641,0.031697,0.008214,0.007129,0.139187,0.017696,0.042937,0.002922,0.002181,0.014627,0.028381,0.009451,0.012690,0.002532,0.001672,0.000812,0.002095,0.001286,0.001244,0.187054,0.001814
202608180503,2026-08-18,05,03R,daily,0.7260,0.002043,0.000560,0.000508,0.000166,0.000149,0.000312,0.199855,0.078727,0.015976,0.006174,0.002538,0.068827,0.007000,0.008420,0.002387,0.199064,0.050350,0.008362,0.001536,0.000750,0.015770,0.021614,0.016030,0.002437,0.002534,0.000717,0.001441,0.002132,0.001607,0.001627,0.274017,0.006368
202608180503,2026-08-18,05,03R,realtime,0.8208,0.000799,0.000912,0.000598,0.000173,0.000154,0.000267,0.247344,0.093120,0.019452,0.003335,0.003203,0.082798,0.005029,0.006668,0.002521,0.201210,0.064210,0.005578,0.001363,0.000645,0.014693,0.027061,0.021113,0.002560,0.002633,0.001086,0.002599,0.001948,0.002165,0.001349,0.179174,0.004239
202608180504,2026-08-18,05,04R,daily,0.7052,0.002452,0.001280,0.000699,0.000211,0.000256,0.000379,0.043059,0.129779,0.026239,0.045530,0.003145,0.116586,0.014676,0.098309,0.005375,0.061031,0.038635,0.018574,0.010190,0.004275,0.025285,0.008194,0.020504,0.004098,0.014160,0.002072,0.001235,0.001623,0.001307,0.001704,0.294842,0.004295
202608180504,2026-08-18,05,04R,realtime,0.6570,0.001566,0.000422,0.000533,0.000191,0.000264,0.000299,0.044919,0.078384,0.029087,0.036382,0.001288,0.096363,0.010974,0.120009,0.003379,0.071313,0.033348,0.012550,0.014769,0.002452,0.032573,0.009123,0.025504,0.003483,0.018016,0.001630,0.000787,0.001500,0.001080,0.002142,0.342990,0.002678
202608180505,2026-08-18,05,05R,daily,0.6688,0.001907,0.001003,0.000513,0.000277,0.000188,0.000514,0.153590,0.022187,0.070589,0.008802,0.020247,0.011071,0.018088,0.014668,0.022022,0.220248,0.007326,0.012979,0.003045,0.003960,0.015428,0.025660,0.007385,0.006490,0.003642,0.004482,0.001017,0.001594,0.001425,0.002600,0.331171,0.005885
202608180505,2026-08-18,05,05R,realtime,0.6179,0.002209,0.003907,0.000405,0.000304,0.000247,0.000425,0.155337,0.023896,0.060725,0.006334,0.020384,0.008728,0.031976,0.009456,0.017906,0.169505,0.007526,0.020326,0.002577,0.004565,0.015809,0.019913,0.005369,0.008603,0.002502,0.002603,0.000960,0.001751,0.001878,0.002958,0.382123,0.008792
202608180506,2026-08-18,05,06R,daily,0.3350,0.001096,0.000454,0.000294,0.000114,0.000114,0.000240,0.007179,0.062988,0.017193,0.013527,0.002649,0.089132,0.009685,0.027806,0.002899,0.019552,0.015964,0.007701,0.002054,0.001374,0.028705,0.002150,0.010527,0.002239,0.003172,0.000893,0.000985,0.001464,0.000934,0.000807,0.664996,0.001113
202608180506,2026-08-18,05,06R,realtime,0.3467,0.001547,0.000148,0.000340,0.000123,0.000124,0.000199,0.006042,0.056998,0.016327,0.017769,0.000977,0.098442,0.008539,0.040637,0.002488,0.018324,0.013892,0.006417,0.002596,0.001049,0.028551,0.001744,0.009741,0.002028,0.006000,0.000865,0.000713,0.001456,0.000815,0.000899,0.653278,0.000928
202608180507,2026-08-18,05,07R,daily,0.4446,0.000953,0.000848,0.000290,0.000153,0.000124,0.000326,0.014079,0.076719,0.063042,0.004911,0.002963,0.090697,0.034008,0.009430,0.004053,0.033602,0.017693,0.023770,0.001394,0.002280,0.025854,0.004228,0.015262,0.007491,0.001870,0.001463,0.001143,0.002008,0.001467,0.001059,0.555415,0.001406
202608180507,2026-08-18,05,07R,realtime,0.4348,0.001301,0.000255,0.000309,0.000167,0.000135,0.000257,0.013939,0.076210,0.061145,0.001952,0.001270,0.093042,0.035332,0.007340,0.003459,0.033273,0.017253,0.023972,0.001034,0.001454,0.025761,0.004218,0.013276,0.008316,0.001849,0.001816,0.000941,0.002095,0.001583,0.000645,0.565228,0.001173
202608180508,2026-08-18,05,08R,daily,0.2361,0.000897,0.000383,0.000199,0.000096,0.000096,0.000163,0.008361,0.025331,0.010826,0.024324,0.006926,0.019801,0.004833,0.041224,0.006896,0.024243,0.004889,0.003022,0.003522,0.001534,0.032614,0.003005,0.003597,0.000732,0.004005,0.000877,0.000485,0.000969,0.000649,0.000773,0.763859,0.000868
202608180508,2026-08-18,05,08R,realtime,0.2891,0.003064,0.000241,0.000165,0.000119,0.000114,0.000166,0.007775,0.029609,0.010094,0.031328,0.007870,0.023271,0.004484,0.074205,0.009511,0.021101,0.004288,0.001919,0.005839,0.001443,0.034632,0.002566,0.003641,0.000867,0.004896,0.001332,0.000493,0.001310,0.000625,0.000953,0.710947,0.001130
202608180509,2026-08-18,05,09R,daily,0.1786,0.000502,0.000241,0.000130,0.000059,0.000039,0.000140,0.008596,0.027095,0.005792,0.001129,0.003233,0.042579,0.003190,0.001658,0.002993,0.034568,0.007925,0.001743,0.000216,0.000411,0.022705,0.003263,0.004998,0.000580,0.000351,0.000505,0.000609,0.001269,0.000865,0.000474,0.821370,0.000772
202608180509,2026-08-18,05,09R,realtime,0.1449,0.001983,0.000526,0.000303,0.000052,0.000053,0.000071,0.006770,0.019328,0.004465,0.002628,0.000759,0.035757,0.003300,0.005496,0.000622,0.020147,0.006188,0.000959,0.000574,0.000227,0.023323,0.001821,0.004053,0.000474,0.000549,0.000100,0.000463,0.000899,0.000926,0.000532,0.855119,0.001533
202608180510,2026-08-18,05,10R,daily,0.2303,0.001037,0.000298,0.000231,0.000095,0.000082,0.000223,0.015354,0.021564,0.017913,0.004325,0.002632,0.025999,0.006009,0.006190,0.003845,0.063625,0.005335,0.004085,0.000915,0.000860,0.028508,0.006053,0.005764,0.001480,0.001144,0.000747,0.000931,0.001286,0.000833,0.000859,0.769731,0.002045
202608180511,2026-08-18,05,11R,daily,0.2532,0.001101,0.000344,0.000284,0.000092,0.000087,0.000206,0.024515,0.030287,0.007536,0.005698,0.004846,0.029822,0.002852,0.006849,0.007563,0.064979,0.006566,0.002898,0.000919,0.001242,0.033022,0.007224,0.004398,0.000773,0.001087,0.001104,0.000639,0.001953,0.000633,0.000989,0.746833,0.002656
202608180512,2026-08-18,05,12R,daily,0.2711,0.000874,0.000462,0.000210,0.000143,0.000093,0.000312,0.017042,0.012006,0.044414,0.004021,0.011284,0.008982,0.015131,0.008766,0.016855,0.071937,0.002745,0.007834,0.000878,0.001961,0.020765,0.008580,0.002440,0.003714,0.001139,0.002369,0.000799,0.001259,0.001012,0.000999,0.728923,0.002047
202608180901,2026-08-18,09,01R,daily,0.4469,0.002535,0.000736,0.000341,0.000198,0.000174,0.000332,0.029875,0.032886,0.049967,0.015875,0.002761,0.038828,0.034432,0.032050,0.003315,0.088992,0.007969,0.027520,0.004281,0.000750,0.022098,0.018051,0.010210,0.005442,0.008671,0.000590,0.001833,0.001410,0.001787,0.001042,0.553089,0.001958
202608180901,2026-08-18,09,01R,realtime,0.5695,0.016229,0.001356,0.000334,0.000193,0.000253,0.000228,0.021126,0.021304,0.026949,0.175984,0.001053,0.029144,0.029006,0.039963,0.003562,0.086423,0.004646,0.024791,0.001871,0.001098,0.028986,0.012659,0.005750,0.003725,0.019464,0.000917,0.002022,0.002332,0.003498,0.001366,0.430466,0.003303
202608180902,2026-08-18,09,02R,daily,0.5847,0.003470,0.001201,0.000540,0.000286,0.000181,0.000486,0.045665,0.044924,0.086456,0.008202,0.005613,0.058718,0.045857,0.023605,0.009665,0.097374,0.022542,0.051449,0.004679,0.002524,0.020906,0.011631,0.012802,0.007269,0.004143,0.003144,0.002094,0.003257,0.002426,0.001617,0.415321,0.001953
202608180902,2026-08-18,09,02R,realtime,0.6280,0.001851,0.000494,0.000378,0.000215,0.000252,0.000509,0.045054,0.064234,0.078374,0.004494,0.002967,0.066524,0.040946,0.017888,0.008880,0.123894,0.022954,0.069621,0.004675,0.003732,0.022674,0.013924,0.013151,0.006614,0.002779,0.003252,0.001252,0.002011,0.002015,0.000777,0.372048,0.001565
202608180903,2026-08-18,09,03R,daily,0.7335,0.002571,0.000662,0.000634,0.000206,0.000178,0.000379,0.100889,0.071555,0.071641,0.004348,0.002687,0.067675,0.036049,0.009660,0.003070,0.187891,0.030712,0.040161,0.002801,0.000912,0.014704,0.032450,0.024548,0.008474,0.003364,0.000918,0.002045,0.002453,0.001835,0.001691,0.266500,0.006339
202608180903,2026-08-18,09,03R,realtime,0.7727,0.001017,0.000448,0.000515,0.000179,0.000204,0.000348,0.081551,0.118589,0.054956,0.001700,0.001977,0.077998,0.044014,0.007731,0.002096,0.184185,0.034189,0.051890,0.002557,0.000959,0.018353,0.038117,0.025552,0.008248,0.003197,0.000885,0.001501,0.002951,0.002194,0.001207,0.227329,0.003362
202608180904,2026-08-18,09,04R,daily,0.7164,0.003576,0.000676,0.000460,0.000233,0.000259,0.000350,0.108023,0.033505,0.082504,0.018554,0.000922,0.024442,0.042115,0.062888,0.001528,0.174560,0.018551,0.045360,0.010697,0.000682,0.018755,0.027914,0.007054,0.007499,0.013350,0.000398,0.002486,0.001606,0.001938,0.001379,0.283645,0.004091
202608180904,2026-08-18,09,04R,realtime,0.7158,0.001197,0.000506,0.000265,0.000175,0.000268,0.000255,0.088285,0.027326,0.073282,0.010645,0.000350,0.022444,0.036969,0.078365,0.000706,0.216809,0.011303,0.054255,0.009115,0.000620,0.021042,0.026977,0.005519,0.007680,0.012475,0.000332,0.001518,0.001991,0.001469,0.001099,0.284219,0.002539
202608180905,2026-08-18,09,05R,daily,0.2415,0.001163,0.000587,0.000222,0.000145,0.000105,0.000235,0.005290,0.023871,0.024124,0.008319,0.004868,0.028597,0.016422,0.023166,0.008213,0.029252,0.004384,0.010415,0.002702,0.001845,0.027463,0.003754,0.005045,0.001820,0.003568,0.001455,0.000870,0.001025,0.001060,0.000718,0.758516,0.000781
202608180905,2026-08-18,09,05R,realtime,0.2431,0.001935,0.000206,0.000134,0.000119,0.000130,0.000225,0.005283,0.029173,0.012132,0.006911,0.003187,0.027922,0.011723,0.025086,0.006318,0.036950,0.004778,0.011070,0.002387,0.002195,0.034535,0.005158,0.005127,0.001384,0.003795,0.001459,0.000648,0.000808,0.000965,0.000364,0.756851,0.001041
202608180906,2026-08-18,09,06R,daily,0.7574,0.004208,0.000712,0.000745,0.000222,0.000229,0.000444,0.130405,0.086371,0.019708,0.018865,0.002296,0.092827,0.015462,0.059851,0.003100,0.172620,0.044292,0.013443,0.009303,0.000870,0.017533,0.022646,0.014181,0.003161,0.009543,0.000749,0.002381,0.002177,0.001933,0.001411,0.242622,0.005692
202608180906,2026-08-18,09,06R,realtime,0.6668,0.001521,0.000466,0.000668,0.000159,0.000249,0.000375,0.064814,0.081115,0.015144,0.016313,0.002193,0.105575,0.009550,0.069507,0.002606,0.165779,0.027469,0.008205,0.008963,0.000931,0.023104,0.021196,0.017038,0.002465,0.010836,0.000625,0.001919,0.002150,0.001666,0.001507,0.333204,0.002689
202608180907,2026-08-18,09,07R,daily,0.6783,0.003627,0.001223,0.000565,0.000264,0.000194,0.000625,0.056611,0.073093,0.050335,0.006395,0.002336,0.115990,0.041387,0.016786,0.004096,0.114750,0.040760,0.051997,0.003079,0.001571,0.016141,0.016094,0.028459,0.005451,0.005067,0.002384,0.002870,0.005124,0.003427,0.002999,0.321743,0.004558
202608180907,2026-08-18,09,07R,realtime,0.6992,0.006237,0.001960,0.001159,0.000172,0.000308,0.000300,0.049120,0.139055,0.012064,0.011096,0.001088,0.110872,0.020312,0.036057,0.001778,0.109867,0.046439,0.024481,0.005386,0.000902,0.024796,0.016855,0.040916,0.002184,0.012527,0.000321,0.001712,0.003422,0.002783,0.003045,0.300836,0.011951
202608180908,2026-08-18,09,08R,daily,0.8023,0.004750,0.001571,0.000891,0.000338,0.000317,0.000734,0.054071,0.114219,0.037904,0.040888,0.006432,0.082281,0.026598,0.151531,0.013263,0.076772,0.039324,0.031697,0.023600,0.004489,0.016131,0.014570,0.019468,0.004431,0.020536,0.003739,0.001692,0.001941,0.001679,0.002174,0.197680,0.004289
202608180908,2026-08-18,09,08R,realtime,0.8270,0.001897,0.000435,0.000405,0.000250,0.000348,0.000613,0.046797,0.106388,0.032822,0.048126,0.002982,0.077173,0.019868,0.215881,0.012289,0.078621,0.026518,0.021154,0.029100,0.004299,0.017909,0.013936,0.019410,0.003880,0.032762,0.003886,0.001542,0.002189,0.001449,0.001641,0.173045,0.002384
202608180909,2026-08-18,09,09R,daily,0.4514,0.003219,0.000718,0.000432,0.000200,0.000180,0.000455,0.018721,0.049583,0.023198,0.016194,0.004429,0.086451,0.018040,0.066741,0.007836,0.053787,0.019277,0.011336,0.008965,0.001722,0.022986,0.006126,0.010239,0.002847,0.007736,0.001450,0.001708,0.002056,0.001805,0.000991,0.548616,0.001955
202608180909,2026-08-18,09,09R,realtime,0.6649,0.006176,0.005438,0.000662,0.000352,0.000398,0.000485,0.060133,0.047981,0.039683,0.017314,0.113508,0.017929,0.074304,0.031805,0.028367,0.095759,0.004542,0.017767,0.009071,0.004822,0.024248,0.015156,0.009138,0.010405,0.004367,0.001862,0.002097,0.004435,0.002936,0.004894,0.335093,0.008874
202608180910,2026-08-18,09,10R,daily,0.2671,0.001806,0.000491,0.000319,0.000151,0.000106,0.000345,0.015485,0.016342,0.019786,0.005062,0.006236,0.024857,0.010256,0.014806,0.009210,0.076540,0.004922,0.005461,0.002872,0.001393,0.026144,0.007516,0.004595,0.001349,0.002579,0.001486,0.001349,0.001669,0.001211,0.000866,0.732932,0.001856
202608180910,2026-08-18,09,10R,realtime,0.2815,0.002003,0.000335,0.000187,0.000132,0.000126,0.000328,0.019816,0.014106,0.016269,0.003251,0.005095,0.021753,0.007716,0.016806,0.010046,0.094863,0.005620,0.005025,0.002932,0.001549,0.028796,0.009692,0.003789,0.001271,0.002253,0.001538,0.000943,0.001496,0.001342,0.000594,0.718497,0.001829
202608180911,2026-08-18,09,11R,daily,0.3717,0.002417,0.000492,0.000446,0.000155,0.000168,0.000306,0.018165,0.034906,0.015352,0.017237,0.003217,0.037643,0.009311,0.058054,0.005979,0.080867,0.011870,0.007930,0.006751,0.001176,0.025750,0.009059,0.006777,0.001046,0.006911,0.001150,0.001364,0.001756,0.001246,0.001283,0.628276,0.002940
202608180911,2026-08-18,09,11R,realtime,0.4432,0.002070,0.000289,0.000298,0.000143,0.000192,0.000276,0.030331,0.029361,0.012086,0.016824,0.001134,0.034251,0.006887,0.093553,0.004506,0.113510,0.013456,0.008814,0.009361,0.001041,0.028558,0.011002,0.005781,0.000988,0.009444,0.001131,0.000953,0.001506,0.001078,0.001176,0.556772,0.003229
202608180912,2026-08-18,09,12R,daily,0.2195,0.001182,0.000348,0.000170,0.000096,0.000085,0.000267,0.004676,0.019205,0.021521,0.003587,0.001228,0.038835,0.017432,0.016055,0.002238,0.033965,0.005504,0.011394,0.001518,0.000582,0.021210,0.003358,0.004817,0.001769,0.001984,0.000504,0.001160,0.001835,0.001129,0.000667,0.780475,0.001202
202608181001,2026-08-18,10,01R,daily,0.3123,0.001966,0.000841,0.000162,0.000142,0.000097,0.000217,0.003030,0.030996,0.021286,0.004370,0.003499,0.094615,0.034137,0.017673,0.003990,0.009996,0.007214,0.016220,0.001993,0.001881,0.035855,0.000964,0.007757,0.004658,0.002658,0.001285,0.000855,0.001326,0.001584,0.000314,0.687722,0.000700
202608181001,2026-08-18,10,01R,realtime,0.2962,0.004419,0.000172,0.000144,0.000146,0.000093,0.000168,0.002022,0.035220,0.016746,0.001665,0.004313,0.104633,0.028692,0.015818,0.003937,0.006714,0.005757,0.012222,0.001524,0.001550,0.031937,0.000642,0.006500,0.003884,0.002184,0.001401,0.000608,0.000849,0.001444,0.000222,0.703794,0.000581
202608181002,2026-08-18,10,02R,daily,0.5339,0.003873,0.001175,0.000510,0.000286,0.000199,0.000403,0.043107,0.059003,0.025866,0.006278,0.004149,0.063441,0.022925,0.016158,0.003355,0.155340,0.024281,0.018447,0.003139,0.002619,0.026033,0.009399,0.015917,0.006239,0.004863,0.001808,0.002408,0.001169,0.002325,0.001021,0.466087,0.008179
202608181002,2026-08-18,10,02R,realtime,0.6394,0.006598,0.004612,0.000981,0.000526,0.000280,0.000428,0.065428,0.074771,0.023306,0.010828,0.006843,0.067379,0.027277,0.029301,0.004367,0.146390,0.037749,0.012440,0.004864,0.003347,0.028005,0.011745,0.018438,0.005365,0.010616,0.002243,0.003046,0.001625,0.004223,0.002147,0.360600,0.024231
202608181003,2026-08-18,10,03R,daily,0.4394,0.002755,0.000994,0.000329,0.000153,0.000154,0.000278,0.011264,0.078464,0.020591,0.006796,0.001745,0.113151,0.025552,0.013457,0.001753,0.047107,0.012069,0.017719,0.004362,0.001764,0.027612,0.003950,0.027598,0.004735,0.005594,0.000765,0.001843,0.001084,0.001795,0.000944,0.560567,0.003058
202608181003,2026-08-18,10,03R,realtime,0.5273,0.002347,0.000318,0.000280,0.000182,0.000151,0.000178,0.009721,0.120230,0.013889,0.009452,0.000424,0.159167,0.025082,0.017746,0.001251,0.044643,0.011904,0.014533,0.003635,0.001208,0.033081,0.003098,0.030003,0.003834,0.011882,0.000718,0.001759,0.001115,0.002530,0.000971,0.472715,0.001953
202608181004,2026-08-18,10,04R,daily,0.4471,0.002971,0.001461,0.000528,0.000359,0.000203,0.000555,0.020436,0.033098,0.037908,0.011223,0.022861,0.026422,0.035655,0.026123,0.020113,0.086455,0.010803,0.015735,0.006904,0.012285,0.032614,0.007934,0.006298,0.004424,0.005597,0.007584,0.001787,0.001688,0.001891,0.001439,0.552936,0.003710
202608181004,2026-08-18,10,04R,realtime,0.4830,0.003795,0.000724,0.000221,0.000449,0.000223,0.000492,0.025377,0.034209,0.045643,0.010533,0.018818,0.028688,0.040918,0.032410,0.033296,0.083535,0.010563,0.013893,0.006646,0.010412,0.033162,0.007930,0.004998,0.005457,0.007160,0.013441,0.001953,0.001661,0.002715,0.000977,0.516983,0.002716
202608181005,2026-08-18,10,05R,daily,0.5884,0.003450,0.001873,0.000325,0.000341,0.000260,0.000669,0.006837,0.044748,0.058121,0.020983,0.020518,0.037388,0.068144,0.102911,0.036737,0.035468,0.006673,0.044555,0.010586,0.016187,0.027397,0.004556,0.004709,0.011327,0.008148,0.007413,0.001412,0.001263,0.001503,0.000969,0.411565,0.002965
202608181005,2026-08-18,10,05R,realtime,0.5627,0.004466,0.000267,0.000098,0.000280,0.000289,0.000518,0.005549,0.031172,0.061044,0.019696,0.013053,0.032912,0.055170,0.143802,0.040212,0.028275,0.004653,0.035598,0.011950,0.011621,0.023367,0.002894,0.002330,0.011613,0.009225,0.007251,0.000880,0.001121,0.001349,0.000730,0.437316,0.001298
202608181006,2026-08-18,10,06R,daily,0.4954,0.003784,0.000769,0.000387,0.000224,0.000220,0.000319,0.037700,0.032488,0.033685,0.012514,0.000765,0.030707,0.032560,0.040967,0.000898,0.135904,0.009560,0.027228,0.007752,0.000955,0.029281,0.010725,0.011545,0.009211,0.011035,0.000509,0.002589,0.001098,0.001968,0.000910,0.504636,0.007109
202608181006,2026-08-18,10,06R,realtime,0.4494,0.001714,0.000421,0.000205,0.000195,0.000199,0.000179,0.029755,0.031993,0.029323,0.009470,0.000341,0.037405,0.027131,0.049981,0.000534,0.118037,0.006112,0.022406,0.007399,0.000678,0.031163,0.007255,0.007509,0.007877,0.012601,0.000393,0.001861,0.000897,0.002193,0.001271,0.550627,0.002875
202608181007,2026-08-18,10,07R,daily,0.5591,0.004709,0.002012,0.000572,0.000276,0.000225,0.000343,0.033733,0.084488,0.027925,0.010158,0.005046,0.079501,0.029998,0.027003,0.003757,0.100511,0.024636,0.024904,0.006863,0.003239,0.025207,0.011246,0.022948,0.004237,0.009054,0.002196,0.002200,0.001140,0.002805,0.001325,0.440894,0.006846
202608181007,2026-08-18,10,07R,realtime,0.5241,0.002920,0.000886,0.000343,0.000228,0.000235,0.000248,0.029959,0.084782,0.017175,0.005884,0.003894,0.091375,0.018164,0.019734,0.004030,0.112261,0.021753,0.018332,0.006518,0.002837,0.026036,0.009816,0.022468,0.002790,0.009536,0.001904,0.001303,0.000812,0.002231,0.001229,0.475908,0.004410
202608181008,2026-08-18,10,08R,daily,0.6240,0.004468,0.002479,0.000707,0.000458,0.000213,0.000942,0.034919,0.062487,0.077127,0.006239,0.020536,0.056244,0.061445,0.013999,0.020951,0.084589,0.023680,0.032171,0.004108,0.014247,0.026070,0.010117,0.022379,0.006597,0.004614,0.015455,0.001859,0.002661,0.003289,0.002558,0.376018,0.006375
202608181008,2026-08-18,10,08R,realtime,0.6563,0.002363,0.000857,0.000417,0.000426,0.000230,0.000855,0.047380,0.050117,0.092897,0.002598,0.016002,0.056804,0.056821,0.008175,0.035398,0.105134,0.027401,0.027623,0.003455,0.014094,0.024046,0.015487,0.014937,0.007609,0.002375,0.031687,0.001307,0.001884,0.003229,0.000786,0.343667,0.003940
202608181009,2026-08-18,10,09R,daily,0.8123,0.006650,0.003138,0.000979,0.000406,0.000300,0.001059,0.043714,0.157121,0.053981,0.010731,0.007203,0.109817,0.050874,0.031191,0.014539,0.093501,0.048052,0.044745,0.012951,0.016484,0.018641,0.011154,0.030793,0.007600,0.008192,0.009320,0.002315,0.001865,0.002901,0.002649,0.187710,0.009423
202608181009,2026-08-18,10,09R,realtime,0.7760,0.005628,0.003014,0.001156,0.000492,0.000502,0.000830,0.051965,0.058266,0.085137,0.008075,0.048339,0.054952,0.076762,0.023199,0.028303,0.109348,0.030756,0.031437,0.013013,0.019153,0.018628,0.008990,0.024542,0.032451,0.006033,0.012365,0.003631,0.003470,0.004721,0.003912,0.224043,0.006887
202608181010,2026-08-18,10,10R,daily,0.3167,0.002911,0.000720,0.000275,0.000204,0.000143,0.000470,0.014263,0.015644,0.019252,0.005638,0.003356,0.014486,0.018428,0.028041,0.005746,0.100560,0.004353,0.005720,0.004551,0.002159,0.036365,0.007008,0.005851,0.003596,0.005314,0.001739,0.002049,0.001091,0.001773,0.000782,0.683259,0.004255
202608181010,2026-08-18,10,10R,realtime,0.2757,0.002340,0.000450,0.000172,0.000148,0.000141,0.000347,0.010031,0.010509,0.017397,0.004987,0.001668,0.012977,0.013336,0.021009,0.004689,0.100536,0.003024,0.003460,0.004780,0.001897,0.030756,0.006618,0.005362,0.003331,0.005023,0.001596,0.002513,0.001136,0.001440,0.000421,0.724328,0.003576
202608181011,2026-08-18,10,11R,daily,0.2834,0.002001,0.000646,0.000283,0.000143,0.000112,0.000238,0.010423,0.023689,0.009671,0.005370,0.004145,0.024571,0.010056,0.018143,0.003449,0.096333,0.007376,0.004034,0.002676,0.001602,0.028842,0.007098,0.006099,0.001022,0.002937,0.001005,0.002144,0.000712,0.001312,0.000735,0.716595,0.006538
202608181011,2026-08-18,10,11R,realtime,0.2874,0.001940,0.000558,0.000157,0.000105,0.000129,0.000194,0.008929,0.029715,0.005243,0.003895,0.002296,0.025365,0.007335,0.016177,0.002816,0.106471,0.007344,0.003049,0.004044,0.001395,0.030006,0.007348,0.007341,0.000810,0.003110,0.000772,0.001507,0.000738,0.001029,0.000635,0.712636,0.006911
202608181012,2026-08-18,10,12R,daily,0.3223,0.002142,0.001072,0.000252,0.000215,0.000147,0.000530,0.004365,0.020989,0.043260,0.006528,0.005044,0.028740,0.041152,0.028241,0.008320,0.038149,0.004781,0.012615,0.006422,0.006906,0.032422,0.002577,0.006133,0.005597,0.004422,0.003551,0.001628,0.001042,0.001943,0.000888,0.677660,0.002269
202608181012,2026-08-18,10,12R,realtime,0.3711,0.003756,0.000246,0.000133,0.000224,0.000184,0.000484,0.004047,0.020348,0.060363,0.006312,0.002765,0.031459,0.061805,0.033113,0.009959,0.040523,0.004513,0.014229,0.007563,0.006760,0.029801,0.002200,0.004092,0.007967,0.005026,0.005073,0.001481,0.001426,0.002678,0.000511,0.628933,0.002027
202608181101,2026-08-18,11,01R,daily,0.8726,0.001785,0.001415,0.000526,0.000221,0.000190,0.000387,0.038961,0.241100,0.058308,0.012917,0.001945,0.158184,0.078182,0.032664,0.004102,0.037835,0.039690,0.059828,0.005124,0.001328,0.007857,0.010677,0.047103,0.013065,0.009935,0.001348,0.001461,0.001797,0.001568,0.001022,0.127385,0.002092
202608181101,2026-08-18,11,01R,realtime,0.8594,0.000914,0.000208,0.000504,0.000184,0.000233,0.000323,0.034470,0.215818,0.047830,0.005609,0.001259,0.188460,0.053279,0.030242,0.002702,0.051840,0.051963,0.063976,0.004489,0.001222,0.009506,0.013943,0.052384,0.009451,0.011163,0.001134,0.000774,0.001750,0.001745,0.001083,0.140638,0.000901
202608181102,2026-08-18,11,02R,daily,0.5168,0.001965,0.000825,0.000559,0.000269,0.000215,0.000605,0.032166,0.072214,0.014193,0.014929,0.008610,0.055615,0.012438,0.034426,0.026201,0.127556,0.019172,0.007708,0.002964,0.003341,0.021947,0.020296,0.014288,0.001902,0.005688,0.003623,0.001847,0.002902,0.000909,0.001562,0.483218,0.005848
202608181102,2026-08-18,11,02R,realtime,0.4124,0.001056,0.000371,0.000232,0.000178,0.000182,0.000417,0.015005,0.079999,0.006047,0.006399,0.007046,0.058611,0.010089,0.036173,0.020876,0.081977,0.013363,0.005778,0.001926,0.003127,0.023786,0.013533,0.011916,0.001518,0.003652,0.002484,0.001092,0.001987,0.000678,0.000671,0.587609,0.002223
202608181103,2026-08-18,11,03R,daily,0.7557,0.001756,0.000963,0.000352,0.000186,0.000178,0.000358,0.017807,0.137216,0.050269,0.014525,0.000964,0.161469,0.090646,0.047449,0.002732,0.035972,0.041908,0.065793,0.003626,0.001015,0.011069,0.007828,0.031803,0.013515,0.006740,0.000907,0.001883,0.001802,0.001896,0.000965,0.244303,0.002105
202608181103,2026-08-18,11,03R,realtime,0.7612,0.001100,0.000147,0.000269,0.000146,0.000224,0.000283,0.015792,0.100488,0.061273,0.008462,0.000288,0.155729,0.094211,0.070884,0.001729,0.041829,0.028688,0.099177,0.003166,0.000919,0.012116,0.005750,0.027457,0.015694,0.008290,0.000681,0.001164,0.002027,0.001741,0.000833,0.238761,0.000681
202608181104,2026-08-18,11,04R,daily,0.8060,0.002586,0.000995,0.000702,0.000247,0.000198,0.000528,0.181097,0.123860,0.027866,0.008366,0.002556,0.069838,0.026290,0.016118,0.004853,0.166420,0.050443,0.031544,0.004043,0.001079,0.011918,0.032012,0.018080,0.004473,0.005895,0.001352,0.002193,0.002521,0.001509,0.001596,0.194049,0.004772
202608181104,2026-08-18,11,04R,realtime,0.8444,0.000675,0.000704,0.000461,0.000197,0.000201,0.000419,0.222423,0.093693,0.036395,0.004480,0.000870,0.060845,0.018272,0.013975,0.002430,0.214308,0.047579,0.032353,0.003270,0.000870,0.010032,0.043890,0.015549,0.004249,0.004819,0.001425,0.001957,0.002066,0.001541,0.001044,0.155629,0.003378
202608181105,2026-08-18,11,05R,daily,0.3096,0.000601,0.000462,0.000122,0.000136,0.000098,0.000244,0.008046,0.010286,0.067588,0.006138,0.001620,0.006148,0.060177,0.029385,0.005643,0.040786,0.001705,0.018533,0.002723,0.000999,0.022515,0.006253,0.002022,0.008254,0.004611,0.000601,0.001055,0.000946,0.001004,0.000394,0.690370,0.000537
202608181105,2026-08-18,11,05R,realtime,0.5485,0.001791,0.000349,0.000114,0.000190,0.000200,0.000406,0.014444,0.023067,0.128343,0.002647,0.002466,0.008832,0.107566,0.051666,0.004740,0.071560,0.002841,0.052084,0.004347,0.001155,0.022097,0.009898,0.002926,0.021275,0.005736,0.001057,0.001400,0.002132,0.001444,0.000446,0.451530,0.001252
202608181106,2026-08-18,11,06R,daily,0.5073,0.001783,0.000924,0.000595,0.000286,0.000174,0.000438,0.079012,0.037292,0.039327,0.009174,0.010341,0.025394,0.031539,0.024602,0.020423,0.128127,0.011252,0.012433,0.005822,0.003179,0.019700,0.019223,0.004961,0.003885,0.004618,0.002883,0.002099,0.002041,0.001381,0.001056,0.492654,0.003380
202608181106,2026-08-18,11,06R,realtime,0.6500,0.001723,0.000345,0.000192,0.000176,0.000177,0.000379,0.054562,0.015343,0.289901,0.003740,0.001931,0.015880,0.035170,0.017721,0.015625,0.107085,0.008895,0.011752,0.009077,0.001175,0.008901,0.023109,0.003112,0.005756,0.004323,0.003630,0.001785,0.003614,0.001495,0.000679,0.349997,0.002749
202608181107,2026-08-18,11,07R,daily,0.6840,0.002286,0.001097,0.000925,0.000358,0.000203,0.000632,0.115195,0.085672,0.016868,0.015449,0.009110,0.058272,0.017732,0.022357,0.024754,0.164221,0.032474,0.008185,0.003119,0.004425,0.015505,0.029903,0.018353,0.001628,0.006865,0.006158,0.002428,0.004710,0.001558,0.003465,0.316037,0.010056
202608181107,2026-08-18,11,07R,realtime,0.6974,0.002232,0.001470,0.000583,0.000200,0.000240,0.000175,0.116057,0.092735,0.007052,0.031114,0.001095,0.063710,0.011936,0.081155,0.001837,0.146054,0.032956,0.006771,0.004761,0.000694,0.014778,0.024320,0.015919,0.001962,0.021357,0.000244,0.002089,0.002490,0.001233,0.002965,0.302635,0.007180
202608181108,2026-08-18,11,08R,daily,0.5483,0.002558,0.000679,0.000445,0.000272,0.000253,0.000554,0.053709,0.036165,0.041964,0.021946,0.002721,0.024813,0.036618,0.087096,0.006993,0.113989,0.009273,0.019157,0.009902,0.001274,0.019815,0.016937,0.008064,0.006450,0.015669,0.001164,0.002403,0.001373,0.001353,0.001165,0.451655,0.003574
202608181108,2026-08-18,11,08R,realtime,0.4905,0.000889,0.000380,0.000222,0.000207,0.000237,0.000346,0.045134,0.021721,0.029996,0.013434,0.000961,0.023388,0.025923,0.112399,0.004507,0.103673,0.006472,0.016640,0.009691,0.000962,0.019061,0.016613,0.005412,0.005102,0.019561,0.000745,0.001711,0.001311,0.000856,0.001164,0.509503,0.001779
202608181109,2026-08-18,11,09R,daily,0.2350,0.001058,0.000273,0.000195,0.000122,0.000078,0.000223,0.016666,0.008304,0.013227,0.004202,0.005775,0.007789,0.006876,0.007156,0.016059,0.094029,0.002408,0.002739,0.001762,0.001250,0.023953,0.008549,0.002642,0.001318,0.001641,0.001597,0.001369,0.000952,0.000722,0.000593,0.765014,0.001459
202608181109,2026-08-18,11,09R,realtime,0.3988,0.006312,0.000683,0.000557,0.000165,0.000159,0.000212,0.005799,0.051653,0.028355,0.003148,0.001695,0.091752,0.095575,0.015761,0.004178,0.011662,0.011309,0.017025,0.001657,0.001057,0.020041,0.002072,0.010346,0.005650,0.002298,0.000383,0.001087,0.004027,0.002201,0.000645,0.601204,0.001331
202608181110,2026-08-18,11,10R,daily,0.2376,0.000622,0.000475,0.000110,0.000104,0.000077,0.000301,0.005346,0.023011,0.035629,0.002421,0.002693,0.024685,0.053806,0.011532,0.005937,0.021552,0.003915,0.008529,0.001849,0.001228,0.016300,0.002540,0.004138,0.003619,0.001881,0.000741,0.000845,0.001483,0.001278,0.000552,0.762417,0.000382
202608181110,2026-08-18,11,10R,realtime,0.1873,0.000847,0.000103,0.000092,0.000068,0.000074,0.000195,0.001330,0.021737,0.027067,0.000604,0.002973,0.022832,0.052365,0.005611,0.004482,0.010935,0.001488,0.007087,0.000808,0.001321,0.013928,0.001522,0.002639,0.003214,0.000816,0.000573,0.000445,0.000990,0.000784,0.000187,0.812668,0.000217
202608181111,2026-08-18,11,11R,daily,0.3721,0.001375,0.000406,0.000278,0.000145,0.000133,0.000425,0.013847,0.062285,0.010947,0.010301,0.002667,0.066605,0.011663,0.030006,0.006383,0.067935,0.017835,0.007312,0.003230,0.000812,0.025549,0.008355,0.009413,0.001740,0.004275,0.000828,0.001856,0.001445,0.001034,0.000763,0.627876,0.002276
202608181111,2026-08-18,11,11R,realtime,0.2814,0.000608,0.000184,0.000204,0.000092,0.000117,0.000249,0.016166,0.014658,0.006445,0.011386,0.008558,0.036943,0.004424,0.023163,0.008282,0.080180,0.009540,0.003265,0.002956,0.000486,0.028412,0.008545,0.006187,0.001567,0.003277,0.000568,0.001349,0.001868,0.000625,0.000617,0.718597,0.000483
202608181112,2026-08-18,11,12R,daily,0.2060,0.000791,0.000318,0.000148,0.000114,0.000079,0.000314,0.012862,0.012792,0.018109,0.002155,0.004399,0.014686,0.021349,0.008704,0.007132,0.054940,0.004168,0.006167,0.001389,0.000722,0.016189,0.006055,0.002427,0.002771,0.001311,0.000884,0.001378,0.001093,0.001264,0.000529,0.793972,0.000791
202608181201,2026-08-18,12,01R,daily,0.3770,0.001256,0.001653,0.000267,0.000195,0.000138,0.000461,0.011030,0.016138,0.084408,0.010297,0.002339,0.020260,0.044610,0.030992,0.007961,0.033873,0.002827,0.026421,0.005091,0.003294,0.033461,0.003330,0.008179,0.012251,0.003062,0.004248,0.001674,0.003065,0.001581,0.001389,0.622972,0.001279
202608181201,2026-08-18,12,01R,realtime,0.4397,0.006344,0.002336,0.000333,0.000169,0.000254,0.000204,0.013133,0.032388,0.068105,0.008076,0.002572,0.026277,0.075124,0.049556,0.002212,0.029021,0.003227,0.039600,0.004891,0.000961,0.022053,0.004384,0.009481,0.012743,0.010099,0.000550,0.001469,0.003066,0.001357,0.001374,0.560317,0.008325
202608181202,2026-08-18,12,02R,daily,0.4342,0.001639,0.000966,0.000313,0.000158,0.000155,0.000325,0.036918,0.043448,0.051105,0.008734,0.000780,0.035616,0.025925,0.024735,0.001646,0.093320,0.009848,0.028486,0.004310,0.000545,0.025011,0.009967,0.011225,0.007409,0.002768,0.000521,0.002084,0.001523,0.001225,0.000779,0.565848,0.002670
202608181202,2026-08-18,12,02R,realtime,0.3994,0.000831,0.000640,0.000275,0.000115,0.000171,0.000234,0.036485,0.038157,0.037694,0.005450,0.000395,0.033432,0.019102,0.027607,0.001020,0.099784,0.007645,0.022041,0.004474,0.000528,0.028471,0.011147,0.008436,0.006882,0.002086,0.000441,0.001315,0.001385,0.000872,0.000443,0.600589,0.001853
202608181203,2026-08-18,12,03R,daily,0.5797,0.002401,0.001843,0.000607,0.000278,0.000245,0.000612,0.089595,0.038277,0.045941,0.020633,0.006195,0.019596,0.019832,0.071919,0.009546,0.135120,0.008583,0.012421,0.013646,0.002399,0.022590,0.020115,0.008521,0.007541,0.006023,0.002396,0.002202,0.001376,0.001467,0.001430,0.420269,0.006381
202608181203,2026-08-18,12,03R,realtime,0.5478,0.001141,0.001440,0.000390,0.000258,0.000252,0.000535,0.085854,0.035717,0.045617,0.013633,0.005643,0.019799,0.017559,0.082154,0.009166,0.120510,0.006893,0.009431,0.015224,0.002412,0.022605,0.017603,0.007205,0.007449,0.006210,0.002181,0.001951,0.001119,0.001189,0.001169,0.452158,0.005535
202608181204,2026-08-18,12,04R,daily,0.5846,0.002004,0.001234,0.000488,0.000222,0.000228,0.000469,0.040342,0.042784,0.095986,0.028467,0.002322,0.016699,0.043204,0.094238,0.003430,0.083160,0.008117,0.029651,0.011250,0.000902,0.019005,0.017894,0.009659,0.012671,0.009662,0.000854,0.002442,0.001327,0.001345,0.001024,0.415391,0.003529
202608181205,2026-08-18,12,05R,daily,0.2865,0.001126,0.001020,0.000335,0.000148,0.000115,0.000340,0.021486,0.034680,0.015959,0.007416,0.009281,0.027009,0.008764,0.013977,0.017577,0.056896,0.008187,0.007595,0.002596,0.001859,0.027723,0.004620,0.005541,0.001793,0.001241,0.002736,0.001234,0.001693,0.000709,0.000764,0.713519,0.002061
202608181206,2026-08-18,12,06R,daily,0.5501,0.001897,0.001265,0.000373,0.000185,0.000163,0.000628,0.029735,0.069307,0.083569,0.006508,0.001225,0.068154,0.065099,0.032135,0.001927,0.046616,0.016015,0.044591,0.004294,0.000502,0.014916,0.007134,0.018967,0.019842,0.003616,0.000663,0.002813,0.002879,0.002039,0.000766,0.449903,0.002272
202608181207,2026-08-18,12,07R,daily,0.4753,0.002074,0.000810,0.000441,0.000125,0.000176,0.000347,0.027286,0.094877,0.017252,0.022531,0.001151,0.063361,0.009100,0.061606,0.002346,0.069190,0.017035,0.011734,0.005432,0.000404,0.022131,0.011754,0.014740,0.003111,0.005251,0.000391,0.001812,0.001392,0.001002,0.000739,0.524702,0.005698
202608181208,2026-08-18,12,08R,daily,0.2859,0.001438,0.001156,0.000402,0.000184,0.000132,0.000470,0.019415,0.021892,0.027486,0.012055,0.012866,0.011819,0.010651,0.027773,0.019885,0.045564,0.004356,0.006163,0.004875,0.002731,0.028840,0.006526,0.004765,0.001603,0.002645,0.002996,0.001250,0.001455,0.000767,0.001119,0.714137,0.002584
202608181209,2026-08-18,12,09R,daily,0.2970,0.001256,0.001035,0.000332,0.000202,0.000122,0.000530,0.019162,0.017860,0.030686,0.010921,0.016535,0.009835,0.015802,0.037193,0.025252,0.044591,0.003415,0.004754,0.006098,0.002476,0.025635,0.005593,0.002834,0.002866,0.002708,0.003454,0.001347,0.001766,0.000841,0.000706,0.703012,0.001182
202608181210,2026-08-18,12,10R,daily,0.5070,0.002103,0.001214,0.000678,0.000180,0.000204,0.000632,0.043732,0.087125,0.020651,0.011908,0.003611,0.067110,0.011617,0.042317,0.005291,0.091278,0.024984,0.010671,0.006983,0.001546,0.020868,0.011370,0.016558,0.002335,0.004250,0.001573,0.002437,0.001811,0.000926,0.001487,0.493022,0.009530
202608181211,2026-08-18,12,11R,daily,0.2537,0.001016,0.000715,0.000314,0.000135,0.000098,0.000443,0.017518,0.023019,0.020047,0.003448,0.004790,0.021268,0.009949,0.008102,0.006700,0.074877,0.005822,0.005617,0.001616,0.000856,0.021534,0.006598,0.006008,0.002092,0.000997,0.001691,0.001902,0.001486,0.000918,0.000834,0.746282,0.003310
202608181212,2026-08-18,12,12R,daily,0.3192,0.001625,0.000730,0.000375,0.000174,0.000151,0.000755,0.012820,0.024141,0.050977,0.005802,0.002346,0.026465,0.022361,0.027939,0.004881,0.057258,0.007450,0.015021,0.004534,0.001266,0.018016,0.004497,0.007228,0.006910,0.002324,0.001661,0.002744,0.002569,0.001064,0.000977,0.680833,0.004107
202608181301,2026-08-18,13,01R,daily,0.7422,0.002779,0.000697,0.000532,0.000169,0.000169,0.000349,0.105401,0.149094,0.022318,0.008800,0.001708,0.140934,0.013592,0.014477,0.003588,0.107031,0.074546,0.020030,0.004210,0.001024,0.010114,0.015112,0.029530,0.003004,0.004110,0.001313,0.000909,0.001618,0.000907,0.001106,0.257778,0.003051
202608181301,2026-08-18,13,01R,realtime,0.7346,0.001119,0.000364,0.000424,0.000117,0.000178,0.000294,0.077264,0.185887,0.015059,0.004892,0.001382,0.156107,0.009192,0.010940,0.003172,0.110163,0.064491,0.017952,0.003944,0.000958,0.010236,0.014425,0.033668,0.002742,0.002964,0.001527,0.000577,0.001517,0.000636,0.000623,0.265401,0.001785
202608181302,2026-08-18,13,02R,daily,0.5415,0.003957,0.002033,0.000581,0.000265,0.000182,0.000959,0.038435,0.075654,0.025539,0.011003,0.019591,0.066409,0.014438,0.033319,0.047610,0.069434,0.025892,0.008385,0.004401,0.004357,0.018428,0.012939,0.028965,0.002820,0.006110,0.010670,0.000745,0.001957,0.001959,0.001753,0.458547,0.002664
202608181302,2026-08-18,13,02R,realtime,0.4879,0.002378,0.000503,0.000367,0.000168,0.000159,0.000785,0.034775,0.063027,0.012314,0.005970,0.010731,0.069322,0.006708,0.027131,0.060125,0.072220,0.027439,0.004223,0.003330,0.004514,0.017861,0.015566,0.024246,0.001796,0.003583,0.013853,0.000427,0.001132,0.001327,0.000496,0.512125,0.001400
202608181303,2026-08-18,13,03R,daily,0.5591,0.002166,0.001195,0.000503,0.000260,0.000153,0.000517,0.033957,0.050041,0.110922,0.004790,0.003726,0.049336,0.058839,0.018035,0.008072,0.064085,0.016155,0.043074,0.003282,0.003860,0.017981,0.007473,0.018683,0.025541,0.002321,0.005376,0.001310,0.002668,0.001485,0.001201,0.440917,0.002080
202608181303,2026-08-18,13,03R,realtime,0.6611,0.007925,0.001890,0.000985,0.000285,0.000332,0.000490,0.044499,0.081844,0.033685,0.046296,0.003547,0.085492,0.023558,0.100713,0.005585,0.068837,0.033770,0.011903,0.013108,0.001354,0.017139,0.013355,0.016981,0.014917,0.013480,0.001744,0.001384,0.004806,0.001366,0.001698,0.338890,0.008144
202608181304,2026-08-18,13,04R,daily,0.4092,0.001437,0.000630,0.000474,0.000194,0.000157,0.000405,0.038694,0.021381,0.012286,0.005071,0.007857,0.030533,0.007946,0.011067,0.008772,0.187842,0.007203,0.005208,0.002390,0.001444,0.013499,0.014809,0.006502,0.006896,0.002119,0.003893,0.001828,0.000998,0.001142,0.001141,0.590769,0.005412
202608181304,2026-08-18,13,04R,realtime,0.4317,0.000738,0.000618,0.000227,0.000168,0.000166,0.000386,0.050106,0.018570,0.008173,0.005474,0.008552,0.025892,0.005517,0.011202,0.013154,0.208998,0.008189,0.003327,0.003831,0.001762,0.013377,0.016479,0.005962,0.005667,0.001884,0.004013,0.001884,0.001123,0.001216,0.000576,0.568268,0.004501
202608181305,2026-08-18,13,05R,daily,0.5810,0.002745,0.000876,0.000527,0.000272,0.000156,0.000657,0.086318,0.036930,0.026706,0.008581,0.024475,0.018212,0.012293,0.025898,0.034500,0.207950,0.010978,0.003849,0.004484,0.002876,0.015685,0.025452,0.007805,0.004641,0.002947,0.007486,0.001249,0.001050,0.000956,0.001028,0.419014,0.003402
202608181305,2026-08-18,13,05R,realtime,0.5410,0.001426,0.000537,0.000237,0.000227,0.000166,0.000607,0.065032,0.026221,0.020707,0.006778,0.055233,0.015032,0.009136,0.022643,0.069725,0.166857,0.007944,0.002115,0.004687,0.003707,0.015921,0.018010,0.005424,0.004186,0.002407,0.009670,0.001276,0.001007,0.001219,0.000625,0.459003,0.002233
202608181306,2026-08-18,13,06R,daily,0.3163,0.001097,0.000605,0.000146,0.000132,0.000087,0.000270,0.006493,0.012930,0.086519,0.004942,0.002576,0.014267,0.060035,0.025765,0.003816,0.026131,0.002641,0.025086,0.002175,0.000882,0.013647,0.004647,0.004414,0.009193,0.002977,0.001433,0.000587,0.000716,0.000980,0.000455,0.683710,0.000645
202608181306,2026-08-18,13,06R,realtime,0.3117,0.001636,0.000163,0.000074,0.000111,0.000095,0.000205,0.005966,0.008229,0.107709,0.002332,0.002038,0.011225,0.054193,0.024177,0.003322,0.025052,0.002028,0.023096,0.002754,0.000599,0.012052,0.004602,0.003317,0.010564,0.001471,0.001936,0.000287,0.000718,0.000856,0.000315,0.688340,0.000537
202608181307,2026-08-18,13,07R,daily,0.5982,0.004361,0.001225,0.000717,0.000233,0.000252,0.000553,0.033615,0.099971,0.020335,0.033743,0.005641,0.115010,0.012384,0.086703,0.008248,0.055499,0.023667,0.012959,0.010068,0.003244,0.012222,0.010433,0.016060,0.004856,0.013671,0.003288,0.001248,0.000985,0.001129,0.001351,0.401813,0.004515
202608181307,2026-08-18,13,07R,realtime,0.7257,0.004430,0.000271,0.000197,0.000165,0.000199,0.000362,0.012907,0.093612,0.010533,0.277520,0.001506,0.110277,0.005728,0.071557,0.008670,0.038240,0.013992,0.007397,0.008301,0.002122,0.007570,0.006901,0.006510,0.002780,0.021469,0.006650,0.000996,0.001040,0.000947,0.000633,0.274275,0.002243
202608181308,2026-08-18,13,08R,daily,0.3093,0.002749,0.000753,0.000345,0.000155,0.000128,0.000494,0.015413,0.027650,0.012040,0.009701,0.010226,0.044600,0.007288,0.026752,0.030839,0.051529,0.009418,0.003319,0.003910,0.002293,0.019649,0.006875,0.007344,0.001452,0.004013,0.004838,0.000663,0.001197,0.001361,0.000850,0.690709,0.001449
202608181308,2026-08-18,13,08R,realtime,0.3362,0.003870,0.000346,0.000263,0.000156,0.000152,0.000541,0.015071,0.028445,0.016556,0.005972,0.013239,0.044891,0.007585,0.023935,0.053383,0.047396,0.010669,0.002579,0.005034,0.002448,0.017854,0.007255,0.009087,0.001793,0.003352,0.008296,0.000797,0.001250,0.001668,0.000576,0.663827,0.001716
202608181309,2026-08-18,13,09R,daily,0.5023,0.002090,0.000873,0.000409,0.000162,0.000126,0.000627,0.011346,0.091378,0.020559,0.004827,0.009928,0.182691,0.016106,0.010632,0.012368,0.034570,0.026951,0.009673,0.001809,0.003417,0.012713,0.004851,0.026136,0.003894,0.002152,0.005536,0.000913,0.001211,0.000905,0.001201,0.497730,0.002216
202608181309,2026-08-18,13,09R,realtime,0.5824,0.001394,0.000264,0.000249,0.000143,0.000126,0.000513,0.009008,0.133185,0.020265,0.002356,0.012046,0.221013,0.015654,0.008133,0.015396,0.024633,0.033831,0.005248,0.002291,0.002689,0.013395,0.006252,0.031918,0.004113,0.001767,0.011394,0.000835,0.001381,0.001110,0.000573,0.417624,0.001200
202608181310,2026-08-18,13,10R,daily,0.4398,0.002135,0.000682,0.000395,0.000215,0.000124,0.000591,0.057588,0.012875,0.050005,0.003912,0.011865,0.009530,0.017167,0.009963,0.013703,0.172487,0.004249,0.007069,0.001834,0.002093,0.012237,0.024645,0.004741,0.004396,0.002462,0.003817,0.001252,0.000909,0.000985,0.001230,0.560179,0.004663
202608181310,2026-08-18,13,10R,realtime,0.5057,0.001349,0.001111,0.000134,0.000246,0.000144,0.000610,0.070098,0.016203,0.030073,0.003336,0.024918,0.008427,0.017674,0.007299,0.027845,0.202980,0.005218,0.006597,0.001986,0.002501,0.014426,0.034248,0.004411,0.003872,0.002402,0.006224,0.001020,0.001033,0.001268,0.000629,0.494289,0.007430
202608181311,2026-08-18,13,11R,daily,0.2153,0.002101,0.000378,0.000249,0.000128,0.000111,0.000432,0.006060,0.021025,0.019205,0.008308,0.004630,0.035082,0.009673,0.021780,0.009286,0.021257,0.005124,0.004520,0.003812,0.001210,0.014494,0.002759,0.011491,0.002280,0.003445,0.002629,0.000781,0.000892,0.000623,0.000710,0.784700,0.000824
202608181311,2026-08-18,13,11R,realtime,0.2685,0.003129,0.000141,0.000177,0.000157,0.000150,0.000469,0.007873,0.031982,0.020791,0.010170,0.004136,0.042072,0.011920,0.024039,0.011229,0.028280,0.008204,0.004055,0.005907,0.001364,0.018610,0.004017,0.012220,0.002759,0.004956,0.004820,0.000826,0.001217,0.000924,0.000549,0.731517,0.001337
202608181312,2026-08-18,13,12R,daily,0.3111,0.001854,0.000517,0.000189,0.000167,0.000101,0.000514,0.020853,0.006773,0.093486,0.002958,0.004733,0.006908,0.037647,0.010980,0.008175,0.050584,0.001426,0.012577,0.003054,0.001722,0.015645,0.010020,0.002205,0.010373,0.001741,0.001770,0.000848,0.000962,0.000915,0.000547,0.688869,0.000885
202608181312,2026-08-18,13,12R,realtime,0.3443,0.002179,0.000278,0.000071,0.000140,0.000090,0.000345,0.013542,0.003223,0.173162,0.001093,0.003279,0.004844,0.035779,0.008120,0.007768,0.038680,0.001060,0.009671,0.001824,0.000844,0.009973,0.005729,0.001301,0.014309,0.001006,0.002219,0.000782,0.001323,0.000787,0.000288,0.655709,0.000583
202608181401,2026-08-18,14,01R,daily,0.3805,0.002093,0.000744,0.000404,0.000218,0.000155,0.000491,0.018875,0.056647,0.036245,0.015842,0.011795,0.056024,0.017557,0.027349,0.008855,0.048328,0.008623,0.009975,0.002513,0.003867,0.023280,0.004709,0.009431,0.004500,0.002999,0.003101,0.001210,0.001029,0.001335,0.000938,0.619530,0.001340
202608181401,2026-08-18,14,01R,realtime,0.3015,0.001451,0.000216,0.000200,0.000149,0.000142,0.000332,0.011474,0.040382,0.021289,0.008294,0.003972,0.056660,0.010690,0.031681,0.006221,0.040281,0.007467,0.007463,0.001923,0.003150,0.024393,0.004548,0.007805,0.003192,0.002385,0.002451,0.000658,0.000767,0.000858,0.000458,0.698481,0.000567
202608181402,2026-08-18,14,02R,daily,0.5114,0.003735,0.001006,0.000438,0.000287,0.000205,0.000607,0.042109,0.031058,0.074274,0.019608,0.016988,0.025590,0.032849,0.053260,0.025256,0.081115,0.007320,0.015749,0.007876,0.008687,0.023326,0.005691,0.006883,0.010496,0.003996,0.005931,0.001299,0.001625,0.001702,0.001077,0.488594,0.001363
202608181402,2026-08-18,14,02R,realtime,0.4474,0.003229,0.000319,0.000195,0.000243,0.000203,0.000422,0.038032,0.014722,0.066879,0.020241,0.004706,0.021939,0.028636,0.053347,0.027613,0.079864,0.004810,0.013980,0.004210,0.007499,0.023269,0.005636,0.003627,0.008792,0.004226,0.005688,0.001036,0.001279,0.001409,0.000395,0.552611,0.000946
202608181403,2026-08-18,14,03R,daily,0.8119,0.003610,0.001099,0.000559,0.000325,0.000310,0.000689,0.065207,0.052920,0.131114,0.057235,0.008522,0.029577,0.058146,0.177520,0.008992,0.073193,0.013310,0.029783,0.019925,0.005373,0.011758,0.010221,0.014983,0.013828,0.011505,0.003378,0.001361,0.000622,0.001608,0.001976,0.188114,0.003235
202608181403,2026-08-18,14,03R,realtime,0.8368,0.001380,0.000463,0.000224,0.000264,0.000344,0.000525,0.071195,0.056134,0.138612,0.038206,0.005042,0.028038,0.048104,0.216241,0.007594,0.077046,0.011557,0.030899,0.021850,0.005320,0.013976,0.010589,0.011694,0.014559,0.016248,0.003603,0.000951,0.000576,0.001534,0.002261,0.163225,0.001749
202608181404,2026-08-18,14,04R,daily,0.6806,0.002525,0.001303,0.000419,0.000423,0.000196,0.001090,0.032299,0.029697,0.176708,0.015064,0.039700,0.017405,0.082616,0.070623,0.030552,0.064087,0.006129,0.020073,0.005777,0.013319,0.012176,0.007621,0.006330,0.021949,0.003922,0.011513,0.001483,0.000786,0.001909,0.001033,0.319413,0.001858
202608181404,2026-08-18,14,04R,realtime,0.6439,0.002084,0.000267,0.000161,0.000337,0.000240,0.000907,0.021205,0.018134,0.192313,0.007479,0.029712,0.014533,0.088696,0.067163,0.036725,0.056607,0.003429,0.017814,0.004474,0.014597,0.013594,0.007786,0.004503,0.021329,0.004229,0.010145,0.001050,0.000790,0.001793,0.000514,0.356137,0.001252
202608181405,2026-08-18,14,05R,daily,0.7716,0.002721,0.000485,0.000485,0.000162,0.000194,0.000273,0.153345,0.091108,0.021431,0.028102,0.000981,0.028698,0.009109,0.047437,0.001230,0.261172,0.020255,0.012955,0.004167,0.000709,0.017316,0.025507,0.018791,0.004727,0.004731,0.000438,0.001133,0.000646,0.001006,0.001236,0.228362,0.011089
202608181405,2026-08-18,14,05R,realtime,0.7473,0.000706,0.000658,0.000273,0.000126,0.000196,0.000178,0.139059,0.082407,0.025412,0.017383,0.000499,0.031841,0.008293,0.037348,0.000860,0.283855,0.013379,0.011144,0.004219,0.000790,0.020644,0.030199,0.017075,0.004336,0.006659,0.000348,0.001355,0.000893,0.000857,0.001040,0.252725,0.005244
202608181406,2026-08-18,14,06R,daily,0.6448,0.003240,0.001720,0.000856,0.000379,0.000236,0.001005,0.056550,0.071859,0.053177,0.011505,0.018653,0.080213,0.027398,0.028306,0.018197,0.104946,0.025962,0.022518,0.004007,0.008593,0.018325,0.009454,0.034465,0.012491,0.003881,0.010613,0.001662,0.002403,0.002755,0.002159,0.355180,0.007292
202608181406,2026-08-18,14,06R,realtime,0.6150,0.001785,0.000750,0.000482,0.000310,0.000263,0.000818,0.036878,0.092062,0.046872,0.006271,0.011093,0.107551,0.035982,0.017909,0.021582,0.083205,0.016337,0.020253,0.002985,0.013962,0.021509,0.010394,0.032793,0.010653,0.003247,0.009057,0.001341,0.001751,0.002317,0.000853,0.384991,0.003747
202608181407,2026-08-18,14,07R,daily,0.8379,0.004267,0.001558,0.001030,0.000295,0.000277,0.000494,0.093087,0.188318,0.026513,0.032898,0.005870,0.126514,0.018972,0.063743,0.007642,0.089291,0.049504,0.018320,0.007953,0.005026,0.013209,0.011328,0.040938,0.003803,0.008224,0.003624,0.001347,0.001451,0.001985,0.002333,0.162091,0.008091
202608181407,2026-08-18,14,07R,realtime,0.8070,0.002190,0.000529,0.000493,0.000224,0.000278,0.000367,0.101212,0.167289,0.021392,0.018878,0.002119,0.139489,0.014202,0.066028,0.004954,0.109645,0.043938,0.014716,0.006014,0.004551,0.014401,0.011229,0.038443,0.003715,0.008802,0.003519,0.000945,0.001034,0.001645,0.001380,0.193014,0.003363
202608181408,2026-08-18,14,08R,daily,0.6371,0.003521,0.000990,0.000577,0.000292,0.000279,0.000690,0.045255,0.058584,0.054200,0.039451,0.004645,0.037381,0.033360,0.151032,0.006311,0.084518,0.009452,0.013502,0.012830,0.004205,0.017831,0.010306,0.012676,0.011572,0.010853,0.002385,0.001820,0.000987,0.001896,0.001400,0.362949,0.004251
202608181408,2026-08-18,14,08R,realtime,0.5928,0.001897,0.000348,0.000310,0.000219,0.000326,0.000547,0.024233,0.070527,0.086464,0.015173,0.003276,0.047880,0.032488,0.127648,0.006720,0.062162,0.006484,0.012161,0.016875,0.003620,0.015873,0.007919,0.013278,0.012976,0.013957,0.001644,0.001657,0.000955,0.001284,0.001602,0.407197,0.002301
202608181409,2026-08-18,14,09R,daily,0.5991,0.002434,0.002040,0.000721,0.000365,0.000264,0.000996,0.030819,0.065504,0.078899,0.012856,0.022526,0.045733,0.042319,0.038579,0.030973,0.080655,0.017365,0.021379,0.005245,0.011945,0.018867,0.009770,0.021937,0.006602,0.006060,0.011358,0.001397,0.001633,0.002928,0.002662,0.400916,0.004252
202608181409,2026-08-18,14,09R,realtime,0.6062,0.002334,0.000684,0.000319,0.000316,0.000265,0.000876,0.019550,0.120028,0.044863,0.006687,0.029033,0.064030,0.050112,0.025981,0.047998,0.058540,0.016944,0.016738,0.004490,0.011095,0.018069,0.009228,0.019107,0.006869,0.004683,0.017473,0.001032,0.001505,0.003008,0.000969,0.393838,0.003337
202608181410,2026-08-18,14,10R,daily,0.3762,0.001144,0.000486,0.000325,0.000173,0.000121,0.000481,0.028553,0.026553,0.017668,0.008849,0.009023,0.019071,0.015207,0.019575,0.010873,0.152138,0.004348,0.005889,0.001244,0.002098,0.020166,0.009111,0.005414,0.002811,0.001271,0.003338,0.001079,0.001089,0.001154,0.001285,0.623770,0.005696
202608181410,2026-08-18,14,10R,realtime,0.3702,0.000997,0.000438,0.000143,0.000163,0.000132,0.000440,0.039272,0.022500,0.023508,0.002381,0.006440,0.017486,0.017985,0.016579,0.011859,0.144308,0.004574,0.006154,0.001312,0.002092,0.017266,0.010073,0.004210,0.003600,0.000863,0.005109,0.000908,0.000964,0.001208,0.000623,0.629812,0.006601
202608181411,2026-08-18,14,11R,daily,0.2066,0.000847,0.000364,0.000173,0.000105,0.000083,0.000244,0.008741,0.018812,0.027021,0.002810,0.001288,0.018056,0.014994,0.008573,0.001287,0.048565,0.002746,0.005476,0.000801,0.001033,0.022067,0.003795,0.006748,0.004790,0.001134,0.000503,0.001278,0.000589,0.001161,0.000452,0.793372,0.002091
202608181411,2026-08-18,14,11R,realtime,0.1575,0.000841,0.000207,0.000111,0.000084,0.000077,0.000161,0.006855,0.017791,0.015070,0.001414,0.000908,0.018500,0.011758,0.006987,0.000916,0.034758,0.002218,0.003862,0.000585,0.000812,0.018517,0.002613,0.004017,0.003688,0.000870,0.000337,0.000768,0.000419,0.000931,0.000324,0.842468,0.001135
202608181412,2026-08-18,14,12R,daily,0.4557,0.002427,0.000592,0.000411,0.000196,0.000158,0.000510,0.053265,0.054494,0.037842,0.007873,0.004784,0.054443,0.022766,0.015533,0.004492,0.092979,0.020453,0.019031,0.003133,0.001864,0.023077,0.006203,0.012090,0.005423,0.001944,0.001471,0.001430,0.001410,0.001900,0.001162,0.544265,0.002378
202608181412,2026-08-18,14,12R,realtime,0.3833,0.001625,0.000431,0.000300,0.000148,0.000149,0.000342,0.049042,0.027113,0.036532,0.005363,0.001840,0.048738,0.015602,0.016640,0.002962,0.090746,0.018893,0.012697,0.002451,0.001262,0.022563,0.006454,0.008762,0.003896,0.001803,0.001058,0.000797,0.001022,0.001539,0.000875,0.616688,0.001664
202608181501,2026-08-18,15,01R,daily,0.6432,0.004156,0.003174,0.000754,0.000378,0.000303,0.000795,0.037504,0.044327,0.073286,0.020672,0.012790,0.076329,0.040398,0.052032,0.032100,0.074783,0.015682,0.032551,0.014937,0.008072,0.024499,0.010695,0.016405,0.013711,0.010375,0.010657,0.001772,0.001483,0.002220,0.003029,0.356844,0.003288
202608181501,2026-08-18,15,01R,realtime,0.7880,0.008973,0.019436,0.001499,0.000532,0.000518,0.000836,0.108852,0.063786,0.049592,0.021002,0.021662,0.041622,0.050870,0.051544,0.020503,0.126927,0.013978,0.018323,0.013839,0.006878,0.015391,0.026732,0.013377,0.013982,0.012938,0.004705,0.002426,0.002550,0.003448,0.006891,0.212026,0.044362
202608181502,2026-08-18,15,02R,daily,0.7006,0.004414,0.002835,0.001179,0.000415,0.000323,0.000704,0.064197,0.049862,0.037120,0.038287,0.031212,0.037286,0.018316,0.080858,0.042856,0.128648,0.016911,0.013156,0.027406,0.011016,0.016498,0.019316,0.010801,0.007817,0.014026,0.010585,0.002128,0.001441,0.001737,0.003270,0.299425,0.005957
202608181502,2026-08-18,15,02R,realtime,0.6907,0.002093,0.001913,0.000891,0.000465,0.000331,0.000657,0.046921,0.052978,0.029717,0.051087,0.033693,0.046610,0.017579,0.086830,0.049300,0.118635,0.010759,0.008436,0.019860,0.011009,0.017149,0.021647,0.009341,0.008684,0.015576,0.016114,0.002184,0.001615,0.001683,0.002564,0.309255,0.004425
202608181503,2026-08-18,15,03R,daily,0.7901,0.003137,0.002919,0.000734,0.000431,0.000358,0.000891,0.028522,0.080447,0.112003,0.032007,0.009394,0.067663,0.081194,0.088090,0.019953,0.048893,0.028998,0.053952,0.017451,0.006833,0.012263,0.017298,0.016882,0.018748,0.023199,0.007195,0.001837,0.001253,0.001814,0.002557,0.209934,0.003150
202608181504,2026-08-18,15,04R,daily,0.7119,0.002353,0.002156,0.000637,0.000318,0.000226,0.000880,0.028302,0.079180,0.096984,0.005046,0.010564,0.123921,0.065837,0.014441,0.019491,0.067929,0.040225,0.052746,0.005436,0.006181,0.011693,0.008326,0.021291,0.024008,0.003318,0.008712,0.001925,0.001964,0.001950,0.002686,0.288134,0.003138
202608181505,2026-08-18,15,05R,daily,0.7155,0.003237,0.002218,0.000882,0.000426,0.000311,0.001160,0.046076,0.041614,0.136490,0.015947,0.014620,0.046726,0.086127,0.045859,0.021903,0.063335,0.019974,0.049567,0.014399,0.008832,0.011183,0.011417,0.011718,0.029582,0.011204,0.008929,0.001819,0.001439,0.001788,0.003205,0.284468,0.003542
202608181506,2026-08-18,15,06R,daily,0.4992,0.002720,0.001066,0.000478,0.000238,0.000238,0.000542,0.032708,0.024533,0.037204,0.022764,0.003996,0.030157,0.022041,0.077733,0.007088,0.117502,0.010862,0.012640,0.011641,0.001374,0.029605,0.016018,0.006256,0.006114,0.011020,0.001599,0.001977,0.000983,0.001649,0.002005,0.500751,0.004499
202608181507,2026-08-18,15,07R,daily,0.5664,0.002089,0.001902,0.000584,0.000199,0.000155,0.000634,0.013822,0.074208,0.015501,0.006115,0.010577,0.235054,0.012868,0.013348,0.020622,0.036378,0.033067,0.013116,0.003343,0.003146,0.019186,0.003388,0.022829,0.003303,0.003069,0.008211,0.001060,0.001561,0.001785,0.002031,0.433644,0.003207
202608181508,2026-08-18,15,08R,daily,0.4065,0.002305,0.001342,0.000306,0.000193,0.000170,0.000435,0.029683,0.019119,0.061945,0.006398,0.006528,0.024912,0.033710,0.018737,0.007905,0.099384,0.004927,0.021143,0.005411,0.001695,0.016532,0.012140,0.006443,0.009881,0.004396,0.001542,0.001352,0.000848,0.001645,0.001823,0.593519,0.003627
202608181509,2026-08-18,15,09R,daily,0.3727,0.002013,0.000873,0.000412,0.000131,0.000125,0.000366,0.013692,0.046135,0.007982,0.005686,0.004105,0.114687,0.006127,0.013488,0.005460,0.063099,0.017894,0.006285,0.001664,0.000933,0.022078,0.013729,0.010056,0.001076,0.002720,0.001389,0.001293,0.001286,0.001118,0.001549,0.627305,0.005244
202608181510,2026-08-18,15,10R,daily,0.2386,0.001026,0.000620,0.000196,0.000137,0.000102,0.000367,0.009199,0.013062,0.033451,0.003077,0.002528,0.024106,0.024099,0.009724,0.004706,0.049232,0.004664,0.011840,0.001497,0.000751,0.020650,0.006299,0.003230,0.005316,0.001856,0.001052,0.001215,0.000893,0.001216,0.000933,0.761396,0.001559
202608181511,2026-08-18,15,11R,daily,0.3550,0.002077,0.000828,0.000364,0.000160,0.000142,0.000527,0.018388,0.024080,0.021825,0.004785,0.004980,0.057806,0.011390,0.015215,0.007992,0.091361,0.013378,0.008124,0.002697,0.001011,0.031461,0.010107,0.007931,0.003007,0.002674,0.001683,0.001435,0.001405,0.001757,0.001773,0.645040,0.004596
202608181512,2026-08-18,15,12R,daily,0.2675,0.002031,0.000580,0.000359,0.000148,0.000132,0.000465,0.016701,0.016743,0.020759,0.004819,0.004138,0.024249,0.012051,0.013558,0.004306,0.070296,0.007618,0.006802,0.002965,0.000953,0.025483,0.011164,0.004536,0.003729,0.002566,0.000980,0.002232,0.001094,0.001248,0.001525,0.732457,0.003310
202608181601,2026-08-18,16,01R,daily,0.5880,0.002874,0.001414,0.000544,0.000229,0.000218,0.000333,0.079514,0.026367,0.076548,0.013569,0.002954,0.034615,0.044555,0.032792,0.003834,0.131222,0.016821,0.038183,0.006389,0.001525,0.026401,0.013665,0.008531,0.012797,0.003847,0.001048,0.001947,0.000746,0.002240,0.000994,0.411988,0.001295
202608181601,2026-08-18,16,01R,realtime,0.6719,0.001526,0.001543,0.000507,0.000306,0.000234,0.000289,0.071572,0.034978,0.166592,0.007270,0.002284,0.037827,0.067266,0.039096,0.003015,0.103910,0.013667,0.032243,0.007255,0.001021,0.020521,0.015492,0.007746,0.021434,0.004143,0.001644,0.002075,0.001159,0.002562,0.001095,0.328138,0.001592
202608181602,2026-08-18,16,02R,daily,0.6039,0.002338,0.001769,0.001207,0.000386,0.000289,0.000541,0.068037,0.033427,0.040758,0.021242,0.031444,0.037282,0.021699,0.037010,0.030129,0.152052,0.018441,0.010698,0.005696,0.005601,0.020699,0.016293,0.014054,0.007028,0.004988,0.007926,0.002700,0.001420,0.001784,0.002178,0.396109,0.004772
202608181602,2026-08-18,16,02R,realtime,0.6320,0.001213,0.001126,0.000657,0.000358,0.000298,0.000518,0.080109,0.024847,0.034547,0.013748,0.022423,0.033155,0.014977,0.033294,0.030997,0.211324,0.024501,0.008644,0.004200,0.005263,0.021593,0.022815,0.011296,0.005746,0.005423,0.009210,0.001960,0.001071,0.001640,0.001280,0.367965,0.003803
202608181603,2026-08-18,16,03R,daily,0.6008,0.001523,0.000961,0.000632,0.000146,0.000194,0.000201,0.094348,0.044570,0.007162,0.016445,0.004227,0.046436,0.005547,0.031536,0.002657,0.228337,0.027239,0.007020,0.002446,0.000629,0.021558,0.028800,0.010160,0.001078,0.003988,0.000590,0.001522,0.000538,0.001084,0.001284,0.399151,0.007989
202608181603,2026-08-18,16,03R,realtime,0.5265,0.001492,0.005877,0.000482,0.000221,0.000161,0.000224,0.108261,0.026182,0.024460,0.001278,0.006753,0.043374,0.021937,0.003840,0.004965,0.148061,0.037851,0.015479,0.000539,0.000485,0.016346,0.028757,0.006431,0.006272,0.000568,0.001257,0.002800,0.001885,0.002684,0.000984,0.473469,0.006624
202608181604,2026-08-18,16,04R,daily,0.6319,0.001818,0.001594,0.000633,0.000300,0.000226,0.000657,0.076243,0.020584,0.059696,0.004352,0.006466,0.043785,0.057815,0.020186,0.011151,0.204017,0.021149,0.021082,0.001945,0.001614,0.018344,0.016783,0.010631,0.013155,0.003421,0.002790,0.002818,0.002198,0.002766,0.001194,0.368123,0.002465
202608181604,2026-08-18,16,04R,realtime,0.7387,0.007280,0.004528,0.001302,0.000407,0.000455,0.000589,0.011541,0.065182,0.065090,0.019912,0.025835,0.084876,0.185248,0.087580,0.024879,0.015115,0.013244,0.034989,0.008853,0.010698,0.014984,0.003806,0.011246,0.014231,0.005952,0.007300,0.001189,0.002997,0.002502,0.002178,0.261321,0.004691
202608181605,2026-08-18,16,05R,daily,0.3104,0.000644,0.000413,0.000155,0.000111,0.000137,0.000179,0.004006,0.012717,0.044333,0.015972,0.001765,0.017903,0.047814,0.066360,0.002268,0.022212,0.003973,0.019962,0.002803,0.000791,0.023459,0.002716,0.002467,0.010851,0.002996,0.000380,0.001007,0.000414,0.000734,0.000417,0.689605,0.000436
202608181605,2026-08-18,16,05R,realtime,0.2554,0.000713,0.000165,0.000099,0.000101,0.000130,0.000112,0.003894,0.009349,0.027998,0.008284,0.000827,0.015418,0.030446,0.070800,0.000999,0.020653,0.003061,0.015595,0.002615,0.000460,0.025270,0.002041,0.001600,0.008352,0.003788,0.000289,0.000593,0.000387,0.000526,0.000534,0.744574,0.000327
202608181606,2026-08-18,16,06R,daily,0.2476,0.000544,0.000895,0.000257,0.000103,0.000077,0.000228,0.001974,0.027860,0.012256,0.002724,0.013051,0.075758,0.011945,0.006427,0.016740,0.012606,0.010727,0.006153,0.000805,0.002252,0.024137,0.000978,0.009465,0.001509,0.001093,0.003353,0.000882,0.001091,0.000916,0.000470,0.752445,0.000277
202608181606,2026-08-18,16,06R,realtime,0.2887,0.001287,0.000158,0.000252,0.000097,0.000103,0.000228,0.002796,0.036184,0.007747,0.001016,0.016658,0.092275,0.012191,0.004960,0.020575,0.014782,0.014142,0.005400,0.000854,0.002765,0.029758,0.001456,0.013609,0.001358,0.000722,0.004004,0.000594,0.000963,0.001217,0.000218,0.711277,0.000352
202608181607,2026-08-18,16,07R,daily,0.7674,0.003126,0.001791,0.001332,0.000365,0.000255,0.000709,0.177201,0.030335,0.054964,0.009718,0.019116,0.030286,0.025356,0.016892,0.028046,0.211554,0.030125,0.022103,0.005371,0.004823,0.021300,0.025479,0.014280,0.008882,0.003351,0.008110,0.002214,0.001523,0.001953,0.002649,0.232602,0.004192
202608181607,2026-08-18,16,07R,realtime,0.6616,0.000740,0.001908,0.000779,0.000382,0.000221,0.000609,0.113192,0.034765,0.043461,0.003880,0.030536,0.035017,0.034085,0.010012,0.044907,0.166915,0.024078,0.014524,0.003885,0.005767,0.020905,0.026805,0.011354,0.008882,0.002191,0.012078,0.001642,0.001477,0.001835,0.000947,0.338422,0.003801
202608181608,2026-08-18,16,08R,daily,0.5182,0.001808,0.002527,0.000987,0.000258,0.000218,0.000502,0.016376,0.063832,0.014362,0.018496,0.031889,0.083547,0.012391,0.039964,0.055677,0.048948,0.032165,0.006167,0.004309,0.009099,0.027194,0.004520,0.015935,0.002071,0.004284,0.011875,0.001449,0.001564,0.001865,0.002031,0.481782,0.001908
202608181608,2026-08-18,16,08R,realtime,0.4668,0.001281,0.000938,0.000649,0.000226,0.000193,0.000430,0.013753,0.051774,0.008514,0.012096,0.030587,0.074822,0.008207,0.035253,0.071174,0.040874,0.026521,0.002958,0.003218,0.009930,0.025962,0.004911,0.014755,0.001556,0.002937,0.017554,0.001052,0.000882,0.001533,0.000813,0.533214,0.001433
202608181609,2026-08-18,16,09R,daily,0.5358,0.001308,0.001329,0.000412,0.000239,0.000150,0.000538,0.012316,0.029056,0.125148,0.002572,0.006550,0.059083,0.097567,0.008909,0.006843,0.027742,0.017789,0.063558,0.001300,0.002366,0.021481,0.004035,0.009959,0.023451,0.001432,0.003165,0.002110,0.001482,0.002346,0.000958,0.464219,0.000589
202608181609,2026-08-18,16,09R,realtime,0.6337,0.001040,0.000382,0.000228,0.000208,0.000172,0.000456,0.011228,0.030851,0.173554,0.000909,0.003801,0.049727,0.178344,0.007102,0.007444,0.017250,0.013604,0.061873,0.001552,0.002017,0.018660,0.004058,0.006811,0.030046,0.001017,0.004740,0.001696,0.001612,0.002503,0.000289,0.366288,0.000541
202608181610,2026-08-18,16,10R,daily,0.3575,0.001083,0.001071,0.000309,0.000161,0.000113,0.000318,0.009863,0.019044,0.059872,0.001576,0.004536,0.049962,0.051651,0.005754,0.004448,0.051702,0.014044,0.029378,0.000654,0.001446,0.015840,0.005671,0.008700,0.011344,0.000828,0.001875,0.001833,0.001196,0.001717,0.000641,0.642487,0.000885
202608181610,2026-08-18,16,10R,realtime,0.4105,0.003516,0.001321,0.000453,0.000189,0.000207,0.000221,0.011549,0.017812,0.064085,0.001874,0.002259,0.041737,0.099176,0.015623,0.001853,0.036624,0.013001,0.027689,0.001957,0.000752,0.023281,0.003381,0.007136,0.022854,0.001659,0.000695,0.001823,0.001938,0.003058,0.000972,0.589538,0.001768
202608181611,2026-08-18,16,11R,daily,0.3591,0.001230,0.000712,0.000391,0.000179,0.000176,0.000463,0.016594,0.017131,0.048691,0.008134,0.005149,0.028293,0.044022,0.033075,0.005652,0.058453,0.008084,0.017012,0.004704,0.001331,0.027377,0.005450,0.006114,0.009753,0.003190,0.001266,0.001737,0.001087,0.001453,0.001003,0.640916,0.001177
202608181612,2026-08-18,16,12R,daily,0.5443,0.001787,0.000924,0.000775,0.000248,0.000245,0.000800,0.030722,0.055514,0.047780,0.009553,0.010605,0.082074,0.043263,0.041802,0.010818,0.066251,0.035566,0.032113,0.005923,0.003044,0.020221,0.008229,0.012624,0.006791,0.003032,0.002875,0.002188,0.001669,0.001288,0.001820,0.455698,0.003761
202608181701,2026-08-18,17,01R,daily,0.3351,0.001302,0.001266,0.000293,0.000183,0.000141,0.000362,0.017052,0.033701,0.036122,0.010174,0.004727,0.042461,0.018840,0.028346,0.007563,0.053347,0.008153,0.011744,0.002195,0.001291,0.025766,0.007258,0.007166,0.003689,0.003106,0.001883,0.001176,0.001976,0.001795,0.000696,0.664853,0.001372
202608181701,2026-08-18,17,01R,realtime,0.3083,0.001125,0.000721,0.000256,0.000196,0.000149,0.000325,0.020246,0.028047,0.030499,0.005373,0.003502,0.036951,0.012495,0.024996,0.007385,0.061204,0.008366,0.010118,0.002166,0.000915,0.025209,0.008187,0.006784,0.002983,0.002673,0.001712,0.000751,0.001366,0.001396,0.000655,0.691733,0.001514
202608181702,2026-08-18,17,02R,daily,0.4668,0.001268,0.001093,0.000309,0.000158,0.000132,0.000307,0.023798,0.091264,0.038391,0.006900,0.003202,0.100603,0.020627,0.017873,0.005026,0.048989,0.022961,0.022775,0.001545,0.000923,0.024066,0.007796,0.010886,0.004498,0.001671,0.001046,0.001058,0.003434,0.001474,0.000610,0.533222,0.002097
202608181702,2026-08-18,17,02R,realtime,0.3863,0.001213,0.000589,0.000259,0.000151,0.000125,0.000215,0.014697,0.095009,0.029976,0.002886,0.002312,0.096150,0.016361,0.011075,0.003891,0.031086,0.015866,0.012699,0.001337,0.000652,0.022855,0.006075,0.009730,0.002969,0.001017,0.000870,0.000781,0.002066,0.001282,0.000501,0.613708,0.001598
202608181703,2026-08-18,17,03R,daily,0.3227,0.001040,0.001262,0.000314,0.000207,0.000122,0.000363,0.020934,0.022156,0.040816,0.008576,0.027988,0.016281,0.013298,0.014010,0.028637,0.055423,0.004477,0.006768,0.001857,0.003091,0.025556,0.010450,0.004129,0.002078,0.002074,0.004203,0.000812,0.001733,0.001212,0.000865,0.677309,0.001958
202608181703,2026-08-18,17,03R,realtime,0.3245,0.001364,0.001124,0.000166,0.000233,0.000126,0.000334,0.020863,0.021600,0.036250,0.004286,0.036441,0.014242,0.012237,0.011452,0.035182,0.054701,0.004886,0.005944,0.001544,0.003462,0.026556,0.011755,0.004510,0.002105,0.001487,0.005561,0.000760,0.001214,0.001238,0.000520,0.675493,0.002363
202608181704,2026-08-18,17,04R,daily,0.3166,0.001061,0.000954,0.000216,0.000156,0.000140,0.000309,0.006885,0.021492,0.026541,0.025396,0.007545,0.020016,0.012918,0.084434,0.015555,0.029796,0.003947,0.007005,0.004274,0.001998,0.024161,0.003295,0.003544,0.003026,0.004653,0.002413,0.000753,0.001243,0.001052,0.000558,0.683443,0.001221
202608181704,2026-08-18,17,04R,realtime,0.3176,0.001768,0.000434,0.000119,0.000170,0.000162,0.000283,0.005005,0.030081,0.020471,0.026793,0.006982,0.023390,0.013999,0.084571,0.018664,0.023491,0.002613,0.005038,0.005961,0.001952,0.023902,0.002494,0.003209,0.002994,0.005394,0.002686,0.000678,0.001215,0.000895,0.000520,0.682390,0.001675
202608181705,2026-08-18,17,05R,daily,0.2597,0.001002,0.001218,0.000268,0.000167,0.000121,0.000399,0.004869,0.025637,0.029372,0.010399,0.011744,0.028418,0.016329,0.030346,0.017754,0.019256,0.004310,0.006478,0.002342,0.002846,0.022979,0.003423,0.005324,0.002470,0.003310,0.003544,0.000874,0.001659,0.001282,0.000653,0.740323,0.000885
202608181705,2026-08-18,17,05R,realtime,0.2770,0.001856,0.000427,0.000198,0.000209,0.000143,0.000377,0.004012,0.024144,0.025265,0.011791,0.024524,0.026046,0.014350,0.035739,0.027837,0.016958,0.003556,0.004587,0.002137,0.002948,0.026079,0.003262,0.004869,0.002653,0.003347,0.004677,0.000805,0.001274,0.001461,0.000547,0.722991,0.000929
202608181706,2026-08-18,17,06R,daily,0.6316,0.003193,0.002587,0.000656,0.000249,0.000230,0.000599,0.054772,0.122431,0.018209,0.027770,0.012361,0.071174,0.009739,0.074356,0.032783,0.085665,0.027518,0.007009,0.005610,0.002973,0.019972,0.014562,0.014055,0.001990,0.005942,0.004708,0.001091,0.002044,0.002045,0.001384,0.368366,0.003957
202608181706,2026-08-18,17,06R,realtime,0.6101,0.001625,0.001378,0.000533,0.000265,0.000210,0.000540,0.045995,0.092762,0.013466,0.045874,0.008697,0.065910,0.005817,0.083912,0.039715,0.092781,0.026473,0.002951,0.006941,0.003038,0.017194,0.016623,0.013068,0.001402,0.007124,0.006228,0.000966,0.001951,0.001863,0.000840,0.389906,0.003952
202608181707,2026-08-18,17,07R,daily,0.5076,0.001572,0.002142,0.000474,0.000233,0.000188,0.000383,0.027675,0.085328,0.059870,0.011155,0.004574,0.065154,0.041345,0.030921,0.005165,0.054370,0.018105,0.026149,0.002358,0.001693,0.017543,0.012771,0.014668,0.006816,0.005366,0.002116,0.001501,0.002143,0.002095,0.000981,0.492357,0.002789
202608181707,2026-08-18,17,07R,realtime,0.5622,0.001222,0.001039,0.000352,0.000282,0.000216,0.000343,0.021115,0.152250,0.049098,0.005070,0.004786,0.078715,0.054140,0.029457,0.005630,0.043097,0.014148,0.026352,0.002726,0.001758,0.018457,0.011121,0.017996,0.006482,0.004931,0.002561,0.001001,0.001839,0.001991,0.000864,0.437795,0.003166
202608181708,2026-08-18,17,08R,daily,0.4452,0.001594,0.002172,0.000440,0.000248,0.000194,0.000464,0.013623,0.061847,0.053237,0.017335,0.010263,0.052380,0.027875,0.050168,0.017917,0.038339,0.012643,0.013997,0.004288,0.003143,0.022197,0.007217,0.010775,0.005259,0.004560,0.005191,0.001047,0.001616,0.002340,0.001021,0.554844,0.001769
202608181708,2026-08-18,17,08R,realtime,0.4094,0.001199,0.000659,0.000286,0.000219,0.000191,0.000357,0.010088,0.071308,0.046922,0.008881,0.007213,0.056045,0.027850,0.048368,0.015660,0.028064,0.010681,0.009763,0.005577,0.002802,0.019446,0.007238,0.009557,0.005285,0.003706,0.005932,0.000706,0.001243,0.001904,0.000694,0.590576,0.001580
202608181709,2026-08-18,17,09R,daily,0.3893,0.001533,0.001646,0.000384,0.000214,0.000189,0.000430,0.020844,0.028974,0.050850,0.020221,0.008660,0.018918,0.022844,0.043400,0.023592,0.060424,0.005259,0.007882,0.005963,0.004134,0.027091,0.008847,0.006627,0.003841,0.005116,0.004068,0.000885,0.001411,0.001654,0.001348,0.610674,0.002077
202608181709,2026-08-18,17,09R,realtime,0.3237,0.001072,0.000898,0.000221,0.000190,0.000193,0.000344,0.015368,0.028201,0.030632,0.013711,0.007232,0.016122,0.015954,0.039794,0.017497,0.057229,0.004443,0.005449,0.004972,0.004186,0.029237,0.008277,0.005992,0.003508,0.004287,0.003389,0.000600,0.000690,0.001254,0.001047,0.676342,0.001670
202608181710,2026-08-18,17,10R,daily,0.2916,0.001054,0.000619,0.000262,0.000123,0.000093,0.000376,0.017268,0.037897,0.022984,0.002872,0.003024,0.041476,0.010777,0.008873,0.005505,0.070489,0.009711,0.008695,0.000621,0.000638,0.020545,0.009861,0.004797,0.002414,0.000711,0.001157,0.001249,0.002727,0.001252,0.000626,0.708404,0.002900
202608181710,2026-08-18,17,10R,realtime,0.2628,0.000699,0.000590,0.000232,0.000126,0.000093,0.000318,0.011243,0.045374,0.012354,0.001720,0.003133,0.045285,0.009229,0.008933,0.005260,0.056905,0.009363,0.006512,0.000595,0.000653,0.019040,0.008887,0.004461,0.002126,0.000452,0.001430,0.000941,0.002494,0.001073,0.000291,0.737209,0.002979
202608181711,2026-08-18,17,11R,daily,0.2570,0.001021,0.000850,0.000216,0.000143,0.000122,0.000320,0.010729,0.021319,0.030770,0.010134,0.004093,0.016491,0.013931,0.028263,0.009608,0.044872,0.003851,0.007538,0.002430,0.001585,0.025679,0.005090,0.004291,0.004092,0.002025,0.001898,0.000900,0.001259,0.001111,0.000670,0.743018,0.001682
202608181711,2026-08-18,17,11R,realtime,0.2155,0.000703,0.000507,0.000127,0.000127,0.000116,0.000212,0.010474,0.014739,0.030846,0.004168,0.002288,0.014696,0.010831,0.023360,0.007161,0.039890,0.003570,0.005748,0.002098,0.001317,0.023896,0.004532,0.003175,0.003700,0.001364,0.001639,0.000749,0.000761,0.000979,0.000551,0.784466,0.001210
202608181712,2026-08-18,17,12R,daily,0.2137,0.000780,0.000548,0.000161,0.000102,0.000075,0.000267,0.010765,0.016448,0.035369,0.002733,0.001928,0.013899,0.016333,0.010238,0.002529,0.051670,0.003126,0.007467,0.000788,0.000419,0.016614,0.007898,0.003435,0.002393,0.000980,0.000595,0.001001,0.001581,0.001301,0.000562,0.786341,0.001653
202608181801,2026-08-18,18,01R,daily,0.3297,0.001482,0.000826,0.000276,0.000129,0.000142,0.000199,0.017894,0.055268,0.007796,0.012824,0.002801,0.042369,0.005275,0.018343,0.005400,0.067761,0.012647,0.006560,0.002558,0.001048,0.034369,0.009543,0.012203,0.001356,0.003765,0.001060,0.000665,0.001011,0.000888,0.000645,0.670332,0.002568
202608181801,2026-08-18,18,01R,realtime,0.4234,0.007587,0.001815,0.000385,0.000124,0.000302,0.000225,0.019552,0.074523,0.031186,0.004649,0.001957,0.051825,0.024376,0.009318,0.001850,0.058242,0.017011,0.019090,0.003412,0.001478,0.041275,0.006880,0.025187,0.006664,0.003809,0.000593,0.001134,0.002258,0.001935,0.000938,0.576580,0.003840
202608181802,2026-08-18,18,02R,daily,0.2876,0.000823,0.001063,0.000222,0.000142,0.000131,0.000451,0.004097,0.035835,0.032228,0.004482,0.006654,0.047859,0.029713,0.009121,0.011024,0.019150,0.007779,0.018228,0.002412,0.003870,0.020383,0.002262,0.012926,0.004352,0.002893,0.003827,0.000627,0.002039,0.001045,0.000939,0.712412,0.001012
202608181802,2026-08-18,18,02R,realtime,0.3459,0.001327,0.000202,0.000151,0.000120,0.000228,0.000578,0.005356,0.065106,0.024241,0.002740,0.009960,0.053252,0.033405,0.007452,0.015247,0.023147,0.009391,0.023881,0.003000,0.006642,0.026726,0.002822,0.014857,0.005221,0.002150,0.004452,0.000382,0.001395,0.000991,0.000442,0.654105,0.001029
202608181803,2026-08-18,18,03R,daily,0.3019,0.001228,0.001244,0.000322,0.000166,0.000144,0.000415,0.008600,0.037213,0.019478,0.008165,0.010572,0.046498,0.017249,0.028109,0.013677,0.028576,0.007819,0.007971,0.004494,0.003938,0.027069,0.003967,0.008022,0.002699,0.004847,0.003307,0.000691,0.001756,0.001205,0.000695,0.698088,0.001774
202608181803,2026-08-18,18,03R,realtime,0.2647,0.001886,0.000293,0.000180,0.000128,0.000156,0.000344,0.006005,0.030796,0.018919,0.006385,0.009339,0.047530,0.012375,0.022498,0.015415,0.024549,0.005467,0.004874,0.004156,0.003555,0.024491,0.003292,0.008036,0.002072,0.004152,0.003252,0.000467,0.001197,0.001064,0.000460,0.735274,0.001392
202608181804,2026-08-18,18,04R,daily,0.2779,0.000925,0.000697,0.000164,0.000121,0.000102,0.000247,0.015869,0.027253,0.015691,0.005026,0.001504,0.023059,0.013542,0.009778,0.003299,0.080643,0.005518,0.009807,0.001259,0.000653,0.032353,0.009303,0.008832,0.001988,0.002495,0.000912,0.000769,0.002008,0.001264,0.000854,0.722069,0.001995
202608181804,2026-08-18,18,04R,realtime,0.2651,0.002947,0.001695,0.000218,0.000108,0.000169,0.000125,0.021644,0.031572,0.017527,0.006587,0.001059,0.023528,0.014741,0.008086,0.002453,0.058557,0.007775,0.008504,0.001763,0.000478,0.025005,0.007725,0.007238,0.002674,0.003068,0.000303,0.001039,0.001422,0.001734,0.001109,0.734895,0.004251
202608181805,2026-08-18,18,05R,daily,0.2804,0.000605,0.000644,0.000160,0.000123,0.000089,0.000263,0.006314,0.031545,0.049830,0.001553,0.002377,0.031381,0.030896,0.003731,0.003701,0.032949,0.009337,0.022743,0.000890,0.001130,0.024029,0.003532,0.009498,0.005336,0.001172,0.001300,0.000692,0.002067,0.001110,0.000532,0.719638,0.000834
202608181805,2026-08-18,18,05R,realtime,0.2518,0.000745,0.000128,0.000092,0.000070,0.000117,0.000208,0.004560,0.031433,0.033803,0.000640,0.001749,0.031340,0.026231,0.002323,0.003212,0.031274,0.007659,0.022710,0.000629,0.001276,0.029521,0.003306,0.009548,0.004078,0.000643,0.000955,0.000384,0.001384,0.001126,0.000193,0.748233,0.000431
202608181806,2026-08-18,18,06R,daily,0.5964,0.001604,0.000620,0.000324,0.000177,0.000185,0.000248,0.062583,0.028276,0.079844,0.005899,0.000591,0.012896,0.039568,0.015113,0.000950,0.205827,0.009805,0.033974,0.004605,0.000596,0.019651,0.030967,0.008503,0.019950,0.003521,0.000388,0.001739,0.001194,0.001437,0.000784,0.403575,0.004605
202608181806,2026-08-18,18,06R,realtime,0.5746,0.000588,0.000613,0.000156,0.000125,0.000218,0.000196,0.059863,0.027789,0.068484,0.003690,0.000426,0.010002,0.044400,0.014276,0.000619,0.200063,0.005819,0.038889,0.004418,0.000641,0.024084,0.031138,0.005819,0.020881,0.003601,0.000289,0.001298,0.001520,0.001331,0.000494,0.425406,0.002865
202608181807,2026-08-18,18,07R,daily,0.5047,0.001885,0.000759,0.000398,0.000159,0.000154,0.000365,0.068596,0.037138,0.030704,0.004598,0.002500,0.026370,0.016398,0.008057,0.005198,0.195079,0.013306,0.012500,0.003223,0.001160,0.022724,0.028360,0.008757,0.004058,0.001364,0.001241,0.001289,0.002058,0.001015,0.000944,0.495349,0.004296
202608181807,2026-08-18,18,07R,realtime,0.5054,0.000789,0.000681,0.000170,0.000095,0.000189,0.000331,0.057806,0.036586,0.039007,0.001638,0.002553,0.024051,0.013647,0.006408,0.005249,0.214239,0.013411,0.015519,0.002848,0.001694,0.023505,0.025891,0.006436,0.004217,0.000819,0.001063,0.000868,0.001908,0.000970,0.000461,0.494643,0.002306
202608181808,2026-08-18,18,08R,daily,0.5708,0.002050,0.000988,0.000690,0.000204,0.000238,0.000286,0.064220,0.048945,0.007631,0.047490,0.004713,0.014817,0.004062,0.066570,0.007610,0.171481,0.011321,0.003057,0.014919,0.002515,0.029184,0.026939,0.010669,0.001357,0.012320,0.002271,0.000899,0.000862,0.000830,0.001467,0.429237,0.010159
202608181808,2026-08-18,18,08R,realtime,0.6552,0.001809,0.002127,0.000380,0.000177,0.000245,0.000511,0.060090,0.032295,0.102106,0.000686,0.006521,0.010948,0.077092,0.002086,0.008065,0.191009,0.011263,0.042366,0.001179,0.005270,0.019273,0.034637,0.010726,0.016665,0.000827,0.002468,0.000881,0.003121,0.002329,0.000519,0.344817,0.007512
202608181809,2026-08-18,18,09R,daily,0.2173,0.000975,0.000672,0.000123,0.000108,0.000092,0.000211,0.004822,0.014393,0.029860,0.005755,0.002140,0.014381,0.026604,0.030758,0.003252,0.021579,0.003201,0.010455,0.003085,0.000929,0.025190,0.003238,0.003396,0.003955,0.003711,0.000744,0.000573,0.000902,0.001251,0.000345,0.782678,0.000624
202608181809,2026-08-18,18,09R,realtime,0.2338,0.006208,0.000480,0.000135,0.000081,0.000177,0.000242,0.003121,0.018582,0.037508,0.003330,0.002436,0.016149,0.039650,0.013916,0.005168,0.019263,0.002161,0.009088,0.003113,0.002562,0.029186,0.001569,0.004382,0.006402,0.002537,0.000930,0.000614,0.001229,0.001981,0.000397,0.766157,0.001249
202608181810,2026-08-18,18,10R,daily,0.6195,0.002149,0.001040,0.000481,0.000286,0.000246,0.000678,0.065806,0.038055,0.094399,0.006847,0.005085,0.016121,0.049602,0.016246,0.007538,0.167641,0.015177,0.031146,0.007180,0.002790,0.017490,0.032044,0.010062,0.013569,0.003705,0.002932,0.001577,0.001563,0.001630,0.001754,0.380547,0.004613
202608181810,2026-08-18,18,10R,realtime,0.6667,0.000646,0.000679,0.000188,0.000185,0.000342,0.000679,0.078801,0.071390,0.045000,0.005619,0.004180,0.018040,0.043790,0.014472,0.006567,0.212225,0.017999,0.034445,0.009389,0.004218,0.019765,0.040841,0.007519,0.014698,0.003762,0.003208,0.001038,0.001625,0.001317,0.000676,0.333332,0.003362
202608181811,2026-08-18,18,11R,daily,0.5714,0.001396,0.000846,0.000382,0.000173,0.000186,0.000384,0.017309,0.104690,0.045973,0.005764,0.000685,0.102938,0.052489,0.015457,0.001229,0.046696,0.049212,0.042622,0.002752,0.000843,0.022083,0.008538,0.026193,0.008970,0.003680,0.000755,0.001523,0.002235,0.001666,0.000916,0.428610,0.002803
202608181811,2026-08-18,18,11R,realtime,0.6683,0.001017,0.000223,0.000299,0.000118,0.000270,0.000319,0.018075,0.152577,0.066738,0.001785,0.000409,0.122832,0.056533,0.011285,0.000827,0.049434,0.044584,0.051266,0.002696,0.000785,0.024233,0.009178,0.031131,0.010043,0.003841,0.000691,0.001236,0.002155,0.001752,0.000725,0.331683,0.001264
202608181812,2026-08-18,18,12R,daily,0.1875,0.000890,0.000301,0.000166,0.000066,0.000091,0.000167,0.005100,0.025807,0.005750,0.005942,0.000670,0.027610,0.003903,0.011692,0.001458,0.035908,0.007627,0.003753,0.002184,0.000499,0.028775,0.004134,0.007198,0.000814,0.002328,0.000369,0.000692,0.000778,0.000654,0.000467,0.812517,0.001689
202608181812,2026-08-18,18,12R,realtime,0.2158,0.001016,0.000184,0.000121,0.000044,0.000121,0.000150,0.006225,0.033768,0.005761,0.003808,0.000481,0.035043,0.002907,0.010203,0.001042,0.042392,0.008305,0.002766,0.002878,0.000427,0.035597,0.005726,0.009284,0.000824,0.002683,0.000359,0.000768,0.000818,0.000619,0.000379,0.784170,0.001133
202608182001,2026-08-18,20,01R,daily,0.4910,0.002106,0.001458,0.000562,0.000248,0.000168,0.000417,0.027895,0.091881,0.017698,0.005209,0.008869,0.062033,0.008439,0.008375,0.023871,0.088393,0.030382,0.016035,0.002068,0.003137,0.035225,0.008820,0.025416,0.005120,0.002260,0.005593,0.001219,0.001362,0.001436,0.001114,0.509036,0.004154
202608182001,2026-08-18,20,01R,realtime,0.6028,0.005710,0.001677,0.000597,0.000143,0.000336,0.000290,0.018532,0.210879,0.007188,0.007505,0.004011,0.093753,0.008009,0.027839,0.003055,0.061121,0.034185,0.012869,0.005495,0.001291,0.029702,0.008908,0.029981,0.003161,0.008609,0.000592,0.000900,0.001145,0.001203,0.001348,0.397203,0.012760
202608182002,2026-08-18,20,02R,daily,0.5500,0.004374,0.001553,0.000775,0.000335,0.000240,0.000733,0.014695,0.100047,0.019511,0.017209,0.007040,0.124819,0.012311,0.053345,0.012738,0.039678,0.033293,0.018374,0.006905,0.004029,0.023411,0.006087,0.020222,0.005346,0.008139,0.004620,0.002052,0.001841,0.001911,0.001184,0.450030,0.003151
202608182002,2026-08-18,20,02R,realtime,0.6247,0.003402,0.000286,0.000409,0.000182,0.000342,0.000661,0.011838,0.127890,0.014077,0.017623,0.002305,0.148938,0.008006,0.070264,0.006916,0.053077,0.033693,0.017558,0.007747,0.004481,0.029079,0.007366,0.029123,0.006075,0.012018,0.004617,0.001643,0.001709,0.001503,0.000508,0.375269,0.001394
202608182003,2026-08-18,20,03R,daily,0.2757,0.001450,0.000975,0.000352,0.000212,0.000112,0.000379,0.008391,0.032692,0.026040,0.004937,0.007589,0.037104,0.016332,0.015283,0.010825,0.036252,0.005587,0.014437,0.002243,0.002625,0.022484,0.003706,0.007925,0.005411,0.003237,0.002911,0.001023,0.001149,0.001247,0.000561,0.724310,0.002220
202608182004,2026-08-18,20,04R,daily,0.4353,0.002443,0.000892,0.000540,0.000289,0.000221,0.000459,0.024198,0.041560,0.013669,0.026373,0.007018,0.030172,0.007988,0.089018,0.018993,0.074575,0.011067,0.009754,0.006711,0.002748,0.026839,0.007521,0.006596,0.004187,0.009315,0.003022,0.001101,0.001104,0.001044,0.000681,0.564677,0.005223
202608182005,2026-08-18,20,05R,daily,0.3419,0.000833,0.000268,0.000263,0.000138,0.000110,0.000228,0.030492,0.016972,0.010115,0.001788,0.000717,0.027047,0.009453,0.004601,0.001096,0.160966,0.005561,0.013544,0.000859,0.000237,0.020552,0.009644,0.004007,0.010730,0.000859,0.000420,0.002857,0.000952,0.000995,0.000563,0.658103,0.005031
202608182006,2026-08-18,20,06R,daily,0.3895,0.001925,0.001053,0.000320,0.000289,0.000158,0.000732,0.005577,0.032399,0.068382,0.006996,0.005371,0.041669,0.051104,0.029941,0.011952,0.018886,0.006036,0.034505,0.003780,0.002527,0.023886,0.003182,0.009252,0.015157,0.004785,0.003447,0.001357,0.001189,0.001670,0.000724,0.610463,0.001288
202608182007,2026-08-18,20,07R,daily,0.4746,0.002037,0.000662,0.000436,0.000276,0.000193,0.000408,0.047231,0.020748,0.024014,0.022048,0.005004,0.009823,0.012979,0.069240,0.005900,0.157041,0.006201,0.011746,0.009385,0.001358,0.022164,0.014696,0.003653,0.008583,0.007864,0.001204,0.001503,0.000645,0.001387,0.000817,0.525409,0.005344
202608182008,2026-08-18,20,08R,daily,0.3188,0.001543,0.000501,0.000413,0.000203,0.000120,0.000445,0.019493,0.033490,0.009478,0.005012,0.003540,0.027415,0.005236,0.012636,0.005855,0.114756,0.008976,0.004977,0.001263,0.000940,0.022324,0.015719,0.006794,0.002489,0.002406,0.001442,0.001500,0.001022,0.001140,0.000697,0.681168,0.007010
202608182009,2026-08-18,20,09R,daily,0.1636,0.000725,0.000519,0.000248,0.000122,0.000076,0.000203,0.003037,0.022317,0.002697,0.008316,0.009279,0.020190,0.002494,0.013458,0.010138,0.020876,0.003983,0.001524,0.001398,0.001509,0.023581,0.002338,0.004786,0.000766,0.002328,0.002259,0.000736,0.000463,0.000735,0.000614,0.836436,0.001848
202608182010,2026-08-18,20,10R,daily,0.2235,0.001052,0.000618,0.000173,0.000172,0.000103,0.000468,0.003100,0.018870,0.025818,0.004726,0.004098,0.024697,0.028928,0.024049,0.009646,0.016106,0.003079,0.006755,0.003762,0.002144,0.018940,0.001541,0.006291,0.009155,0.003065,0.002296,0.000927,0.000925,0.000987,0.000398,0.776508,0.000605
202608182011,2026-08-18,20,11R,daily,0.2928,0.001330,0.000493,0.000236,0.000176,0.000125,0.000431,0.005077,0.034561,0.031330,0.007257,0.001347,0.042669,0.024634,0.033369,0.002616,0.024722,0.007553,0.021787,0.002904,0.000778,0.020315,0.003386,0.006115,0.008811,0.003665,0.000761,0.001374,0.001116,0.001322,0.000505,0.707245,0.001988
202608182012,2026-08-18,20,12R,daily,0.2988,0.001797,0.000548,0.000241,0.000157,0.000112,0.000386,0.006917,0.028764,0.017627,0.007659,0.000570,0.039546,0.021072,0.037369,0.002935,0.045545,0.006853,0.016866,0.002323,0.000655,0.031616,0.004740,0.006906,0.005912,0.003007,0.000884,0.001575,0.001507,0.001788,0.000820,0.701233,0.002069
