記録日,場コード,モーター番号,節数,走数,Σw,Σw2,n_eff,加重平均残差,素点
2026-08-21,02,1,2,13,11.66416,10.483767,12.977455,-0.316508,-0.178761
2026-08-21,02,2,1,8,7.379637,6.809425,7.997599,-0.116697,-0.051857
2026-08-21,02,3,2,13,11.623316,10.411457,12.976232,0.34264,0.193512
2026-08-21,02,4,2,12,10.679442,9.520558,11.97939,0.20552,0.112014
2026-08-21,02,5,1,8,7.390109,6.828411,7.998013,-0.136366,-0.060599
2026-08-21,02,23,2,11,9.849963,8.835792,10.980541,0.106719,0.055854
2026-08-21,02,25,1,3,2.552115,2.17129,2.999733,-0.194406,-0.04486
2026-08-21,02,28,1,5,4.243679,3.602032,4.999625,-1.00086,-0.333603
2026-08-21,02,30,1,5,4.253563,3.618946,4.999466,-0.00432,-0.00144
2026-08-21,02,31,1,5,4.253563,3.618946,4.999466,-0.896991,-0.298976
2026-08-21,02,32,1,5,4.263334,3.635474,4.999627,0.182506,0.060832
2026-08-21,02,33,1,6,5.10423,4.34258,5.999466,-0.053321,-0.019994
2026-08-21,02,34,1,4,3.402782,2.894925,3.999733,0.318223,0.090916
2026-08-21,02,35,1,6,5.10423,4.34258,5.999466,0.516736,0.193765
2026-08-21,02,36,1,5,4.243679,3.602032,4.999625,1.027035,0.342328
2026-08-21,02,37,1,4,3.402782,2.894925,3.999733,-0.626043,-0.178861
2026-08-21,02,38,0,0,,,,,
2026-08-21,02,39,1,4,3.402782,2.894925,3.999733,0.19684,0.056237
2026-08-21,02,40,1,6,5.10423,4.34258,5.999466,-0.374792,-0.140539
2026-08-21,02,41,1,5,4.253563,3.618946,4.999466,-0.703486,-0.234479
2026-08-21,02,42,1,3,2.53246,2.137848,2.999911,-0.41497,-0.09576
2026-08-21,02,43,1,5,4.243679,3.602032,4.999625,0.484424,0.161467
2026-08-21,02,44,1,5,4.253563,3.618946,4.999466,0.155143,0.051711
2026-08-21,02,45,1,8,7.358202,6.769648,7.997926,0.456163,0.20271
2026-08-21,02,46,3,18,9.396877,5.065447,17.432087,-0.013118,-0.008336
2026-08-21,02,47,3,19,12.482676,9.218218,16.90318,-0.238443,-0.149813
2026-08-21,02,48,1,7,6.456952,5.957395,6.998399,0.157308,0.064765
2026-08-21,02,49,6,40,25.882339,17.982134,37.253389,0.393566,0.310278
2026-08-21,02,50,6,39,25.824108,17.917596,37.219532,-0.705341,-0.555966
2026-08-21,02,51,6,38,23.851616,16.220679,35.07249,-0.296354,-0.230603
2026-08-21,02,52,3,17,11.181466,8.233478,15.184979,-0.658066,-0.396773
2026-08-21,02,53,6,37,25.044734,17.790373,35.257199,0.113913,0.088742
2026-08-21,02,54,6,38,25.0275,17.612773,35.563721,0.148564,0.115958
2026-08-21,02,55,6,39,25.842109,18.041783,37.01489,-0.039055,-0.030748
2026-08-21,02,56,1,8,7.379637,6.809425,7.997599,0.423753,0.188303
2026-08-21,02,58,6,40,26.995865,19.074893,38.20607,-0.195933,-0.155288
2026-08-21,02,59,3,20,13.063801,9.593774,17.788924,-0.313763,-0.200853
2026-08-21,02,60,4,26,17.901175,13.197657,24.28098,-0.312622,-0.221428
2026-08-21,02,61,6,39,22.237515,13.165923,37.559622,0.213565,0.16866
2026-08-21,02,62,6,41,27.010096,18.725989,38.95897,-0.013355,-0.010628
2026-08-21,02,63,5,35,20.844052,12.682747,34.257128,0.436748,0.338064
2026-08-21,02,64,6,40,26.308816,18.260984,37.903422,-0.24459,-0.193531
2026-08-21,02,65,0,0,,,,,
2026-08-21,03,10,6,35,21.211621,14.029946,32.069466,0.30803,0.234811
2026-08-21,03,11,6,37,22.555097,15.068597,33.761098,0.053178,0.041026
2026-08-21,03,12,5,32,20.215186,13.775376,29.665522,0.001069,0.0008
2026-08-21,03,13,6,37,22.27424,14.62338,33.927981,0.439815,0.339693
2026-08-21,03,14,6,41,24.818652,16.744454,36.786238,-0.257197,-0.202224
2026-08-21,03,15,6,36,22.160303,14.914632,32.925991,-0.14766,-0.113261
2026-08-21,03,16,6,39,23.675659,16.026441,34.975751,0.177565,0.138085
2026-08-21,03,17,6,38,22.299894,14.690557,33.850675,-0.166039,-0.128174
2026-08-21,03,18,6,39,23.491779,15.717121,35.112262,-0.059773,-0.046523
2026-08-21,03,19,6,39,23.504638,15.726665,35.12938,-0.08703,-0.067745
2026-08-21,03,21,4,30,17.617357,10.71342,28.970323,-0.102844,-0.076454
2026-08-21,03,23,6,39,23.453547,15.719925,34.991824,-0.367354,-0.285705
2026-08-21,03,24,5,32,17.902087,10.830202,29.591757,0.196949,0.147204
2026-08-21,03,25,6,40,23.97488,15.934403,36.07257,0.2128,0.166612
2026-08-21,03,26,6,39,24.697233,17.146024,35.574039,-0.133388,-0.10412
2026-08-21,03,27,6,41,24.674688,16.532576,36.826699,-0.052011,-0.040904
2026-08-21,03,29,5,35,19.292494,11.29103,32.964248,-0.38995,-0.299189
2026-08-21,03,30,5,35,19.562616,11.401041,33.566753,0.328047,0.252749
2026-08-21,03,31,6,37,24.050566,16.881266,34.264595,-0.067286,-0.052085
2026-08-21,03,32,6,40,23.820352,15.850164,35.798315,0.281191,0.219793
2026-08-21,03,33,6,42,24.99858,16.493831,37.888651,-0.022251,-0.017605
2026-08-21,03,34,5,28,16.880074,11.725259,24.301116,0.48592,0.344257
2026-08-21,03,35,6,42,25.749558,17.523474,37.837231,-0.014688,-0.011618
2026-08-21,03,36,6,37,24.050566,16.881266,34.264595,0.309858,0.239857
2026-08-21,03,39,6,38,24.287222,16.968598,34.762397,-0.052806,-0.041009
2026-08-21,03,40,5,31,20.621273,15.048276,28.258181,-0.306166,-0.22614
2026-08-21,03,41,5,31,17.744003,11.869068,26.526907,0.324996,0.236021
2026-08-21,03,45,4,32,17.98106,10.715,30.174384,-0.254752,-0.19134
2026-08-21,03,46,5,36,20.282057,11.930582,34.479614,0.219808,0.17039
2026-08-21,03,47,6,37,22.797158,15.834522,32.821351,-0.34686,-0.265858
2026-08-21,03,49,5,34,18.849009,11.089615,32.037645,0.162576,0.123902
2026-08-21,03,51,6,39,22.275284,14.382269,34.500001,-0.110212,-0.085445
2026-08-21,03,52,5,37,21.022606,12.478994,35.415512,0.069259,0.054009
2026-08-21,03,53,6,41,25.07733,17.124243,36.724104,-0.208104,-0.163565
2026-08-21,03,54,5,36,19.664778,11.433783,33.821131,-0.048473,-0.037411
2026-08-21,03,55,5,28,18.524556,13.210039,25.97715,0.29193,0.210787
2026-08-21,03,56,4,27,15.932148,9.755827,26.01864,0.513482,0.370922
2026-08-21,03,57,6,40,24.496473,16.572054,36.210188,0.262261,0.205507
2026-08-21,03,59,5,36,20.306271,11.963944,34.465611,0.065024,0.050401
2026-08-21,03,60,6,36,20.696675,13.224852,32.389954,-0.240526,-0.183785
2026-08-21,03,61,6,39,23.225454,15.385149,35.061194,0.276056,0.214794
2026-08-21,03,63,4,29,17.204924,10.590573,27.950274,0.115707,0.085218
2026-08-21,03,64,5,33,16.075585,8.345715,30.964921,0.416004,0.314453
2026-08-21,03,66,6,37,22.247792,14.591946,33.920371,-0.308776,-0.238472
2026-08-21,03,67,6,37,20.091031,12.425744,32.484936,0.323201,0.247127
2026-08-21,03,69,5,37,20.4151,11.945888,34.888683,-0.005384,-0.004185
2026-08-21,03,70,6,39,25.315796,17.495391,36.631909,0.146947,0.115435
2026-08-21,03,71,6,35,23.388437,16.58758,32.977624,0.018325,0.014061
2026-08-21,04,10,5,23,13.052971,7.546327,22.577876,-0.094946,-0.065801
2026-08-21,04,11,6,35,22.929257,15.456514,34.014838,0.200722,0.155119
2026-08-21,04,12,6,44,32.782121,25.064097,42.876767,0.765677,0.620873
2026-08-21,04,13,6,34,21.544523,14.244094,32.586589,-0.032902,-0.025176
2026-08-21,04,14,5,34,23.005486,16.085059,32.903354,0.409487,0.314043
2026-08-21,04,15,5,32,21.65027,15.147533,30.944588,0.120841,0.091328
2026-08-21,04,16,6,35,25.675298,19.619974,33.599481,0.121505,0.093636
2026-08-21,04,20,5,26,16.531298,10.790614,25.326069,0.028054,0.020112
2026-08-21,04,22,6,32,21.567785,15.39239,30.220738,-0.423969,-0.318558
2026-08-21,04,24,6,30,20.26854,14.527496,28.278356,0.31354,0.231629
2026-08-21,04,28,3,17,9.567038,5.440886,16.8223,0.020072,0.012589
2026-08-21,04,30,6,44,31.958667,24.002354,42.552342,0.641984,0.519823
2026-08-21,04,31,5,32,21.474031,14.886802,30.97603,-0.180559,-0.136494
2026-08-21,04,32,5,30,20.557169,14.77595,28.600339,-0.404503,-0.29971
2026-08-21,04,34,6,35,22.802133,15.807629,32.89154,0.018443,0.014143
2026-08-21,04,35,5,32,22.230136,16.157819,30.584508,-0.257508,-0.194058
2026-08-21,04,36,6,35,25.208035,18.880799,33.655621,0.15966,0.123087
2026-08-21,04,39,6,31,20.396836,14.265455,29.163523,-0.289497,-0.215577
2026-08-21,04,41,4,27,17.691123,12.05837,25.95507,0.070244,0.050707
2026-08-21,04,44,6,28,17.704834,11.795717,26.574149,-0.316412,-0.229899
2026-08-21,04,45,4,24,16.260143,11.735293,22.529667,0.054455,0.037715
2026-08-21,04,46,4,27,20.687541,16.515065,25.914178,0.138989,0.100289
2026-08-21,04,48,5,33,22.30593,15.579629,31.936223,0.049594,0.037768
2026-08-21,04,49,6,31,19.868219,13.325388,29.623613,-0.035828,-0.026786
2026-08-21,04,51,6,34,22.439848,15.417617,32.660482,-0.049044,-0.037548
2026-08-21,04,53,5,23,13.212682,7.724586,22.599911,0.02746,0.019037
2026-08-21,04,54,5,29,17.920286,11.308466,28.397897,-0.04142,-0.030633
2026-08-21,04,55,5,30,18.813251,12.039619,29.397808,0.027609,0.020601
2026-08-21,04,56,5,31,20.959033,14.882587,29.516445,-0.214006,-0.15985
2026-08-21,04,57,4,24,17.212194,12.845354,23.063561,-0.324661,-0.226468
2026-08-21,04,58,6,44,32.131729,24.270783,42.538719,0.537144,0.434906
2026-08-21,04,59,5,26,17.801881,12.761621,24.832814,-0.344332,-0.24548
2026-08-21,04,62,6,37,26.714542,20.144937,35.426604,0.116106,0.090547
2026-08-21,04,63,6,35,23.821569,16.987016,33.405934,0.174936,0.134634
2026-08-21,04,64,6,35,25.016988,18.682027,33.500096,-0.195423,-0.150499
2026-08-21,04,65,6,38,25.424587,17.515977,36.904001,-0.252022,-0.198291
2026-08-21,04,66,6,37,25.419055,18.274601,35.356634,-0.02656,-0.020704
2026-08-21,04,67,6,36,23.779123,16.183665,34.939349,-0.159372,-0.123908
2026-08-21,04,69,5,28,19.728102,14.543819,26.76037,-0.088904,-0.064719
2026-08-21,04,70,6,33,22.378008,15.928994,31.43797,-0.307242,-0.233097
2026-08-21,04,71,6,36,24.027622,16.544484,34.895414,0.177477,0.137946
2026-08-21,04,72,6,31,19.938524,13.226701,30.056229,-0.139104,-0.104377
2026-08-21,04,74,6,35,24.218548,17.157637,34.185249,-0.061072,-0.04725
2026-08-21,04,75,6,35,23.791618,16.920101,33.453765,-0.086281,-0.066425
2026-08-21,06,1,6,50,31.875142,21.709134,46.801713,0.283125,0.233281
2026-08-21,06,2,6,42,28.41066,20.619264,39.146189,0.040184,0.032008
2026-08-21,06,3,6,44,24.145418,14.078883,41.40962,-0.044152,-0.035563
2026-08-21,06,4,6,43,27.168523,18.692148,39.488702,0.088852,0.070898
2026-08-21,06,5,6,43,27.343154,18.873632,39.613366,0.212608,0.169755
2026-08-21,06,6,6,41,27.879511,20.131745,38.609029,0.069172,0.054942
2026-08-21,06,7,6,44,27.739292,19.019115,40.457629,-0.240516,-0.192849
2026-08-21,06,10,6,43,24.194028,14.353566,40.780877,-0.111006,-0.089147
2026-08-21,06,12,4,24,12.971748,7.322694,22.978733,0.14623,0.101889
2026-08-21,06,13,6,44,30.693784,22.421132,42.018769,0.480953,0.388495
2026-08-21,06,15,5,33,17.14552,9.430425,31.172385,-0.281513,-0.213138
2026-08-21,06,16,6,45,26.694378,17.406021,40.939272,-0.349897,-0.281208
2026-08-21,06,17,6,43,29.457899,21.088053,41.149735,0.074073,0.059592
2026-08-21,06,19,6,44,30.221742,21.653209,42.180987,0.30636,0.247649
2026-08-21,06,20,6,50,32.447114,22.460474,46.874132,0.265281,0.218638
2026-08-21,06,21,3,20,8.655943,3.80352,19.698949,-0.230913,-0.153162
2026-08-21,06,22,6,45,29.716898,20.821504,42.412595,0.114743,0.09285
2026-08-21,06,23,6,45,30.050192,21.374245,42.247763,0.173993,0.140691
2026-08-21,06,25,5,29,14.830115,8.005168,27.473792,-0.123623,-0.090634
2026-08-21,06,26,6,47,32.04705,22.846654,44.952466,0.186697,0.152723
2026-08-21,06,27,4,24,12.484554,6.801109,22.917452,-0.375572,-0.261477
2026-08-21,06,28,6,43,24.531316,14.720488,40.880808,-0.14218,-0.114236
2026-08-21,06,29,6,44,27.25699,18.259343,40.688404,0.006282,0.005042
2026-08-21,06,30,4,24,12.464446,6.882089,22.57489,-0.423601,-0.293562
2026-08-21,06,31,5,33,18.436417,10.677089,31.834655,0.103684,0.0789
2026-08-21,06,32,6,43,29.654422,21.330816,41.226023,0.166923,0.134337
2026-08-21,06,33,5,32,16.389736,8.919588,30.116127,-0.753297,-0.565518
2026-08-21,06,34,5,37,24.299322,17.203524,34.321868,-0.231065,-0.178932
2026-08-21,06,35,4,23,11.986104,6.555563,21.915236,-0.337353,-0.23165
2026-08-21,06,37,6,45,28.634849,19.939361,41.122411,0.244212,0.196442
2026-08-21,06,38,6,44,30.403305,22.042439,41.93551,-0.192229,-0.155216
2026-08-21,06,39,4,27,13.126882,6.816423,25.279391,-0.188289,-0.134918
2026-08-21,06,40,6,42,27.576456,19.490895,39.016213,-0.060893,-0.04847
2026-08-21,06,41,5,33,17.320821,9.418736,31.852558,-0.190477,-0.144966
2026-08-21,06,43,4,25,13.615848,7.698501,24.081481,-0.182784,-0.129153
2026-08-21,06,44,6,43,29.048068,21.190228,39.819782,0.279207,0.223163
2026-08-21,06,47,5,33,16.352441,8.40941,31.797991,-0.281114,-0.213859
2026-08-21,06,48,6,46,31.648589,22.813241,43.905783,-0.145327,-0.118368
2026-08-21,06,49,6,40,27.600146,19.900958,38.27796,-0.107751,-0.085432
2026-08-21,06,50,5,32,16.560959,8.856368,30.968154,0.265132,0.200416
2026-08-21,06,53,5,36,20.130375,12.154904,33.33897,-0.246626,-0.18972
2026-08-21,06,60,4,24,12.394987,6.712511,22.887963,-0.625564,-0.435353
2026-08-21,06,61,6,47,32.633522,23.698487,44.93733,0.381534,0.312085
2026-08-21,06,64,4,24,12.481459,6.90074,22.57538,0.0472,0.03271
2026-08-21,06,65,4,24,12.823654,7.167581,22.943038,-0.292837,-0.203945
2026-08-21,07,23,1,9,8.217191,7.504565,8.997488,-0.920947,-0.436174
2026-08-21,07,24,1,8,7.294875,6.653898,7.997599,-0.514951,-0.228829
2026-08-21,07,25,1,7,6.372436,5.802776,6.998019,-0.399964,-0.164664
2026-08-21,07,26,1,7,6.361842,5.783347,6.998203,-0.408133,-0.168029
2026-08-21,07,27,0,0,,,,,
2026-08-21,07,28,1,8,7.305227,6.672449,7.998013,-0.154688,-0.068741
2026-08-21,07,29,1,8,7.294875,6.653898,7.997599,0.524685,0.233154
2026-08-21,07,30,1,8,7.294875,6.653898,7.997599,0.360099,0.160018
2026-08-21,07,31,1,10,9.118442,8.316817,9.997332,0.662342,0.331127
2026-08-21,07,32,1,8,7.305227,6.672449,7.998013,0.026468,0.011762
2026-08-21,07,33,1,9,8.206719,7.485579,8.997332,0.521118,0.246807
2026-08-21,07,34,5,38,19.092409,9.999998,36.452014,0.038419,0.030148
2026-08-21,07,35,6,41,20.552693,10.642242,39.692123,0.055364,0.044223
2026-08-21,07,36,6,42,19.232972,9.013702,41.038323,-0.02328,-0.018719
2026-08-21,07,37,4,24,13.180073,7.416294,23.423331,-0.3013,-0.211154
2026-08-21,07,38,5,40,19.944931,10.337946,38.479626,-0.144475,-0.114674
2026-08-21,07,39,5,36,18.044895,9.372946,34.740222,-0.102605,-0.079672
2026-08-21,07,40,5,38,19.517111,10.400645,36.624423,0.267371,0.210026
2026-08-21,07,41,4,25,13.578451,7.570518,24.354256,0.280474,0.198832
2026-08-21,07,43,4,25,11.569133,5.525017,24.225234,-0.502342,-0.355567
2026-08-21,07,45,4,26,13.896188,7.639377,25.277461,-0.480915,-0.344592
2026-08-21,07,57,1,8,7.305469,6.673327,7.997491,0.15695,0.069744
2026-08-21,07,58,1,7,6.372436,5.802776,6.998019,-2.059871,-0.848041
2026-08-21,07,59,1,7,6.372436,5.802776,6.998019,-0.173609,-0.071474
2026-08-21,07,60,1,10,9.118442,8.316817,9.997332,0.66861,0.33426
2026-08-21,07,61,1,7,6.361842,5.783347,6.998203,-0.59241,-0.243897
2026-08-21,07,62,1,8,7.315821,6.691879,7.997938,0.547116,0.243128
2026-08-21,07,63,1,7,6.372436,5.802776,6.998019,-0.176898,-0.072828
2026-08-21,07,64,1,8,7.305227,6.672449,7.998013,-0.198153,-0.088056
2026-08-21,07,65,1,9,8.227543,7.523117,8.997928,-0.439213,-0.208023
2026-08-21,07,66,1,8,7.305469,6.673327,7.997491,0.407966,0.181287
2026-08-21,07,67,1,8,7.273686,6.615029,7.997926,-0.097984,-0.043542
2026-08-21,07,68,2,12,4.605759,1.77225,11.969542,-0.287157,-0.15645
2026-08-21,07,69,0,0,,,,,
2026-08-21,07,70,6,41,19.596819,9.73365,39.4544,0.270134,0.215511
2026-08-21,07,71,2,9,4.058405,1.841805,8.942667,0.157811,0.074501
2026-08-21,07,72,5,39,19.748854,10.36924,37.612904,0.278699,0.220165
2026-08-21,07,73,2,9,4.052793,1.836353,8.944431,-0.230436,-0.108798
2026-08-21,07,74,2,10,4.39157,1.940773,9.937223,-0.5785,-0.288339
2026-08-21,07,75,4,24,12.994879,7.227924,23.363124,-0.466704,-0.326818
2026-08-21,07,76,5,39,19.6638,10.343757,37.38149,-0.413963,-0.326595
2026-08-21,07,77,5,37,18.504955,9.646467,35.498317,0.124483,0.097123
2026-08-21,13,1,6,44,30.306827,22.018878,41.714378,-0.238001,-0.191979
2026-08-21,13,5,6,41,30.012338,22.909089,39.318038,-0.105182,-0.083855
2026-08-21,13,6,6,40,27.11309,19.065065,38.558466,0.144736,0.114929
2026-08-21,13,7,6,42,30.522279,23.315573,39.956535,-0.02448,-0.01958
2026-08-21,13,9,6,44,28.930911,20.552756,40.724349,0.08266,0.066364
2026-08-21,13,10,6,40,29.41481,22.629374,38.234864,0.031935,0.025314
2026-08-21,13,12,6,44,30.050229,21.817014,41.39046,0.218128,0.175683
2026-08-21,13,15,6,45,31.031835,22.701595,42.418815,-0.177804,-0.143884
2026-08-21,13,16,6,44,29.135355,20.553821,41.29981,0.225262,0.181351
2026-08-21,13,17,6,42,27.104131,18.931924,38.803975,0.389079,0.309356
2026-08-21,13,18,6,45,30.721617,22.392158,42.149478,0.297913,0.240786
2026-08-21,13,19,5,35,24.220356,17.597796,33.335176,-0.263554,-0.202736
2026-08-21,13,20,6,43,30.623343,22.80428,41.123382,-0.488826,-0.393209
2026-08-21,13,21,6,44,29.855325,21.187187,42.069787,-0.035522,-0.0287
2026-08-21,13,22,6,37,25.391638,18.169116,35.48523,-0.309387,-0.241368
2026-08-21,13,23,6,43,28.629733,20.485665,40.011471,0.086416,0.069137
2026-08-21,13,24,6,41,28.960448,21.580183,38.86471,-0.222673,-0.177103
2026-08-21,13,25,6,43,28.857821,20.878006,39.887614,0.269281,0.215303
2026-08-21,13,26,6,40,26.181521,18.521469,37.009592,-0.034345,-0.027039
2026-08-21,13,27,6,41,24.496881,16.163425,37.126858,-0.195428,-0.153959
2026-08-21,13,28,6,40,25.296899,17.157328,37.297946,-0.035363,-0.027887
2026-08-21,13,29,6,38,26.909278,20.084225,36.05363,-0.279118,-0.218511
2026-08-21,13,31,6,42,29.33754,21.634925,39.782492,0.211064,0.168667
2026-08-21,13,33,6,41,27.917637,20.29592,38.401534,-0.121232,-0.096185
2026-08-21,13,35,6,41,28.16865,20.711113,38.311454,-0.03091,-0.024512
2026-08-21,13,36,6,41,30.264612,23.410317,39.125774,0.166058,0.132255
2026-08-21,13,38,6,40,27.498077,20.118631,37.584279,-0.132256,-0.104462
2026-08-21,13,41,6,39,25.596908,17.809381,36.789696,-0.280973,-0.220923
2026-08-21,13,42,6,42,27.213194,18.595305,39.824995,-0.422962,-0.338073
2026-08-21,13,43,6,44,25.231033,15.704561,40.536317,-0.510435,-0.409432
2026-08-21,13,47,6,40,25.534221,17.449653,37.364436,0.039835,0.031425
2026-08-21,13,48,6,39,29.423957,22.851303,37.887084,-0.045266,-0.035813
2026-08-21,13,50,6,42,29.193539,21.113231,40.366285,0.116295,0.093205
2026-08-21,13,51,6,37,25.669475,18.454151,35.705891,0.05628,0.043967
2026-08-21,13,52,6,39,26.352747,18.951056,36.645307,-0.366584,-0.287995
2026-08-21,13,53,6,44,30.343536,22.207292,41.460715,0.05423,0.043692
2026-08-21,13,54,6,45,30.058693,21.402069,42.216715,0.107202,0.086672
2026-08-21,13,55,6,43,30.65099,23.103756,40.663655,0.314196,0.25218
2026-08-21,13,58,6,37,24.22251,16.964251,34.586259,-0.285768,-0.221674
2026-08-21,13,59,5,36,23.866052,16.718019,34.070333,-0.136767,-0.105733
2026-08-21,13,60,6,41,28.865915,21.560579,38.646507,-0.029385,-0.023345
2026-08-21,13,61,6,41,30.737843,23.766842,39.753494,0.481875,0.385023
2026-08-21,13,62,6,40,26.351838,18.669445,37.195502,-0.096518,-0.076067
2026-08-21,15,1,6,47,31.673776,23.165996,43.306064,-0.037299,-0.030302
2026-08-21,15,2,6,44,26.028286,17.299289,39.161821,0.020627,0.016431
2026-08-21,15,3,6,43,26.102127,17.527339,38.871904,-0.242047,-0.19252
2026-08-21,15,6,6,42,29.530945,21.937129,39.753455,0.125638,0.100386
2026-08-21,15,7,6,42,26.836517,18.877995,38.150166,0.167161,0.132445
2026-08-21,15,8,6,45,27.100848,18.156307,40.451836,0.270952,0.217247
2026-08-21,15,9,6,42,28.527345,20.922044,38.897224,-0.094651,-0.075294
2026-08-21,15,12,6,43,25.090789,16.290971,38.643965,-0.143732,-0.114185
2026-08-21,15,13,6,48,26.69942,16.5236,43.14187,0.129366,0.105023
2026-08-21,15,14,5,39,24.569965,17.008553,35.492919,-0.059611,-0.046508
2026-08-21,15,15,6,51,29.907448,19.911212,44.922199,0.234755,0.192012
2026-08-21,15,16,6,44,26.993783,18.593008,39.190231,0.129448,0.103132
2026-08-21,15,20,6,46,31.84621,23.877942,42.473557,0.065533,0.053044
2026-08-21,15,24,6,46,31.539688,23.20574,42.866632,0.225296,0.18268
2026-08-21,15,25,6,43,30.870155,23.110995,41.234335,-0.154662,-0.124475
2026-08-21,15,26,6,43,28.767737,20.858292,39.676437,0.269842,0.215522
2026-08-21,15,27,6,46,29.692056,20.556696,42.887155,-0.094713,-0.076804
2026-08-21,15,28,6,44,29.072575,21.199875,39.86885,0.031796,0.02542
2026-08-21,15,29,6,42,26.577973,18.703186,37.768358,0.150469,0.118969
2026-08-21,15,30,6,47,28.708146,19.179106,42.971641,0.254758,0.206665
2026-08-21,15,31,6,39,27.998397,20.904449,37.499685,0.270958,0.213914
2026-08-21,15,32,6,46,29.293702,20.664181,41.526978,-0.19018,-0.153271
2026-08-21,15,34,6,43,27.5333,18.778946,40.368753,0.16638,0.133348
2026-08-21,15,35,6,38,26.647194,19.61457,36.2013,0.098695,0.077333
2026-08-21,15,36,6,46,32.886643,24.735224,43.724339,-0.025706,-0.020921
2026-08-21,15,37,6,41,29.023985,21.414655,39.337161,0.077461,0.061761
2026-08-21,15,40,6,40,28.140041,21.000422,37.706951,-0.270463,-0.21377
2026-08-21,15,41,6,41,26.902887,19.09934,37.894783,0.327104,0.258807
2026-08-21,15,43,6,45,30.588893,22.31149,41.937153,0.042221,0.034092
2026-08-21,15,45,6,45,32.313895,24.147655,43.241791,0.128785,0.104596
2026-08-21,15,46,6,46,32.770446,24.300616,44.192383,-0.328433,-0.267828
2026-08-21,15,48,6,46,32.693237,24.185564,44.193623,0.348366,0.284084
2026-08-21,15,51,6,45,32.110531,23.888017,43.163324,0.000561,0.000456
2026-08-21,15,52,6,48,34.870966,26.365599,46.120107,-0.158806,-0.130508
2026-08-21,15,53,6,45,31.516705,23.361197,42.519339,-0.017909,-0.014499
2026-08-21,15,54,6,49,33.710604,24.915365,45.610604,0.183474,0.150482
2026-08-21,15,55,6,43,28.539239,20.468303,39.792657,-0.025984,-0.020765
2026-08-21,15,57,6,45,31.233168,22.956858,42.493217,-0.109475,-0.08862
2026-08-21,15,58,6,43,28.348511,19.967426,40.247453,-0.021909,-0.017549
2026-08-21,15,59,6,39,26.500787,19.338416,36.315886,-0.292278,-0.229173
2026-08-21,15,60,6,44,29.415975,21.157336,40.898323,0.133923,0.107611
2026-08-21,15,62,6,46,28.596703,19.855936,41.185236,-0.079414,-0.063899
2026-08-21,15,64,6,42,26.388159,17.911114,38.877255,-0.024311,-0.019337
2026-08-21,15,66,6,48,34.487559,25.820795,46.063326,-0.016033,-0.013173
2026-08-21,16,11,6,43,29.999641,21.905008,41.08551,-0.008697,-0.006994
2026-08-21,16,13,6,41,27.242696,19.037921,38.983485,0.065031,0.051755
2026-08-21,16,14,6,40,24.694619,16.180306,37.689287,0.010803,0.008537
2026-08-21,16,15,5,32,20.142228,13.594598,29.843425,-0.291213,-0.218124
2026-08-21,16,16,6,41,29.922122,22.521376,39.754827,0.542291,0.433298
2026-08-21,16,17,6,42,29.392894,21.685777,39.839118,-0.253456,-0.202601
2026-08-21,16,19,6,41,27.869669,19.88658,39.057418,0.459746,0.36603
2026-08-21,16,20,6,42,28.513581,20.371744,39.90941,0.084171,0.067307
2026-08-21,16,21,5,34,21.946692,14.96538,32.184769,0.174167,0.13288
2026-08-21,16,24,6,41,30.180543,22.917661,39.745121,-0.129768,-0.103681
2026-08-21,16,25,6,37,22.761591,14.902369,34.765615,-0.014531,-0.011285
2026-08-21,16,26,6,41,28.6823,20.97559,39.220556,-0.353548,-0.281719
2026-08-21,16,28,6,41,26.245569,17.843123,38.604784,-0.446135,-0.354347
2026-08-21,16,30,6,42,28.629825,20.513586,39.95727,-0.228526,-0.182782
2026-08-21,16,32,6,43,24.701058,15.557859,39.217624,-0.128861,-0.102679
2026-08-21,16,33,6,35,23.878502,17.231644,33.08929,-0.152204,-0.116881
2026-08-21,16,34,6,44,30.255891,22.142068,41.342974,-0.000551,-0.000444
2026-08-21,16,35,6,40,29.698063,22.692092,38.867061,0.361562,0.287573
2026-08-21,16,36,6,42,28.49205,20.272004,40.045222,0.130396,0.10434
2026-08-21,16,37,6,37,26.580052,20.006372,35.313707,0.047864,0.037301
2026-08-21,16,38,6,43,30.397897,22.467105,41.128225,0.047033,0.037834
2026-08-21,16,41,6,39,26.345868,18.667519,37.182486,-0.025307,-0.019943
2026-08-21,16,42,6,44,31.092265,23.051996,41.936886,-0.094688,-0.076457
2026-08-21,16,43,4,26,16.730242,11.845685,23.628941,0.724372,0.50897
2026-08-21,16,44,6,43,28.900687,20.410955,40.921638,0.108686,0.087342
2026-08-21,16,45,6,40,26.893049,18.966788,38.131709,-0.278613,-0.220727
2026-08-21,16,46,6,39,22.628584,14.374613,35.622024,-0.36708,-0.286619
2026-08-21,16,48,6,40,22.966445,14.501396,36.372884,-0.311586,-0.244394
2026-08-21,16,49,6,42,28.609978,20.484096,39.959336,0.277614,0.222046
2026-08-21,16,50,6,41,29.729991,22.228121,39.763701,-0.052215,-0.041722
2026-08-21,16,52,6,42,26.661051,17.985813,39.520683,0.040817,0.032574
2026-08-21,16,53,6,43,29.753484,21.951966,40.327586,-0.168051,-0.13466
2026-08-21,16,54,6,37,22.162328,14.440987,34.012134,-0.307535,-0.23766
2026-08-21,16,55,6,43,31.255739,23.450831,41.658276,0.107386,0.086598
2026-08-21,16,56,6,41,29.935791,22.539268,39.759568,0.020612,0.016469
2026-08-21,16,57,6,40,29.272524,22.092481,38.786076,-0.001997,-0.001588
2026-08-21,16,58,5,32,20.958893,14.795543,29.689699,-0.025834,-0.019325
2026-08-21,16,59,6,40,27.822732,20.362212,38.016714,-0.045825,-0.036282
2026-08-21,16,60,6,41,23.198887,14.185381,37.939649,0.205532,0.162659
2026-08-21,16,64,6,42,27.712727,19.624883,39.133748,0.25109,0.199986
2026-08-21,16,67,6,39,26.546173,18.997436,37.094443,-0.179332,-0.141253
2026-08-21,16,68,6,44,28.273,19.468816,41.05861,-0.274437,-0.220688
2026-08-21,16,69,6,42,28.482895,20.257631,40.047886,-0.093549,-0.074857
2026-08-21,16,70,6,37,21.626982,13.879317,33.699523,-0.435747,-0.336033
2026-08-21,19,12,6,38,27.447315,20.76392,36.281931,0.038009,0.029796
2026-08-21,19,15,6,34,23.121753,16.640381,32.127597,-0.092638,-0.070648
2026-08-21,19,17,6,37,26.094911,19.274336,35.329072,0.158382,0.123442
2026-08-21,19,18,6,38,27.499787,20.813712,36.333657,0.12365,0.096963
2026-08-21,19,19,6,32,23.068523,17.199638,30.939997,0.066284,0.050094
2026-08-21,19,20,6,38,25.137494,17.434913,36.243003,0.145835,0.114298
2026-08-21,19,21,6,34,24.630977,18.476176,32.836071,0.394721,0.302574
2026-08-21,19,22,6,36,27.247023,21.310628,34.83709,-0.331478,-0.257549
2026-08-21,19,23,6,33,21.159658,14.796246,30.259778,-0.130664,-0.098209
2026-08-21,19,24,6,35,26.131404,20.186679,33.826774,-0.397645,-0.306914
2026-08-21,19,25,6,25,17.579475,12.859757,24.031398,0.119853,0.084635
2026-08-21,19,26,6,30,19.51943,13.496682,28.229763,-0.472388,-0.348822
2026-08-21,19,29,6,35,25.495637,19.326387,33.634197,-0.195394,-0.150614
2026-08-21,19,30,6,33,23.697164,17.794662,31.557529,0.303639,0.230574
2026-08-21,19,31,6,39,29.548548,23.140482,37.731137,0.225364,0.178149
2026-08-21,19,32,6,34,26.237945,20.988525,32.800293,-0.106114,-0.081321
2026-08-21,19,34,6,36,26.983103,20.902683,34.832268,-0.117704,-0.09145
2026-08-21,19,36,6,34,24.286254,18.143475,32.508775,0.078806,0.060267
2026-08-21,19,38,6,39,29.460667,22.981795,37.766019,-0.121691,-0.096215
2026-08-21,19,40,6,31,22.220135,16.699677,29.565504,0.242238,0.181013
2026-08-21,19,41,6,29,19.313494,13.323083,27.997352,-0.219974,-0.162082
2026-08-21,19,43,6,29,17.108127,10.716385,27.312194,-0.209768,-0.153548
2026-08-21,19,44,6,35,22.774691,15.71658,33.002509,0.001991,0.001528
2026-08-21,19,45,6,28,15.869878,9.647217,26.106286,-0.112194,-0.081121
2026-08-21,19,46,6,40,28.39282,21.245018,37.945472,0.217863,0.172423
2026-08-21,19,48,6,34,25.279575,19.464847,32.831336,0.134709,0.103258
2026-08-21,19,49,6,34,26.384738,21.160531,32.898721,0.255748,0.196131
2026-08-21,19,50,6,31,20.868655,14.935487,29.158793,-0.283632,-0.211201
2026-08-21,19,51,6,34,22.295118,15.404097,32.268835,-0.107246,-0.081873
2026-08-21,19,52,6,35,25.037644,18.694282,33.533441,0.271069,0.208802
2026-08-21,19,54,6,34,23.83269,17.098825,33.218488,6.3e-05,4.8e-05
2026-08-21,19,55,6,35,26.640997,21.085981,33.65946,0.006227,0.004801
2026-08-21,19,56,6,31,23.654972,18.683409,29.949444,0.183716,0.137729
2026-08-21,19,58,6,32,20.126609,13.646911,29.682938,-0.299035,-0.223679
2026-08-21,19,59,6,35,24.028166,17.699848,32.61908,-0.074632,-0.057121
2026-08-21,19,60,6,35,26.326177,20.711963,33.462187,-0.161046,-0.123992
2026-08-21,19,61,6,34,23.278397,16.718782,32.411678,-0.255246,-0.195063
2026-08-21,19,62,6,35,23.745529,17.337386,32.522211,0.291521,0.222964
2026-08-21,19,64,6,34,23.631274,16.990721,32.86718,0.040301,0.030899
2026-08-21,19,67,6,37,26.632432,20.022682,35.424147,-0.068119,-0.053122
2026-08-21,19,70,6,32,21.361713,15.08256,30.254995,0.098635,0.074132
2026-08-21,19,71,6,33,23.222871,17.285172,31.200253,0.170689,0.12926
2026-08-21,19,72,6,37,25.528804,18.42186,35.377528,-0.112225,-0.087494
2026-08-21,19,73,6,37,28.479083,22.46514,36.102965,-0.245698,-0.192405
2026-08-21,21,1,5,29,16.783532,10.232176,27.529526,-0.463038,-0.339659
2026-08-21,21,3,6,47,30.219741,20.795425,43.915079,0.526704,0.429013
2026-08-21,21,4,6,47,30.093887,20.596739,43.970166,0.257067,0.209436
2026-08-21,21,6,6,39,23.636607,15.071901,37.068261,-0.046435,-0.03657
2026-08-21,21,7,6,47,29.725606,20.14428,43.864148,-0.162144,-0.132041
2026-08-21,21,9,6,38,24.873505,17.258146,35.849231,-0.274736,-0.214814
2026-08-21,21,10,6,47,30.133441,20.702053,43.861559,-0.055227,-0.044974
2026-08-21,21,11,5,37,21.532729,13.119859,35.340199,0.273134,0.212893
2026-08-21,21,12,6,41,26.06772,17.783747,38.210508,-0.15046,-0.119251
2026-08-21,21,13,6,45,28.660342,19.597304,41.914703,-0.035733,-0.02885
2026-08-21,21,14,5,35,22.598706,15.695988,32.537075,-0.216602,-0.165682
2026-08-21,21,15,6,44,29.080656,20.149853,41.969761,-0.07157,-0.057798
2026-08-21,21,16,6,42,27.798567,19.299002,40.041465,0.193277,0.154654
2026-08-21,21,17,6,44,28.942262,20.010088,41.861612,0.109566,0.088439
2026-08-21,21,18,6,41,27.387319,19.180976,39.104643,0.000742,0.000591
2026-08-21,21,19,4,25,15.81186,10.229372,24.440886,-0.201344,-0.142883
2026-08-21,21,20,6,40,24.902081,16.103688,38.507556,-0.430778,-0.341972
2026-08-21,21,21,6,44,29.063005,20.023197,42.183985,0.222649,0.179983
2026-08-21,21,23,6,43,28.412225,19.779928,40.811804,-0.438069,-0.351855
2026-08-21,21,24,6,41,25.621324,17.208523,38.146924,0.012554,0.009947
2026-08-21,21,25,6,34,17.985554,9.970871,32.442517,-0.32761,-0.250421
2026-08-21,21,26,6,42,28.410208,20.133457,40.089486,-0.088218,-0.070606
2026-08-21,21,27,6,46,29.85061,20.643104,43.164969,-0.078603,-0.063819
2026-08-21,21,28,6,43,28.147588,19.47311,40.686192,0.356415,0.286097
2026-08-21,21,29,6,41,27.5062,19.493325,38.812826,-0.166308,-0.132238
2026-08-21,21,30,6,42,27.852865,19.382164,40.025567,0.182098,0.145697
2026-08-21,21,32,5,36,22.310508,15.034682,33.107369,-0.002771,-0.002128
2026-08-21,21,33,6,39,26.161178,18.484325,37.026359,0.364334,0.28686
2026-08-21,21,34,5,35,20.43387,12.512665,33.369632,0.04355,0.033509
2026-08-21,21,36,6,42,27.844003,19.268004,40.237095,0.058413,0.046786
2026-08-21,21,37,6,40,25.298349,16.534059,38.708369,-0.246953,-0.196253
2026-08-21,21,38,6,45,29.985697,20.974454,42.868435,0.155506,0.126092
2026-08-21,21,40,6,41,25.599464,16.580853,39.523451,0.320585,0.255851
2026-08-21,21,41,6,46,29.710827,20.518883,43.02053,0.206331,0.167415
2026-08-21,21,42,6,42,27.842695,19.327349,40.109776,0.027971,0.022389
2026-08-21,21,43,6,45,29.759621,20.727981,42.726547,-0.224477,-0.181903
2026-08-21,21,44,6,40,25.593792,16.873653,38.820415,-0.010093,-0.008025
2026-08-21,21,45,6,40,25.657618,16.945985,38.84775,-0.353844,-0.281406
2026-08-21,21,46,6,39,23.871525,15.312186,37.215439,0.081441,0.064193
2026-08-21,21,47,6,44,27.816955,18.80983,41.137162,-0.196522,-0.158092
2026-08-21,21,49,6,37,21.047822,12.585865,35.199075,0.142155,0.110705
2026-08-21,21,51,6,38,24.010224,15.721622,36.668663,0.120351,0.094563
2026-08-21,21,53,6,37,22.613574,14.428242,35.442554,-0.108717,-0.084793
2026-08-21,21,55,4,30,18.497785,11.755489,29.107089,0.355417,0.264534
2026-08-21,21,58,6,35,21.667551,13.977377,33.588761,-0.333729,-0.257166
2026-08-21,23,2,6,51,34.754532,24.532306,49.236197,0.073706,0.061263
2026-08-21,23,4,6,50,34.017178,24.01746,48.1803,0.414193,0.343002
2026-08-21,23,5,6,47,30.372285,20.63605,44.702146,0.114513,0.093579
2026-08-21,23,6,3,22,12.678859,7.905953,20.333217,-0.828639,-0.55546
2026-08-21,23,7,6,46,31.637974,22.556683,44.37538,-0.177758,-0.145067
2026-08-21,23,8,6,43,27.78518,19.20049,40.208154,-0.190671,-0.152695
2026-08-21,23,9,5,39,21.166698,12.20915,36.696173,-0.115064,-0.090423
2026-08-21,23,10,6,46,31.350949,22.177024,44.319834,0.181755,0.148294
2026-08-21,23,12,6,47,32.106165,22.808352,45.194225,0.201764,0.165209
2026-08-21,23,13,6,51,35.168554,25.124395,49.228139,0.173931,0.144565
2026-08-21,23,14,6,50,33.317454,23.307683,47.626044,0.143553,0.118642
2026-08-21,23,15,6,52,35.742103,25.452723,50.191011,0.210975,0.175924
2026-08-21,23,16,6,50,34.317713,24.445883,48.176024,0.200061,0.165672
2026-08-21,23,18,6,52,35.444711,25.076571,50.099653,0.433452,0.36133
2026-08-21,23,19,6,46,31.147218,22.250276,43.60167,-0.169822,-0.138139
2026-08-21,23,20,6,48,32.291219,22.516688,46.308888,-0.194264,-0.159764
2026-08-21,23,21,6,47,30.46109,20.935506,44.320782,0.12409,0.101246
2026-08-21,23,22,6,52,35.356921,24.913965,50.177155,-0.17714,-0.147703
2026-08-21,23,23,6,41,23.882512,14.914492,38.242966,0.118922,0.094271
2026-08-21,23,24,6,48,31.776359,22.19245,45.499122,-0.031246,-0.025616
2026-08-21,23,25,6,45,24.878062,14.455078,42.816647,-0.420363,-0.340774
2026-08-21,23,27,6,43,28.412904,19.788814,40.795428,0.135607,0.10891
2026-08-21,23,28,6,45,28.169964,19.066028,41.620984,0.139775,0.112698
2026-08-21,23,29,6,48,33.09679,23.671112,46.275711,0.231766,0.190582
2026-08-21,23,31,6,49,32.879416,22.861711,47.28675,0.020184,0.016661
2026-08-21,23,32,6,48,32.283916,22.479039,46.36547,0.265374,0.218293
2026-08-21,23,35,6,48,32.39242,22.674579,46.275119,0.029051,0.023889
2026-08-21,23,36,6,46,28.20468,18.759015,42.406488,-0.103875,-0.084054
2026-08-21,23,38,6,50,30.10175,18.827494,48.127241,-0.148761,-0.123169
2026-08-21,23,40,6,44,29.151958,20.290293,41.883902,0.021666,0.01749
2026-08-21,23,42,6,47,31.38553,21.918596,44.941359,-0.107721,-0.088114
2026-08-21,23,43,6,46,28.076817,18.862523,41.79227,0.211366,0.170556
2026-08-21,23,44,6,47,32.417597,23.208056,45.281716,0.016669,0.013654
2026-08-21,23,45,5,36,18.163026,10.074195,32.746589,-0.561253,-0.429955
2026-08-21,23,46,6,49,30.771358,20.779614,45.567569,0.049631,0.0407
2026-08-21,23,47,6,47,28.832557,18.669451,44.528162,-0.159867,-0.130548
2026-08-21,23,48,4,26,13.734514,7.903127,23.868639,-0.149955,-0.105679
2026-08-21,23,51,3,23,11.862126,6.345312,22.175429,-0.207584,-0.143068
2026-08-21,23,52,6,48,31.759235,22.125729,45.587154,-0.105332,-0.086383
2026-08-21,23,54,5,39,24.109185,16.305248,35.648204,-0.027307,-0.021325
2026-08-21,23,55,6,49,33.036935,23.091258,47.266331,0.154989,0.127924
2026-08-21,23,58,6,50,33.985327,24.003927,48.117229,0.250102,0.207068
2026-08-21,23,60,6,49,29.977874,19.003354,47.290227,0.043918,0.036252
2026-08-21,24,11,5,29,19.278735,13.253874,28.04234,-0.150218,-0.110731
2026-08-21,24,12,5,32,21.738619,15.266837,30.953863,-0.14705,-0.111143
2026-08-21,24,13,5,33,21.677135,15.136185,31.044693,0.096929,0.073314
2026-08-21,24,15,4,26,15.292547,9.264854,25.241843,-0.403966,-0.289339
2026-08-21,24,16,5,37,26.827519,20.392332,35.293452,0.464067,0.361609
2026-08-21,24,17,5,32,22.29142,16.379694,30.336794,0.043408,0.032646
2026-08-21,24,18,4,23,16.298471,11.803006,22.506146,-0.081229,-0.05624
2026-08-21,24,20,5,35,24.440791,18.155463,32.902066,0.009243,0.007089
2026-08-21,24,21,4,24,16.756201,11.939635,23.515817,-0.372399,-0.261288
2026-08-21,24,22,5,32,20.601335,13.855414,30.631709,-0.074048,-0.055823
2026-08-21,24,24,5,31,20.687223,14.654748,29.202904,0.281653,0.209808
2026-08-21,24,25,4,26,18.693876,14.185587,24.634934,0.074254,0.052815
2026-08-21,24,26,5,29,18.937851,12.722464,28.189681,0.461557,0.340698
2026-08-21,24,27,4,24,17.03501,12.352204,23.4931,0.08517,0.059741
2026-08-21,24,30,5,30,19.195046,12.859747,28.651403,-0.62183,-0.460948
2026-08-21,24,31,5,27,19.489246,14.813985,25.640008,0.002414,0.001736
2026-08-21,24,35,6,32,19.053026,11.981013,30.299423,-0.341118,-0.256472
2026-08-21,24,37,6,38,25.072946,17.745808,35.425416,0.283319,0.220949
2026-08-21,24,38,6,38,25.092664,17.74943,35.473914,0.267974,0.209045
2026-08-21,24,41,6,40,25.936969,18.115344,37.13572,0.297087,0.234059
2026-08-21,24,44,6,41,27.692695,20.143812,38.070519,0.403071,0.319221
2026-08-21,24,45,6,41,26.268047,18.159986,37.996192,0.360923,0.285725
2026-08-21,24,46,6,36,22.893357,15.63671,33.517649,-0.049482,-0.038112
2026-08-21,24,47,6,36,23.763375,16.890213,33.433443,0.114554,0.088179
2026-08-21,24,49,6,39,25.846717,18.529289,36.05388,-0.039795,-0.031154
2026-08-21,24,50,5,28,18.402101,12.780761,26.495865,-0.251671,-0.182712
2026-08-21,24,51,6,37,23.000807,15.030476,35.197631,-0.02473,-0.019259
2026-08-21,24,52,6,39,25.341893,17.75231,36.176224,-0.158589,-0.124244
2026-08-21,24,53,5,32,20.730411,14.597692,29.439582,-0.216335,-0.161483
2026-08-21,24,54,6,38,24.328156,16.806041,35.217049,-0.049739,-0.038739
2026-08-21,24,55,6,39,25.680426,18.080893,36.474098,0.007362,0.005778
2026-08-21,24,59,6,39,24.910917,17.111027,36.266307,0.218993,0.17166
2026-08-21,24,60,6,37,23.609018,15.887078,35.084219,0.03194,0.024855
2026-08-21,24,64,5,32,20.250962,13.380218,30.649832,-0.066448,-0.050101
2026-08-21,24,66,6,40,23.893827,15.091408,37.830464,-0.320142,-0.25321
2026-08-21,24,67,6,37,21.602453,13.364686,34.917843,-0.222978,-0.173336
2026-08-21,24,68,6,38,24.714957,16.900048,36.143632,-0.137714,-0.107869
2026-08-21,24,70,6,42,26.639054,18.282848,38.814479,0.178396,0.141851
2026-08-21,24,71,6,39,23.309125,14.783509,36.751443,-0.346684,-0.272529
2026-08-21,24,72,6,35,21.892085,14.406955,33.266114,-0.182329,-0.140188
2026-08-21,24,73,6,36,23.045119,15.574904,34.098285,-0.151739,-0.117329
2026-08-21,24,75,6,39,24.927326,16.783485,37.022799,0.084337,0.066402
2026-08-21,24,76,6,38,22.43548,14.013404,35.919236,-0.136912,-0.107096
2026-08-21,24,77,6,37,22.630405,14.609115,35.055869,-0.293031,-0.227994
2026-08-21,24,80,6,42,26.969329,18.099415,40.186089,-0.567258,-0.454227
