行種別,クラス,切片,c1_級別,c1_F本数,c1_全国勝率,c1_当地勝率,c1_全国2連対率,c1_モーター2連対率,c1_ボート2連対率,c1_全国平均ST,c2_級別,c2_F本数,c2_全国勝率,c2_当地勝率,c2_全国2連対率,c2_モーター2連対率,c2_ボート2連対率,c2_全国平均ST,c3_級別,c3_F本数,c3_全国勝率,c3_当地勝率,c3_全国2連対率,c3_モーター2連対率,c3_ボート2連対率,c3_全国平均ST,c4_級別,c4_F本数,c4_全国勝率,c4_当地勝率,c4_全国2連対率,c4_モーター2連対率,c4_ボート2連対率,c4_全国平均ST,c5_級別,c5_F本数,c5_全国勝率,c5_当地勝率,c5_全国2連対率,c5_モーター2連対率,c5_ボート2連対率,c5_全国平均ST,c6_級別,c6_F本数,c6_全国勝率,c6_当地勝率,c6_全国2連対率,c6_モーター2連対率,c6_ボート2連対率,c6_全国平均ST,c1_スタート展示,c1_展示タイム,c1_チルト,c2_スタート展示,c2_展示タイム,c2_チルト,c3_スタート展示,c3_展示タイム,c3_チルト,c4_スタート展示,c4_展示タイム,c4_チルト,c5_スタート展示,c5_展示タイム,c5_チルト,c6_スタート展示,c6_展示タイム,c6_チルト,枠なり,前付け数,風速,波高,気温,水温,風向sin,風向cos,天候_1,天候_2,天候_3,天候_4,天候_5,レース回,場_01,場_02,場_03,場_04,場_05,場_06,場_07,場_08,場_09,場_10,場_11,場_12,場_13,場_14,場_15,場_16,場_17,場_18,場_19,場_20,場_21,場_22,場_23,場_24
median,,,3,0,5.72,5.5,37.9,33.6,33.3,0.16,2,0,5.39,5.22,34.5,33.5,33.3,0.16,2,0,5.36,5.19,34.1,33.5,33.3,0.16,2,0,5.31,5.13,33.6,33.6,33.3,0.16,2,0,5.25,5.07,32.9,33.5,33.3,0.16,2,0,5.07,4.82,30.8,33.4,33.3,0.16,0.07,6.78,0,0.08,6.8,-0.5,0.08,6.8,0,0.07,6.8,0,0.07,6.81,0,0.07,6.8,0,1,0,2,2,19,19,0.707107,0.382683,1,0,0,0,0,6,0,0,0,0,0,0,0,0,0,0,0,0,0,0,0,0,0,0,0,0,0,0,0,0
center,,,2.89404,0.110927,5.59573,5.14433,36.6986,33.3863,33.0897,0.160651,2.69734,0.114038,5.35821,4.86678,34.1374,33.3086,33.1132,0.163522,2.67692,0.110321,5.32655,4.83758,33.731,33.3014,33.0702,0.163845,2.64393,0.112584,5.23988,4.72625,32.8748,33.3502,33.094,0.164442,2.59688,0.118482,5.16315,4.63783,32.1282,33.2633,33.0938,0.164409,2.43524,0.160138,4.75044,4.1794,28.804,33.2507,33.0915,0.152857,0.0746815,6.78964,-0.210804,0.0878625,6.80437,-0.245591,0.0846575,6.80897,-0.198844,0.081928,6.81074,-0.179178,0.0745209,6.81358,-0.170552,0.0812159,6.81103,-0.108321,0.865578,0.401224,2.65966,2.40411,18.836,18.7226,0.631545,0.266684,0.578473,0.2585,0.0952506,0.00454536,0,6.49738,0.0438981,0.0412921,0.0370902,0.0369083,0.0426658,0.044585,0.0462819,0.0465243,0.0407467,0.0411305,0.0393527,0.0406254,0.04509,0.0376962,0.0431506,0.0430294,0.04509,0.0466657,0.0417365,0.0435547,0.0360397,0.0360397,0.0383629,0.0424436
scale,,,0.891922,0.322421,1.11196,1.96279,12.7129,9.85132,9.12528,0.0231282,0.881536,0.325767,1.14488,1.98583,13.0836,9.90163,9.16394,0.0239767,0.876093,0.320241,1.14932,1.99421,13.011,9.85042,9.11636,0.0240952,0.899776,0.323974,1.25558,2.06533,13.767,9.84517,9.10161,0.0256321,0.910099,0.332787,1.31542,2.10052,14.1401,9.78384,9.11586,0.0276856,1.00416,0.387675,1.74509,2.39458,16.7965,9.84015,9.0892,0.0517798,0.0968845,0.106761,0.288454,0.101525,0.106549,0.297405,0.103294,0.106705,0.299518,0.10348,0.106836,0.330501,0.101725,0.107244,0.367759,0.108888,0.108865,0.504023,0.341105,1.0945,1.70004,1.85386,8.29063,7.40249,0.272221,0.634509,0.493804,0.43781,0.293561,0.0672659,1,3.45476,0.204868,0.198965,0.188983,0.188537,0.202103,0.206391,0.210095,0.210618,0.197703,0.198592,0.194433,0.197421,0.207502,0.190461,0.203196,0.202923,0.207502,0.210922,0.199986,0.204102,0.186389,0.186389,0.192071,0.201599
coef,その他_1,-1.04922,0.102075,0.0301953,0.115948,0.0557224,0.128763,0.025937,0.0615226,-0.0393327,-0.0374491,-0.0805651,-0.080944,-0.0757858,-0.0608591,-0.0769407,-0.00648097,-0.0206967,0.0162551,0.0555051,-0.00408039,0.000581033,-0.0192629,-0.0234645,-0.0358906,0.0628342,-0.0367724,-0.0398237,-0.0444308,0.0205996,-0.0278067,-0.0664321,0.0321018,-0.0342292,-0.0222092,0.0202538,0.0232632,-0.023111,0.0348422,0.0257823,0.0256498,0.0037177,-0.0113493,-0.0198645,-0.0289901,-0.00122153,-0.0148507,0.0253519,0.0166337,0.0304545,-0.0896065,-0.0409055,-0.0248865,0.0410859,0.0621807,-0.0278911,0.0496439,-0.00203078,0.00696361,-0.00401578,0.0147013,0.0397144,0.0808706,0.0104733,0.0960172,-0.0331628,0.0157779,-0.00621207,-0.180008,0.224541,0.0228835,-0.0239206,0.000449491,-0.0295083,0.0584929,7.42184e-05,-0.000651034,-0.00317406,-0.00699544,0.0177502,0,-0.0096946,0.0705447,-0.0117138,-0.0321792,-0.00537497,-0.000351807,0.0420325,0.0249778,0.0277248,0.0467813,0.0698198,-0.0316847,-0.0597955,0.0538703,-0.00655988,0.00605633,-0.052401,-0.062605,-0.04998,0.0256042,-0.0294172,-0.0647406,-0.0450923,0.0193625,0.0534509
coef,その他_2,-2.19177,-0.0215938,-0.009608,-0.00722149,0.0364128,-0.0104386,0.0292959,0.0147749,-0.0153718,0.0357377,-0.0421682,0.134135,0.0240018,0.130401,0.086373,0.00319571,-0.0627211,-0.0187188,-0.0329955,-0.0524053,-0.00865537,-0.0476075,0.0353335,-0.0361776,0.0293417,-0.0496785,0.00697794,-0.0308167,-0.0818118,-0.0203003,0.00464617,0.0319708,-0.0173593,-0.0538554,0.0308602,-0.0289264,-0.088976,-0.0146141,0.0314923,0.0214064,-0.00866685,-0.0230408,-0.00621387,-0.0157269,-0.016697,-0.0192608,0.0377586,-0.0398208,0.0599148,-0.0033747,-0.0167912,-0.0422974,-0.0137765,-0.0328731,-0.021061,-0.0596409,0.04091,-0.0389655,-0.00741777,-0.033172,-0.0407862,0.0378947,0.00556817,-0.0409886,0.0154044,-0.0194414,-0.0224529,-0.233202,0.273887,-0.0213201,-0.0309378,-0.00857787,-0.0156007,-0.00323881,-0.0104559,0.0109997,-0.0428897,0.013945,0.042877,0,-0.0149,0.0892785,-0.0343657,-0.0251385,-0.0473815,-0.0468752,0.0612829,0.0744781,-0.0315846,-0.0432737,0.00415849,-0.0372761,0.0680801,-0.0419972,-0.042651,0.0349954,0.0186983,0.0612593,0.0282782,-0.0014331,-0.0286942,-0.0484253,-0.0072881,-0.00891386,-0.0144132
coef,その他_3,-2.54064,-0.0251412,-0.0163945,-0.0387986,-0.00419527,-0.0245039,0.0425863,0.0135655,0.0427027,0.0235483,0.0115855,0.00429224,0.0458813,-0.00375614,0.0554682,0.0445899,-0.0187619,0.0352749,-0.0148582,0.109782,0.0518237,0.111119,-0.0379897,0.050589,-0.0445433,-0.0305594,-0.0148628,-0.0125696,-0.00558013,-0.0236027,-0.0297622,0.0194022,0.00556936,0.0139907,-0.0171007,-0.0160633,0.00331153,-0.0137927,-0.0313917,-0.0201082,0.0382742,-0.00288398,0.0261985,-0.0188612,-0.00259184,-0.0164163,-0.0121361,0.0202306,0.00905092,-0.0486166,-0.00719924,0.0151213,0.00389687,-0.0185507,-0.0276996,-0.00987295,-0.0252517,-0.071644,-0.00220167,-0.0267079,-0.0227637,-0.0404863,-0.0236622,-0.0355352,0.00420746,-0.0266697,-0.0328404,-0.0714727,0.115034,-0.0487539,-0.0392607,-0.019366,-0.0154252,-0.036569,0.0444562,-0.00725474,-0.0156962,-0.0288385,0.0610288,0,0.0484756,0.0332378,0.0116193,-0.0192972,-0.0295181,-0.0322151,0.0592363,0.0318224,0.015851,-0.0273837,-0.0356823,-0.0268597,-0.00315561,-0.0264649,0.0013198,-0.00611434,0.0480044,-0.0317985,-0.0236354,0.024807,0.0513209,-0.0264135,-0.0205916,0.0470063,-0.0232207
coef,その他_4,-3.05911,-0.00205486,-0.00315227,-0.0151282,-0.0231779,-0.00941486,0.0142011,-0.00963905,-0.00199975,0.00677363,-0.021371,0.0151005,-0.00817369,0.0148319,-0.0258498,0.00773768,-0.0170014,-0.024809,-0.00145797,-0.0338983,-0.0024813,-0.0330781,-0.0234183,0.00733204,0.00814168,0.0158386,-0.019077,0.0258852,0.0137713,0.0334202,0.009773,-0.0119207,0.00167427,-0.0245972,-0.00295814,2.81582e-05,0.0197311,0.00531013,-0.0124606,0.001544,-0.00532481,-0.00403817,-0.0233592,0.0134591,0.0118238,0.0111267,-0.00966918,-0.00403014,0.0242731,-0.00337434,-0.0282694,0.00325299,-0.00218931,-0.0366601,0.00928084,0.0147578,-0.0332767,0.0177934,0.00918804,-0.0230448,-0.031814,0.000223,-0.0285578,0.000324793,0.017084,-0.0317214,-0.0141237,0.0172938,-0.0178654,0.00108079,-0.0132431,-0.0300128,-0.0273547,-0.00265924,0.00747048,-0.0163276,0.00268085,-0.0186103,0.0706049,0,0.00886289,-0.0168787,-0.0166284,-0.0120146,-0.0132038,-0.0139376,0.0611772,0.0354036,0.0123653,-0.0111572,0.0106859,-0.0127858,-0.0097733,-0.00954337,-0.0111364,-0.0130501,-0.0121743,-0.0129494,-0.00823388,-0.0114525,0.0443373,-0.011018,-0.00731572,0.0431598,-0.00898284
coef,その他_5,-3.29068,-0.0121297,-0.0107636,-0.00176953,0.0037989,-0.00240301,-0.00197247,-0.0179619,-0.032659,-0.00273338,0.006431,-0.0102666,-0.0105776,-0.00975981,0.00456236,-4.81346e-06,0.000518301,-0.0151558,-0.00934701,-0.0102829,9.49512e-05,-0.0057023,-0.00874593,-0.0153999,-0.0055263,0.0170459,0.00842109,0.00983352,-0.00178401,0.0111842,0.00211208,0.00943472,-0.000835112,0.00853312,-0.00971823,0.0220845,0.0206198,0.0255248,0.020768,0.00805322,-0.0139205,-0.00913133,0.00348143,-0.00675602,-0.00621262,-0.00987525,-0.0124596,0.0208263,0.0107269,-0.016654,0.00528371,0.00152667,-0.0202305,0.0165935,-0.00510219,-0.0139726,0.0105805,0.00841052,-0.00956839,0.0172763,0.0143879,-0.0126075,0.0188813,0.0037686,-0.00564147,0.0208011,-0.00111968,0.00309724,0.00115193,-0.00150688,0.00208908,0.00868939,0.00805666,0.0202323,0.00187747,-0.0102169,0.00940244,-0.00939699,-0.00205687,0,-0.00331757,0.0188586,-0.00752494,-0.0074668,-0.00781094,-0.00523528,-0.00742417,-0.00559295,-0.00559501,-0.0052008,-0.00681845,-0.00487259,-0.00563294,-0.00377957,-0.00655738,-0.00630632,0.0216997,-0.00410508,0.0214987,0.0233295,-0.00679546,-0.00489941,-0.00366119,0.0229243,-0.00473528
coef,その他_6,-2.29321,0.0397567,-0.0270315,0.037516,0.0159785,0.0304701,-0.00528578,0.00250535,-0.0360094,0.00590766,0.0204882,-0.00903537,-0.0246304,-0.00546646,0.015436,-0.00422707,-0.0330967,0.0156258,0.0739001,-0.0206147,-0.0290655,-0.0214894,0.030915,-0.0247841,0.0105379,-0.0204903,-0.0239644,-0.00257685,0.0353915,0.0340363,-0.00822594,0.038711,-0.0565083,-0.0462883,-0.02614,-0.023123,0.0164947,-0.010169,-0.0679099,0.0722344,-0.00381444,0.0611594,-0.0395246,0.0552522,0.0780366,0.0455439,-0.00584657,-0.00889805,0.00912154,-0.0191867,0.0130877,-0.013522,0.0018965,0.0106748,0.00843356,0.0200511,0.0101741,-0.00485019,0.00448005,0.00396966,0.0249478,-0.0212523,-0.0114848,0.0404221,-0.0226944,0.00553797,0.0259487,0.0278649,-0.0349963,-0.0249,-0.0163326,-0.0291744,-0.0263794,0.00683201,0.0347968,-0.0258244,-0.0274501,0.0317186,-0.0115668,0,0.0278712,0.102336,0.0378856,0.0172767,0.0189157,-0.0336072,0.0103002,-0.0353159,-0.0102827,-0.0325634,-0.0349468,-0.0332282,0.0196359,0.0457578,0.0198731,-0.00917526,-0.00883062,-0.0316713,-0.0330495,-0.0319063,0.0149192,0.025127,-0.0272707,-0.0334449,0.0444321
coef,まくり_2,1.50469,-0.0109193,0.0943038,-0.198817,-0.0797969,-0.144022,-0.0547055,-0.0259763,0.130398,0.0499139,-0.0202166,0.221741,0.0832494,0.200612,0.124821,0.0231323,-0.163001,-0.0189957,0.0208084,-0.0263318,-0.0348992,0.0180425,0.00646669,0.0282339,0.0286897,-0.0503893,0.0146554,-0.0104675,-0.0192805,-0.020457,-0.0251033,0.016553,0.0278234,-0.00788334,0.022028,-0.0319756,0.0166847,-0.0526451,-0.00285404,0.00802312,0.00944932,-0.0878557,-0.00399487,-0.0710577,0.0125351,-0.0387477,0.00882582,0.030779,0.0465908,0.101808,0.163797,0.0186132,-0.129483,-0.392575,0.0634016,0.0455568,0.0627356,0.0248718,-0.0283938,0.0181313,-0.0578972,-0.0141187,0.0684602,-0.0651587,0.00563347,0.0804628,0.0101401,0.0381866,-0.0106489,-0.0236828,-0.0230698,-0.0328106,-0.0104562,0.0166877,-0.0430473,-0.0304851,-0.0532974,-0.0328149,-0.013668,0,-0.024611,-0.0324034,0.0576475,0.0301019,-0.0475241,0.0327989,-0.011662,0.0310089,0.0295022,-0.0375545,-0.0669232,0.0196016,0.0012975,-0.00308412,0.0260203,-0.0423419,-0.0263151,0.00812679,0.0025776,-0.0330827,0.014993,-0.00384289,0.103697,-0.0321753,-0.016571
coef,まくり_3,2.04158,-0.0102563,0.00846589,-0.0373604,-0.0398703,-0.0513272,-0.013219,-0.0115773,0.0260753,-0.0045571,0.0329224,-0.0515122,-0.0170366,-0.0561038,-0.0520188,0.0128692,0.0690866,0.0584308,-0.0420061,0.142301,0.0234988,0.214623,0.121345,0.0443224,-0.0637182,0.0171865,0.00316336,-0.0912473,-0.01732,-0.0187242,-0.0259726,-0.0240641,0.0109359,-0.00875957,0.0114694,-0.0786039,-0.0359864,0.0407783,-0.0216762,-0.00299589,-0.0206607,-0.0318998,-0.0016523,-0.0651241,-0.00214108,-0.0347268,0.0076089,-0.0221592,0.0371666,0.0280284,0.0777448,-0.0436022,0.0337674,0.210538,-0.0459584,-0.0708867,-0.406365,0.0538574,-0.0137251,0.0783619,-0.0426124,0.0129928,0.0639154,0.0104105,-0.0154039,0.0429464,0.00116919,0.100155,0.0231692,0.0439374,0.0263424,-0.0487185,0.100956,0.00232345,0.00530848,0.0729153,0.0255807,0.0449026,0.00718904,0,0.0178518,-0.0260043,0.112201,0.0130592,0.0633922,0.0206108,-0.0449818,-0.0728047,-0.0328202,-0.0491507,0.0117266,0.0427597,0.0187615,-0.0255132,0.0526964,-0.0353311,-0.054123,0.0691406,0.00501122,-0.0586479,-0.00926231,0.00349501,0.0966392,-0.0524175,-0.0281752
coef,まくり_4,1.92984,-0.0118917,0.0308275,0.0127688,-0.0096615,0.0156064,-0.00484196,0.0230827,0.041335,0.00687977,0.0345041,-0.0817408,-0.0231039,0.0167755,-0.0204347,0.00269984,0.0591495,0.050239,0.075541,-0.170493,-0.0193171,-0.0917167,-0.0502187,-0.0158573,0.0931196,0.0775877,-0.0990418,0.140275,0.0578583,0.1978,0.135927,-0.000837052,-0.150015,0.0108017,-0.0385402,-0.0221226,-0.00975329,-0.0557275,-0.0276966,-0.00654659,0.0242576,-0.0381254,0.0038439,-0.0269132,-0.0675877,-0.0171618,-0.0317384,-0.012665,0.0347567,-0.0249158,0.0174171,-0.00501189,-0.0179979,0.052737,-0.000331926,0.0178411,0.280031,-0.0289536,-0.0820377,-0.501498,0.174534,0.0468747,0.0925347,-0.0218262,0.0560725,0.00295961,-0.025548,0.0823317,-0.0237763,0.00789915,-0.0134617,-0.030258,0.00231541,-0.0294811,-0.0200112,0.0485938,0.0394929,0.0494357,0.0267658,0,-0.0265841,0.0522271,0.0565687,0.0073364,-0.0260442,0.0385245,-0.0524466,0.0310354,0.0459513,-0.0230343,-0.0793296,-0.0644036,0.0442447,0.029459,0.0236508,-0.0211058,-0.0191954,0.0434062,0.0120165,-0.0291471,-0.0558051,0.04646,0.00965376,-0.0672878,-0.00886102
coef,まくり_5,0.521568,0.00361222,0.0155824,0.0322921,-0.00243949,0.0175248,-0.010766,-0.0364802,0.0185455,-0.0635206,0.00995702,-0.0416046,-0.0262899,-0.0184612,-0.0375478,0.00623001,0.038899,-0.0315164,0.0143514,-0.0538364,0.0141476,-0.076941,-0.00909938,-0.0260118,0.0653608,-0.0233353,0.0556172,-0.141829,-0.00912331,-0.116443,-0.0388645,-0.0492761,0.0967287,0.107884,-0.0659371,0.163205,0.0926614,0.170172,0.107921,0.00146602,-0.13551,0.0122779,-0.00787973,-0.015266,-0.016079,-0.0355296,-0.0670468,0.0331159,0.0271031,0.0678535,-0.0586143,-0.0125879,-0.0350248,0.0420857,0.00383459,-0.0204424,0.100083,-0.066739,0.125735,0.1985,-0.00906821,-0.117106,-0.39004,0.236846,0.061728,0.0257653,-0.0135346,-0.0345084,0.0580038,0.0409945,-5.83985e-05,-0.0472342,-0.0598993,-0.0316008,1.40358e-05,-0.0155546,-0.028854,-0.0544143,0.0130544,0,-0.0467777,0.0497398,0.0593348,0.0492343,0.0390235,0.0461131,-0.0778813,-0.00961688,0.00998076,-0.0283679,-0.0637825,-0.00606015,0.0351367,-0.00839126,0.0338819,-0.0245111,-0.00301851,0.0211357,-0.0303826,-0.0362055,-0.0556011,0.0555839,0.0021055,0.00509615,-0.0481491
coef,まくり_6,-0.270335,0.0674296,0.0644326,0.00455238,-0.0361502,-0.0072787,-0.0449461,-0.00683247,-0.0296111,0.0597695,0.0433828,-0.0438218,-0.0748625,-0.04241,-0.0106504,0.0625952,0.00604807,-0.0220152,0.00542863,-0.0730776,-0.0764389,-0.0897105,-0.0239933,0.0149284,0.0443513,-0.0237005,0.0268696,-0.0945931,-0.00749252,-0.0687177,-0.0458901,0.0238377,0.0669481,-0.0290724,0.0926353,-0.071693,-0.0277125,-0.133879,-0.0970349,-0.0692937,0.101227,0.18326,-0.109116,0.184862,0.0582319,0.212499,0.0989019,-0.00950726,-0.0845844,-0.0649896,-0.0105857,-0.0370612,0.0273012,0.0120959,-0.0574651,-0.0441432,0.0213432,-0.0125468,0.0425123,0.0794491,-0.108917,0.118633,0.118958,-0.0512618,-0.187588,-0.344161,0.320266,-0.0677702,0.0639933,0.0433638,0.0252232,0.0340399,0.000257851,-0.00660984,0.0330371,0.0376389,-0.0194591,-0.0171192,-0.00869784,0,0.0330037,-0.00614252,0.0607693,-0.006471,0.0696286,0.0578031,-0.0530457,0.028819,0.0317236,-0.0348541,-0.0414363,-0.0582615,-0.00241097,-0.0235029,-0.00178982,-0.014995,0.0230953,-0.0185172,-0.0589642,0.0663478,-0.0202274,-0.000659893,0.022307,-0.0114402,-0.00200515
coef,まくり差し_3,1.96455,0.0301172,-0.00456004,-0.0464146,-0.0285347,0.0720014,-0.00583619,-0.0100603,-0.0332199,-0.0333766,0.00308627,-0.131893,0.00717248,-0.133783,-0.0278767,-0.024835,-0.00360115,0.159371,-0.0272937,0.314995,0.0167348,0.110777,0.092182,0.00642987,-0.131867,-0.0238345,0.0355364,-0.0318891,0.0109289,-0.0270182,-0.00342005,-0.0259901,0.0290277,-0.0422953,0.0182933,-0.0702231,0.0321804,-0.0100367,-0.0234491,0.0176203,-0.0142329,-0.0336241,-0.00222612,-0.0560532,-0.00380704,-0.0382387,-0.0106416,-0.000798018,0.003333,-0.00584561,-0.0453131,0.0451654,0.0672839,0.10886,0.0256415,-0.0323628,-0.212756,0.0134331,0.0222502,0.076894,-0.0370518,-0.00679288,0.0113463,-0.0112723,-0.00933748,0.034719,-0.0192629,0.0460984,-0.102247,-0.0487998,0.0339186,0.0697646,-0.0216411,-0.0265163,0.0064731,0.00109637,0.0322542,-0.0276835,-0.0304292,0,-0.0363495,-0.0109714,-0.0594372,-0.0569721,-0.0363156,-0.0130338,0.0198239,-0.00697011,-0.0500472,0.0353786,0.00883316,0.0305622,-0.0122116,0.0355235,0.0406987,0.0527684,0.0722396,0.0310409,-0.0131071,0.0530315,-0.0224038,-0.0444744,-0.0666415,-0.0376316,0.0380964
coef,まくり差し_4,1.39975,-0.0336179,0.0121788,0.0177265,-0.00658044,0.00644785,0.0126128,-0.0478354,-0.0285984,-0.0617398,0.0704836,-0.116818,-0.0279721,-0.012651,-0.0104908,-0.0562358,0.0988642,-0.030629,0.0485673,-0.0426336,0.00612675,-0.0689262,0.0228268,-0.00179852,0.022385,0.131733,-0.0686175,0.263001,0.0802486,0.12099,0.0783768,-0.00653743,-0.10432,-0.04537,-0.00152631,0.00842571,0.00257311,-0.082928,-0.0461454,-0.0391483,-0.0132493,-0.0262572,-0.0271405,-0.047495,-0.0329909,-0.0474716,-0.0250836,-0.0127475,0.00518661,0.0155391,-0.0654618,-0.0164135,0.00588897,0.162611,-0.0599641,-0.000205915,-0.0523466,0.0996986,-0.0205599,-0.201863,-0.00529807,0.00359886,-0.00182731,-0.0408859,0.0248,0.0980464,-0.0127034,0.0203486,0.0278223,0.0369929,0.0130962,0.0485516,0.00434909,-0.0213122,0.0194492,-0.0548597,-0.00271119,0.031385,-0.000722412,0,0.011225,-0.00148996,-0.0173565,-0.0461312,-0.00529608,-0.00142682,-0.0233961,-0.0206876,-0.00328908,0.0201813,0.0131463,0.0494106,0.0125819,0.0309969,0.0336377,-0.00738511,0.0318164,0.0300724,0.0144751,0.0504252,-0.0305968,-0.0515627,-0.0759121,-0.0366712,0.0238898
coef,まくり差し_5,1.64496,-0.0274493,-0.0119716,0.00647097,0.00405234,0.0682326,0.00961291,-0.00533483,0.00239773,-0.0418229,-0.003594,-0.0216323,-0.058206,-0.070355,-0.0219223,-0.00263445,0.0530146,-0.010826,0.0859798,-0.104793,0.00348629,-0.0408651,-0.0540441,0.00578471,0.0814273,-0.00476217,0.0378528,-0.10676,-0.0166976,0.0124546,0.0130347,-0.0145478,-0.0157788,0.127374,-0.0129426,0.299799,0.0616897,0.187638,0.0874129,0.00388566,-0.0952272,-0.10356,-0.0110967,-0.00929993,-0.00640956,-0.00168498,0.00492857,-0.0142218,-0.008497,0.00136695,0.0315086,0.0310315,0.0422711,0.0567882,0.0323267,0.0590132,0.0734446,-0.0303859,0.00500588,0.0558875,-0.0255165,-0.0594788,-0.250785,-0.0344944,0.0291451,0.0344394,-0.0695767,0.0987369,-0.0183763,0.00433883,-0.031528,0.0341921,0.000411592,0.0342957,0.0400608,0.0449095,0.0266196,0.0456626,0.0258602,0,-0.0137309,0.019632,0.00306173,-0.0463141,-0.0205251,-0.0202028,0.000415478,0.0438342,-0.0049685,0.00953559,-0.0331211,0.0360452,-0.00521754,0.00422776,0.048667,0.00405803,0.0286508,0.0456104,-0.0486164,-0.0175917,-0.0244285,0.0378709,-0.0957424,-0.00894054,0.0374633
coef,まくり差し_6,0.36047,0.0291066,0.0149732,-0.0107902,-0.0289657,0.0314894,-0.0155905,0.0434594,-0.0341259,-0.0427653,0.0435786,-0.0742872,0.00247703,-0.0618063,-0.00278406,-0.0093962,0.0446873,-0.0592633,0.0523896,-0.0927271,-0.0278637,0.00743646,-0.0378582,0.0165885,0.0452976,-0.0898837,0.0876303,-0.0934636,0.00658481,-0.0271799,-0.00605219,0.0041035,-0.0113753,-0.0552853,-0.0285556,-0.0861718,-0.0983069,-0.0143089,-0.00376877,-0.0203112,-0.00527546,0.190682,-0.0659416,0.258953,0.087036,0.2583,0.0346735,0.00426416,-0.119697,0.0385646,-0.0896611,-0.038219,-0.0457681,0.0552671,0.0231385,0.00465481,0.0931459,0.0707289,0.0581291,0.0490725,0.0118348,0.0196654,-0.0226203,0.0299801,-0.0256182,-0.194666,0.0617521,-0.0621578,-0.0131895,0.021685,-0.0204969,0.0267976,-0.0363837,0.0398069,-0.0221953,-0.0113008,-0.0221648,-0.00479359,-0.00555539,0,0.00202707,0.0686997,-0.0113828,-0.042479,-0.0695916,0.0154644,0.0224519,0.0659427,0.0418178,0.00962697,-0.0575171,0.0242292,0.00223956,0.00323454,-0.0684582,0.0145957,0.0177796,-0.0114004,-0.0246772,0.00334013,-0.0104203,0.0448024,-0.113054,0.0151826,0.0392462
coef,差し_2,2.55022,-0.0534187,-0.0598815,-0.00046053,0.00369144,-0.0402792,-0.0204427,0.00327868,-0.00323957,0.107587,-0.0378316,0.354158,0.0649219,0.0717599,0.0868531,0.00230484,-0.048147,-0.0101304,-0.0125928,-0.0464497,-0.0398246,-0.0181397,-0.0255531,-0.00410907,-0.0402259,-0.0562264,0.0474083,0.0115506,-0.0281093,-0.0516959,-0.0251175,-0.0143783,0.015956,-0.0662137,0.0212584,-0.011935,-0.011236,-0.0363014,-0.0375788,-0.0125111,0.0553943,-0.0550217,0.0251895,-0.0316369,-0.0437811,-0.0348364,-0.00414448,-0.0295797,0.0409576,-0.0283839,0.0649712,0.0291719,-0.00982292,-0.232778,0.0472222,0.0171165,0.0197403,-0.0149856,0.00100836,0.0826739,-0.0128423,-0.0847663,0.0944026,-0.00674738,0.0491547,0.116181,0.0042475,0.0270996,-0.174004,-0.0560477,0.0227487,-0.0235871,0.0263851,-0.00596965,0.000444363,0.00482505,0.0439638,0.016452,-0.0206279,0,-0.0328081,-0.0581776,-0.0181517,-0.0414681,0.0137568,0.0124213,-0.038921,-0.0432819,0.0176285,0.0312166,0.0465615,0.01568,0.00321896,0.039026,-0.00489351,-0.00148563,-0.00483029,0.00375218,0.0128404,-0.0161273,0.00912151,-0.0336064,0.032155,0.00922132,0.0152083
coef,差し_3,0.832849,-0.105864,0.0672409,-0.0719023,-0.0509624,-0.0219623,-0.0313057,-0.0943486,0.111016,-0.0320271,-0.00435164,-0.0360438,0.019958,0.0349182,0.0143917,-0.0299703,0.00953383,0.0960024,-0.0838733,0.293569,0.00290191,0.168057,0.0746322,0.00197363,-0.0673938,-0.00230143,0.0236907,-0.0290526,0.0124732,-0.0410516,0.0105657,-0.000845773,0.0381101,0.0367913,0.00480588,-0.0333323,-0.0522247,-0.0220293,-0.0312323,0.0304032,0.0701083,0.00600364,-0.0261029,-0.0461152,0.0102726,-0.0533243,-0.0568101,0.000363471,0.0322559,0.0352356,0.152881,0.00734345,0.00046125,-0.143296,0.095956,-0.00503517,-0.0894036,-0.0424651,0.0114517,0.0973954,0.00769292,0.00468006,0.0417993,-0.0211491,-0.0405014,-0.0127215,-0.0679936,0.022689,-0.0376041,0.0108583,-0.010595,-0.0402826,0.00740378,-0.0122703,-0.0424045,-0.0385727,-0.0206171,-0.00121977,-0.0212979,0,0.00299243,-0.019493,-0.069025,-0.0372073,0.0486249,-0.00348399,0.021848,-0.0406446,-0.0161914,-0.00847956,0.0195286,0.0312975,-0.020072,-0.00982523,-0.0147539,-0.00243176,0.052574,0.0166831,0.0415588,0.0104466,-0.0197759,-0.0226935,0.0238423,0.0415079,-0.021734
coef,差し_4,0.954014,-0.00255072,0.0379507,-0.069022,0.0348224,-0.0779305,-0.0830907,0.0427497,0.0314779,-0.0433886,-0.0109846,-0.105302,0.0591118,-0.0345497,0.0326118,-0.0400351,-0.00370056,-0.0172539,-0.0770263,-0.0621273,-0.0303763,0.0535321,0.0486746,-0.0264171,-0.0236856,0.164317,-0.00701203,0.243026,0.0657623,0.119481,0.0823467,0.0035186,-0.0954647,0.0072239,0.018413,-0.0462034,-0.0110761,-0.0352684,0.0242739,0.0233777,0.0214868,-0.113562,0.0183709,-0.0625979,0.0348814,-0.0889799,-0.0399289,0.00494089,0.0337894,-0.0286776,0.0932196,-0.0641917,0.0385844,-0.0154792,0.0319961,-0.0235191,-0.0361141,0.0660782,-0.08669,-0.0763713,-0.0334726,-0.0683434,0.110827,0.00732912,0.0659356,0.095215,-0.0658509,0.0658532,-0.09414,0.0230681,-0.00731924,-0.0399242,0.00596946,0.00245773,0.0631495,-0.00996552,0.0469344,0.00466135,0.000165659,0,-0.0628394,-0.0565518,0.015347,-0.0293943,0.0636039,0.00872771,-0.0074197,-0.0590505,-0.0232147,0.036613,0.0236944,0.0147545,0.0256005,-0.00546957,-0.0200891,0.0229602,0.0388413,0.0115098,0.00616002,-0.0526267,0.0457105,-0.017812,-0.0694106,0.0280195,0.000440033
coef,差し_5,-0.359297,0.0196424,0.0347038,-0.061988,0.0263292,-0.05183,-0.0266057,0.0505261,0.0848936,-0.0149275,0.0692825,-0.00145642,-0.0398453,-0.0140086,0.0370175,0.0256212,0.0601779,-0.0369468,0.0248168,-0.0502196,0.00459907,-0.0426227,-0.086552,-0.0597216,0.0391216,0.00782252,-0.0293187,-0.0620753,-0.0533051,-0.0246142,-0.00699838,-0.0166368,-0.0235743,0.139653,-0.0404535,0.150934,0.075701,0.132432,0.0450375,0.0350475,-0.116359,-0.0282085,0.0348343,0.0114959,-0.0434146,0.00926462,0.0257182,0.0487256,0.0497671,0.067434,0.0233774,-0.0218392,-0.0624631,0.0408412,0.0375928,-0.0256897,0.0364521,-0.000853234,0.0103035,-0.0563093,0.0700142,0.00277087,-0.0790253,-0.0579801,-0.0781099,0.0401404,-0.00466197,0.0643174,0.00865072,0.00453476,0.0276123,-0.00537654,-0.0117259,-0.00560944,-0.127829,0.00194319,-0.0303434,0.0592334,-0.00600952,0,0.0108755,-0.0532825,0.0291176,-0.0148318,0.0818359,-0.0322536,0.0680546,-0.0168808,-0.0578639,0.0604337,0.0440759,0.0443964,0.0406839,-0.00568748,-0.0482336,0.0783073,-0.019698,-0.0554346,0.0349292,-0.100565,-0.00640896,-0.0189614,-0.0601587,0.0350507,-0.023016
coef,差し_6,-1.0716,-0.0472237,0.0156466,-0.0367396,-0.0184104,-0.0126222,0.0333042,0.0207497,-0.00564086,-0.0545952,0.0565555,-0.0566283,-0.048217,-0.0485772,-0.0372079,0.0487898,0.104555,0.00344873,-0.010028,-0.0664437,0.04071,-0.0383389,0.0113296,-0.0238053,0.0204611,-0.00739596,0.0129561,-0.0224116,-0.0650353,-0.00771459,0.0318554,0.000806034,0.0163114,-0.0770131,0.044626,-0.0325738,-0.030009,-0.0400002,0.0467062,-0.0354932,-0.0216187,0.159898,0.0382441,0.192422,0.142092,0.190181,0.034129,0.0206666,-0.0555534,0.00870361,0.0170701,0.0050032,-0.0201114,0.0634704,-0.0834049,-0.0748956,0.0372634,0.0459018,0.00499704,0.026137,-0.0501827,-0.0485619,0.0385218,0.00188548,-0.0350623,0.00541736,-0.0772134,0.00978724,0.0249699,-0.0221908,0.0476309,0.008816,0.00472077,0.0563318,0.0107792,-0.0241009,0.0290463,-0.0486966,-0.0385931,0,-0.0534443,0.0710954,-0.0088546,0.0792151,-0.0161369,0.039318,-0.0815717,0.00752751,0.0372977,0.0308794,0.131262,-0.0180097,-0.0403635,-0.0180166,0.0603783,0.00953118,0.00703697,-0.0585026,-0.0168979,-0.0514241,0.020991,-0.0327791,-0.0771391,-0.00674866,-0.0675596
coef,抜き_1,1.49303,0.110939,-0.0131186,0.161836,0.0238413,0.131193,0.108095,-0.0167547,-0.040262,-0.00563623,-0.0240786,-0.036992,-0.0110614,-0.0037196,-0.0157237,-0.0211378,-7.58079e-06,-0.0299938,-0.0250472,0.0119454,-0.0124886,-0.032561,0.000243754,-0.0121884,-0.00602363,-0.0307469,0.0189681,-0.0422136,0.0474114,-0.0550794,-0.0129569,0.0372725,0.0378146,0.0514869,-0.0172042,-0.0654768,0.0146794,-0.0216868,-0.0311112,0.0138038,0.0104923,-0.0622841,0.0617359,-0.0505194,-0.0483497,-0.0275807,-0.0432547,0.00160186,0.0223846,-0.0150812,-0.139949,0.031876,-0.00189449,-0.00207411,-0.00226887,0.0161419,0.0443446,-0.0231462,-0.0185127,0.126155,-0.0583118,-0.0310196,0.000324388,-0.0145783,-0.00137903,0.0536973,0.0225433,0.0416329,-0.118534,0.0448442,0.00764649,0.0235082,0.026088,0.0563422,0.0323285,-0.0108292,0.0317748,0.0261593,0.0155999,0,0.0182221,-0.0637716,-0.0725767,0.0172598,-0.0678757,0.0323371,-0.00107322,-0.0644614,0.0288032,2.6081e-06,0.0192255,-0.00945968,-0.0272682,-0.0379996,-0.044108,-0.0297776,0.008661,0.0139891,0.0505441,0.0622025,-0.0113448,0.0476562,0.0892629,0.0159119,0.0492152
coef,抜き_2,0.550498,-0.124536,0.0198883,-0.0560067,0.0308537,-0.0142019,-0.0464645,-0.0667443,0.0298583,0.163846,-0.0208544,0.198177,0.128312,0.129554,0.0254169,0.037251,-0.0217449,-0.0418706,-0.0267409,-0.0407883,-0.00462064,0.0208733,0.032265,-0.0130182,0.0629008,0.00814576,-0.0585379,-0.0488877,0.0259378,-0.0542697,-0.0289801,-0.00896334,0.0212846,-0.0598554,0.0421741,-0.0449939,-0.0350533,-0.00712426,-0.0578702,0.0484235,0.0388983,-0.0594604,0.00724839,-0.023618,-0.035358,-0.0588131,0.0191246,-0.00895408,-0.0325801,0.0732844,0.0395789,-0.00631714,-0.0887377,-0.129696,-0.0476686,0.0548925,0.0379008,-0.0987674,0.0128023,0.0379924,0.0400498,-0.0171813,0.0755691,-0.00163159,-0.026994,0.0312101,-0.047592,0.129719,-0.0978052,-0.00612214,0.0127986,-0.00237546,0.0423463,0.0165721,0.0192676,-0.0525311,0.0139333,-0.039826,-0.0126488,0,-0.00257449,-0.0905444,0.0263812,0.0890092,-0.0606501,-0.0183467,-0.0345824,-0.0094504,-0.0072581,0.0399331,-0.0369349,0.00724678,-0.0154025,0.0319519,-0.0539338,0.0239001,-0.0404292,0.0420421,0.0315066,-0.00289482,0.000484272,0.035025,0.0633676,0.00849987,-0.0224478
coef,抜き_3,0.683169,-0.0274873,-0.00122143,-0.0495498,0.0279445,-0.0814713,-0.00857897,-0.00418237,-0.016642,-0.0236379,0.0548358,-0.0826286,-0.0140428,-0.0489361,-0.0895218,-0.0484979,-0.0155596,0.083744,-0.0176336,0.227787,0.0118804,0.164867,0.0881505,-0.00081748,-0.0341265,-0.0510942,-0.0223589,0.0329112,-0.0373664,-0.05765,-0.00334301,0.0349894,0.0677273,0.00331855,-0.00555192,-0.0205757,-0.0501758,-0.0124071,-0.0534435,-0.0261264,0.0355937,0.00771836,0.0166129,-0.0304123,-0.00232046,-0.0976161,-0.0171012,-0.0387339,-0.0339645,-0.0281298,0.0292231,0.0146315,0.0495542,0.0585852,-0.0362426,-0.0372153,-0.111205,0.0136685,-0.00636238,0.0515646,-0.00887695,-0.0208158,0.0881826,-0.0713566,0.0489794,-0.00383918,0.0123411,0.040963,-0.0284839,0.0226381,-0.030369,0.0065651,0.0199919,-0.0232734,-0.0269799,-0.0351196,-0.00330586,0.00946757,0.0431156,0,-0.0227278,-0.0576893,-0.00943414,0.0654458,0.00919983,-0.00695127,-0.0199152,-0.0192165,-0.00372829,-0.020001,0.00389916,0.00236848,-0.0283806,-0.00594899,0.0567714,-0.081621,-0.00788456,0.0036352,0.0616712,-0.0182598,0.0109529,0.0223343,0.073392,0.0160539,-0.0318046
coef,抜き_4,0.028919,0.00832367,-0.0212445,-0.0234635,-0.0679115,-0.0455486,-0.0251773,0.0571849,0.0102062,-0.0831804,-0.0110691,-0.0380661,0.00859351,-0.0237657,-0.0316078,0.00893217,-0.0432331,-0.0593487,0.0141024,-0.128677,0.0566942,-0.108426,-0.0707524,-0.0168259,-0.0633651,0.145782,-0.0144653,0.220813,0.0277212,0.231032,0.030706,-0.00745242,-0.0384647,-0.0210637,-0.0685228,-0.0125899,0.0170613,-0.0235118,-0.00664636,-0.0433772,0.0187674,-0.0404626,0.0663736,-0.0792777,-0.0302054,-0.0879001,0.0319684,-0.0187838,0.0294659,0.00371959,0.0720558,0.0123986,0.0702576,0.035618,0.0280362,-0.011445,0.0351411,0.0346725,-0.0370505,-0.161147,0.00633095,0.0311162,0.0213301,-0.0307721,-0.0136986,0.00379022,0.0352798,0.0757593,-0.0363954,-0.0241531,0.0112115,-0.00445786,0.036969,-0.00337916,-0.00713632,0.0053245,-0.0119821,-0.030363,-0.0593369,0,-0.0181638,0.00317017,-0.0181409,0.0286098,0.0106109,-0.00230878,0.00292939,-0.0439743,-0.0444198,-0.0491653,-0.0189366,-0.0260321,-0.00326843,0.0278087,0.0240738,0.0469475,0.0313715,-0.0132085,-0.00536011,-0.00250389,0.0854904,-0.018096,0.00819794,-0.00802177,-0.0136684
coef,抜き_5,-0.222469,-0.00547621,-0.0417412,-0.0622281,0.0330657,-0.0409827,0.00524676,-0.0522778,-0.0642439,-0.0632323,-0.0100427,-0.0394804,-0.0197052,-0.0442734,-0.0193368,0.0172774,0.0582848,-0.0841897,0.0281157,-0.049026,0.0869052,-0.0396074,-0.0239594,0.0192693,0.0690601,-0.0625612,-0.0356665,0.0117234,-0.0511753,-0.0214011,0.0231983,0.0288377,0.044704,0.17258,0.00713485,0.212113,0.0898079,0.167799,0.0596344,0.0354628,-0.0523061,-0.0385604,0.00362824,-0.0723615,0.0304574,-0.0330229,-0.033382,0.0246785,-0.0896071,0.000292103,0.0423332,-0.0308544,-0.0127134,-0.011646,0.0493576,0.0060605,0.0386853,0.0284695,0.0504743,0.034643,0.057075,-0.0221903,-0.0890385,0.0498364,0.0922333,0.0091671,-0.053308,-0.0154338,-0.0326521,-0.014487,0.0673754,-0.0217983,0.0178993,0.0844298,0.0411543,0.00993309,0.0580848,-0.0642159,-0.0138561,0,-0.0438372,0.00772577,0.0387547,0.00680707,-0.00228266,0.00983727,-0.00717669,0.0500468,-0.0323867,-0.00264292,0.0164286,0.0388667,-0.0578518,-0.0058711,-0.0243091,0.00344784,-0.0709186,-0.0597918,0.0119506,0.0129006,0.0158389,-0.0119529,0.0508971,-0.0230951,0.0375173
coef,抜き_6,-0.93285,-0.0790825,-0.0475371,-0.0199488,-0.0382722,-0.0410809,-0.0297785,0.0317805,0.0207172,-0.0568232,0.0510905,-0.0608396,-0.043892,-0.0609098,-0.0303176,-0.0176983,0.0271512,-0.0259963,-0.0550597,-0.00937015,-0.0364954,-0.0326905,-0.0457737,0.0503339,-0.021553,-0.0403448,0.0321003,-0.0254499,0.00765504,0.00558133,-0.0691911,-0.0479755,0.0183936,-0.0943691,0.0257246,-0.083563,-0.0176285,-0.0619516,0.0476172,-0.0396227,-0.0529127,0.196635,0.0227938,0.197157,0.101624,0.213305,0.0274017,0.000813081,-0.0316115,0.0415394,0.00775649,0.0347303,0.0611112,-0.00175611,-0.00322375,0.0272813,-0.00521323,0.000330281,0.0173165,-0.0250513,0.00667892,0.0834038,-0.00296645,0.0480501,-0.0500762,-0.0636102,-0.0230509,0.0718895,-0.0655485,0.0176207,0.00764164,0.0433617,0.000905564,-0.0305429,-0.0170753,0.0180527,-0.0410471,-0.00398886,-0.0353332,0,0.030994,0.0132546,0.0315888,0.0179172,-0.00248926,-0.0052177,0.0475543,-0.072957,-0.0953479,-0.00542488,0.0309251,-0.0496905,0.00983016,0.0182724,0.0244244,0.0623795,-0.00105052,-0.00439894,-0.00372203,0.0196507,0.0178236,-0.0127439,0.052001,-0.00621524,-0.0769574
coef,恵まれ_2,-1.13727,-0.00711424,-0.0227612,0.0261619,0.0252057,0.0545928,0.0377042,-0.0113745,-0.0223558,0.0939001,-0.0567911,0.0582339,-0.0297089,0.0493714,-0.0072182,0.0149759,-0.0452297,-0.0245369,0.00784333,0.0275867,0.0361709,0.000725618,-0.10782,-0.0649512,-0.0859845,0.0132398,0.00645087,-0.00674714,0.0440408,-0.0221084,-0.0157367,-0.0774179,-0.0321353,-0.0142219,-0.0751691,-0.0281905,-0.0283364,-0.0296887,0.0205664,-0.00156186,0.0214362,0.0240978,0.0264461,-0.0101568,-0.12791,-0.0144194,-0.0337466,-0.0221538,0.0125133,-0.003327,0.0105074,0.0510193,0.0465988,-0.0112296,-0.0224494,-0.0390931,0.0275865,-0.0170774,-0.0123538,-0.00107597,0.0576807,0.10503,-0.0198416,0.0404284,0.0382909,-0.0158914,0.0595682,-0.0116103,-0.00328794,0.00520396,-0.00934858,-0.00624102,-0.0148546,-0.0295932,-0.0182584,-0.0315078,-0.00425172,0.00425747,-0.0265985,0,0.0367475,-0.0642913,0.000638037,-0.0452483,0.0298375,-0.0294346,0.0094431,-0.0175204,-0.0171734,0.0486663,0.0205645,0.0296118,0.0774091,-0.0458227,-0.00720846,0.0417869,0.0257461,-0.027662,-0.0459641,-0.0281598,0.00780001,0.0173651,-0.0120261,0.00724297,0.0336137
coef,恵まれ_3,-1.321,0.0218388,0.00210678,0.0508414,0.0154655,0.0619339,0.0150319,0.0462079,-0.0206656,-0.051791,-0.0702916,-0.00956418,0.0559976,0.0222183,-0.0381471,0.0840543,-0.058789,0.0294628,-0.0071934,0.0402141,0.0826983,0.0411867,-0.032988,0.0607138,-0.0574536,0.0067059,0.0466239,0.0230631,0.0403341,0.0241192,-0.0363753,0.00535413,-0.0328642,0.00351213,-0.0384762,-0.0298551,0.0383779,-0.0559715,-0.0153619,0.0552043,0.0423984,-0.057858,0.000690208,-0.0136544,0.00985104,-0.0253978,0.0291272,0.0586824,-0.0172171,0.00670957,0.0185311,0.025258,0.0639321,0.0141382,-0.0250263,0.078685,-0.00360689,0.0603788,0.0501815,-0.00514547,0.0583351,-0.000944993,0.01417,-0.00588797,0.0158088,0.0234823,0.0602638,-0.0493128,0.02029,-0.0410939,0.00874747,0.0168167,0.0435741,-0.0958307,-0.0348678,-0.000778463,0.00608771,0.0104254,-0.0192476,0,-0.0118446,-0.0299431,-0.00396133,0.0674517,-0.0419646,0.000768826,0.00362084,0.0187094,0.0480808,0.0200963,-0.0683005,0.0220745,0.0293442,-0.0182007,-0.043562,-0.0696093,-0.0231656,0.0432851,0.0581573,0.0410778,-0.0274107,0.0257469,0.0378684,-0.044326,-0.0479206
coef,恵まれ_4,-1.20089,0.0272488,-0.053018,0.0523569,0.00409879,0.0521205,0.0212452,0.0342378,-0.0148361,-0.000768699,-0.0552237,-0.0154473,0.0151611,-0.0295405,0.0481513,-0.0107099,0.00878043,-0.00525308,0.0570164,-0.00838449,-0.0256358,-0.0274869,0.0135522,0.00296287,-0.0244164,0.00961523,-0.0462191,0.0228787,-0.0401345,0.0265813,0.0397503,0.0263981,-0.0288848,-0.0548697,-0.0260461,-0.0274481,-0.0527413,0.00161481,0.0495279,-0.0349567,0.0413522,0.00369467,-0.0372341,-0.03831,-0.0367131,-0.0483304,0.00413479,-0.00659467,-0.0354861,-0.0246573,-0.0327758,0.0247353,-0.0203051,-0.0149355,0.0166286,0.0269187,0.00773769,0.000985237,-0.0213268,-0.0091543,0.00658716,0.0609463,-0.00703515,0.0164189,0.005093,-0.00379451,0.0138714,-0.0209024,0.0486034,0.0541091,0.0511905,0.0216131,0.0167112,0.00855739,0.0175271,0.0347493,-0.00542075,0.0125259,-0.0262613,0,0.0559731,-0.0621865,-0.0523669,0.000143249,0.0863427,-0.0236661,0.0289584,-0.0147646,-0.0125485,0.0393318,0.0424731,0.0191735,-0.0569648,0.00543351,9.14661e-05,-0.00986764,0.0118429,0.0516463,-0.0186888,-0.0467022,-0.0091321,0.0204489,0.0163185,-0.012674,0.00584772
coef,恵まれ_5,-1.49601,-0.0128411,-0.0183412,-0.0269,-0.000856902,-0.0193781,0.00274024,-0.0189467,0.0302581,0.00683176,0.0142721,0.0155676,0.0188146,0.0146168,0.0180948,-0.0196969,0.0124683,-0.00780511,-0.0412934,-0.00679709,-0.038631,-0.0335941,0.0492821,0.0119001,0.0313735,0.0206536,-0.0153024,-0.0424381,0.0124599,-0.0337069,0.00991532,0.0372759,-0.00395395,0.0575735,0.00361253,0.0434524,0.0338975,0.0358998,0.00711398,-0.028183,-0.00940617,-0.00330025,-0.00292685,-0.012688,-0.0305673,-0.0217634,-0.02723,0.0328572,-0.055839,-0.0509548,-0.0600823,-0.00695447,-0.0390131,0.0311842,0.0873032,-0.00348404,-0.00326824,-0.0691057,-0.0822463,-0.0418518,-0.00503211,0.0296359,-0.0260539,-0.0349723,0.0117362,-0.046512,0.0473778,-0.078634,0.0672435,-0.0492037,-0.00325606,-0.00605409,-0.0269855,-0.0087865,0.0100466,0.0307778,-0.00467408,-0.00334957,0.0351147,0,0.0269274,0.0225556,0.00903298,0.0190167,0.0465045,0.0393857,-0.0146049,0.0212071,0.0501777,-0.013368,-0.00776682,0.0110268,-0.0315574,-0.0303824,-0.0108348,0.0390744,0.00568248,-0.0660261,-0.0499651,-0.013535,-0.0586433,0.015657,-0.0192695,0.000682161,0.040947
coef,逃げ_1,4.59705,0.116057,-0.0513568,0.37274,0.0424395,0.0634655,0.0777092,0.0109562,-0.101925,0.00422325,-0.0262267,-0.0145197,-0.0338553,-0.0236616,-0.0269165,-0.0181525,-0.0131768,-0.0281135,0.00614143,-0.00971385,-0.0170512,-0.0266905,-0.018007,0.0128192,-0.0198895,0.0203832,0.0254122,-0.0338237,-0.0139747,-0.0510783,-0.0271182,-0.0287314,0.04529,-0.0251037,0.0168448,-0.0403499,0.011583,-0.0401459,-0.0343062,-0.00724443,0.0390296,-0.0488008,0.020631,-0.0336918,-0.0399649,-0.0333273,-0.0146973,0.000600712,0.0281678,-0.0489328,-0.323725,0.0242905,0.0326908,0.0739959,0.0103889,0.00933667,0.0547234,-0.0152977,-0.00235505,0.0795835,-0.033331,-0.0503563,0.0422585,-0.0215631,-0.0113392,0.0300259,-0.0132235,-0.0222449,-0.239393,-0.0575377,-0.0248851,0.0414362,-0.0364601,-0.00156078,-0.00924,0.0179337,0.0266423,0.0011518,-0.000543846,0,0.0470438,-0.0566229,-0.11087,-0.0146376,-0.063175,0.000982985,-0.0295274,-0.0202247,0.0166813,0.0244843,-0.0251782,0.00425935,0.00943296,0.063928,-0.04168,-0.00979827,-0.00376564,0.0211118,0.0680752,0.040852,0.0239766,0.000211725,0.0540331,-0.0172835,0.0559109
coef,逃げ_2,-0.620799,0.0445013,-0.0347936,-0.0567007,0.0520632,-0.0371649,-0.00671549,-0.0202554,-0.0391427,0.153054,-0.0267952,0.159119,0.053314,0.122294,0.0333162,-0.0925435,-0.0827506,0.0555132,-0.0860602,-0.00500929,-0.0352093,-0.0157828,0.0530394,0.0435926,-0.0246313,-0.0519801,0.00393357,-0.0312172,-0.0609883,-0.0460595,0.00333227,-0.0149924,0.101464,0.00760261,0.0947086,-0.0173142,0.0252726,-0.0278222,0.0280831,-0.0141254,-0.00339952,0.0338585,0.00795161,-0.0470187,0.0174809,-0.0409442,0.055264,-0.0701322,0.0176569,0.0146293,0.0389906,-0.0114106,-0.0670512,-0.0647169,-0.104781,0.0239529,-0.0511852,-0.010459,0.00898219,0.0340038,0.00791149,-0.0223132,0.035415,-0.0136565,0.0152999,-0.00675513,-0.104501,-0.136566,0.191588,0.0337462,-0.0671902,0.0116476,-0.0326362,-0.0285588,-0.00821422,0.0361875,-0.0551595,0.0309424,-0.00607495,0,0.0451117,0.084089,-0.0281573,-0.0306328,-0.0181168,-0.0665454,0.0465009,0.108602,0.0351338,-0.0615388,0.0596659,-0.0647402,-0.0181711,-0.0639893,0.00457385,-0.0559017,-0.0959402,-0.0593756,-0.0300062,0.118249,0.0626078,0.0268977,-0.0351651,0.0923652,-0.0150569
