セル,2着コース,3着コース,n,確率
その他_1,2,3,11,0.077920
その他_1,2,4,8,0.060298
その他_1,2,5,7,0.062939
その他_1,2,6,5,0.055448
その他_1,3,2,10,0.073299
その他_1,3,4,4,0.038467
その他_1,3,5,5,0.047156
その他_1,3,6,5,0.047156
その他_1,4,2,4,0.050828
その他_1,4,3,6,0.050902
その他_1,4,5,7,0.054647
その他_1,4,6,7,0.054647
その他_1,5,2,8,0.061328
その他_1,5,3,3,0.036112
その他_1,5,4,4,0.035531
その他_1,5,6,6,0.047348
その他_1,6,2,7,0.051608
その他_1,6,3,3,0.031374
その他_1,6,4,3,0.027872
その他_1,6,5,4,0.035119
その他_2,1,3,6,0.139477
その他_2,1,4,6,0.124801
その他_2,1,5,7,0.122366
その他_2,1,6,5,0.075873
その他_2,3,1,1,0.019883
その他_2,3,4,3,0.042528
その他_2,3,5,3,0.040388
その他_2,3,6,0,0.014981
その他_2,4,1,0,0.014981
その他_2,4,3,4,0.051710
その他_2,4,5,1,0.030584
その他_2,4,6,2,0.024785
その他_2,5,1,3,0.029687
その他_2,5,3,1,0.037004
その他_2,5,4,3,0.042528
その他_2,5,6,0,0.014981
その他_2,6,1,3,0.033967
その他_2,6,3,4,0.060882
その他_2,6,4,1,0.040673
その他_2,6,5,1,0.037921
その他_3,1,2,3,0.073848
その他_3,1,4,2,0.077729
その他_3,1,5,1,0.053113
その他_3,1,6,1,0.053113
その他_3,2,1,3,0.091489
その他_3,2,4,2,0.115725
その他_3,2,5,2,0.085871
その他_3,2,6,4,0.097107
その他_3,4,1,2,0.051946
その他_3,4,2,2,0.060088
その他_3,4,5,2,0.051946
その他_3,4,6,0,0.040710
その他_3,5,1,0,0.020355
その他_3,5,2,1,0.030044
その他_3,5,4,2,0.039733
その他_3,5,6,0,0.020355
その他_3,6,1,0,0.006785
その他_3,6,2,0,0.008142
その他_3,6,4,1,0.015117
その他_3,6,5,0,0.006785
その他_4,1,2,1,0.121470
その他_4,1,3,1,0.083051
その他_4,1,5,2,0.127681
その他_4,1,6,0,0.076839
その他_4,2,1,0,0.038420
その他_4,2,3,1,0.083051
その他_4,2,5,1,0.121470
その他_4,2,6,2,0.089262
その他_4,3,1,0,0.009605
その他_4,3,2,1,0.035026
その他_4,3,5,0,0.028815
その他_4,3,6,0,0.019210
その他_4,5,1,1,0.025421
その他_4,5,2,1,0.063841
その他_4,5,3,0,0.038420
その他_4,5,6,0,0.038420
その他_4,6,1,0,0.000000
その他_4,6,2,0,0.000000
その他_4,6,3,0,0.000000
その他_4,6,5,0,0.000000
その他_5,1,2,0,0.000000
その他_5,1,3,0,0.101868
その他_5,1,4,2,0.216638
その他_5,1,6,0,0.000000
その他_5,2,1,0,0.101868
その他_5,2,3,1,0.057385
その他_5,2,4,0,0.101868
その他_5,2,6,0,0.000000
その他_5,3,1,0,0.000000
その他_5,3,2,0,0.000000
その他_5,3,4,0,0.000000
その他_5,3,6,0,0.000000
その他_5,4,1,1,0.108319
その他_5,4,2,0,0.000000
その他_5,4,3,0,0.050934
その他_5,4,6,0,0.000000
その他_5,6,1,1,0.108319
その他_5,6,2,0,0.000000
その他_5,6,3,0,0.050934
その他_5,6,4,0,0.101868
その他_6,1,2,1,0.040870
その他_6,1,3,4,0.101735
その他_6,1,4,0,0.044105
その他_6,1,5,2,0.055278
その他_6,2,1,2,0.041416
その他_6,2,3,2,0.056538
その他_6,2,4,0,0.025203
その他_6,2,5,0,0.025203
その他_6,3,1,2,0.064099
その他_6,3,2,1,0.040870
その他_6,3,4,2,0.055278
その他_6,3,5,2,0.055278
その他_6,4,1,0,0.045365
その他_6,4,2,2,0.041416
その他_6,4,3,3,0.084807
その他_6,4,5,1,0.043391
その他_6,5,1,2,0.048977
その他_6,5,2,0,0.025203
その他_6,5,3,0,0.056706
その他_6,5,4,3,0.048263
まくり_2,1,3,68,0.036011
まくり_2,1,4,60,0.032001
まくり_2,1,5,51,0.027480
まくり_2,1,6,27,0.015052
まくり_2,3,1,121,0.065165
まくり_2,3,4,229,0.120771
まくり_2,3,5,192,0.102248
まくり_2,3,6,124,0.066809
まくり_2,4,1,87,0.047072
まくり_2,4,3,182,0.095855
まくり_2,4,5,136,0.072803
まくり_2,4,6,101,0.054115
まくり_2,5,1,56,0.030294
まくり_2,5,3,120,0.063100
まくり_2,5,4,93,0.049667
まくり_2,5,6,56,0.030372
まくり_2,6,1,35,0.018667
まくり_2,6,3,63,0.033120
まくり_2,6,4,41,0.022200
まくり_2,6,5,31,0.017197
まくり_3,1,2,166,0.065000
まくり_3,1,4,172,0.067189
まくり_3,1,5,154,0.060591
まくり_3,1,6,99,0.039550
まくり_3,2,1,128,0.050377
まくり_3,2,4,159,0.061939
まくり_3,2,5,142,0.055701
まくり_3,2,6,87,0.034740
まくり_3,4,1,174,0.068295
まくり_3,4,2,160,0.063214
まくり_3,4,5,193,0.075514
まくり_3,4,6,141,0.055505
まくり_3,5,1,143,0.055917
まくり_3,5,2,142,0.055634
まくり_3,5,4,114,0.045207
まくり_3,5,6,112,0.043996
まくり_3,6,1,69,0.027044
まくり_3,6,2,62,0.024490
まくり_3,6,4,79,0.030784
まくり_3,6,5,48,0.019313
まくり_4,1,2,145,0.060031
まくり_4,1,3,101,0.041907
まくり_4,1,5,183,0.074900
まくり_4,1,6,130,0.054093
まくり_4,2,1,133,0.055149
まくり_4,2,3,75,0.031172
まくり_4,2,5,141,0.057686
まくり_4,2,6,78,0.033008
まくり_4,3,1,95,0.039187
まくり_4,3,2,52,0.022008
まくり_4,3,5,64,0.026711
まくり_4,3,6,67,0.027818
まくり_4,5,1,253,0.104555
まくり_4,5,2,189,0.078478
まくり_4,5,3,123,0.051417
まくり_4,5,6,201,0.083044
まくり_4,6,1,121,0.050132
まくり_4,6,2,102,0.042165
まくり_4,6,3,54,0.022782
まくり_4,6,5,106,0.043755
まくり_5,1,2,63,0.090257
まくり_5,1,3,32,0.048806
まくり_5,1,4,41,0.060755
まくり_5,1,6,51,0.073538
まくり_5,2,1,59,0.085603
まくり_5,2,3,30,0.044614
まくり_5,2,4,28,0.043046
まくり_5,2,6,37,0.054500
まくり_5,3,1,24,0.036410
まくり_5,3,2,25,0.036247
まくり_5,3,4,14,0.021701
まくり_5,3,6,17,0.025620
まくり_5,4,1,33,0.047410
まくり_5,4,2,14,0.022988
まくり_5,4,3,15,0.022521
まくり_5,4,6,19,0.028107
まくり_5,6,1,65,0.094614
まくり_5,6,2,45,0.067399
まくり_5,6,3,29,0.044420
まくり_5,6,4,34,0.051442
まくり_6,1,2,40,0.103475
まくり_6,1,3,21,0.060476
まくり_6,1,4,36,0.097507
まくり_6,1,5,12,0.038383
まくり_6,2,1,32,0.086255
まくり_6,2,3,19,0.053725
まくり_6,2,4,29,0.079823
まくり_6,2,5,13,0.038174
まくり_6,3,1,25,0.064455
まくり_6,3,2,15,0.043398
まくり_6,3,4,6,0.026775
まくり_6,3,5,15,0.037756
まくり_6,4,1,20,0.051615
まくり_6,4,2,10,0.030835
まくり_6,4,3,12,0.032215
まくり_6,4,5,7,0.020409
まくり_6,5,1,10,0.031465
まくり_6,5,2,14,0.038237
まくり_6,5,3,9,0.025969
まくり_6,5,4,14,0.039052
まくり差し_3,1,2,347,0.149842
まくり差し_3,1,4,477,0.206580
まくり差し_3,1,5,408,0.177191
まくり差し_3,1,6,220,0.096190
まくり差し_3,2,1,78,0.033229
まくり差し_3,2,4,112,0.048708
まくり差し_3,2,5,113,0.048775
まくり差し_3,2,6,61,0.026490
まくり差し_3,4,1,110,0.045662
まくり差し_3,4,2,50,0.021711
まくり差し_3,4,5,40,0.018052
まくり差し_3,4,6,29,0.012856
まくり差し_3,5,1,70,0.029160
まくり差し_3,5,2,34,0.014851
まくり差し_3,5,4,34,0.015309
まくり差し_3,5,6,32,0.013798
まくり差し_3,6,1,50,0.020722
まくり差し_3,6,2,14,0.006273
まくり差し_3,6,4,19,0.008564
まくり差し_3,6,5,13,0.006036
まくり差し_4,1,2,117,0.086133
まくり差し_4,1,3,105,0.078293
まくり差し_4,1,5,186,0.137988
まくり差し_4,1,6,105,0.079031
まくり差し_4,2,1,58,0.042521
まくり差し_4,2,3,52,0.038328
まくり差し_4,2,5,71,0.053481
まくり差し_4,2,6,45,0.033977
まくり差し_4,3,1,85,0.062012
まくり差し_4,3,2,55,0.041607
まくり差し_4,3,5,110,0.081863
まくり差し_4,3,6,63,0.047509
まくり差し_4,5,1,77,0.054812
まくり差し_4,5,2,32,0.024517
まくり差し_4,5,3,53,0.038614
まくり差し_4,5,6,40,0.030221
まくり差し_4,6,1,24,0.017586
まくり差し_4,6,2,23,0.016810
まくり差し_4,6,3,22,0.016174
まくり差し_4,6,5,24,0.018523
まくり差し_5,1,2,208,0.116979
まくり差し_5,1,3,188,0.105618
まくり差し_5,1,4,182,0.102422
まくり差し_5,1,6,151,0.087237
まくり差し_5,2,1,93,0.051460
まくり差し_5,2,3,65,0.036694
まくり差し_5,2,4,58,0.033019
まくり差し_5,2,6,53,0.030773
まくり差し_5,3,1,76,0.042387
まくり差し_5,3,2,64,0.036294
まくり差し_5,3,4,57,0.032301
まくり差し_5,3,6,53,0.030551
まくり差し_5,4,1,136,0.075227
まくり差し_5,4,2,85,0.048893
まくり差し_5,4,3,53,0.031709
まくり差し_5,4,6,117,0.065565
まくり差し_5,6,1,49,0.026973
まくり差し_5,6,2,18,0.010895
まくり差し_5,6,3,28,0.015943
まくり差し_5,6,4,34,0.019059
まくり差し_6,1,2,67,0.119972
まくり差し_6,1,3,58,0.102665
まくり差し_6,1,4,50,0.091204
まくり差し_6,1,5,38,0.073244
まくり差し_6,2,1,33,0.057197
まくり差し_6,2,3,20,0.037014
まくり差し_6,2,4,15,0.029851
まくり差し_6,2,5,23,0.040985
まくり差し_6,3,1,25,0.044427
まくり差し_6,3,2,17,0.033251
まくり差し_6,3,4,21,0.037345
まくり差し_6,3,5,16,0.029897
まくり差し_6,4,1,30,0.052790
まくり差し_6,4,2,26,0.047383
まくり差し_6,4,3,13,0.026894
まくり差し_6,4,5,21,0.038031
まくり差し_6,5,1,33,0.055453
まくり差し_6,5,2,15,0.029935
まくり差し_6,5,3,11,0.022650
まくり差し_6,5,4,16,0.029814
差し_2,1,3,853,0.212156
差し_2,1,4,702,0.175249
差し_2,1,5,522,0.130423
差し_2,1,6,325,0.081537
差し_2,3,1,320,0.078320
差し_2,3,4,152,0.038289
差し_2,3,5,101,0.025610
差し_2,3,6,74,0.018708
差し_2,4,1,221,0.054120
差し_2,4,3,104,0.026364
差し_2,4,5,71,0.018016
差し_2,4,6,65,0.016280
差し_2,5,1,148,0.036270
差し_2,5,3,62,0.015854
差し_2,5,4,71,0.017936
差し_2,5,6,40,0.010071
差し_2,6,1,77,0.018896
差し_2,6,3,31,0.007982
差し_2,6,4,35,0.008898
差し_2,6,5,36,0.009022
差し_3,1,2,63,0.077458
差し_3,1,4,65,0.081355
差し_3,1,5,39,0.051717
差し_3,1,6,39,0.050009
差し_3,2,1,60,0.075906
差し_3,2,4,79,0.098676
差し_3,2,5,67,0.083494
差し_3,2,6,41,0.053845
差し_3,4,1,42,0.052051
差し_3,4,2,45,0.055525
差し_3,4,5,38,0.047901
差し_3,4,6,26,0.033910
差し_3,5,1,31,0.039237
差し_3,5,2,38,0.046913
差し_3,5,4,34,0.043769
差し_3,5,6,25,0.031888
差し_3,6,1,22,0.026321
差し_3,6,2,15,0.019005
差し_3,6,4,10,0.014214
差し_3,6,5,13,0.016805
差し_4,1,2,116,0.126294
差し_4,1,3,105,0.117085
差し_4,1,5,69,0.079067
差し_4,1,6,56,0.064821
差し_4,2,1,115,0.122531
差し_4,2,3,65,0.074441
差し_4,2,5,38,0.045963
差し_4,2,6,38,0.044662
差し_4,3,1,51,0.056199
差し_4,3,2,37,0.042115
差し_4,3,5,38,0.042157
差し_4,3,6,27,0.030813
差し_4,5,1,28,0.030996
差し_4,5,2,17,0.020068
差し_4,5,3,25,0.028094
差し_4,5,6,17,0.019103
差し_4,6,1,10,0.011915
差し_4,6,2,16,0.017475
差し_4,6,3,8,0.009982
差し_4,6,5,15,0.016220
差し_5,1,2,22,0.092121
差し_5,1,3,18,0.079154
差し_5,1,4,20,0.080940
差し_5,1,6,19,0.078370
差し_5,2,1,22,0.083610
差し_5,2,3,15,0.065615
差し_5,2,4,16,0.065425
差し_5,2,6,12,0.055142
差し_5,3,1,14,0.055136
差し_5,3,2,14,0.056699
差し_5,3,4,7,0.035188
差し_5,3,6,11,0.045470
差し_5,4,1,8,0.034301
差し_5,4,2,9,0.037993
差し_5,4,3,14,0.049725
差し_5,4,6,2,0.017475
差し_5,6,1,5,0.019513
差し_5,6,2,8,0.027769
差し_5,6,3,2,0.011801
差し_5,6,4,1,0.008551
差し_6,1,2,15,0.097427
差し_6,1,3,10,0.070747
差し_6,1,4,8,0.066451
差し_6,1,5,2,0.037623
差し_6,2,1,9,0.061437
差し_6,2,3,6,0.047416
差し_6,2,4,6,0.049569
差し_6,2,5,5,0.040590
差し_6,3,1,7,0.056478
差し_6,3,2,7,0.059956
差し_6,3,4,10,0.066111
差し_6,3,5,4,0.038732
差し_6,4,1,5,0.048166
差し_6,4,2,6,0.055117
差し_6,4,3,6,0.048410
差し_6,4,5,10,0.059445
差し_6,5,1,6,0.034996
差し_6,5,2,2,0.022098
差し_6,5,3,2,0.019117
差し_6,5,4,2,0.020111
抜き_1,2,3,180,0.150813
抜き_1,2,4,128,0.110564
抜き_1,2,5,110,0.095512
抜き_1,2,6,54,0.048155
抜き_1,3,2,79,0.065720
抜き_1,3,4,93,0.078625
抜き_1,3,5,73,0.062627
抜き_1,3,6,39,0.033901
抜き_1,4,2,57,0.047170
抜き_1,4,3,47,0.041530
抜き_1,4,5,55,0.046641
抜き_1,4,6,34,0.028713
抜き_1,5,2,45,0.037398
抜き_1,5,3,51,0.043540
抜き_1,5,4,43,0.037184
抜き_1,5,6,21,0.018364
抜き_1,6,2,19,0.015675
抜き_1,6,3,18,0.015538
抜き_1,6,4,14,0.012393
抜き_1,6,5,11,0.009935
抜き_2,1,3,105,0.176122
抜き_2,1,4,84,0.147376
抜き_2,1,5,44,0.082776
抜き_2,1,6,23,0.043723
抜き_2,3,1,36,0.061035
抜き_2,3,4,37,0.064704
抜き_2,3,5,28,0.048283
抜き_2,3,6,10,0.018996
抜き_2,4,1,50,0.080181
抜き_2,4,3,20,0.040556
抜き_2,4,5,25,0.043862
抜き_2,4,6,13,0.023025
抜き_2,5,1,30,0.048626
抜き_2,5,3,11,0.023560
抜き_2,5,4,19,0.034786
抜き_2,5,6,10,0.017110
抜き_2,6,1,5,0.009430
抜き_2,6,3,8,0.014069
抜き_2,6,4,6,0.011332
抜き_2,6,5,6,0.010449
抜き_3,1,2,107,0.164330
抜き_3,1,4,76,0.118589
抜き_3,1,5,75,0.119301
抜き_3,1,6,36,0.060629
抜き_3,2,1,72,0.105336
抜き_3,2,4,30,0.048931
抜き_3,2,5,27,0.046081
抜き_3,2,6,16,0.027661
抜き_3,4,1,38,0.058960
抜き_3,4,2,29,0.047675
抜き_3,4,5,24,0.039690
抜き_3,4,6,22,0.033729
抜き_3,5,1,32,0.046591
抜き_3,5,2,12,0.021162
抜き_3,5,4,11,0.018588
抜き_3,5,6,7,0.012030
抜き_3,6,1,8,0.011971
抜き_3,6,2,5,0.008174
抜き_3,6,4,2,0.003945
抜き_3,6,5,4,0.006628
抜き_4,1,2,48,0.131803
抜き_4,1,3,36,0.103431
抜き_4,1,5,38,0.105182
抜き_4,1,6,24,0.072379
抜き_4,2,1,36,0.089601
抜き_4,2,3,15,0.045957
抜き_4,2,5,14,0.042833
抜き_4,2,6,9,0.030382
抜き_4,3,1,20,0.050960
抜き_4,3,2,8,0.027337
抜き_4,3,5,11,0.031202
抜き_4,3,6,7,0.021686
抜き_4,5,1,17,0.049819
抜き_4,5,2,16,0.048230
抜き_4,5,3,18,0.050195
抜き_4,5,6,15,0.040988
抜き_4,6,1,6,0.016787
抜き_4,6,2,9,0.022885
抜き_4,6,3,2,0.008329
抜き_4,6,5,3,0.010015
抜き_5,1,2,37,0.117478
抜き_5,1,3,30,0.103170
抜き_5,1,4,23,0.084203
抜き_5,1,6,19,0.070952
抜き_5,2,1,35,0.106832
抜き_5,2,3,15,0.056787
抜き_5,2,4,10,0.043422
抜き_5,2,6,11,0.043060
抜き_5,3,1,14,0.048568
抜き_5,3,2,9,0.033808
抜き_5,3,4,15,0.047099
抜き_5,3,6,6,0.024812
抜き_5,4,1,15,0.050113
抜き_5,4,2,6,0.026329
抜き_5,4,3,10,0.036177
抜き_5,4,6,11,0.035777
抜き_5,6,1,6,0.021242
抜き_5,6,2,4,0.015159
抜き_5,6,3,4,0.015479
抜き_5,6,4,6,0.019532
抜き_6,1,2,18,0.113502
抜き_6,1,3,13,0.093211
抜き_6,1,4,15,0.094869
抜き_6,1,5,11,0.086454
抜き_6,2,1,12,0.064575
抜き_6,2,3,7,0.046133
抜き_6,2,4,2,0.026915
抜き_6,2,5,5,0.039376
抜き_6,3,1,10,0.055970
抜き_6,3,2,3,0.032321
抜き_6,3,4,6,0.038878
抜き_6,3,5,5,0.037646
抜き_6,4,1,5,0.040927
抜き_6,4,2,8,0.051062
抜き_6,4,3,5,0.039376
抜き_6,4,5,8,0.049511
抜き_6,5,1,4,0.025531
抜き_6,5,2,2,0.018774
抜き_6,5,3,4,0.024756
抜き_6,5,4,3,0.020214
恵まれ_2,1,3,5,0.045180
恵まれ_2,1,4,3,0.038008
恵まれ_2,1,5,2,0.035057
恵まれ_2,1,6,2,0.031254
恵まれ_2,3,1,3,0.038325
恵まれ_2,3,4,10,0.099232
恵まれ_2,3,5,10,0.102084
恵まれ_2,3,6,4,0.068212
恵まれ_2,4,1,0,0.018062
恵まれ_2,4,3,6,0.063447
恵まれ_2,4,5,7,0.071681
恵まれ_2,4,6,6,0.061441
恵まれ_2,5,1,2,0.025550
恵まれ_2,5,3,6,0.061441
恵まれ_2,5,4,4,0.054903
恵まれ_2,5,6,6,0.059539
恵まれ_2,6,1,4,0.027335
恵まれ_2,6,3,2,0.030515
恵まれ_2,6,4,3,0.035896
恵まれ_2,6,5,2,0.032838
恵まれ_3,1,2,2,0.016807
恵まれ_3,1,4,0,0.011573
恵まれ_3,1,5,1,0.016017
恵まれ_3,1,6,1,0.014799
恵まれ_3,2,1,2,0.029142
恵まれ_3,2,4,10,0.099416
恵まれ_3,2,5,3,0.068305
恵まれ_3,2,6,4,0.066963
恵まれ_3,4,1,2,0.039801
恵まれ_3,4,2,9,0.097408
恵まれ_3,4,5,13,0.141682
恵まれ_3,4,6,5,0.097295
恵まれ_3,5,1,2,0.024878
恵まれ_3,5,2,1,0.034138
恵まれ_3,5,4,5,0.065621
恵まれ_3,5,6,7,0.069942
恵まれ_3,6,1,1,0.012972
恵まれ_3,6,2,1,0.020281
恵まれ_3,6,4,4,0.040924
恵まれ_3,6,5,2,0.032035
恵まれ_4,1,2,4,0.034885
恵まれ_4,1,3,0,0.006616
恵まれ_4,1,5,1,0.018278
恵まれ_4,1,6,1,0.024159
恵まれ_4,2,1,1,0.009824
恵まれ_4,2,3,4,0.033782
恵まれ_4,2,5,6,0.060781
恵まれ_4,2,6,4,0.066863
恵まれ_4,3,1,1,0.012029
恵まれ_4,3,2,7,0.091924
恵まれ_4,3,5,4,0.066128
恵まれ_4,3,6,9,0.108263
恵まれ_4,5,1,1,0.013500
恵まれ_4,5,2,9,0.112307
恵まれ_4,5,3,2,0.036188
恵まれ_4,5,6,13,0.138737
恵まれ_4,6,1,0,0.005514
恵まれ_4,6,2,4,0.061350
恵まれ_4,6,3,3,0.029472
恵まれ_4,6,5,8,0.069402
恵まれ_5,1,2,2,0.035415
恵まれ_5,1,3,0,0.017057
恵まれ_5,1,4,0,0.017057
恵まれ_5,1,6,5,0.042616
恵まれ_5,2,1,1,0.019020
恵まれ_5,2,3,2,0.035977
恵まれ_5,2,4,6,0.054326
恵まれ_5,2,6,2,0.040101
恵まれ_5,3,1,0,0.022305
恵まれ_5,3,2,9,0.105012
恵まれ_5,3,4,4,0.059772
恵まれ_5,3,6,4,0.066145
恵まれ_5,4,1,0,0.020993
恵まれ_5,4,2,6,0.087502
恵まれ_5,4,3,6,0.066509
恵まれ_5,4,6,4,0.063333
恵まれ_5,6,1,6,0.049828
恵まれ_5,6,2,3,0.077489
恵まれ_5,6,3,5,0.064359
恵まれ_5,6,4,3,0.055185
逃げ_1,2,3,3498,0.132017
逃げ_1,2,4,2513,0.094964
逃げ_1,2,5,1811,0.068491
逃げ_1,2,6,1176,0.044513
逃げ_1,3,2,2709,0.102260
逃げ_1,3,4,2219,0.083834
逃げ_1,3,5,1615,0.061058
逃げ_1,3,6,1066,0.040330
逃げ_1,4,2,1713,0.064673
逃げ_1,4,3,1377,0.052063
逃げ_1,4,5,1095,0.041390
逃げ_1,4,6,803,0.030353
逃げ_1,5,2,1066,0.040256
逃げ_1,5,3,967,0.036545
逃げ_1,5,4,744,0.028151
逃げ_1,5,6,478,0.018078
逃げ_1,6,2,531,0.020052
逃げ_1,6,3,450,0.017013
逃げ_1,6,4,360,0.013624
逃げ_1,6,5,273,0.010337
逃げ_2,1,3,11,0.056694
逃げ_2,1,4,11,0.050646
逃げ_2,1,5,13,0.058904
逃げ_2,1,6,13,0.058355
逃げ_2,3,1,17,0.082397
逃げ_2,3,4,16,0.073320
逃げ_2,3,5,22,0.093800
逃げ_2,3,6,14,0.070972
逃げ_2,4,1,10,0.047135
逃げ_2,4,3,16,0.064970
逃げ_2,4,5,3,0.026545
逃げ_2,4,6,9,0.042639
逃げ_2,5,1,13,0.054884
逃げ_2,5,3,13,0.056155
逃げ_2,5,4,6,0.032210
逃げ_2,5,6,5,0.031150
逃げ_2,6,1,5,0.024598
逃げ_2,6,3,8,0.033584
逃げ_2,6,4,4,0.019919
逃げ_2,6,5,4,0.021122
