1着コース,2着コース,3着コース,n,最頻決まり手,逃げ,差し,まくり,まくり差し,抜き,恵まれ
1,2,3,3689,逃げ,0.9482,0.0008,0.0005,0.0003,0.0488,0.0014
1,2,4,2649,逃げ,0.9487,0.0011,0.0004,0.0000,0.0483,0.0015
1,2,5,1928,逃げ,0.9393,0.0010,0.0010,0.0005,0.0571,0.0010
1,2,6,1235,逃げ,0.9522,0.0000,0.0008,0.0000,0.0437,0.0032
1,3,2,2798,逃げ,0.9682,0.0021,0.0000,0.0000,0.0282,0.0014
1,3,4,2316,逃げ,0.9581,0.0004,0.0004,0.0004,0.0402,0.0004
1,3,5,1693,逃げ,0.9539,0.0000,0.0024,0.0000,0.0431,0.0006
1,3,6,1110,逃げ,0.9604,0.0000,0.0018,0.0000,0.0351,0.0027
1,4,2,1774,逃げ,0.9656,0.0006,0.0006,0.0000,0.0321,0.0011
1,4,3,1430,逃げ,0.9629,0.0000,0.0035,0.0000,0.0329,0.0007
1,4,5,1157,逃げ,0.9464,0.0017,0.0017,0.0000,0.0475,0.0026
1,4,6,844,逃げ,0.9514,0.0012,0.0047,0.0000,0.0403,0.0024
1,5,2,1119,逃げ,0.9526,0.0000,0.0009,0.0009,0.0402,0.0054
1,5,3,1021,逃げ,0.9471,0.0000,0.0010,0.0000,0.0500,0.0020
1,5,4,791,逃げ,0.9406,0.0013,0.0025,0.0000,0.0544,0.0013
1,5,6,505,逃げ,0.9465,0.0000,0.0059,0.0000,0.0416,0.0059
1,6,2,557,逃げ,0.9533,0.0018,0.0036,0.0000,0.0341,0.0072
1,6,3,471,逃げ,0.9554,0.0000,0.0042,0.0000,0.0382,0.0021
1,6,4,377,逃げ,0.9549,0.0027,0.0000,0.0000,0.0371,0.0053
1,6,5,288,逃げ,0.9479,0.0035,0.0035,0.0000,0.0382,0.0069
2,1,3,1048,差し,0.0105,0.8139,0.0649,0.0057,0.1002,0.0048
2,1,4,866,差し,0.0127,0.8106,0.0693,0.0069,0.0970,0.0035
2,1,5,639,差し,0.0203,0.8169,0.0798,0.0110,0.0689,0.0031
2,1,6,395,差し,0.0329,0.8228,0.0684,0.0127,0.0582,0.0051
2,3,1,498,差し,0.0341,0.6426,0.2430,0.0020,0.0723,0.0060
2,3,4,447,まくり,0.0358,0.3400,0.5123,0.0067,0.0828,0.0224
2,3,5,356,まくり,0.0618,0.2837,0.5393,0.0084,0.0787,0.0281
2,3,6,226,まくり,0.0619,0.3274,0.5487,0.0000,0.0442,0.0177
2,4,1,368,差し,0.0272,0.6005,0.2364,0.0000,0.1359,0.0000
2,4,3,332,まくり,0.0482,0.3133,0.5482,0.0120,0.0602,0.0181
2,4,5,243,まくり,0.0123,0.2922,0.5597,0.0041,0.1029,0.0288
2,4,6,196,まくり,0.0459,0.3316,0.5153,0.0102,0.0663,0.0306
2,5,1,252,差し,0.0516,0.5873,0.2222,0.0119,0.1190,0.0079
2,5,3,213,まくり,0.0610,0.2911,0.5634,0.0047,0.0516,0.0282
2,5,4,196,まくり,0.0306,0.3622,0.4745,0.0153,0.0969,0.0204
2,5,6,117,まくり,0.0427,0.3419,0.4786,0.0000,0.0855,0.0513
2,6,1,129,差し,0.0388,0.5969,0.2713,0.0233,0.0388,0.0310
2,6,3,116,まくり,0.0690,0.2672,0.5431,0.0345,0.0690,0.0172
2,6,4,90,まくり,0.0444,0.3889,0.4556,0.0111,0.0667,0.0333
2,6,5,80,差し,0.0500,0.4500,0.3875,0.0125,0.0750,0.0250
3,1,2,688,まくり差し,0.0044,0.0916,0.2413,0.5044,0.1555,0.0029
3,1,4,792,まくり差し,0.0025,0.0821,0.2172,0.6023,0.0960,0.0000
3,1,5,678,まくり差し,0.0015,0.0575,0.2271,0.6018,0.1106,0.0015
3,1,6,396,まくり差し,0.0025,0.0985,0.2500,0.5556,0.0909,0.0025
3,2,1,343,まくり,0.0087,0.1749,0.3732,0.2274,0.2099,0.0058
3,2,4,392,まくり,0.0051,0.2015,0.4056,0.2857,0.0765,0.0255
3,2,5,354,まくり,0.0056,0.1893,0.4011,0.3192,0.0763,0.0085
3,2,6,213,まくり,0.0188,0.1925,0.4085,0.2864,0.0751,0.0188
3,4,1,368,まくり,0.0054,0.1141,0.4728,0.2989,0.1033,0.0054
3,4,2,295,まくり,0.0068,0.1525,0.5424,0.1695,0.0983,0.0305
3,4,5,310,まくり,0.0065,0.1226,0.6226,0.1290,0.0774,0.0419
3,4,6,223,まくり,0.0000,0.1166,0.6323,0.1300,0.0987,0.0224
3,5,1,278,まくり,0.0000,0.1115,0.5144,0.2518,0.1151,0.0072
3,5,2,228,まくり,0.0044,0.1667,0.6228,0.1491,0.0526,0.0044
3,5,4,200,まくり,0.0100,0.1700,0.5700,0.1700,0.0550,0.0250
3,5,6,183,まくり,0.0000,0.1366,0.6120,0.1749,0.0383,0.0383
3,6,1,150,まくり,0.0000,0.1467,0.4600,0.3333,0.0533,0.0067
3,6,2,97,まくり,0.0000,0.1546,0.6392,0.1443,0.0515,0.0103
3,6,4,115,まくり,0.0087,0.0870,0.6870,0.1652,0.0174,0.0348
3,6,5,80,まくり,0.0000,0.1625,0.6000,0.1625,0.0500,0.0250
4,1,2,431,まくり,0.0023,0.2691,0.3364,0.2715,0.1114,0.0093
4,1,3,348,差し,0.0029,0.3017,0.2902,0.3017,0.1034,0.0000
4,1,5,479,まくり差し,0.0042,0.1441,0.3820,0.3883,0.0793,0.0021
4,1,6,316,まくり,0.0000,0.1772,0.4114,0.3323,0.0759,0.0032
4,2,1,343,まくり,0.0000,0.3353,0.3878,0.1691,0.1050,0.0029
4,2,3,212,まくり,0.0047,0.3066,0.3538,0.2453,0.0708,0.0189
4,2,5,271,まくり,0.0037,0.1402,0.5203,0.2620,0.0517,0.0221
4,2,6,176,まくり,0.0114,0.2159,0.4432,0.2557,0.0511,0.0227
4,3,1,252,まくり,0.0000,0.2024,0.3770,0.3373,0.0794,0.0040
4,3,2,160,まくり差し,0.0063,0.2313,0.3250,0.3438,0.0500,0.0437
4,3,5,227,まくり差し,0.0000,0.1674,0.2819,0.4846,0.0485,0.0176
4,3,6,173,まくり,0.0000,0.1561,0.3873,0.3642,0.0405,0.0520
4,5,1,377,まくり,0.0027,0.0743,0.6711,0.2042,0.0451,0.0027
4,5,2,264,まくり,0.0038,0.0644,0.7159,0.1212,0.0606,0.0341
4,5,3,221,まくり,0.0000,0.1131,0.5566,0.2398,0.0814,0.0090
4,5,6,286,まくり,0.0000,0.0594,0.7028,0.1399,0.0524,0.0455
4,6,1,161,まくり,0.0000,0.0621,0.7516,0.1491,0.0373,0.0000
4,6,2,154,まくり,0.0000,0.1039,0.6623,0.1494,0.0584,0.0260
4,6,3,89,まくり,0.0000,0.0899,0.6067,0.2472,0.0225,0.0337
4,6,5,156,まくり,0.0000,0.0962,0.6795,0.1538,0.0192,0.0513
5,1,2,332,まくり差し,0.0000,0.0663,0.1898,0.6265,0.1114,0.0060
5,1,3,268,まくり差し,0.0000,0.0672,0.1194,0.7015,0.1119,0.0000
5,1,4,268,まくり差し,0.0075,0.0746,0.1530,0.6791,0.0858,0.0000
5,1,6,245,まくり差し,0.0000,0.0776,0.2082,0.6163,0.0776,0.0204
5,2,1,210,まくり差し,0.0000,0.1048,0.2810,0.4429,0.1667,0.0048
5,2,3,128,まくり差し,0.0078,0.1172,0.2344,0.5078,0.1172,0.0156
5,2,4,118,まくり差し,0.0000,0.1356,0.2373,0.4915,0.0847,0.0508
5,2,6,115,まくり差し,0.0000,0.1043,0.3217,0.4609,0.0957,0.0174
5,3,1,128,まくり差し,0.0000,0.1094,0.1875,0.5938,0.1094,0.0000
5,3,2,121,まくり差し,0.0000,0.1157,0.2066,0.5289,0.0744,0.0744
5,3,4,97,まくり差し,0.0000,0.0722,0.1443,0.5876,0.1546,0.0412
5,3,6,91,まくり差し,0.0000,0.1209,0.1868,0.5824,0.0659,0.0440
5,4,1,193,まくり差し,0.0052,0.0415,0.1710,0.7047,0.0777,0.0000
5,4,2,120,まくり差し,0.0000,0.0750,0.1167,0.7083,0.0500,0.0500
5,4,3,98,まくり差し,0.0000,0.1429,0.1531,0.5408,0.1020,0.0612
5,4,6,153,まくり差し,0.0000,0.0131,0.1242,0.7647,0.0719,0.0261
5,6,1,132,まくり,0.0076,0.0379,0.4924,0.3712,0.0455,0.0455
5,6,2,78,まくり,0.0000,0.1026,0.5769,0.2308,0.0513,0.0385
5,6,3,68,まくり,0.0000,0.0294,0.4265,0.4118,0.0588,0.0735
5,6,4,78,まくり,0.0000,0.0128,0.4359,0.4359,0.0769,0.0385
6,1,2,141,まくり差し,0.0000,0.1064,0.2837,0.4752,0.1277,0.0071
6,1,3,106,まくり差し,0.0094,0.0943,0.1981,0.5472,0.1226,0.0283
6,1,4,109,まくり差し,0.0000,0.0734,0.3303,0.4587,0.1376,0.0000
6,1,5,65,まくり差し,0.0000,0.0308,0.1846,0.5846,0.1692,0.0308
6,2,1,88,まくり差し,0.0000,0.1023,0.3636,0.3750,0.1364,0.0227
6,2,3,54,まくり差し,0.0000,0.1111,0.3519,0.3704,0.1296,0.0370
6,2,4,52,まくり,0.0000,0.1154,0.5577,0.2885,0.0385,0.0000
6,2,5,46,まくり差し,0.0000,0.1087,0.2826,0.5000,0.1087,0.0000
6,3,1,69,まくり,0.0000,0.1014,0.3623,0.3623,0.1449,0.0290
6,3,2,43,まくり差し,0.0000,0.1628,0.3488,0.3953,0.0698,0.0233
6,3,4,45,まくり差し,0.0000,0.2222,0.1333,0.4667,0.1333,0.0444
6,3,5,42,まくり差し,0.0000,0.0952,0.3571,0.3810,0.1190,0.0476
6,4,1,60,まくり差し,0.0000,0.0833,0.3333,0.5000,0.0833,0.0000
6,4,2,52,まくり差し,0.0192,0.1154,0.1923,0.5000,0.1538,0.0192
6,4,3,39,まくり差し,0.0256,0.1538,0.3077,0.3333,0.1282,0.0513
6,4,5,47,まくり差し,0.0000,0.2128,0.1489,0.4468,0.1702,0.0213
6,5,1,55,まくり差し,0.0000,0.1091,0.1818,0.6000,0.0727,0.0364
6,5,2,33,まくり差し,0.0000,0.0606,0.4242,0.4545,0.0606,0.0000
6,5,3,26,まくり差し,0.0000,0.0769,0.3462,0.4231,0.1538,0.0000
6,5,4,38,まくり差し,0.0000,0.0526,0.3684,0.4211,0.0789,0.0789
