場コード,1着コース,2着コース,3着コース,n,確率
00,1,2,3,3689,0.132927
00,1,2,4,2649,0.095453
00,1,2,5,1928,0.069472
00,1,2,6,1235,0.044501
00,1,3,2,2798,0.100822
00,1,3,4,2316,0.083453
00,1,3,5,1693,0.061005
00,1,3,6,1110,0.039997
00,1,4,2,1774,0.063923
00,1,4,3,1430,0.051528
00,1,4,5,1157,0.041691
00,1,4,6,844,0.030412
00,1,5,2,1119,0.040321
00,1,5,3,1021,0.036790
00,1,5,4,791,0.028502
00,1,5,6,505,0.018197
00,1,6,2,557,0.020071
00,1,6,3,471,0.016972
00,1,6,4,377,0.013585
00,1,6,5,288,0.010378
00,2,1,3,1048,0.153959
00,2,1,4,866,0.127222
00,2,1,5,639,0.093874
00,2,1,6,395,0.058029
00,2,3,1,498,0.073160
00,2,3,4,447,0.065668
00,2,3,5,356,0.052299
00,2,3,6,226,0.033201
00,2,4,1,368,0.054062
00,2,4,3,332,0.048773
00,2,4,5,243,0.035699
00,2,4,6,196,0.028794
00,2,5,1,252,0.037021
00,2,5,3,213,0.031291
00,2,5,4,196,0.028794
00,2,5,6,117,0.017188
00,2,6,1,129,0.018951
00,2,6,3,116,0.017041
00,2,6,4,90,0.013222
00,2,6,5,80,0.011753
00,3,1,2,688,0.107786
00,3,1,4,792,0.124080
00,3,1,5,678,0.106220
00,3,1,6,396,0.062040
00,3,2,1,343,0.053736
00,3,2,4,392,0.061413
00,3,2,5,354,0.055460
00,3,2,6,213,0.033370
00,3,4,1,368,0.057653
00,3,4,2,295,0.046217
00,3,4,5,310,0.048567
00,3,4,6,223,0.034937
00,3,5,1,278,0.043553
00,3,5,2,228,0.035720
00,3,5,4,200,0.031333
00,3,5,6,183,0.028670
00,3,6,1,150,0.023500
00,3,6,2,97,0.015197
00,3,6,4,115,0.018017
00,3,6,5,80,0.012533
00,4,1,2,431,0.084576
00,4,1,3,348,0.068289
00,4,1,5,479,0.093995
00,4,1,6,316,0.062009
00,4,2,1,343,0.067308
00,4,2,3,212,0.041601
00,4,2,5,271,0.053179
00,4,2,6,176,0.034537
00,4,3,1,252,0.049451
00,4,3,2,160,0.031397
00,4,3,5,227,0.044545
00,4,3,6,173,0.033948
00,4,5,1,377,0.073980
00,4,5,2,264,0.051805
00,4,5,3,221,0.043367
00,4,5,6,286,0.056122
00,4,6,1,161,0.031593
00,4,6,2,154,0.030220
00,4,6,3,89,0.017465
00,4,6,5,156,0.030612
00,5,1,2,332,0.109175
00,5,1,3,268,0.088129
00,5,1,4,268,0.088129
00,5,1,6,245,0.080566
00,5,2,1,210,0.069056
00,5,2,3,128,0.042091
00,5,2,4,118,0.038803
00,5,2,6,115,0.037817
00,5,3,1,128,0.042091
00,5,3,2,121,0.039790
00,5,3,4,97,0.031897
00,5,3,6,91,0.029924
00,5,4,1,193,0.063466
00,5,4,2,120,0.039461
00,5,4,3,98,0.032226
00,5,4,6,153,0.050312
00,5,6,1,132,0.043407
00,5,6,2,78,0.025649
00,5,6,3,68,0.022361
00,5,6,4,78,0.025649
00,6,1,2,141,0.116529
00,6,1,3,106,0.087603
00,6,1,4,109,0.090083
00,6,1,5,65,0.053719
00,6,2,1,88,0.072727
00,6,2,3,54,0.044628
00,6,2,4,52,0.042975
00,6,2,5,46,0.038017
00,6,3,1,69,0.057025
00,6,3,2,43,0.035537
00,6,3,4,45,0.037190
00,6,3,5,42,0.034711
00,6,4,1,60,0.049587
00,6,4,2,52,0.042975
00,6,4,3,39,0.032231
00,6,4,5,47,0.038843
00,6,5,1,55,0.045455
00,6,5,2,33,0.027273
00,6,5,3,26,0.021488
00,6,5,4,38,0.031405
