レースコード,予想1着,予想2着,予想3着
202601282401,1,2,3
202601282402,1,2,3
202601282403,1,2,3
202601282404,1,2,3
202601282405,1,2,3
202601282406,1,2,3
202601282407,1,2,3
202601282408,1,2,3
202601282409,1,2,3
202601282410,1,2,3
202601282411,1,2,3
202601282412,1,2,3
202601280101,4,2,1
202601280102,4,2,1
202601280103,1,4,2
202601280104,4,2,3
202601280105,4,2,1
202601280106,4,2,3
202601280107,4,2,3
202601280108,2,1,4
202601280109,2,4,1
202601280110,4,1,2
202601280111,1,2,4
202601280112,1,2,4
202601282203,3,1,2
202601282212,3,1,2
202601282101,3,6,1
202601282102,3,6,1
202601282103,6,1,3
202601282104,3,6,1
202601282105,3,6,1
202601282106,1,3,6
202601282107,3,6,1
202601282108,3,6,1
202601282109,3,6,1
202601282110,1,3,6
202601282111,3,1,6
202601282112,3,6,1
202601281901,1,2,6
202601281902,1,2,6
202601281903,1,6,2
202601281904,1,2,6
202601281905,1,2,5
202601281906,1,2,5
202601281907,1,2,3
202601281908,1,2,6
202601281909,1,6,4
202601281910,1,2,5
202601281911,1,2,3
202601281912,1,6,2
202601281201,1,2,3
202601281202,1,2,3
202601281203,1,2,3
202601281204,1,2,3
202601281205,1,2,3
202601281206,1,4,6
202601281207,1,2,3
202601281208,1,2,3
202601281209,1,2,3
202601281210,1,2,3
202601281211,1,2,3
202601281212,1,2,3
202601281101,5,1,3
202601281102,5,1,2
202601281104,5,2,1
202601281105,5,1,3
202601281106,5,1,2
202601281107,5,1,3
202601281108,1,5,2
202601281109,5,1,2
202601281110,1,5,2
202601281111,5,1,3
202601281112,5,1,2
202601280901,1,3,2
202601280902,3,1,2
202601280903,1,3,2
202601280904,1,3,2
202601280905,1,3,2
202601280906,3,1,2
202601280907,3,1,2
202601280908,3,1,2
202601280909,1,3,2
202601280910,1,3,2
202601280911,1,3,2
202601280912,1,3,2
202601280701,1,2,6
202601280702,1,3,2
202601280703,1,2,3
202601280704,1,2,6
202601280705,1,2,5
202601280706,1,3,2
202601280707,1,3,2
202601280708,1,3,2
202601280709,1,3,2
202601280710,1,2,3
202601280711,1,2,3
202601280712,1,2,5
202601280601,1,2,3
202601280602,1,2,3
202601280603,1,2,6
202601280604,1,2,5
202601280605,1,2,3
202601280606,1,2,3
202601280607,1,2,3
202601280608,1,2,3
202601280609,1,2,3
202601280610,1,2,3
202601280611,1,2,3
202601280612,1,2,3
202601280501,1,2,3
202601280502,1,2,3
202601280503,2,1,3
202601280504,1,2,3
202601280505,1,2,3
202601280506,1,2,3
202601280507,2,1,3
202601280508,1,2,3
202601280509,1,2,3
202601280510,1,2,3
202601280511,1,2,3
202601280512,1,2,3
202601280301,1,2,3
202601280302,1,2,3
202601280303,1,2,3
202601280304,1,2,3
202601280305,1,2,4
202601280306,1,2,3
202601280307,1,2,3
202601280308,2,1,3
202601280309,1,2,3
202601280310,1,2,3
202601280311,1,2,3
202601280312,1,2,3
