レースコード,レース日,レース場,レース回,締切時刻,取得日時,結果記録時刻,決まり手,1着_艇番,1着_選手名,1着_レースタイム,2着_艇番,2着_選手名,2着_レースタイム,3着_艇番,3着_選手名,3着_レースタイム,4着_艇番,4着_選手名,4着_レースタイム,5着_艇番,5着_選手名,5着_レースタイム,6着_艇番,6着_選手名,6着_レースタイム,1コース_艇番,1コース_スタートタイミング,1コース_F,2コース_艇番,2コース_スタートタイミング,2コース_F,3コース_艇番,3コース_スタートタイミング,3コース_F,4コース_艇番,4コース_スタートタイミング,4コース_F,5コース_艇番,5コース_スタートタイミング,5コース_F,6コース_艇番,6コース_スタートタイミング,6コース_F,天候,風向,風速(m),波の高さ(cm),気温(℃),水温(℃)
202608222101,2026-08-22,21,01R,08:32,2026-08-22T08:48:26.499967+09:00,0835,まくり,3,橋本　　年光,"1'49""4",4,杉山　　太陽,"1'50""6",1,岡田　　憲行,"1'51""9",2,渡辺　　　豊,"1'53""4",5,奥平　　拓也,,6,宇土　　泰就,,1,0.11,,2,0.11,,3,0.05,,4,0.03,,5,0.05,,6,0.12,,1,,0.0,1.0,30.8,31.2
202608222301,2026-08-22,23,01R,08:44,2026-08-22T09:00:49.763524+09:00,0848,逃　げ,1,坂元　　浩仁,"1'49""4",2,笠　　　雅雄,"1'50""5",4,鈴木　　智啓,"1'52""7",6,向所　　浩二,"1'54""0",5,今泉　　博人,"1'55""0",3,小川　日紀太,"1'57""3",1,0.17,,2,0.17,,3,0.28,,4,0.15,,6,0.17,,5,0.22,,1,,0.0,1.0,30.0,30.0
202608222102,2026-08-22,21,02R,08:58,2026-08-22T09:12:31.846143+09:00,0901,まくり差し,5,川添　　英正,"1'49""9",4,古賀　　繁輝,"1'50""9",1,佐々木　和伸,"1'52""9",6,中島　　友和,"1'54""1",3,小澤　　　学,,2,福西　広太郎,,1,0.17,,2,0.17,,3,0.25,,4,0.08,,5,0.08,,6,0.03,,1,3,1.0,1.0,31.4,31.2
202608222302,2026-08-22,23,02R,09:10,2026-08-22T09:26:29.040539+09:00,0914,逃　げ,1,佐藤　　大佑,"1'50""4",3,飯田　　庄吾,"1'51""8",2,山田　　　丈,"1'53""4",5,安藤　　裕貴,"1'54""0",4,富田　　恕生,"1'55""8",6,中野　　和裕,"1'57""0",1,0.13,,2,0.13,,3,0.21,,4,0.18,,5,0.21,,6,0.21,,1,,0.0,1.0,30.0,30.0
202608222103,2026-08-22,21,03R,09:24,2026-08-22T09:40:26.437588+09:00,0927,逃　げ,1,中村　　辰也,"1'48""4",2,加藤　　政彦,"1'49""9",3,山本　　隆幸,"1'51""3",5,岩崎　　正哉,"1'52""0",6,西村　　仁吾,,4,黒田　　　剛,,1,0.15,,2,0.14,,3,0.16,,4,0.33,,5,0.19,,6,0.35,,1,3,2.0,2.0,32.2,31.3
202608222303,2026-08-22,23,03R,09:36,2026-08-22T09:52:29.933226+09:00,0940,逃　げ,1,永田　　秀二,"1'49""2",2,大町　　利克,"1'51""2",3,吉武　　真也,"1'53""0",4,中村　　泰平,"1'55""5",5,花田　　和明,"1'56""1",6,吉川　　颯汰,"1'57""4",1,0.16,,2,0.1,,3,0.13,,4,0.11,,5,0.15,,6,0.1,,1,2,1.0,1.0,31.0,30.0
202608222104,2026-08-22,21,04R,09:50,2026-08-22T10:06:34.263533+09:00,0953,逃　げ,1,林　　　美憲,"1'50""7",2,萩原　　知哉,"1'51""4",5,溝口　海義也,"1'52""1",4,藤山　　雅弘,"1'54""3",6,八戸　　琉楓,,3,眞鳥　　章太,,1,0.17,,2,0.17,,3,0.18,,4,0.13,,5,0.16,,6,0.22,,1,3,2.0,2.0,32.0,31.4
202608222304,2026-08-22,23,04R,10:02,2026-08-22T10:20:30.373001+09:00,1006,まくり差し,6,西野　　雄貴,"1'49""7",5,乙藤　　智史,"1'51""9",2,杢野　　誓良,"1'53""4",3,横田　　貴満,"1'54""7",4,山口　　修路,"1'56""1",1,河合　　三弘,"1'57""8",1,0.11,,2,0.11,,3,0.12,,4,0.12,,5,0.05,,6,0.05,,1,2,3.0,3.0,30.0,30.0
202608222105,2026-08-22,21,05R,10:20,2026-08-22T10:36:31.336460+09:00,1023,逃　げ,1,池永　　　太,"1'49""9",2,橋本　　年光,"1'50""5",6,島川　　光男,"1'51""4",4,大平　誉史明,"1'52""3",3,山谷　　　央,,5,前田　健太郎,,1,0.14,,2,0.14,,3,0.21,,4,0.12,,5,0.1,,6,0.06,,1,3,3.0,3.0,32.4,31.4
202608222305,2026-08-22,23,05R,10:28,2026-08-22T10:46:26.882969+09:00,1032,まくり差し,3,仲　　　航太,"1'49""6",1,末永　　由楽,"1'51""5",4,笠　　　雅雄,"1'52""9",6,藤原　啓史朗,"1'54""2",2,浦田　　信義,"1'56""2",5,山下　　拓巳,"1'58""7",1,0.07,,2,0.15,,3,0.07,,4,0.13,,5,0.15,,6,0.15,,1,2,3.0,3.0,31.0,30.0
202608220801,2026-08-22,08,01R,10:30,2026-08-22T10:50:29.876210+09:00,1034,逃　げ,1,谷野　　錬志,"1'50""2",4,鈴木　　裕隆,"1'52""1",2,伊藤　　啓三,"1'53""5",3,永田　　義紘,"1'55""5",5,田中　　宏典,,6,山田　　真聖,,1,0.13,,2,0.1,,3,0.2,,4,0.18,,5,0.19,,6,0.2,,1,6,3.0,1.0,29.0,30.0
202608220201,2026-08-22,02,01R,10:47,2026-08-22T11:04:29.987768+09:00,1050,逃　げ,1,加藤　　高史,"1'49""8",5,竹内　　　来,"1'51""5",3,黄金井　力良,"1'51""7",4,中村　　　楓,"1'54""3",2,江藤　　敦宏,,6,山本　稔太朗,,1,0.15,,2,0.19,,3,0.16,,4,0.21,,5,0.2,,6,0.18,,1,1,1.0,1.0,29.0,29.0
202608222106,2026-08-22,21,06R,10:50,2026-08-22T11:06:28.791977+09:00,1053,逃　げ,1,竹田　　広樹,"1'48""6",2,重木　　輝彦,"1'49""5",3,古川　　　健,"1'52""0",4,草場　　康幸,"1'53""3",5,平石　　和男,,6,浅見　　昌克,,1,0.12,,2,0.08,,3,0.05,,4,0.17,,5,0.17,,6,0.14,,1,3,4.0,4.0,32.8,31.5
202608221601,2026-08-22,16,01R,10:52,2026-08-22T11:08:36.549437+09:00,1055,逃　げ,1,長尾　　萌加,"1'50""1",4,根岸　　真優,"1'52""0",2,高田　　　綾,"1'52""8",6,前原　　　哉,"1'54""5",3,西澤　日花里,,5,中西　　月輝,,1,0.14,,2,0.13,,3,0.16,,4,0.07,,6,0.11,,5,0.09,,1,4,1.0,1.0,30.0,30.0
202608220802,2026-08-22,08,02R,10:58,2026-08-22T11:18:31.638570+09:00,1102,まくり,2,佐藤　　　航,"1'50""2",5,徳増　　秀樹,"1'52""4",4,町田　　洸希,"1'53""2",3,馬野　　　耀,"1'53""8",6,村岡　　　賢,,1,川崎　　智稔,,1,0.54,,2,0.3,,3,0.29,,5,0.26,,6,0.34,,4,0.36,,1,6,2.0,1.0,29.0,31.0
202608222306,2026-08-22,23,06R,11:01,2026-08-22T11:18:31.638570+09:00,1105,まくり差し,4,河野　　　大,"1'50""2",1,池本　　輝明,"1'52""3",2,福田　　翔吾,"1'53""9",5,山下　　昂大,"1'55""5",3,土井　　祥伍,"1'57""8",6,今泉　　博人,"1'57""9",1,0.13,,2,0.12,,3,0.15,,4,0.15,,5,0.16,,6,0.14,,1,2,4.0,4.0,31.0,30.0
202608220301,2026-08-22,03,01R,11:14,2026-08-22T11:32:30.728252+09:00,1117,逃　げ,1,大塚　　雅治,"1'51""4",3,重富　　伸也,"1'53""2",4,多田　　有佑,"1'55""0",2,川辺　　郭人,"1'56""3",5,野田　　昇吾,,6,栗原　　一馬,,1,0.16,,2,0.25,,3,0.19,,4,0.14,,5,0.11,,6,0.18,,2,5,2.0,5.0,29.0,28.0
202608220202,2026-08-22,02,02R,11:16,2026-08-22T11:32:30.728252+09:00,1119,まくり,2,赤羽　　克也,"1'49""8",3,佐竹　　友樹,"1'51""6",6,野中　　義生,"1'52""4",4,浜崎　　準也,"1'52""8",5,山本　　英志,,1,中島　　　航,,1,0.16,,2,0.15,,3,0.18,,4,0.19,,5,0.12,,6,0.13,,1,1,1.0,1.0,30.0,29.0
202608222107,2026-08-22,21,07R,11:20,2026-08-22T11:36:22.181251+09:00,1123,逃　げ,1,中渡　　修作,"1'49""2",2,秋田　健太郎,"1'51""3",5,加藤　　政彦,"1'51""8",3,渡辺　　　豊,"1'53""2",6,小野　　京平,,4,小林　　礼央,,1,0.15,,2,0.15,,3,0.14,,4,0.14,,5,0.13,,6,0.18,,1,3,4.0,4.0,33.4,31.7
202608221602,2026-08-22,16,02R,11:24,2026-08-22T11:42:23.620891+09:00,1128,まくり,3,南　　　彩寧,"1'50""6",5,田口　　節子,"1'51""5",4,山本　　梨菜,"1'53""2",1,藤本　紗弥香,"1'53""4",6,若狭　奈美子,,2,村上　　奈穂,,1,0.15,,2,0.18,,3,0.13,,4,0.17,,5,0.19,,6,0.19,,1,4,2.0,3.0,31.0,30.0
202608220803,2026-08-22,08,03R,11:28,2026-08-22T11:46:24.502635+09:00,1133,まくり差し,4,一柳　　和孝,"1'51""2",1,松本　　一毅,"1'52""6",6,藤原　　孝斗,"1'53""9",3,川原　　祐明,"1'54""7",5,久永　　祥平,,2,峰重　　力也,,1,0.18,,2,0.24,,3,0.25,,4,0.15,,5,0.16,,6,0.17,,1,6,3.0,1.0,30.0,31.0
202608222307,2026-08-22,23,07R,11:32,2026-08-22T11:46:24.502635+09:00,1136,逃　げ,1,寳田　　亮治,"1'50""5",2,山本　景士郎,"1'52""3",6,高田　　　明,"1'53""5",3,富田　　恕生,"1'54""5",4,吉武　　真也,"1'55""9",5,上田　　健太,"1'55""9",1,0.17,,2,0.19,,3,0.16,,4,0.17,,6,0.12,,5,0.12,,1,2,4.0,4.0,31.0,30.0
202608220601,2026-08-22,06,01R,11:35,2026-08-22T11:52:21.792052+09:00,1139,逃　げ,1,渥美　　卓郎,"1'52""7",2,小畑　　実成,"1'54""5",4,松井　　賢治,"1'55""5",3,坂井　　康嗣,"1'57""2",5,仲本　　　舜,,6,成田　　華音,,1,0.24,,2,0.24,,3,0.25,,5,0.29,,4,0.28,,6,0.3,,1,5,5.0,3.0,29.0,30.0
202608220302,2026-08-22,03,02R,11:41,2026-08-22T12:00:42.391115+09:00,1144,まくり,2,富永　夏哉人,"1'51""7",6,川原　　　涼,"1'53""6",3,山崎　　聖司,"1'55""4",4,熊本　　英一,"1'56""5",5,藤井　　公人,,1,表　　　健太,,1,0.18,,2,0.08,,3,0.12,,4,0.17,,5,0.11,,6,0.12,,2,5,2.0,5.0,29.0,28.0
202608220203,2026-08-22,02,03R,11:45,2026-08-22T12:00:42.391115+09:00,1148,逃　げ,1,近藤　　友宝,"1'50""3",6,吉村　　　誠,"1'51""8",4,川上　　　剛,"1'53""8",2,妹尾　　忠幸,"1'54""2",3,大江　　　純,,5,内山　　文典,,1,0.09,,2,0.18,,3,0.05,,4,0.29,,5,0.18,,6,0.12,,2,1,2.0,1.0,30.0,29.0
202608222108,2026-08-22,21,08R,11:51,2026-08-22T12:08:29.980499+09:00,1154,まくり,6,岩崎　　正哉,"1'56""5",3,宮脇　　遼太,"2'00""8",5,福西　広太郎,"2'03""1",2,津留　浩一郎,"2'05""3",1,奥平　　拓也,,,,,1,0.26,,2,0.29,,3,0.37,,6,0.18,,4,0.19,,5,0.16,,1,3,3.0,3.0,33.9,31.9
202608221603,2026-08-22,16,03R,11:53,2026-08-22T12:10:33.627833+09:00,1156,逃　げ,1,真子　奈津実,"1'50""3",2,堀之内紀代子,"1'51""8",5,倉持　　莉々,"1'53""4",6,藤原　　早菜,"1'54""5",4,戸田　海咲音,,3,中村　かなえ,,1,0.12,,2,0.18,,3,0.16,,5,0.05,,6,0.05,,4,0.1,,1,4,2.0,3.0,31.0,30.0
202608220401,2026-08-22,04,01R,11:55,2026-08-22T12:12:32.937608+09:00,1158,まくり,5,飯山　　　泰,"1'50""7",2,松下　　直也,"1'52""0",1,伊倉　　　光,"1'54""2",6,松下　　哲也,"1'56""2",3,宮崎　　奏磨,,4,長尾　京志郎,,1,0.19,,2,0.23,,3,0.28,,4,0.2,,5,0.11,,6,0.25,,2,5,1.0,3.0,30.0,29.0
202608220804,2026-08-22,08,04R,11:57,2026-08-22T12:14:35.633945+09:00,1202,まくり差し,6,杉山　　裕也,"1'50""5",4,山本　　寛久,"1'52""1",2,今泉　　友吾,"1'53""0",5,青木　　　蓮,"1'54""7",3,佐々木　英樹,,1,小林　　遼太,,1,0.18,,2,0.14,,3,0.15,,4,0.08,,5,0.02,,6,0.07,,1,6,2.0,1.0,30.0,31.0
202608220602,2026-08-22,06,02R,12:00,2026-08-22T12:14:35.633945+09:00,1204,まくり差し,3,岸本　　　隆,"1'52""1",1,野見山　拓己,"1'53""5",2,外崎　　　悟,"1'54""7",4,鈴木　　　猛,"1'55""5",5,鈴谷　　一平,,6,山田　　佑樹,,1,0.17,,2,0.27,,3,0.24,,4,0.24,,5,0.24,,6,0.23,,1,5,5.0,3.0,29.0,30.0
202608222308,2026-08-22,23,08R,12:03,2026-08-22T12:20:28.478583+09:00,1207,逃　げ,1,鈴木　　智啓,"1'51""0",6,平尾　　崇典,"1'52""7",4,安藤　　裕貴,"1'54""0",2,小川　日紀太,"1'55""1",3,河合　　三弘,"1'55""2",5,吉川　　颯汰,"1'57""1",1,0.09,,6,0.29,,2,0.11,,4,0.05,,3,0.16,,5,0.29,,1,2,4.0,4.0,32.0,30.0
202608220303,2026-08-22,03,03R,12:08,2026-08-22T12:26:39.041753+09:00,1211,抜　き,3,倉尾　　大介,"1'53""4",1,宇野　　博之,"1'53""4",5,藤井　　太雅,"1'56""3",2,吉川　　勇作,"1'57""4",6,森　　　智哉,,4,竹井　　貴史,,1,0.05,,2,0.08,,3,0.11,,4,0.16,,5,0.19,,6,0.25,,2,5,2.0,5.0,30.0,28.0
202608220204,2026-08-22,02,04R,12:14,2026-08-22T12:28:30.524372+09:00,1217,まくり,3,東本　　勝利,"1'50""0",2,吉島　　祥之,"1'51""0",6,三川　　昂暁,"1'52""9",4,前原　　大道,"1'54""0",1,乃村　　康友,,5,木山　　大聖,,1,0.22,,2,0.2,,3,0.15,,4,0.09,,5,0.17,,6,0.12,,1,1,2.0,1.0,30.0,29.0
202608222201,2026-08-22,22,01R,12:18,2026-08-22T12:36:24.424767+09:00,1221,逃　げ,1,江夏　　　満,"1'51""6",3,宮本　　夏樹,"1'53""0",2,齊藤　　　優,"1'55""5",5,守屋　　大地,"1'56""8",6,杉田　　篤光,,4,藤森　　拓海,,1,0.1,,2,0.2,,3,0.15,,4,0.17,,5,0.19,,6,0.32,,1,1,2.0,2.0,32.0,27.0
202608221604,2026-08-22,16,04R,12:22,2026-08-22T12:38:28.469733+09:00,1226,逃　げ,1,渡邉　真奈美,"1'50""3",2,小野　　　桜,"1'52""1",5,喜井　つかさ,"1'53""8",3,武井　莉里佳,"1'54""8",4,濱崎　寿里矢,,,,,1,0.15,,2,0.13,,3,0.09,,4,0.06,,5,0.01,,6,-0.02,F,1,4,2.0,3.0,31.0,30.0
202608220402,2026-08-22,04,02R,12:24,2026-08-22T12:42:28.492038+09:00,1227,逃　げ,1,岡村　　慶太,"1'50""6",2,三品　　隆浩,"1'52""7",6,岩橋　　裕馬,"1'54""6",5,浮田　　圭浩,"1'55""5",3,村本　　大成,,4,栗原　　謙治,,1,0.09,,2,0.16,,3,0.16,,4,0.18,,5,0.18,,6,0.08,,2,5,2.0,3.0,30.0,29.0
202608222109,2026-08-22,21,09R,12:27,2026-08-22T12:42:28.492038+09:00,1230,差　し,2,古賀　　繁輝,"1'49""2",1,上野　　秀和,"1'50""0",5,宇土　　泰就,"1'52""2",3,黒田　　　剛,"1'52""8",4,萩原　　知哉,,6,大平　誉史明,,1,0.12,,2,0.09,,3,0.13,,4,0.12,,5,0.12,,6,0.2,,1,3,4.0,4.0,34.7,32.1
202608220603,2026-08-22,06,03R,12:29,2026-08-22T12:46:33.232170+09:00,1233,抜　き,2,坪口　　竜也,"1'52""4",4,北川　　潤二,"1'53""9",1,浅井　　　翼,"1'54""6",3,田川　　大貴,"1'55""5",6,大塚　　浩二,,5,中野　　夢斗,,1,0.14,,4,0.11,,2,0.2,,3,0.18,,6,0.17,,5,0.09,,1,5,5.0,3.0,29.0,30.0
202608222309,2026-08-22,23,09R,12:33,2026-08-22T12:48:24.152150+09:00,1237,まくり,3,山下　　拓巳,"1'51""2",1,杢野　　誓良,"1'52""8",2,花田　　和明,"1'53""4",5,山田　　　丈,"1'55""8",6,寺島　　吉彦,"1'57""5",4,照屋　　厚仁,"1'59""6",1,0.09,,2,0.11,,3,0.11,,4,0.11,,5,0.17,,6,0.24,,1,2,5.0,5.0,32.0,30.0
202608220805,2026-08-22,08,05R,12:31,2026-08-22T12:50:35.871890+09:00,1236,逃　げ,1,小原　　聡将,"1'50""5",6,上之　　晃弘,"1'52""0",5,渡邉　　和将,"1'52""8",3,作間　　　章,"1'55""2",2,柴田　　大輔,,4,石田　　勇斗,,1,0.19,,2,0.18,,3,0.17,,5,0.18,,6,0.16,,4,0.2,,1,6,3.0,1.0,31.0,31.0
202608220304,2026-08-22,03,04R,12:35,2026-08-22T12:54:26.862446+09:00,1238,抜　き,4,前田　　将太,"1'53""0",5,荒木　　颯斗,"1'55""0",3,金子　　龍斗,"1'56""8",1,森下　　　勇,"1'56""8",6,佐野　　優都,,2,八木　　治樹,,1,0.05,,2,0.03,,3,0.13,,4,0.11,,5,0.08,,6,0.25,,2,5,3.0,5.0,30.0,28.0
202608220205,2026-08-22,02,05R,12:44,2026-08-22T13:00:28.528902+09:00,1247,まくり,4,常住　　　蓮,"1'49""5",5,高橋　　　勲,"1'50""6",6,鳥本　　智史,"1'53""9",2,堂原　　洋史,"1'53""9",1,永嶋　　裕一,,3,加藤　　高史,,1,0.11,,2,0.11,,3,0.23,,4,0.08,,5,0.05,,6,0.25,,2,1,1.0,1.0,31.0,29.0
202608222202,2026-08-22,22,02R,12:48,2026-08-22T13:04:33.311480+09:00,1251,差　し,3,鈴木　　勝博,"1'51""4",2,山川　　雄大,"1'53""4",5,村上　　功祐,"1'54""9",4,郷原　　章平,"1'55""8",6,芹澤　　克彦,,1,柴田　　友和,,1,0.3,,2,0.27,,3,0.24,,4,0.17,,5,0.17,,6,0.26,,1,1,2.0,2.0,32.0,27.0
202608221605,2026-08-22,16,05R,12:52,2026-08-22T13:08:35.976476+09:00,1255,逃　げ,1,米丸　　乃絵,"1'49""8",4,土屋　　千明,"1'51""5",3,西岡　　育未,"1'53""3",2,瀧川　　千依,"1'54""1",5,土屋　　　南,,6,恵良　　琴美,,1,0.2,,2,0.18,,3,0.12,,4,0.12,,5,0.11,,6,0.11,,1,4,2.0,3.0,31.0,30.0
202608220403,2026-08-22,04,03R,12:54,2026-08-22T13:12:34.786568+09:00,1257,恵まれ,5,小川　竜太朗,"1'50""4",6,菊地　　孝平,"1'51""1",2,佐口　　達也,"1'54""3",4,立間　　充宏,"1'57""0",,,,,,,1,-0.02,F,2,0.06,,3,-0.01,F,4,0.18,,5,0.07,,6,0.07,,2,5,3.0,3.0,30.0,29.0
202608220806,2026-08-22,08,06R,12:57,2026-08-22T13:14:26.073576+09:00,1302,抜　き,1,渡辺　　浩司,"1'50""0",2,濱本　　優一,"1'51""1",5,鈴木　　裕隆,"1'53""6",6,大場　　　敏,"1'55""0",3,山本　　浩輔,,4,佐藤　　太亮,,1,0.12,,2,0.13,,3,0.25,,4,0.32,,5,0.25,,6,0.2,,1,6,4.0,2.0,31.0,31.0
202608220604,2026-08-22,06,04R,12:59,2026-08-22T13:14:26.073576+09:00,1303,逃　げ,1,中辻　　崇人,"1'53""1",2,中里　　昌志,"1'54""5",3,内田　　　圭,"1'56""4",5,花田　　凱成,"1'57""2",6,松浦　　　勝,,4,齋藤　　智裕,,1,0.31,,2,0.32,,3,0.3,,4,0.25,,5,0.23,,6,0.24,,1,5,5.0,3.0,29.0,30.0
202608220305,2026-08-22,03,05R,13:02,2026-08-22T13:20:24.266215+09:00,1305,まくり,4,原田　才一郎,"1'52""4",1,松下　　誉士,"1'54""8",5,三木　　晴斗,"1'55""8",3,栗原　　一馬,"1'56""0",6,黒柳　　浩孝,,2,岡　　　暢祐,,1,0.13,,2,0.14,,3,0.09,,4,0.09,,5,0.11,,6,0.12,,2,5,2.0,5.0,30.0,28.0
202608222110,2026-08-22,21,10R,13:04,2026-08-22T13:20:24.266215+09:00,1307,まくり差し,3,吉田　　　光,"1'49""3",1,藤山　　雅弘,"1'50""8",4,本岡　　勝利,"1'52""0",2,池永　　　太,"1'53""1",6,平石　　和男,,5,中島　　友和,,1,0.18,,2,0.17,,3,0.27,,4,0.26,,5,0.21,,6,0.26,,1,3,5.0,5.0,34.8,32.3
202608222310,2026-08-22,23,10R,13:08,2026-08-22T13:24:35.645778+09:00,1312,逃　げ,1,西野　　雄貴,"1'49""5",2,中村　　泰平,"1'51""7",3,山下　　昂大,"1'52""9",5,坂元　　浩仁,"1'53""8",4,浦田　　信義,"1'54""2",6,永田　　秀二,"1'55""4",1,0.11,,2,0.17,,3,0.16,,4,0.12,,5,0.13,,6,0.09,,1,2,5.0,5.0,32.0,30.0
202608220206,2026-08-22,02,06R,13:14,2026-08-22T13:30:31.363297+09:00,1317,差　し,4,尾嶋　　一広,"1'50""5",5,若林　　義人,"1'51""9",6,柴田　　朋哉,"1'53""5",3,中島　　　航,"1'54""7",2,鈴木　　賢一,,1,本吉　　正樹,,1,0.16,,2,0.18,,3,0.14,,4,0.19,,5,0.19,,6,0.07,,2,1,1.0,1.0,31.0,29.0
202608222203,2026-08-22,22,03R,13:18,2026-08-22T13:36:25.458871+09:00,1321,まくり,5,橋本　　久和,"1'51""6",1,川島　　拓郎,"1'53""2",3,深川　　真二,"1'55""1",6,吉原　　快誓,"1'56""9",2,中山　　雄太,,4,嘉手苅　徹哉,,1,0.17,,2,0.2,,3,0.28,,4,0.23,,5,0.16,,6,0.14,,1,1,2.0,2.0,32.0,27.0
202608221606,2026-08-22,16,06R,13:22,2026-08-22T13:40:35.877282+09:00,1325,逃　げ,1,安井　　瑞紀,"1'50""4",5,三浦　　永理,"1'51""4",2,南　　　彩寧,"1'53""5",3,根岸　　真優,"1'54""8",4,海野　ゆかり,,6,星田　　夢結,,1,0.18,,2,0.19,,3,0.17,,4,0.16,,5,0.14,,6,0.16,,1,4,3.0,3.0,31.0,30.0
202608220404,2026-08-22,04,04R,13:24,2026-08-22T13:40:35.877282+09:00,1327,逃　げ,1,山地　　正樹,"1'51""8",6,中野　　次郎,"1'53""1",4,福来　　　剛,"1'53""6",2,畔柳　　俊吾,"1'55""0",5,上原　健次郎,,3,豊田　　訓靖,,1,0.17,,2,0.18,,3,0.15,,4,0.14,,5,0.13,,6,0.14,,2,5,2.0,3.0,30.0,29.0
202608220807,2026-08-22,08,07R,13:27,2026-08-22T13:46:35.997454+09:00,1332,逃　げ,1,町田　　洸希,"1'50""4",3,宮武　　英司,"1'52""3",4,登玉　　隼百,"1'53""4",5,赤岩　　善生,"1'53""6",2,武富　　智亮,,6,伊藤　　啓三,,1,0.19,,5,0.17,,2,0.13,,3,0.16,,4,0.22,,6,0.16,,1,6,3.0,1.0,32.0,32.0
202608220306,2026-08-22,03,06R,13:29,2026-08-22T13:48:26.297601+09:00,1332,逃　げ,1,片岡　　秀樹,"1'53""0",2,多田　　有佑,"1'54""0",6,眞鳥　　康太,"1'55""2",4,田村　　隆信,"1'56""3",5,板橋　　侑我,,3,熊本　　英一,,1,0.29,,2,0.22,,3,0.24,,4,0.19,,5,0.15,,6,0.21,,2,5,1.0,5.0,30.0,28.0
202608220605,2026-08-22,06,05R,13:34,2026-08-22T13:50:26.465843+09:00,1338,まくり差し,6,柳沢　　　一,"1'52""7",4,荒井　　翔伍,"1'54""6",5,成田　　華音,"1'55""5",2,服部　　達哉,"1'56""5",1,大西　　　賢,,3,山本　　幸也,,1,0.27,,2,0.28,,3,0.17,,4,0.1,,6,0.08,,5,0.11,,1,5,5.0,3.0,29.0,30.0
202608222111,2026-08-22,21,11R,13:37,2026-08-22T13:54:23.687920+09:00,1340,まくり差し,5,島川　　光男,"1'49""2",6,重木　　輝彦,"1'50""5",1,溝口　海義也,"1'51""3",3,中村　　辰也,"1'51""5",4,秋田　健太郎,,2,杉山　　太陽,,1,0.18,,2,0.19,,3,0.17,,5,0.11,,6,0.2,,4,0.19,,1,3,4.0,4.0,34.8,32.5
202608222311,2026-08-22,23,11R,13:42,2026-08-22T14:00:37.459940+09:00,1346,逃　げ,1,高田　　　明,"1'50""1",2,仲　　　航太,"1'51""5",5,佐藤　　大佑,"1'53""9",6,池本　　輝明,"1'55""3",4,福田　　翔吾,"1'55""8",3,乙藤　　智史,"1'56""5",1,0.12,,2,0.13,,3,0.16,,4,0.19,,5,0.21,,6,0.25,,1,2,5.0,5.0,32.0,30.0
202608220207,2026-08-22,02,07R,13:45,2026-08-22T14:00:37.459940+09:00,1348,まくり差し,5,中村　　　楓,"1'49""4",1,内堀　　　学,"1'51""9",3,野中　　義生,"1'53""4",2,近藤　　友宝,"1'53""8",4,木山　　大聖,,6,野相　　弘司,,1,0.23,,2,0.13,,3,0.16,,4,0.08,,5,0.12,,6,0.19,,2,1,2.0,1.0,31.0,29.0
202608222204,2026-08-22,22,04R,13:49,2026-08-22T14:10:25.569335+09:00,1352,まくり差し,5,小玉　　啓太,"1'52""8",2,森口　　和紀,"1'53""2",4,三苫　　晃幸,"1'54""4",1,大澤　　誠也,"1'55""4",6,本橋　　克洋,,3,野長瀬　正孝,,1,0.14,,2,0.15,,3,0.13,,4,0.15,,5,0.16,,6,0.19,,1,1,2.0,2.0,32.0,27.0
202608221607,2026-08-22,16,07R,13:53,2026-08-22T14:12:32.009783+09:00,1357,逃　げ,1,寺田　　千恵,"1'51""4",2,藤田　　美代,"1'51""8",5,守屋　　美穂,"1'53""6",4,藤本　紗弥香,"1'53""7",3,高田　　　綾,,6,中村　かなえ,,1,0.2,,2,0.17,,3,0.25,,4,0.2,,5,0.16,,6,0.22,,1,4,3.0,3.0,31.0,30.0
202608220307,2026-08-22,03,07R,13:56,2026-08-22T14:12:32.009783+09:00,1359,逃　げ,1,大島　隆乃介,"1'53""2",2,宇佐見　　淳,"1'54""3",5,重富　　伸也,"1'56""1",6,加藤　　翔馬,"1'57""0",3,富永　夏哉人,,4,森　　　智哉,,1,0.12,,2,0.14,,3,0.18,,4,0.19,,5,0.14,,6,0.18,,2,4,2.0,5.0,30.0,28.0
202608220405,2026-08-22,04,05R,13:55,2026-08-22T14:16:40.437671+09:00,1358,まくり,2,伏島　　祐介,"1'50""5",4,小坂　　尚哉,"1'51""6",5,古澤　　光紀,"1'53""3",1,田代　　達也,"1'54""9",3,荒井　　輝年,,6,丸山　　祐也,,1,0.13,,2,0.09,,3,0.06,,4,0.08,,5,0.07,,6,0.11,,1,5,2.0,3.0,31.0,29.0
202608220808,2026-08-22,08,08R,13:59,2026-08-22T14:16:40.437671+09:00,1404,逃　げ,1,木場　　悠介,"1'50""4",2,中　　　亮太,"1'51""5",6,黒野　　元基,"1'53""0",4,谷村　　一哉,"1'54""4",3,谷野　　錬志,,5,一柳　　和孝,,1,0.17,,2,0.17,,3,0.21,,4,0.14,,5,0.16,,6,0.16,,1,6,3.0,1.0,31.0,32.0
202608220606,2026-08-22,06,06R,14:05,2026-08-22T14:20:35.883888+09:00,1409,まくり,3,山口　　晃朋,"1'52""4",6,藤岡　　俊介,"1'53""9",2,村上　　彰一,"1'55""7",1,関根　　彰人,"1'57""1",4,木幡　　純也,,5,小畑　　実成,,1,0.3,,2,0.22,,3,0.09,,4,0.27,,5,0.26,,6,0.23,,1,5,5.0,3.0,29.0,31.0
202608222112,2026-08-22,21,12R,14:12,2026-08-22T14:26:39.548746+09:00,1415,まくり,3,前田　健太郎,"1'50""4",4,佐々木　和伸,"1'51""4",6,眞鳥　　章太,"1'53""0",1,山本　　隆幸,"1'53""9",2,岡田　　憲行,,5,宮脇　　遼太,,1,0.22,,2,0.2,,3,0.18,,4,0.16,,5,0.13,,6,0.2,,1,3,4.0,4.0,34.9,32.7
202608222312,2026-08-22,23,12R,14:22,2026-08-22T14:34:25.695668+09:00,1426,逃　げ,1,藤原　啓史朗,"1'51""0",2,河野　　　大,"1'51""6",4,横田　　貴満,"1'53""2",3,平尾　　崇典,"1'54""0",6,末永　　由楽,"1'55""0",5,山本　景士郎,"1'57""5",1,0.09,,2,0.1,,3,0.09,,4,0.08,,5,0.11,,6,0.15,,1,2,4.0,4.0,32.0,30.0
202608220208,2026-08-22,02,08R,14:16,2026-08-22T14:36:22.741041+09:00,1419,抜　き,3,川上　　　剛,"1'51""9",4,佐竹　　友樹,"1'52""3",6,久富　　政弘,"1'54""2",1,江藤　　敦宏,"1'55""3",5,鳥本　　智史,,2,乃村　　康友,,1,0.32,,2,0.28,,3,0.23,,4,0.13,,6,0.15,,5,0.14,,2,3,4.0,3.0,31.0,29.0
202608222205,2026-08-22,22,05R,14:19,2026-08-22T14:38:23.398703+09:00,1422,抜　き,1,一色　　凌雅,"1'51""9",2,高野　　哲史,"1'53""4",6,森定　　晃史,"1'54""9",4,荒牧　　凪沙,"1'56""3",5,常盤　　海心,,3,鈴木　　秀茉,,1,0.25,,2,0.22,,3,0.27,,4,0.29,,5,0.3,,6,0.31,,1,1,3.0,3.0,32.0,27.0
202608220308,2026-08-22,03,08R,14:24,2026-08-22T14:42:26.479205+09:00,1427,まくり,2,垂水　　　悠,"1'51""4",3,柳内　　敬太,"1'53""7",4,山崎　　聖司,"1'55""8",1,門間　　雄大,"1'57""6",6,野田　　昇吾,,5,吉川　　勇作,,1,0.21,,2,0.09,,3,0.1,,4,0.39,,5,0.29,,6,0.35,,2,4,2.0,5.0,30.0,28.0
202608220406,2026-08-22,04,06R,14:26,2026-08-22T14:44:22.797774+09:00,1429,まくり,3,上野　真之介,"1'50""6",2,佐藤　謙史朗,"1'52""6",6,齋藤　　　勇,"1'54""9",4,鈴木　　　博,"1'57""0",1,浮田　　圭浩,,5,松下　　哲也,,1,0.2,,2,0.28,,3,0.2,,4,0.12,,5,0.09,,6,0.14,,1,,0.0,3.0,31.0,29.0
202608220809,2026-08-22,08,09R,14:28,2026-08-22T14:46:34.865986+09:00,1433,抜　き,2,山本　　寛久,"1'51""3",4,久永　　祥平,"1'52""2",1,明石　　正之,"1'53""7",5,永田　　義紘,"1'55""4",6,佐藤　　　航,,3,上之　　晃弘,,1,0.18,,2,0.15,,3,0.19,,4,0.11,,5,0.13,,6,0.16,,1,5,3.0,1.0,31.0,32.0
202608221608,2026-08-22,16,08R,14:33,2026-08-22T14:52:30.701326+09:00,1436,逃　げ,1,喜多須　杏奈,"1'51""4",3,藤原　　早菜,"1'51""5",2,中曽　　瑠華,"1'54""1",4,若狭　奈美子,"1'55""6",5,福岡　　泉水,,6,中西　　月輝,,1,0.15,,2,0.1,,3,0.16,,4,0.21,,5,0.23,,6,0.22,,1,4,4.0,3.0,32.0,30.0
202608220607,2026-08-22,06,07R,14:37,2026-08-22T14:54:20.436088+09:00,1441,差　し,2,佐々木　完太,"1'53""2",1,汐崎　　正則,"1'54""1",3,金子　　和之,"1'56""2",5,野見山　拓己,"1'57""1",6,盛本　　真輔,,4,坂井　　康嗣,,1,0.14,,2,0.15,,3,0.21,,4,0.31,,5,0.25,,6,0.24,,1,5,6.0,4.0,29.0,31.0
202608222206,2026-08-22,22,06R,14:46,2026-08-22T15:04:33.235437+09:00,1449,まくり,4,佐藤　　博亮,"1'52""5",2,大澤　　風葵,"1'53""2",5,村松　　将平,"1'55""6",6,阿波　　勝哉,"1'56""4",1,酒見　　峻介,,3,藤森　　拓海,,1,0.25,,2,0.15,,3,0.17,,4,0.11,,5,0.17,,6,0.22,,1,1,3.0,3.0,32.0,27.0
202608220209,2026-08-22,02,09R,14:48,2026-08-22T15:04:33.235437+09:00,1451,抜　き,3,赤羽　　克也,"1'49""6",2,高橋　　　勲,"1'51""1",1,東本　　勝利,"1'51""5",4,竹内　　　来,"1'53""3",5,大江　　　純,,6,相原　　利章,,1,0.08,,2,0.13,,3,0.11,,4,0.18,,5,0.14,,6,0.23,,2,3,4.0,2.0,30.0,29.0
202608220309,2026-08-22,03,09R,14:52,2026-08-22T15:14:26.002690+09:00,1455,逃　げ,1,木下　　大將,"1'51""8",6,前田　　将太,"1'53""5",2,藤井　　太雅,"1'54""7",4,末永　　祐輝,"1'55""9",5,岡　　　暢祐,,3,川辺　　郭人,,1,0.03,,2,0.11,,3,0.22,,4,0.15,,5,0.22,,6,0.15,,3,4,3.0,5.0,30.0,28.0
202608220810,2026-08-22,08,10R,14:56,2026-08-22T15:14:26.002690+09:00,1501,逃　げ,1,服部　　幸男,"1'52""0",2,山田　　真聖,"1'53""0",3,川崎　　智稔,"1'53""4",5,松本　　一毅,"1'53""9",6,作間　　　章,,4,青木　　　蓮,,1,0.23,,2,0.22,,3,0.21,,4,0.24,,5,0.28,,6,0.29,,1,5,3.0,1.0,31.0,32.0
202608220407,2026-08-22,04,07R,14:58,2026-08-22T15:16:23.239985+09:00,1501,逃　げ,1,岩下　　巧斗,"1'51""6",5,三品　　隆浩,"1'53""1",3,飯山　　　泰,"1'53""7",4,成貞　　琳平,"1'54""8",2,峰重　　侑治,,6,水摩　　　敦,,1,0.15,,2,0.26,,3,0.17,,4,0.2,,5,0.2,,6,0.18,,3,5,1.0,3.0,30.0,29.0
202608220608,2026-08-22,06,08R,15:04,2026-08-22T15:22:33.953630+09:00,1508,逃　げ,1,牧　　　宏次,"1'53""1",2,山口　　広樹,"1'55""2",4,安河内　　健,"1'56""5",6,中野　　夢斗,"1'57""4",3,宮嵜　隆太郎,,5,渥美　　卓郎,,1,0.21,,2,0.21,,3,0.23,,4,0.39,,5,0.31,,6,0.27,,1,5,6.0,4.0,29.0,30.0
202608221609,2026-08-22,16,09R,15:06,2026-08-22T15:22:33.953630+09:00,1509,逃　げ,1,土屋　　　南,"1'50""8",3,長尾　　萌加,"1'51""4",5,長嶋　　万記,"1'54""3",2,植竹　　玲奈,"1'55""9",4,村上　　奈穂,,6,戸田　海咲音,,1,0.11,,2,0.11,,3,0.07,,4,0.09,,5,0.17,,6,0.37,,1,5,5.0,3.0,32.0,30.0
202608222207,2026-08-22,22,07R,15:14,2026-08-22T15:30:39.439169+09:00,1517,逃　げ,1,小川　　知行,"1'52""8",3,芹澤　　克彦,"1'54""1",4,野間　　大樹,"1'55""3",5,益田　　啓司,"1'56""0",2,守屋　　大地,,6,多羅尾　達之,,1,0.19,,2,0.23,,3,0.18,,4,0.27,,5,0.26,,6,0.24,,1,1,3.0,3.0,32.0,27.0
202608220701,2026-08-22,07,01R,15:17,2026-08-22T15:32:30.947106+09:00,1521,逃　げ,1,酒井　　陽祐,"1'51""4",6,西尾　　亮輔,"1'52""6",2,東　　　潤樹,"1'54""0",3,胡本　　悟志,"1'55""3",5,岡村　　将也,,4,塚越　　陸斗,,1,0.21,,2,0.25,,3,0.21,,4,0.21,,6,0.23,,5,0.25,,1,6,5.0,3.0,31.0,25.0
202608222001,2026-08-22,20,01R,15:20,2026-08-22T15:36:28.257130+09:00,1523,抜　き,1,加倉　　侑征,"1'52""4",2,岡部　　大輔,"1'53""5",3,澤崎　　雄哉,"1'54""8",5,北川　　敏弘,"1'56""2",4,廣中　　良一,,6,森林　　　太,,1,0.26,,2,0.24,,3,0.21,,4,0.19,,5,0.19,,6,0.21,,1,3,4.0,4.0,33.0,32.0
202608220310,2026-08-22,03,10R,15:22,2026-08-22T15:38:22.274931+09:00,1526,逃　げ,1,中野　　希一,"1'52""5",3,川原　　　涼,"1'53""7",2,伊久間　陽優,"1'55""4",5,芝田　　京介,"1'56""3",4,池田　　雄一,,6,佐野　　優都,,1,0.1,,2,0.09,,3,0.15,,4,0.28,,5,0.27,,6,0.34,,3,4,4.0,5.0,28.0,28.0
202608221901,2026-08-22,19,01R,15:25,2026-08-22T15:40:23.463881+09:00,1528,逃　げ,1,花本　　　剛,"1'50""7",6,岩永　　節也,"1'51""9",2,西川　新太郎,"1'53""5",3,田中　太一郎,"1'54""6",5,山田　　陽翔,,,,,1,0.25,,2,0.22,,3,0.2,,6,0.16,,5,0.2,,,,,1,4,2.0,2.0,32.0,31.0
202608220210,2026-08-22,02,10R,15:21,2026-08-22T15:42:29.944853+09:00,1524,差　し,2,吉村　　　誠,"1'56""8",3,常住　　　蓮,"1'58""8",4,鈴木　　賢一,"2'01""4",5,黄金井　力良,"2'03""7",6,坂東　　　満,,,,,1,0.18,,2,0.13,,3,0.12,,4,0.16,,5,0.16,,6,0.19,,3,3,3.0,2.0,30.0,29.0
202608220811,2026-08-22,08,11R,15:29,2026-08-22T15:50:21.469842+09:00,1534,まくり,6,峰重　　力也,"1'50""3",1,徳増　　秀樹,"1'51""7",2,杉山　　裕也,"1'54""3",4,濱本　　優一,"1'55""5",5,小原　　聡将,,3,田中　　宏典,,1,0.09,,2,0.13,,3,0.16,,4,0.25,,5,0.16,,6,0.06,,1,5,3.0,1.0,31.0,32.0
202608220408,2026-08-22,04,08R,15:31,2026-08-22T15:50:21.469842+09:00,1534,まくり差し,4,菊地　　孝平,"1'50""2",3,岩橋　　裕馬,"1'52""0",1,中島　　昂章,"1'53""8",2,伊倉　　　光,"1'56""3",6,泉　　　具巳,,5,畔柳　　俊吾,,1,0.2,,2,0.18,,3,0.14,,4,0.08,,5,0.15,,6,0.14,,3,5,2.0,3.0,29.0,29.0
202608220609,2026-08-22,06,09R,15:35,2026-08-22T15:52:26.177592+09:00,1539,差　し,2,大塚　　浩二,"1'53""7",1,松井　　賢治,"1'54""8",4,高橋　　正男,"1'56""4",6,齋藤　　智裕,"1'57""0",3,林　　　祐介,,5,岸本　　　隆,,1,0.18,,2,0.13,,3,0.15,,4,0.17,,5,0.18,,6,0.15,,1,5,6.0,4.0,28.0,31.0
202608221610,2026-08-22,16,10R,15:39,2026-08-22T15:56:30.745220+09:00,1543,逃　げ,1,田口　　節子,"1'50""3",2,米丸　　乃絵,"1'51""3",4,堀之内紀代子,"1'53""6",3,海野　ゆかり,"1'55""6",5,小野　　　桜,,6,渡邉　真奈美,,1,0.26,,2,0.26,,3,0.26,,4,0.26,,5,0.25,,6,0.2,,1,4,5.0,3.0,32.0,30.0
202608220702,2026-08-22,07,02R,15:41,2026-08-22T15:56:30.745220+09:00,1545,まくり差し,5,杉山　　正樹,"1'51""6",6,平野　　和明,"1'52""3",1,杉山　　勝匡,"1'53""1",2,相馬　　　翔,"1'54""5",3,松井　　貫太,,4,眞崎　　武蔵,,1,0.22,,2,0.23,,3,0.19,,4,0.15,,5,0.15,,6,0.19,,1,6,5.0,3.0,30.0,25.0
202608222208,2026-08-22,22,08R,15:44,2026-08-22T16:00:46.011587+09:00,1547,逃　げ,1,村上　　功祐,"1'51""4",5,森口　　和紀,"1'53""0",4,野村　　　誠,"1'54""3",3,杉田　　篤光,"1'54""7",2,山田　　哲也,,6,中山　　雄太,,1,0.2,,2,0.19,,3,0.23,,4,0.3,,5,0.21,,6,0.26,,1,1,3.0,3.0,32.0,27.0
202608222002,2026-08-22,20,02R,15:48,2026-08-22T16:04:27.285984+09:00,1551,逃　げ,1,塩崎　　優司,"1'52""3",5,平田　　忠則,"1'52""9",2,鹿島　　敏弘,"1'54""5",4,井上　　慧人,"1'56""1",6,三村　　岳人,,3,武田　　信一,,1,0.11,,2,0.07,,3,0.07,,4,0.12,,6,0.13,,5,0.13,,1,3,4.0,4.0,33.0,32.0
202608221902,2026-08-22,19,02R,15:51,2026-08-22T16:06:20.615373+09:00,1554,逃　げ,1,平岡　　重典,"1'50""9",6,和田　　拓也,"1'51""2",3,沼田　　大都,"1'53""6",5,小野　　信樹,"1'54""2",2,渡邉　　　健,,4,内田　　　壮,,1,0.14,,2,0.12,,3,0.13,,4,0.17,,5,0.11,,6,0.09,,1,4,2.0,2.0,32.0,31.0
202608220311,2026-08-22,03,11R,15:53,2026-08-22T16:12:33.278740+09:00,1556,まくり,4,黒柳　　浩孝,"1'52""3",5,倉尾　　大介,"1'53""1",1,田村　　隆信,"1'56""4",6,藤井　　公人,"1'57""0",2,荒木　　颯斗,,3,小林　　基樹,,1,0.16,,2,0.21,,3,0.19,,4,0.11,,5,0.18,,6,0.12,,2,4,3.0,5.0,26.0,28.0
202608220812,2026-08-22,08,12R,16:01,2026-08-22T16:12:33.278740+09:00,1605,まくり差し,4,黒野　　元基,"1'50""4",5,川原　　祐明,"1'52""1",6,今泉　　友吾,"1'52""7",1,赤岩　　善生,"1'53""6",2,渡辺　　浩司,,3,渡邉　　和将,,1,0.17,,2,0.17,,3,0.25,,4,0.16,,5,0.19,,6,0.17,,1,5,3.0,1.0,31.0,32.0
202608220211,2026-08-22,02,11R,15:55,2026-08-22T16:16:24.153987+09:00,1558,まくり差し,5,前原　　大道,"1'50""9",4,内山　　文典,"1'52""4",6,今井　　貴士,"1'53""6",2,山本　　英志,"1'55""6",1,尾嶋　　一広,,3,堂原　　洋史,,1,0.26,,2,0.34,,3,0.32,,4,0.21,,5,0.17,,6,0.18,,3,1,3.0,2.0,27.0,29.0
202608220610,2026-08-22,06,10R,16:03,2026-08-22T16:22:29.117625+09:00,1607,まくり差し,2,今坂　　晃広,"2'00""5",3,鈴木　　　猛,"2'03""9",5,北川　　潤二,"2'05""6",4,仲本　　　舜,"2'09""4",,,,,,,1,0.13,,5,0.19,,6,0.08,,2,0.15,,3,0.16,,4,0.15,,1,5,6.0,4.0,29.0,31.0
202608220409,2026-08-22,04,09R,16:05,2026-08-22T16:22:29.117625+09:00,1608,まくり,3,小坂　　尚哉,"1'51""4",6,倉富　　大誠,"1'52""8",1,松下　　直也,"1'53""9",2,入海　　　馨,"1'54""0",5,福来　　　剛,,4,福田　　　理,,1,0.26,,2,0.28,,3,0.19,,4,0.25,,5,0.2,,6,0.24,,3,1,1.0,3.0,28.0,29.0
202608220703,2026-08-22,07,03R,16:07,2026-08-22T16:22:29.117625+09:00,1611,差　し,2,永田　　啓二,"1'51""0",4,金山　　立樹,"1'52""0",1,福嶋　　智之,"1'52""8",6,石原　　　光,"1'53""7",5,西川　　拓利,,3,鈴木　　茂正,,1,0.08,,2,0.05,,3,0.15,,4,0.14,,5,0.09,,6,0.09,,1,6,5.0,3.0,30.0,25.0
202608221611,2026-08-22,16,11R,16:11,2026-08-22T16:28:29.690205+09:00,1615,逃　げ,1,三浦　　永理,"1'50""2",4,寺田　　千恵,"1'51""7",5,瀧川　　千依,"1'52""6",6,真子　奈津実,"1'54""6",,,,,,,1,0.05,,2,-0.01,F,3,-0.01,F,4,0.02,,5,0.03,,6,0.08,,1,4,2.0,3.0,32.0,30.0
202608222003,2026-08-22,20,03R,16:16,2026-08-22T16:32:32.152710+09:00,1619,差　し,6,鳥飼　　　眞,"1'53""3",1,森作　　雄大,"1'54""0",3,香月　　大輝,"1'55""3",4,後藤　　正宗,"1'56""2",5,屋良　　龍紀,,2,川田　　正人,,1,0.04,,6,0.07,,3,0.04,,2,0.19,,4,0.22,,5,0.24,,1,3,4.0,4.0,33.0,32.0
202608221903,2026-08-22,19,03R,16:19,2026-08-22T16:38:26.302869+09:00,1622,逃　げ,1,渡辺　　空依,"1'50""4",3,石橋　　道友,"1'52""2",5,天野　　友和,"1'53""7",4,折下　　寛法,"1'54""0",2,川口　　貴久,,6,大場　　広孝,,1,0.13,,2,0.24,,3,0.15,,4,0.2,,5,0.2,,6,0.15,,1,4,2.0,2.0,32.0,31.0
202608220312,2026-08-22,03,12R,16:25,2026-08-22T16:38:26.302869+09:00,1628,抜　き,1,竹井　　貴史,"1'51""7",2,岩津　　徹郎,"1'52""8",6,宇佐見　　淳,"1'54""3",4,板橋　　侑我,"1'55""8",5,門間　　雄大,,3,松下　　誉士,,1,0.17,,2,0.14,,3,0.15,,4,0.11,,5,0.15,,6,0.16,,3,4,4.0,5.0,26.0,28.0
202608222209,2026-08-22,22,09R,16:22,2026-08-22T16:42:39.756060+09:00,1626,逃　げ,1,寺本　　重宣,"1'51""8",4,鈴木　　勝博,"1'52""4",6,伊藤　　将吉,"1'54""2",2,本橋　　克洋,"1'55""3",5,齊藤　　　優,,3,荒牧　　凪沙,,1,0.13,,2,0.25,,3,0.13,,4,0.17,,5,0.15,,6,0.1,,1,1,3.0,3.0,32.0,27.0
202608220704,2026-08-22,07,04R,16:32,2026-08-22T16:48:27.703158+09:00,1636,まくり差し,6,長野　壮志郎,"1'50""9",4,阪本　　勇介,"1'52""2",1,長谷川　雅和,"1'53""9",5,渡　　　修平,"1'55""1",3,長尾　　章平,,2,村田　　　敦,,1,0.13,,2,0.14,,3,0.17,,4,0.14,,5,0.23,,6,0.26,,1,6,3.0,1.0,30.0,25.0
202608220611,2026-08-22,06,11R,16:35,2026-08-22T16:50:35.320163+09:00,1639,差　し,3,柳沢　　　一,"1'52""7",4,盛本　　真輔,"1'54""6",5,坪口　　竜也,"1'55""1",2,木幡　　純也,"1'56""0",1,外崎　　　悟,,6,内田　　　圭,,4,0.08,,1,0.2,,2,0.09,,3,0.09,,6,0.12,,5,0.17,,1,5,6.0,4.0,29.0,30.0
202608220410,2026-08-22,04,10R,16:37,2026-08-22T16:56:32.388320+09:00,1642,まくり差し,5,岡村　　慶太,"1'50""0",1,鈴木　　　博,"1'52""6",4,伏島　　祐介,"1'53""6",6,立間　　充宏,"1'54""5",2,山地　　正樹,,3,渡邊　　哲也,,1,0.16,,2,0.19,,3,0.27,,4,0.17,,5,0.15,,6,0.12,,3,1,2.0,3.0,27.0,29.0
202608222004,2026-08-22,20,04R,16:42,2026-08-22T16:58:18.178305+09:00,1645,逃　げ,1,中村　　将隆,"1'53""2",4,石田　　貴洋,"1'54""9",6,間野　　兼礼,"1'55""5",5,篠原　　飛翔,"1'56""9",3,渡邉　　英児,,2,木村　　浩士,,1,0.28,,2,0.33,,3,0.33,,4,0.29,,5,0.28,,6,0.25,,1,3,4.0,4.0,32.0,32.0
202608221904,2026-08-22,19,04R,16:46,2026-08-22T17:06:35.646472+09:00,1649,差　し,4,本村　　　大,"1'58""4",1,松尾　　光広,"2'01""6",3,榮田　　将彦,"2'04""0",6,葛原　　大陽,"2'06""5",5,中嶋　誠一郎,,,,,1,0.12,,2,0.03,,3,0.01,,4,0.04,,5,0.12,,6,0.08,,1,4,2.0,2.0,32.0,31.0
202608221612,2026-08-22,16,12R,16:50,2026-08-22T17:06:35.646472+09:00,1653,逃　げ,1,守屋　　美穂,"1'50""1",6,喜多須　杏奈,"1'52""3",2,倉持　　莉々,"1'53""6",3,土屋　　千明,"1'53""8",4,武井　莉里佳,,5,安井　　瑞紀,,1,0.12,,2,0.17,,3,0.18,,4,0.12,,5,0.15,,6,0.19,,1,4,3.0,3.0,32.0,30.0
202608220212,2026-08-22,02,12R,16:30,2026-08-22T17:12:30.151294+09:00,1705,逃　げ,1,若林　　義人,"1'50""4",4,内堀　　　学,"1'52""4",5,三川　　昂暁,"1'53""2",2,久富　　政弘,"1'54""5",6,浜崎　　準也,,3,山本　稔太朗,,1,0.26,,2,0.33,,3,0.3,,4,0.4,,5,0.33,,6,0.42,,3,5,1.0,1.0,24.0,29.0
202608222210,2026-08-22,22,10R,16:56,2026-08-22T17:12:30.151294+09:00,1659,逃　げ,1,野長瀬　正孝,"1'52""0",2,郷原　　章平,"1'53""5",3,山崎　　義明,"1'54""8",5,大澤　　風葵,"1'55""0",4,一色　　凌雅,,6,宮本　　夏樹,,1,0.15,,2,0.12,,3,0.17,,4,0.22,,5,0.17,,6,0.28,,1,8,3.0,3.0,32.0,27.0
202608220705,2026-08-22,07,05R,17:01,2026-08-22T17:18:31.840517+09:00,1705,まくり,2,庄司　　孝輔,"1'49""0",6,松田　大志郎,"1'51""7",3,岡谷　　健吾,"1'52""9",4,大森　　　翼,"1'53""6",1,中里　　英夫,,5,塚越　　陸斗,,1,0.24,,2,0.14,,6,0.15,,3,0.14,,4,0.1,,5,0.17,,1,6,3.0,1.0,30.0,25.0
202608220612,2026-08-22,06,12R,17:06,2026-08-22T17:18:31.840517+09:00,1710,逃　げ,1,佐々木　完太,"1'52""8",4,藤岡　　俊介,"1'54""5",3,鈴谷　　一平,"1'55""7",2,花田　　凱成,"1'56""5",5,田川　　大貴,,6,服部　　達哉,,1,0.17,,2,0.17,,3,0.15,,4,0.13,,5,0.16,,6,0.23,,1,5,6.0,4.0,28.0,30.0
202608222005,2026-08-22,20,05R,17:11,2026-08-22T17:28:34.726811+09:00,1714,まくり,2,永井　　　源,"1'52""5",4,向後　　龍一,"1'52""8",1,稲田　　浩二,"1'54""6",6,金児　　隆太,"1'55""1",5,坂井　　滉哉,,3,柴田　　　光,,1,0.24,,2,0.12,,3,0.08,,4,0.11,,5,0.29,,6,0.12,,1,3,4.0,4.0,32.0,32.0
202608221905,2026-08-22,19,05R,17:17,2026-08-22T17:32:34.076907+09:00,1720,逃　げ,1,白水　　勝也,"1'50""6",5,芝田　　浩治,"1'52""2",3,江本　　真治,"1'53""3",4,今出　　晋二,"1'53""8",2,竹之内　　極,,6,近藤　　稔也,,1,0.13,,2,0.12,,3,0.19,,4,0.17,,5,0.18,,6,0.16,,1,4,2.0,2.0,32.0,31.0
202608222211,2026-08-22,22,11R,17:23,2026-08-22T17:38:26.574929+09:00,1726,逃　げ,1,飛田　　江己,"1'51""2",2,橋本　　久和,"1'52""9",3,野間　　大樹,"1'55""2",5,酒見　　峻介,"1'56""4",6,三苫　　晃幸,,4,森定　　晃史,,1,0.15,,2,0.17,,3,0.21,,4,0.24,,5,0.23,,6,0.22,,1,8,3.0,3.0,31.0,27.0
202608220411,2026-08-22,04,11R,17:08,2026-08-22T17:40:28.266992+09:00,1724,逃　げ,1,荒井　　輝年,"1'50""4",3,水摩　　　敦,"1'52""0",2,中野　　次郎,"1'53""2",5,西舘　　　健,"1'53""4",4,小川　竜太朗,,6,長尾　京志郎,,1,0.14,,2,0.12,,3,0.14,,4,0.1,,5,0.16,,6,0.15,,3,1,1.0,3.0,26.0,29.0
202608220706,2026-08-22,07,06R,17:27,2026-08-22T17:42:31.622387+09:00,1731,逃　げ,1,芦澤　　　望,"1'50""0",4,長谷川　晴哉,"1'52""1",2,高橋　　直哉,"1'53""3",3,日高　龍之介,"1'54""8",6,小野　　勇作,,5,眞崎　　武蔵,,1,0.13,,2,0.15,,3,0.14,,4,0.11,,5,0.11,,6,0.13,,1,5,3.0,1.0,29.0,25.0
202608222006,2026-08-22,20,06R,17:34,2026-08-22T17:50:34.533834+09:00,1737,まくり,3,森林　　　太,"1'52""4",4,村田　　修次,"1'53""7",2,安河内　　将,"1'54""1",6,野末　　智一,"1'56""4",1,関口　　智久,,5,深山　　祐二,,2,0.17,,1,0.19,,3,0.19,,4,0.12,,5,0.09,,6,0.16,,1,3,3.0,3.0,32.0,32.0
202608222401,2026-08-22,24,01R,17:41,2026-08-22T17:56:31.260583+09:00,1744,まくり,2,樅山　　拓馬,"1'51""0",3,齊藤　　　廉,"1'52""5",5,東　　　健介,"1'54""3",1,山崎　　鉄平,"1'55""4",4,鐘ヶ江　真司,,6,山崎　　昂介,,1,0.35,,2,0.12,,3,0.14,,4,0.11,,5,0.11,,6,0.13,,1,8,2.0,1.0,31.0,32.0
202608220412,2026-08-22,04,12R,17:42,2026-08-22T17:58:33.222006+09:00,1749,抜　き,1,上野　真之介,"1'51""2",2,高井　　雄基,"1'52""9",3,古澤　　光紀,"1'54""6",4,佐口　　達也,"1'55""3",5,岩下　　巧斗,,6,上原　健次郎,,1,0.08,,2,0.07,,3,0.12,,4,0.1,,5,0.11,,6,0.12,,3,5,1.0,3.0,25.0,29.0
202608221906,2026-08-22,19,06R,17:48,2026-08-22T18:04:35.115152+09:00,1751,まくり,3,田頭　　　実,"1'49""9",1,山口　　達也,"1'51""8",5,花本　　　剛,"1'53""1",4,榎　　　幸司,"1'54""2",2,栗原　　直也,,6,渡邉　　　健,,1,0.16,,3,0.15,,2,0.13,,4,0.14,,5,0.12,,6,0.09,,1,4,2.0,2.0,32.0,31.0
202608220707,2026-08-22,07,07R,17:55,2026-08-22T18:10:35.147593+09:00,1759,逃　げ,1,中澤　　和志,"1'50""6",4,長岡　　良也,"1'51""7",3,平野　　和明,"1'52""6",5,森清　　友翔,"1'53""6",2,胡本　　悟志,,6,金山　　立樹,,1,0.23,,2,0.28,,3,0.24,,4,0.21,,5,0.2,,6,0.28,,1,4,3.0,1.0,29.0,25.0
202608222212,2026-08-22,22,12R,18:00,2026-08-22T18:12:25.384884+09:00,1803,まくり,4,山田　　哲也,"1'51""5",6,佐藤　　博亮,"1'52""2",1,深川　　真二,"1'54""4",2,益田　　啓司,"1'56""2",5,高野　　哲史,,3,江夏　　　満,,1,0.17,,2,0.14,,3,0.14,,4,0.09,,5,0.12,,6,0.11,,1,8,3.0,3.0,31.0,27.0
202608222007,2026-08-22,20,07R,18:02,2026-08-22T18:20:34.278464+09:00,1805,逃　げ,1,岡瀬　　正人,"1'51""1",3,松村　　　敏,"1'52""3",5,川田　　正人,"1'55""1",6,久田　　　武,"1'56""4",4,渡辺　　真至,,2,井上　　慧人,,1,0.14,,2,0.15,,3,0.15,,4,0.21,,5,0.21,,6,0.2,,1,2,4.0,4.0,30.0,32.0
202608222402,2026-08-22,24,02R,18:08,2026-08-22T18:24:32.241790+09:00,1811,差　し,2,谷川　　将太,"1'52""4",1,國弘　　翔平,"1'53""3",6,柴田　　直哉,"1'54""0",5,池田　　雷太,"1'55""3",3,樋口　　喜彦,,4,高野　　心吾,,1,0.09,,2,0.11,,3,0.13,,4,0.17,,5,0.18,,6,0.19,,1,8,2.0,1.0,31.0,32.0
202608221907,2026-08-22,19,07R,18:17,2026-08-22T18:38:27.789929+09:00,1820,逃　げ,2,市橋　　卓士,"1'49""8",3,和田　　拓也,"1'51""5",4,岩永　　節也,"1'53""1",6,川口　　貴久,"1'54""7",5,上田　　洋平,,1,鶴田　　勇雄,,2,0.11,,1,0.16,,3,0.13,,4,0.2,,5,0.17,,6,0.18,,1,3,2.0,2.0,31.0,31.0
202608220708,2026-08-22,07,08R,18:25,2026-08-22T18:42:28.981639+09:00,1829,逃　げ,1,仲口　　博崇,"1'49""0",3,長谷川　雅和,"1'52""1",6,渡邉　　睦広,"1'53""4",5,東　　　潤樹,"1'54""1",4,杉山　　勝匡,,2,鈴木　　茂正,,1,0.16,,2,0.16,,3,0.16,,4,0.18,,5,0.15,,6,0.08,,1,4,3.0,1.0,29.0,25.0
202608222403,2026-08-22,24,03R,18:34,2026-08-22T18:54:29.322366+09:00,1837,抜　き,2,品田　　直樹,"1'51""0",1,赤坂　　俊輔,"1'51""7",5,村岡　　賢人,"1'53""9",3,上瀧　　絢也,"1'55""2",6,板倉　　敦史,,4,原田　　雄次,,1,0.15,,2,0.14,,3,0.1,,4,0.13,,5,0.11,,6,0.14,,1,8,2.0,1.0,31.0,32.0
202608222008,2026-08-22,20,08R,18:41,2026-08-22T18:58:37.525490+09:00,1844,逃　げ,1,原田　　篤志,"1'51""1",3,三村　　岳人,"1'52""3",2,石岡　　将太,"1'54""3",5,森作　　雄大,"1'56""0",6,岡部　　大輔,,4,遠藤　　圭吾,,1,0.14,,2,0.17,,3,0.16,,4,0.22,,5,0.19,,6,0.21,,1,2,2.0,2.0,30.0,32.0
202608221908,2026-08-22,19,08R,18:48,2026-08-22T19:04:31.020701+09:00,1851,逃　げ,1,烏野　　賢太,"1'50""4",3,上田　　隆章,"1'51""4",2,橋口　　真樹,"1'53""0",4,百武　　　翔,"1'53""1",5,廣瀬　　篤哉,,6,山田　　陽翔,,1,0.14,,2,0.17,,3,0.13,,4,0.13,,5,0.17,,6,0.12,,1,3,3.0,3.0,31.0,31.0
202608220709,2026-08-22,07,09R,18:55,2026-08-22T19:12:30.822591+09:00,1859,逃　げ,1,西川　　拓利,"1'50""5",6,藤生　　雄人,"1'51""7",3,酒井　　陽祐,"1'53""9",5,大森　　　翼,"1'54""3",2,貫地谷　直人,,4,長尾　　章平,,1,0.17,,2,0.22,,3,0.22,,6,0.15,,4,0.17,,5,0.11,,1,5,2.0,1.0,29.0,25.0
202608222404,2026-08-22,24,04R,19:03,2026-08-22T19:24:38.434052+09:00,1906,逃　げ,1,馬袋　　義則,"1'51""6",2,広瀬　　聖仁,"1'52""7",5,國崎　　良春,"1'53""9",6,上原　　　崚,"1'55""3",4,角山　　雄哉,,3,松田　　隆司,,1,0.21,,2,0.13,,3,0.17,,4,0.14,,5,0.12,,6,0.11,,1,7,2.0,1.0,31.0,32.0
202608222009,2026-08-22,20,09R,19:10,2026-08-22T19:26:25.091881+09:00,1913,まくり,4,牧山　　敦也,"1'50""9",5,塩崎　　優司,"1'53""4",2,香月　　大輝,"1'54""3",6,小川　　晃司,"1'55""6",1,渡邉　　英児,,3,廣中　　良一,,1,0.32,,2,0.32,,3,0.24,,4,0.15,,5,0.19,,6,0.18,,1,2,2.0,2.0,30.0,32.0
