登録番号,重み付き和,重み付き二乗和,重み計,基準日
2538,4.4454571571,1.0306342655,22.3482272489,2026-10-06
2878,3.9837264507,0.7477283592,23.4646889888,2026-10-06
3024,1.4638351855,0.2487136617,9.2820462714,2026-10-06
3054,2.2682032958,0.4519414105,12.7584679472,2026-10-06
3070,1.0910431096,0.2008499954,6.7447760888,2026-10-06
3072,3.7565193292,0.6569120047,24.3817317238,2026-10-06
3075,2.5676339052,0.4032362111,20.5294992182,2026-10-06
3081,0.1217061761,0.0219335311,0.8067679296,2026-10-06
3105,3.6685111306,0.635956564,24.2093341729,2026-10-06
3107,4.3378006367,0.8654941829,24.4511075579,2026-10-06
3156,3.5608726612,0.6844276931,21.0579556043,2026-10-06
3158,4.2804272057,0.651892899,32.6282187921,2026-10-06
3159,0.1522505317,0.0297099342,0.9176320116,2026-10-06
3161,4.0397128212,0.8336036845,24.7681351177,2026-10-06
3175,3.6489960788,0.6588797729,23.7312230602,2026-10-06
3176,0.0315319096,0.0074565653,0.1561114338,2026-10-06
3202,4.1315230894,0.8900413541,21.2824211889,2026-10-06
3207,0.6345754581,0.1350132769,3.6504356103,2026-10-06
3211,4.4489599342,0.8059317229,28.1745677768,2026-10-06
3212,3.7283604856,0.6894792019,23.3769567963,2026-10-06
3224,4.6338037945,0.8722927302,27.1581022939,2026-10-06
3226,4.6594560703,0.9251827349,27.8084874783,2026-10-06
3232,3.937292903,0.6936272178,25.5968897946,2026-10-06
3233,4.0480604999,0.8319455838,22.950407989,2026-10-06
3246,0.0617370097,0.0117606787,0.406367613,2026-10-06
3251,6.7823542973,1.3853310981,36.4207965225,2026-10-06
3256,4.7668585055,0.7609298562,34.7248982979,2026-10-06
3257,2.1371012586,0.4095850889,14.848201045,2026-10-06
3265,3.3678476111,0.4956438457,27.8882550516,2026-10-06
3268,4.4452852576,0.7517021523,29.7850353223,2026-10-06
3277,3.3376738058,0.6092848793,22.1395973583,2026-10-06
3282,4.3293949594,0.9336310757,22.2950994007,2026-10-06
3284,4.924869273,1.1797029783,23.0214647915,2026-10-06
3286,3.6526618577,0.6829938892,21.8437333388,2026-10-06
3289,0.5004313177,0.1162718408,2.43758881,2026-10-06
3293,4.4169004314,1.0435886827,22.9140449624,2026-10-06
3294,2.8128280695,0.4881755536,18.3400035534,2026-10-06
3297,4.8947313591,1.0003874126,26.8745016635,2026-10-06
3300,4.8397249535,0.8264548516,32.7787516436,2026-10-06
3302,3.3966378016,0.6413732076,20.7896617918,2026-10-06
3303,5.2486886634,1.1994464109,27.4417463208,2026-10-06
3304,5.292817811,0.9328873994,33.7557359543,2026-10-06
3305,3.688838256,0.6502111808,24.1479688769,2026-10-06
3306,3.2162192944,0.6281592541,19.5221222851,2026-10-06
3313,3.0676587035,0.5530512612,19.7333443242,2026-10-06
3315,3.3893075952,0.6307007279,22.7443937295,2026-10-06
3319,5.5569634245,0.9619041136,36.283415287,2026-10-06
3327,5.2688988444,1.0770018742,29.6164891428,2026-10-06
3333,5.3247684495,0.9005571381,36.5700735196,2026-10-06
3334,5.446400514,1.1096915339,31.4249610309,2026-10-06
3339,3.4957934857,0.6076108998,22.4857994592,2026-10-06
3340,5.1682299511,1.3558916379,24.0294971083,2026-10-06
3346,0.0077130353,0.0016261189,0.0456263601,2026-10-06
3349,4.3912442964,0.778278069,29.1078052156,2026-10-06
3350,1.5010063397,0.2640751401,9.4707529573,2026-10-06
3352,3.4306645005,0.619288405,22.4705073981,2026-10-06
3353,1.0885292813,0.2165078413,7.1473973736,2026-10-06
3355,2.6218974208,0.7988426826,9.2359973909,2026-10-06
3357,4.6440688278,1.0545730366,22.7880324847,2026-10-06
3361,4.0636462373,0.7616367124,24.1294147447,2026-10-06
3362,3.5349160637,0.7593159862,19.3147299837,2026-10-06
3370,4.2456270136,1.2595674834,20.145049802,2026-10-06
3372,3.9735045841,0.8987728739,18.8270161209,2026-10-06
3377,4.0608874209,1.0055446107,19.784494962,2026-10-06
3381,2.6304720595,0.3862983383,21.5703400146,2026-10-06
3385,4.2225112516,0.7246104907,27.5800400407,2026-10-06
3388,4.2998545556,0.8795185079,24.3414347034,2026-10-06
3391,3.0644550164,0.6469099416,16.0894754456,2026-10-06
3392,4.1934501634,0.8446292008,24.2052521165,2026-10-06
3401,4.3318405281,0.8924854692,23.4955295735,2026-10-06
3406,4.0695281288,0.7241514672,27.4490119948,2026-10-06
3411,2.4506390372,0.4915173734,14.1677193075,2026-10-06
3412,5.2249268966,0.9226626962,32.6684650584,2026-10-06
3414,7.32422e-05,1.09864e-05,0.0004882813,2026-10-06
3415,3.9269454993,0.6640056091,26.5424190696,2026-10-06
3419,2.2369019629,0.5693527041,10.2344239245,2026-10-06
3422,5.3516554901,0.9891466817,32.2166681328,2026-10-06
3430,4.3404811597,0.7759961451,27.3308992385,2026-10-06
3432,3.9201700749,0.851735126,22.1142781571,2026-10-06
3434,4.8152571332,0.9185671078,29.4729250827,2026-10-06
3435,3.9616702402,0.6488253192,27.4917635841,2026-10-06
3436,2.876352721,0.504694929,20.6339124218,2026-10-06
3439,4.6818356985,0.7655283831,31.4881736084,2026-10-06
3441,4.7854821346,0.975906614,26.6867082151,2026-10-06
3442,4.2914683866,0.7244707331,27.7217163086,2026-10-06
3444,0.0806604699,0.0143515442,0.539030962,2026-10-06
3445,4.5765827002,0.8771912676,28.153892924,2026-10-06
3448,3.3561493038,0.7237801755,17.3373188683,2026-10-06
3454,3.7436647125,0.6622809594,24.755947288,2026-10-06
3455,2.993554844,0.6154310031,19.5314966019,2026-10-06
3458,3.1276835129,0.602926791,18.7350048979,2026-10-06
3459,4.285226696,0.9284962177,23.6798062574,2026-10-06
3461,2.267962761,0.5329349685,11.5274008689,2026-10-06
3463,3.6296910794,0.6532745025,23.0544051302,2026-10-06
3467,3.6091074765,0.6910479221,21.0874253227,2026-10-06
3470,3.3334492524,0.6534466553,20.5448990895,2026-10-06
3471,3.8110007058,0.7511676148,23.3121702858,2026-10-06
3473,4.8300646444,0.7244483755,37.3009337748,2026-10-06
3474,4.4950479122,0.8346568744,27.724271589,2026-10-06
3475,3.848259002,0.7811589126,22.2859831996,2026-10-06
3477,4.5530753957,0.8777395101,25.8215692829,2026-10-06
3478,4.977979711,0.8798869999,31.882126051,2026-10-06
3482,3.8767413234,0.7043526414,25.1501421614,2026-10-06
3484,5.5099517455,1.0203549531,34.6513539407,2026-10-06
3489,5.4403773721,0.8720068493,38.6570109023,2026-10-06
3497,3.3320350893,0.6571071546,19.0406657269,2026-10-06
3499,2.9507509001,0.4995318606,20.6963879428,2026-10-06
3502,4.9654872131,0.9631816581,30.6470836498,2026-10-06
3503,3.743230119,0.6261872286,26.0487488144,2026-10-06
3505,4.1086654331,0.650950416,30.5133343903,2026-10-06
3507,3.3236026549,0.7033850173,17.7235863302,2026-10-06
3508,5.8189142151,1.1951484034,31.4464140407,2026-10-06
3509,3.8897659789,0.655472808,27.3229061955,2026-10-06
3514,5.5234453057,0.9864362856,33.9728995238,2026-10-06
3516,4.2400594999,0.834575807,25.5769946807,2026-10-06
3517,3.2441459849,0.5608622159,22.9443451709,2026-10-06
3518,4.5249002093,0.999756046,24.6919943377,2026-10-06
3519,3.7768832414,0.9054504789,21.2490421037,2026-10-06
3523,3.5383464903,0.8051549486,18.4302723269,2026-10-06
3527,5.0393657139,1.0033317974,29.7016415702,2026-10-06
3528,5.1264802617,1.1907473793,24.8491068229,2026-10-06
3532,2.4680307182,0.4672827743,15.7522547854,2026-10-06
3535,3.3945263767,0.7063811412,18.1900298334,2026-10-06
3538,2.8326724967,0.6288858738,14.5425775012,2026-10-06
3539,3.9611646488,0.7459981405,23.7615956273,2026-10-06
3541,5.2549556956,0.9651350206,31.5119957816,2026-10-06
3542,3.4053388727,0.6674646367,19.781409032,2026-10-06
3543,3.4875715411,0.6680567017,20.5359213889,2026-10-06
3544,3.6894933439,0.6981517491,21.940774208,2026-10-06
3546,3.9923208879,0.8399588432,22.3267081597,2026-10-06
3548,4.6111657785,0.790500824,33.0592660636,2026-10-06
3550,5.026836991,0.9408713933,31.6069954718,2026-10-06
3551,2.9696990331,0.5706033129,19.0828899412,2026-10-06
3554,6.3291253914,1.2661744392,35.4081891757,2026-10-06
3556,5.0196486235,0.8159970115,35.2966989505,2026-10-06
3557,5.1559840247,0.9661258649,32.2261898244,2026-10-06
3558,2.7387928221,0.5027428631,18.1493590209,2026-10-06
3562,5.2479744964,0.9247721793,33.9790198094,2026-10-06
3563,4.1436611941,0.7010279302,27.4169414662,2026-10-06
3564,4.6527772508,0.8186353435,29.2436055018,2026-10-06
3566,4.4763623307,0.9780070683,23.6289580708,2026-10-06
3567,3.0345752799,0.5884867467,17.3317433095,2026-10-06
3568,3.4512231662,0.6454006574,20.7893793108,2026-10-06
3569,3.734069296,0.8435218122,18.7389284533,2026-10-06
3572,2.9540905868,0.7210451644,14.7225305647,2026-10-06
3574,4.3724003879,0.8475545777,27.7839332886,2026-10-06
3576,2.8012719711,0.5090468709,17.6372513673,2026-10-06
3577,3.0013508518,0.5062219694,21.7909543625,2026-10-06
3578,3.2250875733,0.7410162847,17.1672284297,2026-10-06
3579,3.3799101481,0.8115538442,19.9555979373,2026-10-06
3580,4.2919687546,0.9018084111,24.4995571787,2026-10-06
3581,3.2129427079,0.6613421313,17.4127448333,2026-10-06
3582,4.3630517693,0.7689626025,28.5273371753,2026-10-06
3583,3.7430374347,0.7651118942,22.5550716671,2026-10-06
3584,2.8634710982,0.5571230848,16.1827791147,2026-10-06
3587,3.14051735,0.5828003892,20.087512887,2026-10-06
3589,3.3459037759,0.6479790736,20.2502794643,2026-10-06
3590,3.7050807867,0.6104249897,28.1376616795,2026-10-06
3591,1.4797579999,0.3261613578,8.1110473474,2026-10-06
3596,2.6667586919,0.5001305231,16.4383631582,2026-10-06
3602,4.5326204974,0.8412753347,28.7797170093,2026-10-06
3604,3.4303867322,0.6969013677,18.7560492477,2026-10-06
3605,4.506869774,0.900455582,25.7873022217,2026-10-06
3606,4.4617109561,0.8226710794,27.8000210182,2026-10-06
3611,4.2728701127,0.6500654199,31.8709484071,2026-10-06
3612,4.8813965189,0.7957605283,34.4550387118,2026-10-06
3613,5.2396664602,0.8559821866,35.7863128795,2026-10-06
3614,4.9827189009,0.9328857698,30.3741438783,2026-10-06
3615,3.4998521049,0.6242601966,22.0358198957,2026-10-06
3616,2.7125113362,0.4808070355,17.9950686035,2026-10-06
3617,3.903669746,0.809774274,21.2472325861,2026-10-06
3618,5.661327341,1.1358903538,35.1346013331,2026-10-06
3619,3.9371752474,0.7623804627,21.9594430546,2026-10-06
3620,3.4377742476,0.6252670797,20.5419151015,2026-10-06
3621,0.321455495,0.0782088377,1.7542709997,2026-10-06
3623,3.2162472905,0.6179886283,21.5495685193,2026-10-06
3627,5.8215572691,1.1910834901,30.295075894,2026-10-06
3629,4.9404775181,0.926514511,31.2566275874,2026-10-06
3630,2.2801003917,0.4212948861,14.6482285185,2026-10-06
3631,0.3829973053,0.0869383066,2.0074646078,2026-10-06
3635,3.2046479917,0.5903560979,20.4869935601,2026-10-06
3637,3.2349523674,0.6192456379,19.2590313031,2026-10-06
3641,6.5820845155,1.3369595147,36.4487206549,2026-10-06
3642,3.9017322279,0.8519222491,21.5748621082,2026-10-06
3643,4.1287277294,0.9006060801,21.5368542017,2026-10-06
3645,0.8431428509,0.1245898513,6.4511698957,2026-10-06
3647,4.8482192357,0.8738463351,32.8249764464,2026-10-06
3652,3.2202555082,0.638806761,18.4671467331,2026-10-06
3653,4.0894000171,0.9345147874,19.9652207695,2026-10-06
3654,4.856422461,0.8166482006,34.3255292981,2026-10-06
3655,5.3912935292,1.1860707015,26.7111721269,2026-10-06
3656,2.6655989954,0.5694877795,14.0057648593,2026-10-06
3659,4.4249772432,0.8817088808,24.7358534642,2026-10-06
3660,4.9248352503,1.0466161425,25.8179907113,2026-10-06
3661,5.388822853,1.0702016839,31.8913550709,2026-10-06
3662,4.2188696019,0.8131385266,25.8975484786,2026-10-06
3663,4.0425841578,0.74098749,24.5196493921,2026-10-06
3664,3.7075168852,0.7649444563,20.1291335281,2026-10-06
3679,4.5366817148,0.7231977051,33.3594348841,2026-10-06
3680,5.0835202683,1.1008162656,27.8656779478,2026-10-06
3681,3.2492762885,0.5765395588,20.6899795964,2026-10-06
3684,4.4967198968,1.0382911294,24.3826316017,2026-10-06
3685,5.170909551,1.1849875658,26.6913831836,2026-10-06
3686,4.6402275287,0.871988492,26.8754026871,2026-10-06
3687,2.6922217566,0.5650663343,17.9273004573,2026-10-06
3690,5.6374689285,1.1202406469,31.0709237403,2026-10-06
3692,4.4487328485,0.7206124866,33.6476531181,2026-10-06
3696,4.2195240498,0.7939270827,25.319795096,2026-10-06
3699,4.2379958226,0.8517818255,24.6086905646,2026-10-06
3701,3.4929214114,0.5798895149,25.1283198069,2026-10-06
3703,3.9836344876,0.7829792583,24.1599962496,2026-10-06
3704,1.1978660649,0.3068540915,5.1411902611,2026-10-06
3708,4.4456551538,0.7558158534,30.0313783809,2026-10-06
3710,4.3433224079,0.8221177335,26.1970006993,2026-10-06
3711,5.355395243,1.0030072039,33.3374025886,2026-10-06
3712,3.819302219,0.7020282423,26.0629100263,2026-10-06
3713,5.4979596835,0.9610633013,34.2999630334,2026-10-06
3714,3.3819686727,0.5484982234,24.8320272495,2026-10-06
3715,2.3800536215,0.473964521,14.812122114,2026-10-06
3716,3.4455738955,0.4773073205,27.9339138115,2026-10-06
3717,2.8966018145,0.4944278452,20.4255083503,2026-10-06
3718,4.4230376009,0.8736251076,25.4789369123,2026-10-06
3719,3.8333845233,0.6560292204,24.7376302269,2026-10-06
3721,3.9077170975,0.5495717432,32.8349655465,2026-10-06
3722,3.1594227798,0.591782406,18.6362906282,2026-10-06
3726,2.7890041756,0.484887537,19.6192636381,2026-10-06
3730,4.034176519,0.7334928773,25.1539593531,2026-10-06
3731,3.6048189,0.6858056298,21.5336758488,2026-10-06
3736,0.2638307701,0.0674640492,1.0353340074,2026-10-06
3737,3.5535954323,0.5554488887,26.600059301,2026-10-06
3740,5.1197275035,0.949655562,33.758456209,2026-10-06
3741,3.7363414365,0.6676185253,23.2989331724,2026-10-06
3742,2.6677790955,0.5399239727,15.3235126277,2026-10-06
3743,5.5639384369,1.0115328351,36.1012913365,2026-10-06
3744,3.950094285,0.6097425988,32.0809901779,2026-10-06
3745,5.2110138848,0.963098547,31.1588016267,2026-10-06
3746,4.8280452351,0.8799238705,28.8078892493,2026-10-06
3747,3.8253152553,0.6156133164,27.1729116863,2026-10-06
3748,3.1233975334,0.6077102777,18.6131793512,2026-10-06
3752,3.7478223754,0.6163740212,26.1724609858,2026-10-06
3757,5.4208365707,1.058797379,31.1873902727,2026-10-06
3761,3.2728924996,0.5628428497,21.2703927313,2026-10-06
3769,4.1540864066,0.7424803447,27.6254326048,2026-10-06
3771,3.9823814721,0.6010036792,30.2220967221,2026-10-06
3772,3.3921633602,0.5778796711,23.2969229239,2026-10-06
3773,4.1428620224,0.8576144085,25.2161805143,2026-10-06
3775,4.7962896075,0.8753918303,29.3623969009,2026-10-06
3776,3.6921603989,0.78360508,20.9350920304,2026-10-06
3777,5.6570471566,1.2453089609,28.5867030518,2026-10-06
3778,1.5458917045,0.3499108265,7.8718575896,2026-10-06
3779,2.7481517314,0.3295552418,27.9904244847,2026-10-06
3783,4.4196038628,0.7197417752,31.7248127877,2026-10-06
3784,4.3989670453,0.833570186,27.0613743783,2026-10-06
3787,1.2231155847,0.2672444445,6.223722927,2026-10-06
3788,2.5749902653,0.4316309207,18.1240207058,2026-10-06
3790,4.3570502263,0.8424497041,26.5647684353,2026-10-06
3792,3.4288845138,0.6604247716,19.170322132,2026-10-06
3793,3.9849467037,0.7244035291,27.1568781844,2026-10-06
3796,3.6425563067,0.6667374594,23.8554316961,2026-10-06
3797,5.6658893865,1.2323450694,28.2585716966,2026-10-06
3800,3.6749129822,0.7224061134,23.9632815804,2026-10-06
3801,3.5029030283,0.7083158874,19.97624507,2026-10-06
3804,4.00722565,0.7297860296,27.4226300399,2026-10-06
3805,2.9763168275,0.4237939423,23.8087183149,2026-10-06
3807,4.4267490648,0.8305082014,27.6091480146,2026-10-06
3808,2.923075623,0.9831110704,15.1854341706,2026-10-06
3809,3.3134315435,0.6458215169,18.9711337766,2026-10-06
3811,5.0261928873,1.084686104,31.0378945492,2026-10-06
3812,3.8583443415,0.7851088535,22.0820074288,2026-10-06
3813,5.2115886466,0.9569769395,33.4674460767,2026-10-06
3814,5.1691147603,1.1329399508,25.9767187147,2026-10-06
3820,0.1238302906,0.0243583351,0.7706647715,2026-10-06
3822,3.0226793338,0.4890904593,22.4893870374,2026-10-06
3825,2.5824962671,0.506250793,17.8351527101,2026-10-06
3826,3.7734879684,0.6332192232,25.9508613075,2026-10-06
3827,4.3170088472,0.8576007416,24.2819698369,2026-10-06
3828,3.0049371629,0.5461585617,18.9350024883,2026-10-06
3831,3.3403771272,0.618501274,22.8485659447,2026-10-06
3832,1.0967737453,0.2143121656,6.3211652561,2026-10-06
3833,3.3463410542,0.5049143776,26.5268561502,2026-10-06
3834,2.5848752811,0.5250315764,15.7237305515,2026-10-06
3837,5.4041517652,1.0064560258,33.1654992133,2026-10-06
3838,3.0392754256,0.4576786832,24.6077889746,2026-10-06
3839,3.6075270968,0.7888792199,19.1853807548,2026-10-06
3841,5.5445976238,0.9933689464,34.7622747146,2026-10-06
3842,4.7910618589,1.0352743668,25.767221292,2026-10-06
3843,3.3939271059,0.6025836653,23.9647070211,2026-10-06
3845,5.966654932,1.3274360054,30.6414783608,2026-10-06
3848,3.5192378027,0.7409315828,22.0811530511,2026-10-06
3849,0.1869223127,0.030449434,1.3044500621,2026-10-06
3850,4.1426581002,0.6384452501,30.4764525408,2026-10-06
3851,0.0242042037,0.0051137574,0.1328209984,2026-10-06
3852,4.4155057457,0.8479640377,25.8904163202,2026-10-06
3853,5.7387508985,1.1054262868,33.1777879273,2026-10-06
3854,3.1288944138,0.4947424755,23.7174242204,2026-10-06
3857,5.0850677111,0.941184039,32.7034421069,2026-10-06
3859,3.5870504179,0.7037778017,22.0131288132,2026-10-06
3860,4.0497790488,0.7805719405,23.514798927,2026-10-06
3863,4.1192022401,0.7196830616,27.0620537916,2026-10-06
3866,2.5619880875,0.5293797762,14.3634666296,2026-10-06
3867,4.0687416565,0.8916966143,21.4130807917,2026-10-06
3868,3.9689590517,0.7791520989,23.6271207369,2026-10-06
3869,2.9973048161,0.5761279639,17.7849876101,2026-10-06
3870,4.5019801842,0.8729709202,26.6885840053,2026-10-06
3871,1.3609854433,0.2941553419,7.5757770804,2026-10-06
3872,5.7401756699,1.2950852725,31.5734486641,2026-10-06
3873,3.3344439917,0.5780825746,22.7548474256,2026-10-06
3874,3.6730658194,0.5689060157,27.4272619683,2026-10-06
3875,3.6992728114,0.7328188044,21.1858899477,2026-10-06
3876,5.5664570329,1.0243699235,35.1694642895,2026-10-06
3878,4.023697823,0.7623930478,25.6379137686,2026-10-06
3880,4.1416272263,0.7933996038,24.6652273455,2026-10-06
3882,4.3324817779,0.8742683306,25.7536657256,2026-10-06
3885,4.4747724581,0.7941304455,28.5037705859,2026-10-06
3888,3.8483886077,0.7518864205,23.1245503308,2026-10-06
3889,3.1816622448,0.5046458358,22.7002682339,2026-10-06
3891,4.7637768965,0.9326766868,28.0194735941,2026-10-06
3892,3.5343357243,0.6154575441,23.7330117694,2026-10-06
3893,3.2161100443,0.5881579006,20.7523973723,2026-10-06
3895,2.5057268952,0.6387921826,13.2882646929,2026-10-06
3896,2.6194216781,0.484196033,16.3558166771,2026-10-06
3897,3.2124162198,0.4382939345,26.7252909017,2026-10-06
3898,4.7724822231,0.7893375434,34.8838356473,2026-10-06
3900,3.7495824465,0.6416884755,25.1437491916,2026-10-06
3901,5.2903107695,1.1678333305,27.7048464629,2026-10-06
3904,4.4481098552,0.7761757895,29.5804650607,2026-10-06
3905,4.6768342423,0.7176788861,34.6906990847,2026-10-06
3906,4.08528639,0.9200538193,20.2427142814,2026-10-06
3907,4.354668817,0.7736247775,28.7217778609,2026-10-06
3908,4.9973586853,0.893363812,32.3287950534,2026-10-06
3909,2.7336640797,0.3274961158,26.6083453284,2026-10-06
3910,4.0660446315,0.8787169716,22.5036695608,2026-10-06
3911,4.9755298352,0.975558722,30.3564425494,2026-10-06
3912,3.4712598769,0.5459971567,27.8583409265,2026-10-06
3915,5.8461329143,1.1747451784,33.9058397498,2026-10-06
3918,5.1657909134,0.9051351362,33.1496410608,2026-10-06
3920,3.4945411793,0.6281337438,22.143968941,2026-10-06
3921,0.0143248852,0.0032311024,0.0694969077,2026-10-06
3922,4.0226522402,0.7450001262,23.8664010644,2026-10-06
3928,3.4866024622,0.6942632986,19.83810064,2026-10-06
3929,4.5703414851,0.8190968081,29.3342686799,2026-10-06
3930,4.3405873398,0.8247061647,27.5380823212,2026-10-06
3931,5.2498844897,0.9675644308,34.7840454189,2026-10-06
3932,3.2444725633,0.6087558494,19.8882534587,2026-10-06
3933,5.2857906931,1.0298882345,31.4175940411,2026-10-06
3934,4.6376803632,0.9287801776,26.6209003648,2026-10-06
3935,2.9927714348,0.4988668191,21.1308421712,2026-10-06
3939,3.1810291157,0.6260851167,17.7029024621,2026-10-06
3940,4.1087504988,0.5916314891,31.575638698,2026-10-06
3941,3.4139827857,0.4759493523,29.2713844122,2026-10-06
3942,3.8654315806,0.5623213168,28.7205707506,2026-10-06
3943,2.3702667618,0.4646986388,13.5944931035,2026-10-06
3944,4.5445813682,0.936351444,25.8183507209,2026-10-06
3945,3.304992931,0.6598387215,18.4806325035,2026-10-06
3946,4.0975742159,0.6825887645,27.8990305211,2026-10-06
3947,3.8385542107,0.693261876,24.028354157,2026-10-06
3948,2.6665523843,0.5328113741,15.8032504395,2026-10-06
3949,3.1343513592,0.6044414935,19.2443792296,2026-10-06
3950,2.091405927,0.346335594,15.3316205921,2026-10-06
3951,4.4060474931,0.8838568402,24.7620951755,2026-10-06
3952,4.3163078504,0.609075959,36.3788036941,2026-10-06
3953,3.457981705,0.7917779779,17.3184520891,2026-10-06
3955,3.4700288437,0.6989993721,19.124830476,2026-10-06
3956,2.6188837531,0.4680450094,16.0900580465,2026-10-06
3957,5.6830776152,1.1457450546,31.8777886411,2026-10-06
3959,3.8124272777,0.5323032669,31.7323550048,2026-10-06
3960,2.6888174927,0.3267458708,25.7194969666,2026-10-06
3961,5.5816282206,1.0050510583,34.7253220316,2026-10-06
3963,5.1515341022,0.9010238702,33.6895255696,2026-10-06
3964,5.7167683416,1.2834291904,29.2328787972,2026-10-06
3965,5.0387249566,0.9045620073,35.4058340393,2026-10-06
3966,6.2866461042,1.24591781,35.5994240891,2026-10-06
3967,4.2686519207,1.1261368643,20.1309860106,2026-10-06
3968,4.3358920068,0.8076202822,26.5473186423,2026-10-06
3973,4.2680117362,0.8003457775,25.6872914467,2026-10-06
3974,4.3514081165,0.7316182045,30.6288690452,2026-10-06
3975,4.2705870531,0.6645443821,31.4650161783,2026-10-06
3976,3.8670819314,0.8252482873,21.627476406,2026-10-06
3977,4.1361518846,0.6842823703,31.5847280912,2026-10-06
3978,3.8906381073,0.6911902459,24.4031827446,2026-10-06
3981,4.712546682,0.9492348941,25.847188474,2026-10-06
3982,2.9798961768,0.5044421909,20.657640846,2026-10-06
3983,4.6610308735,0.7075289019,34.9210696698,2026-10-06
3984,5.4779293547,0.917675726,35.2328454264,2026-10-06
3986,0.20261741,0.0375052191,1.2291984774,2026-10-06
3987,3.7742997187,0.6906977677,23.4833669067,2026-10-06
3988,4.667969211,0.7562988745,33.9772884613,2026-10-06
3989,4.5691265957,1.2503054135,19.6774978505,2026-10-06
3990,2.5236099957,0.4718294506,16.0978552442,2026-10-06
3992,3.1173854264,0.5338982867,20.5006436625,2026-10-06
3993,3.8750124855,0.6813993161,26.0820513732,2026-10-06
3994,2.9544911162,0.5375934814,17.8603338422,2026-10-06
3995,2.7811187157,0.4144522533,21.1468679344,2026-10-06
3997,5.4291230834,0.9022105587,37.4527586487,2026-10-06
3998,4.3623523806,0.8325918958,25.4014061001,2026-10-06
3999,5.185914367,0.9392135458,32.2358702465,2026-10-06
4000,6.0257881065,1.1677757564,34.3125905528,2026-10-06
4002,4.9215311672,0.8206123647,33.2057117261,2026-10-06
4003,3.5706631098,0.5986089869,24.0043120961,2026-10-06
4004,5.8901943837,1.1922735752,32.6514556701,2026-10-06
4006,3.7062568909,0.6689504205,22.2215953241,2026-10-06
4007,2.5460016944,0.3642291149,22.1704724769,2026-10-06
4009,2.2262543592,0.3197996126,17.474533929,2026-10-06
4010,2.9701963629,0.5760707439,17.7229775926,2026-10-06
4011,5.4750129863,1.0602679302,33.2957636795,2026-10-06
4012,4.0468528258,0.6313955215,30.7614148336,2026-10-06
4013,4.3404254982,0.6632842276,33.2747299359,2026-10-06
4014,4.4804308196,0.8590112244,26.5900553081,2026-10-06
4015,4.6909943708,0.8415310775,29.8694872798,2026-10-06
4016,3.7922489511,0.6610320255,26.38013891,2026-10-06
4017,4.4890503051,0.9654283171,23.1177535734,2026-10-06
4019,4.4704289359,0.8043485658,27.9884779709,2026-10-06
4020,3.7643450236,0.8737193562,21.1326267916,2026-10-06
4022,3.5796070784,0.579819008,25.245444387,2026-10-06
4023,3.9058202207,0.7481570123,23.1946951706,2026-10-06
4024,5.7991386111,1.0306524684,37.2508600471,2026-10-06
4025,6.0720675653,1.13608744,35.4856529009,2026-10-06
4027,4.2174424338,0.8074746549,24.6159320778,2026-10-06
4028,4.7362933141,0.871142842,28.3919410089,2026-10-06
4030,4.2376052165,0.6476112192,31.2106291008,2026-10-06
4031,4.0021991715,0.7418355412,24.8602527736,2026-10-06
4033,4.9618799939,0.8320451464,33.7529674012,2026-10-06
4034,4.5207163028,0.9778081609,23.3852472779,2026-10-06
4035,4.8732509417,1.127941989,23.9217234609,2026-10-06
4036,4.829174402,0.8727707073,31.6910843511,2026-10-06
4039,2.5650158402,0.4620276953,16.7003832251,2026-10-06
4040,5.0414260037,0.8297290438,35.248524676,2026-10-06
4041,4.3734578345,1.1217061035,19.6126111909,2026-10-06
4042,5.184777379,1.0434846292,28.4472262024,2026-10-06
4043,4.4382966507,0.7819847224,29.7573911355,2026-10-06
4044,3.7339717832,0.5681328585,28.8910419746,2026-10-06
4045,4.7021258931,0.8641143001,28.7205567028,2026-10-06
4047,4.2980057009,0.9186845236,21.9107474616,2026-10-06
4049,4.7477907572,0.8404039711,31.7035614425,2026-10-06
4050,3.7802727349,0.6731047617,25.6359754246,2026-10-06
4051,2.3871383219,0.4569056936,13.9298848779,2026-10-06
4052,1.8198302958,0.352481898,11.1541333328,2026-10-06
4053,4.6860968194,0.8119941361,31.5324984003,2026-10-06
4054,3.549683844,0.7231319244,22.2965864617,2026-10-06
4055,5.2639232307,0.9766829098,32.2267320814,2026-10-06
4056,0.000787004,0.0001623881,0.0046028503,2026-10-06
4057,5.3584475517,0.9953068658,31.8570431643,2026-10-06
4058,6.7573936965,1.2925779026,39.1403996146,2026-10-06
4059,2.8621321822,0.6020171171,15.5054542122,2026-10-06
4060,4.0073876634,0.6898074859,27.3452392122,2026-10-06
4061,5.2730696207,0.7907124257,39.2023741732,2026-10-06
4062,0.4881618368,0.1046803226,2.4789986522,2026-10-06
4063,3.9605654132,0.6085812189,32.8096454053,2026-10-06
4064,5.5576523525,0.9891883114,36.8304755601,2026-10-06
4065,3.7593701315,0.714313326,21.887439919,2026-10-06
4066,5.4036856496,0.8987859748,36.1698207787,2026-10-06
4067,5.7716245224,1.0771778174,35.8181574845,2026-10-06
4068,4.1408326488,0.6849763924,28.3297907053,2026-10-06
4069,5.0484867706,1.0875542932,27.4731531544,2026-10-06
4071,1.6831333345,0.3655247138,9.0502333693,2026-10-06
4072,3.6721418413,0.5698564768,26.5397096383,2026-10-06
4073,5.14188646,0.8321598893,34.106276799,2026-10-06
4074,4.2220363616,0.635112151,31.9231939659,2026-10-06
4075,3.5039446493,0.4801331359,29.8815072906,2026-10-06
4076,5.3061135407,1.0738145668,29.9059955833,2026-10-06
4077,5.4052330588,1.0277680802,31.3172442027,2026-10-06
4079,5.4099652621,0.8783084374,36.8268770845,2026-10-06
4080,0.0100574802,0.0017391953,0.0699333115,2026-10-06
4081,4.4166774188,0.7997691112,28.3916380406,2026-10-06
4082,4.6986107841,0.9607214646,25.5782003861,2026-10-06
4083,2.7726762934,0.4276632182,20.2766638373,2026-10-06
4084,5.1004350608,0.8268777086,34.7920929235,2026-10-06
4085,3.5626310583,0.8379509451,17.7793036175,2026-10-06
4086,3.7913127574,0.5712865411,29.6262112182,2026-10-06
4089,4.3200199634,0.8071015678,27.5370936016,2026-10-06
4090,4.2755925107,0.7154304163,28.0002081613,2026-10-06
4092,3.7064815296,0.6459193205,24.1904327266,2026-10-06
4093,2.6597121529,0.5588523718,14.3643350683,2026-10-06
4094,4.8294489788,0.9585901631,26.6197443141,2026-10-06
4095,5.1673165114,0.8983559276,33.0002587138,2026-10-06
4096,4.7345544001,0.8043697597,32.2089084625,2026-10-06
4097,4.4610308379,0.9591973836,24.0240105341,2026-10-06
4098,2.4440355883,0.5574392016,11.7061205153,2026-10-06
4099,3.402421967,0.5751456322,22.8121009452,2026-10-06
4100,3.8339299594,0.7114655125,24.0602813902,2026-10-06
4102,5.101009373,0.8241580245,35.5395221461,2026-10-06
4103,4.4759223109,1.10835527,20.2879736768,2026-10-06
4104,3.0405141639,0.4922006165,21.6858532976,2026-10-06
4105,4.2066016536,0.88432763,22.3848206219,2026-10-06
4106,3.9598565437,0.7481573086,23.6114930434,2026-10-06
4108,4.0508063719,0.651158286,31.1800776225,2026-10-06
4109,2.5350901035,0.3695495596,20.4247384634,2026-10-06
4110,2.6076671611,0.4531781866,16.3302481809,2026-10-06
4111,5.2170404506,0.9991977034,32.3958215138,2026-10-06
4112,4.6950410526,0.9252839954,27.6353485009,2026-10-06
4113,4.690676529,0.8352433802,28.92473535,2026-10-06
4114,3.8958204581,0.7834607616,21.3450656471,2026-10-06
4116,3.9096394088,0.7922729109,21.7302582521,2026-10-06
4117,3.2126111913,0.6953184418,16.2118950981,2026-10-06
4118,4.9216949,0.8003023521,34.0150757946,2026-10-06
4119,3.8185595045,0.6917825681,26.1652241055,2026-10-06
4120,4.9559757606,0.8071767906,33.5163459838,2026-10-06
4121,4.5764101178,0.7307223312,32.9538691918,2026-10-06
4122,5.3615879661,0.922647188,35.2695660549,2026-10-06
4123,3.2288658069,0.6520595518,18.3540338087,2026-10-06
4124,3.617964715,0.6802824591,21.945177868,2026-10-06
4128,3.1936934452,0.5747799007,20.0445119843,2026-10-06
4129,3.5264855497,0.7810680418,18.7729301158,2026-10-06
4131,3.6618030058,0.6697572415,24.4907206552,2026-10-06
4133,4.1025778913,0.7259326531,27.5588973129,2026-10-06
4134,4.6019519386,0.8382176863,27.8763703656,2026-10-06
4136,5.6680547932,1.0020951197,34.4425354772,2026-10-06
4137,3.8784028817,0.5483114019,32.6349762155,2026-10-06
4138,3.9895874728,0.6890575344,27.3804181873,2026-10-06
4139,4.1638671121,0.8298347842,24.8272539177,2026-10-06
4140,3.8374566868,0.7105347501,22.7577513099,2026-10-06
4142,4.8432358183,0.8462036767,30.1868504802,2026-10-06
4143,3.3150299741,0.5776006367,21.1354791965,2026-10-06
4144,3.9444343818,0.6866486687,24.8673919098,2026-10-06
4145,6.9973612651,1.8016334283,29.0931567207,2026-10-06
4146,4.3032420114,0.7500175673,29.2528508801,2026-10-06
4148,4.1139033982,0.661257062,30.3780693197,2026-10-06
4150,4.666069978,0.6992685215,35.8375225695,2026-10-06
4151,4.9518648375,1.1086529789,24.343032406,2026-10-06
4152,3.1379598235,0.5831483331,19.0655571034,2026-10-06
4154,4.8503566628,0.9256055291,29.8510113234,2026-10-06
4155,4.2546406688,0.7296837889,27.9239794498,2026-10-06
4156,4.4883204244,0.8387055272,28.2237184429,2026-10-06
4158,4.5722864421,0.7931829679,28.5770060747,2026-10-06
4159,4.473814717,0.7360125333,31.5510393586,2026-10-06
4161,3.6490467885,0.6621009184,23.2493929627,2026-10-06
4162,0.0367734847,0.0076554675,0.2121137215,2026-10-06
4163,5.0649936468,0.9144780486,33.0422279299,2026-10-06
4164,4.2383730674,0.9164715985,22.7742263772,2026-10-06
4166,3.5783672428,0.4690074758,32.6236041976,2026-10-06
4167,1.7312291275,0.2787580321,12.2389305509,2026-10-06
4168,3.4766078995,0.6080904447,23.3510223739,2026-10-06
4169,3.9047241462,0.8051062819,22.9325441579,2026-10-06
4171,5.2196516835,1.0294230407,29.766388219,2026-10-06
4172,5.26575466,0.9479640152,34.4943410083,2026-10-06
4173,4.5007164608,0.8460026619,26.7215509215,2026-10-06
4174,5.2142872083,0.906750708,33.9367894089,2026-10-06
4175,3.4298073838,0.4522807242,31.2049824675,2026-10-06
4176,3.0878560455,0.6231126173,19.3475941224,2026-10-06
4177,2.0695040937,0.4109142256,13.0607264211,2026-10-06
4179,5.1769691042,0.9066443228,33.2009981817,2026-10-06
4180,4.847969549,0.8134747817,32.9735936163,2026-10-06
4181,5.3969036186,1.2977037093,25.8733570117,2026-10-06
4182,4.5942958081,0.8514834787,29.3339943414,2026-10-06
4183,2.8527762885,0.611116761,14.1002449949,2026-10-06
4184,4.329373084,0.7594206049,29.013336744,2026-10-06
4186,4.3786327566,0.7586532873,29.6643356774,2026-10-06
4188,3.1735682299,0.4191384836,30.7400575399,2026-10-06
4189,6.4697400823,1.4111447329,35.2869607943,2026-10-06
4190,5.4392914387,1.0742169139,32.3113065012,2026-10-06
4191,4.2524636237,0.7227168692,29.6685711484,2026-10-06
4193,5.1687316766,0.8968554279,34.9655982236,2026-10-06
4195,2.3050743856,0.324051005,18.4756735267,2026-10-06
4196,4.0487224132,0.8834466106,22.716169336,2026-10-06
4197,4.6783361039,1.0035253284,23.8969953311,2026-10-06
4199,4.9314583989,0.8352767787,33.3017633114,2026-10-06
4200,4.143260413,0.7548297175,27.1772978361,2026-10-06
4201,4.3824472685,0.8004505392,28.6006209584,2026-10-06
4202,4.1051809485,0.8473835855,22.8334441474,2026-10-06
4203,3.4384350819,0.5831117465,22.4647329428,2026-10-06
4204,4.5012880813,0.9552308837,26.0442797591,2026-10-06
4205,3.7235757972,0.5693765986,29.1735601359,2026-10-06
4207,1.9436705011,0.3121486243,15.0451453663,2026-10-06
4208,4.8258205199,0.8071313057,32.3737359296,2026-10-06
4209,5.6648999878,1.0461717492,34.40820059,2026-10-06
4210,5.5220834714,1.0391558885,33.8639861334,2026-10-06
4211,3.9596382187,0.6231975946,29.2060278511,2026-10-06
4213,3.4687934908,0.6817232565,20.1945513188,2026-10-06
4214,2.3595546043,0.442753707,14.2000756498,2026-10-06
4215,5.2780015757,0.9791539387,32.9979791399,2026-10-06
4216,3.7407032181,0.6020313898,27.1479818535,2026-10-06
4218,3.1423304404,0.523007355,21.1174946369,2026-10-06
4219,5.471515528,1.2736167181,25.4460498978,2026-10-06
4220,4.5007667321,0.8081478063,28.7403961568,2026-10-06
4224,4.052940916,0.8905795379,19.9507470812,2026-10-06
4225,3.1263357565,0.5130801358,23.34791853,2026-10-06
4226,3.675876329,0.5813297101,26.0559641063,2026-10-06
4227,4.227550789,0.7983243477,29.5753054533,2026-10-06
4228,4.1699935896,0.8195787894,23.1822902521,2026-10-06
4229,3.9853985206,0.7421417844,24.2268391205,2026-10-06
4230,2.8592711755,0.5377608857,17.3834482885,2026-10-06
4231,4.1199463603,0.7521393433,24.610530692,2026-10-06
4232,3.7581312522,0.6893847877,24.2177965686,2026-10-06
4233,4.1489301468,0.7682667665,25.8606388172,2026-10-06
4234,3.1815966206,0.6185617886,18.8421490345,2026-10-06
4236,2.7913073389,0.4382780728,19.6918827783,2026-10-06
4237,4.7054930897,0.731183275,35.7208857242,2026-10-06
4238,3.4096629592,0.4909340979,27.3200215603,2026-10-06
4239,4.5698484509,0.7451297541,33.4898570403,2026-10-06
4240,3.5460241261,0.5639730405,26.6401491478,2026-10-06
4241,4.7043382653,0.857004529,31.6903910465,2026-10-06
4243,4.0616871438,0.8480841157,22.1153243274,2026-10-06
4244,2.2267460303,0.3414643865,16.2804412852,2026-10-06
4245,4.5166033583,0.8496884572,28.3205188331,2026-10-06
4246,3.7279636912,0.7048144221,21.5937553968,2026-10-06
4247,3.343188263,0.5415437383,24.738619004,2026-10-06
4248,4.2837959576,0.8341700302,25.4713418407,2026-10-06
4251,5.0323132467,1.1954283553,24.61597171,2026-10-06
4252,4.2717208038,0.9060810537,23.4503745345,2026-10-06
4253,4.2205672754,0.743871828,27.079130774,2026-10-06
4254,4.6241998882,0.7724769721,31.9913910798,2026-10-06
4256,3.3141730989,0.5235270989,23.0647199986,2026-10-06
4257,2.7995898808,0.4335681101,21.0646230134,2026-10-06
4258,4.2222223464,0.9131983711,23.0217872913,2026-10-06
4259,4.3501754333,0.7214972781,29.2113864872,2026-10-06
4260,4.6872322238,0.8361344432,29.6109119055,2026-10-06
4261,4.9050568081,0.8474572546,32.3108518864,2026-10-06
4262,4.8915981627,0.7104989678,38.6861188452,2026-10-06
4263,3.711721766,0.786135631,19.9849475091,2026-10-06
4264,5.0635723549,1.0174289248,28.342017112,2026-10-06
4266,4.2448276629,0.7509205151,30.3516531807,2026-10-06
4268,0.1129782755,0.0245273305,0.6136133232,2026-10-06
4269,4.2133753398,0.634721834,31.313697271,2026-10-06
4270,3.7881295547,0.6839110201,23.7749121078,2026-10-06
4271,1.1175293886,0.2092356685,6.7707475493,2026-10-06
4272,5.4670384323,0.9454625842,36.0616538539,2026-10-06
4273,5.3169800023,1.2282654829,27.8506370855,2026-10-06
4274,3.0345209978,0.5289095695,20.1480562403,2026-10-06
4275,2.9113915999,0.5796234449,17.1246335348,2026-10-06
4276,2.2885941437,0.4335313415,16.1215860762,2026-10-06
4277,3.1616869264,0.5911190391,19.9202586,2026-10-06
4278,3.2220091859,0.447742369,26.8923416694,2026-10-06
4281,4.2706139796,0.7775379655,27.064609824,2026-10-06
4283,3.265595325,0.6353919241,20.703827178,2026-10-06
4286,5.3831246538,0.8719656771,37.2832745465,2026-10-06
4287,5.4837706332,1.0343598388,33.1477939934,2026-10-06
4288,3.7782408963,0.5772631025,31.5423204089,2026-10-06
4289,4.3634649414,0.7349921452,30.146304557,2026-10-06
4290,3.5553188805,0.4785579265,31.7626552299,2026-10-06
4292,2.8771893635,0.4785074705,22.0055793131,2026-10-06
4293,3.2639109985,0.5299846976,22.5063927743,2026-10-06
4294,1.7531812009,0.2640603766,14.5739601058,2026-10-06
4295,4.2244717943,0.7110417651,31.5151865828,2026-10-06
4296,3.1261674268,0.4887170073,22.7954387898,2026-10-06
4297,2.5499341607,0.3366072944,22.8534747021,2026-10-06
4298,4.0630933782,0.7073352382,26.6484998018,2026-10-06
4299,3.4661796356,0.5345129884,25.0531624629,2026-10-06
4300,4.1789305097,0.7401957352,27.2609918936,2026-10-06
4301,3.2587239122,0.5806201683,21.3741185076,2026-10-06
4302,4.4408058044,0.6796003413,34.9483759485,2026-10-06
4303,2.8297206992,0.4937225347,17.8523562512,2026-10-06
4305,3.9962413734,0.6213553945,30.1175776007,2026-10-06
4306,4.0399526458,0.8237977202,22.8180986774,2026-10-06
4308,5.501931854,0.9667343822,34.7007910887,2026-10-06
4311,5.2898373201,1.0685116177,29.5586042498,2026-10-06
4313,4.191890583,0.738742109,27.9715428508,2026-10-06
4314,4.4752060977,0.8002710125,31.1995768669,2026-10-06
4315,3.4096569765,0.6094342826,21.025910183,2026-10-06
4317,4.1266136421,0.7662607479,24.9098050345,2026-10-06
4318,4.4802218096,0.8430315876,27.7586756713,2026-10-06
4319,5.9037215476,1.1644684207,32.9837106215,2026-10-06
4320,2.3727721081,0.3460496682,20.7597922782,2026-10-06
4323,3.4632373862,0.5472244554,26.2801082716,2026-10-06
4324,3.8753251683,0.5586647503,30.4340240343,2026-10-06
4325,3.1337739598,0.5155550802,22.6070637849,2026-10-06
4327,3.5585085691,0.728656172,19.7009790892,2026-10-06
4329,3.6349751917,0.7178787951,21.3535733282,2026-10-06
4330,4.4865373287,0.641657482,36.8971254847,2026-10-06
4331,3.7474046078,0.6461852854,27.3078853664,2026-10-06
4332,4.0095039832,0.9571334342,19.7476001686,2026-10-06
4335,2.7644170572,0.3959004884,22.649383467,2026-10-06
4336,3.4546194193,0.538263246,26.0474420618,2026-10-06
4337,3.0856857485,0.4456203879,24.2494542808,2026-10-06
4339,4.155857802,0.8590527122,24.5250213837,2026-10-06
4340,5.0584650585,1.1829222375,24.156525683,2026-10-06
4342,3.5716684002,0.5984231845,25.6062334545,2026-10-06
4343,4.1225411339,0.8012820755,24.9010595648,2026-10-06
4344,3.0037181595,0.5444776589,20.9369271842,2026-10-06
4345,2.4031125475,0.4028680113,16.0008973272,2026-10-06
4346,2.5502490735,0.4908120437,15.5386876631,2026-10-06
4347,3.7407202344,0.6294280866,24.6718606821,2026-10-06
4348,3.668991855,0.6014287689,25.0940654932,2026-10-06
4349,3.467025559,0.68118928,20.6969124288,2026-10-06
4350,4.5504439813,0.6669199247,35.5243322316,2026-10-06
4351,3.9839895985,0.6112799473,30.5732571294,2026-10-06
4352,4.5025968705,0.6909345389,34.198082845,2026-10-06
4355,0.1161133352,0.0277663278,0.5616974528,2026-10-06
4356,4.9389330183,0.8572451179,31.5208648852,2026-10-06
4357,6.1576553644,1.0927325416,38.2829203627,2026-10-06
4358,6.5562535514,1.4686538724,32.5701825904,2026-10-06
4359,3.6506394925,0.5228586815,29.4469026144,2026-10-06
4360,4.9917228275,1.0607037088,30.0759935774,2026-10-06
4361,4.3976274947,0.7242261497,30.2410097087,2026-10-06
4362,4.0972209661,0.6185556059,31.1164541525,2026-10-06
4363,3.5300556302,0.5290300457,27.4449095271,2026-10-06
4364,3.8147761621,0.5416958396,31.7028823529,2026-10-06
4365,5.9599222955,1.1996919114,35.1809202161,2026-10-06
4366,3.6358917515,0.6591137969,22.8138318412,2026-10-06
4367,4.7977669631,1.0577751481,26.6565819394,2026-10-06
4368,5.0679290381,1.2078000557,24.3426890768,2026-10-06
4369,4.6394378632,0.8627879782,29.7325863249,2026-10-06
4370,4.1050494898,0.7026649457,28.4431872859,2026-10-06
4371,3.8880060484,0.6406066234,28.2432956677,2026-10-06
4372,4.8295504944,0.8486037187,32.3202445866,2026-10-06
4373,5.9314004546,1.1622895349,34.9968917463,2026-10-06
4374,2.3193840471,0.3713943236,15.7033994431,2026-10-06
4375,4.869664362,0.8248531308,34.8909658866,2026-10-06
4376,4.8292176907,0.7845609302,32.5061148673,2026-10-06
4377,4.6445926104,0.7622831691,33.9469180755,2026-10-06
4379,4.3431915916,0.7781802071,28.6545040133,2026-10-06
4380,4.801657934,0.899600275,30.6690018308,2026-10-06
4381,4.2157566654,0.6863317122,30.6574349032,2026-10-06
4382,4.8558093778,0.8296509456,31.9446525315,2026-10-06
4383,4.2570495103,0.8214649414,24.5219702023,2026-10-06
4384,5.0657156371,0.9996217264,30.3291490974,2026-10-06
4385,1.1993400216,0.2625680199,6.0240541571,2026-10-06
4387,5.3159371646,0.9304137881,35.7536581059,2026-10-06
4388,4.6963365111,0.8144103313,31.0901859141,2026-10-06
4389,6.4187823908,1.311720649,35.9721649537,2026-10-06
4390,4.3743900527,0.8444722386,26.4095923844,2026-10-06
4391,5.4785171244,0.9645601146,36.5160134913,2026-10-06
4393,3.6843429396,0.8153991258,18.4989581814,2026-10-06
4394,3.9077218985,0.5307842808,33.5193472778,2026-10-06
4395,4.0315370842,0.8336480978,22.3273474589,2026-10-06
4396,6.3291511013,1.2863222696,36.51661405,2026-10-06
4397,4.0203458042,0.5957581498,31.7807465224,2026-10-06
4398,4.7920167379,0.7507525483,35.0605440408,2026-10-06
4400,6.1865662239,1.3791092109,31.0955026132,2026-10-06
4401,3.4033792084,0.5286833244,25.8957611243,2026-10-06
4402,4.8472784855,0.9144061074,30.7619534418,2026-10-06
4403,4.461946647,0.7048928089,33.0743941305,2026-10-06
4404,4.0757411917,0.8876612156,20.71116726,2026-10-06
4405,3.332300117,0.6273342885,19.7514983404,2026-10-06
4406,4.0321378159,0.687903827,26.5987613393,2026-10-06
4407,4.1478901882,0.7890405578,25.5823693906,2026-10-06
4408,4.3887347503,0.9171815724,24.4663508801,2026-10-06
4409,4.854605331,0.8123875754,32.2626409623,2026-10-06
4410,3.7813316129,0.6690518017,24.1964605789,2026-10-06
4411,5.2739737792,0.9964908085,31.2860081772,2026-10-06
4413,4.9371737477,0.8449546309,31.902108497,2026-10-06
4414,2.8255734367,0.5494758829,17.2516158785,2026-10-06
4415,5.2496465025,0.8562393689,36.7570783035,2026-10-06
4416,4.7136647078,0.9505630469,27.0337233803,2026-10-06
4417,3.4611912377,0.6743649066,19.1372533527,2026-10-06
4418,4.1193448292,0.5427079943,36.3361977094,2026-10-06
4419,3.4141850643,0.6145468914,22.107818898,2026-10-06
4420,5.2038265727,0.9309692863,32.9994928162,2026-10-06
4421,3.8509427044,0.8375887883,22.5420038652,2026-10-06
4422,4.227711505,0.8045174542,26.013824182,2026-10-06
4423,3.7887323966,0.6534428718,25.4259238323,2026-10-06
4424,5.814221047,1.0047076372,37.3292706129,2026-10-06
4425,2.3150622862,0.4191178087,14.0105004635,2026-10-06
4427,4.5424612146,0.7106293306,33.1365931865,2026-10-06
4428,4.6438927161,0.7099685557,36.4936670595,2026-10-06
4429,4.3369055636,0.8230248689,26.1323498884,2026-10-06
4430,4.5855184636,0.8079011388,29.4530230291,2026-10-06
4431,3.5119061435,0.6362372165,23.4532015998,2026-10-06
4432,2.5070703304,0.4105853666,19.2184561842,2026-10-06
4433,5.5343232416,1.1187286877,32.0338934397,2026-10-06
4434,5.7507722622,1.1457550361,32.0821964408,2026-10-06
4435,4.9716290498,0.9121049699,31.9896535021,2026-10-06
4436,3.9058285367,0.6698700249,24.8329095853,2026-10-06
4437,5.649738643,0.9627913825,36.1167944972,2026-10-06
4438,2.9209479879,0.3993076889,25.9846362213,2026-10-06
4439,3.1533640402,0.6328708056,17.9209391562,2026-10-06
4440,3.9144260616,0.8073165234,22.8393083985,2026-10-06
4441,4.0707160975,0.5397136458,36.6691887077,2026-10-06
4442,3.2319424247,0.6218617927,19.2662205862,2026-10-06
4443,5.8547332872,1.1444516555,32.8411911802,2026-10-06
4444,2.9643507137,0.4688424729,21.9242769684,2026-10-06
4445,3.3818890108,0.5023466866,28.6829633983,2026-10-06
4446,5.2825650472,0.8295544158,37.4692095796,2026-10-06
4447,5.4010065503,1.0237078543,33.4883512814,2026-10-06
4448,4.6115269197,0.7601082984,32.7181799187,2026-10-06
4449,3.593235034,0.6739138664,23.5279978429,2026-10-06
4450,4.7526694641,0.9824580113,25.9905088373,2026-10-06
4451,3.209443688,0.5775065389,22.2803693379,2026-10-06
4452,5.1726826163,0.9647225858,32.5180283863,2026-10-06
4456,1.85593857,0.3240941444,11.8701502137,2026-10-06
4457,3.5500026105,0.7135356894,21.7985661535,2026-10-06
4458,4.353545212,0.7198799832,29.150573471,2026-10-06
4459,3.6087643247,0.5398001667,27.1338693304,2026-10-06
4460,4.0031028614,0.7142813142,28.5024747563,2026-10-06
4461,3.8576836206,0.6984772401,25.0237799714,2026-10-06
4462,3.3171589623,0.6346372637,20.1412028292,2026-10-06
4463,4.6684673847,0.7994968498,29.6675918225,2026-10-06
4464,2.8087020136,0.6223238804,14.3618875108,2026-10-06
4465,4.0922643329,0.9125723726,22.0624259775,2026-10-06
4466,5.0862731296,1.0520823187,28.7942933935,2026-10-06
4467,4.2692133614,0.7055947874,28.3949861396,2026-10-06
4468,4.6171541751,0.8334410972,28.5638769783,2026-10-06
4469,4.8445104426,1.0202164071,26.1703754353,2026-10-06
4470,3.6110447914,0.5243684003,29.0938190178,2026-10-06
4471,4.9952806739,0.9204163959,33.668238968,2026-10-06
4472,4.825566924,0.849601136,32.4849156904,2026-10-06
4473,2.8676765312,0.6482572903,16.0648610225,2026-10-06
4474,2.9138846929,0.5540486618,17.7500528513,2026-10-06
4475,5.5176157732,0.9716081919,36.2410494153,2026-10-06
4477,3.3162132009,0.4721036923,26.8305782232,2026-10-06
4478,3.4013454239,0.5663566287,24.0514220418,2026-10-06
4479,2.8474866152,0.5932663912,15.2588600605,2026-10-06
4482,5.3040245757,1.0451749353,31.1621126532,2026-10-06
4483,4.4229449547,0.6381063118,35.0821285933,2026-10-06
4484,5.2171672325,1.2673387844,27.8189440215,2026-10-06
4485,3.0138332341,0.6470370592,17.3639768261,2026-10-06
4486,4.9837541538,0.886452866,32.7360932769,2026-10-06
4487,3.1057268718,0.6389515243,17.5093651585,2026-10-06
4488,2.7409809554,0.4762502817,17.9984926246,2026-10-06
4489,4.3056839564,0.764173981,28.697805267,2026-10-06
4491,5.4962705787,1.2008511305,28.9217343063,2026-10-06
4492,0.0062896714,0.0013684644,0.0384901153,2026-10-06
4494,3.7030711833,0.6371470487,24.3830776122,2026-10-06
4495,3.1313803403,0.5562718173,20.4948753758,2026-10-06
4496,3.35371383,0.7064536918,19.9065956028,2026-10-06
4497,4.2617488936,0.6504938098,31.4256284813,2026-10-06
4498,3.3066437872,0.7028839062,18.0656836075,2026-10-06
4499,3.6269751024,0.738699065,20.6067934673,2026-10-06
4500,3.7927331902,0.5429213713,29.9516686685,2026-10-06
4501,3.3287232696,0.6530415708,23.3180949692,2026-10-06
4502,5.1207271065,0.8954689697,35.4734574889,2026-10-06
4503,4.6913868577,0.684757369,36.3752440546,2026-10-06
4504,3.4432558837,0.510338508,26.4218294584,2026-10-06
4505,4.8451968028,0.8775079816,31.1518490852,2026-10-06
4506,4.1801050978,0.5846613143,33.459949859,2026-10-06
4508,4.2379263836,1.0031166892,21.402544076,2026-10-06
4509,5.8536934424,1.2520715332,30.9300211824,2026-10-06
4510,2.7975844812,0.6794211408,12.9591639347,2026-10-06
4511,3.7151475623,0.6852512407,22.9171974441,2026-10-06
4512,4.9980185567,0.8019280435,34.4740629697,2026-10-06
4513,5.4875143622,1.0136836359,35.6884367513,2026-10-06
4514,6.6614231197,1.452255272,35.2530748109,2026-10-06
4515,5.2928971322,0.9378652206,32.4438550376,2026-10-06
4516,0.8663480512,0.1476459035,5.8347744278,2026-10-06
4518,5.7149824829,1.1695292858,31.1166515606,2026-10-06
4519,0.0546384999,0.0107374077,0.3274412649,2026-10-06
4520,5.0191822645,0.9228024999,30.5953562192,2026-10-06
4521,4.8453623797,1.0912756788,25.0798696565,2026-10-06
4522,3.4303375092,0.5261559857,26.393573849,2026-10-06
4523,4.3196689676,0.7599284703,28.3368249096,2026-10-06
4524,4.3952483927,0.7002784241,31.0704302271,2026-10-06
4525,3.1138601014,0.5242161348,21.3177284215,2026-10-06
4526,3.7304126386,0.5577020156,28.576034016,2026-10-06
4527,3.7970914476,0.7394812497,22.3616374039,2026-10-06
4528,3.6185183153,0.5666333124,26.9324224259,2026-10-06
4529,3.9816057732,0.5730867224,31.2737766504,2026-10-06
4530,3.7559196355,0.6212090774,26.0822875548,2026-10-06
4531,5.5423816136,0.9171338956,38.7191691457,2026-10-06
4532,4.5084059307,0.7507511457,31.009152041,2026-10-06
4533,2.7623519629,0.5116147922,17.6057163134,2026-10-06
4534,3.0537053485,0.6173086167,17.1509228069,2026-10-06
4535,3.6411619793,0.6482161962,23.7894133137,2026-10-06
4536,5.6896414518,1.0379691378,36.419645885,2026-10-06
4537,4.4575718174,0.7576126774,30.4316574952,2026-10-06
4538,4.0338620999,0.8203588765,24.2110437758,2026-10-06
4539,4.7898013061,0.6575684712,38.8427987427,2026-10-06
4540,4.1242968737,0.7174845011,29.4098223658,2026-10-06
4543,4.8420770647,0.8718366952,32.1722604548,2026-10-06
4544,4.9737497024,1.0039250473,28.2709247507,2026-10-06
4545,4.4695871978,0.7325689891,33.8740497733,2026-10-06
4546,3.6425276756,0.6319889046,23.9389423263,2026-10-06
4547,3.8655480684,0.6553264321,27.069831976,2026-10-06
4548,3.9699806964,0.9160345464,18.7246919568,2026-10-06
4549,4.53153917,0.947888978,24.7129022373,2026-10-06
4550,4.4112551727,0.7787695147,28.4684424993,2026-10-06
4551,5.0953014862,1.068974425,29.7225375086,2026-10-06
4552,3.3964798639,0.6016378804,21.9357611306,2026-10-06
4553,3.676071883,0.6170136954,23.6712199666,2026-10-06
4555,4.394810828,0.9064290083,23.8610406256,2026-10-06
4556,4.2616234221,0.7518963526,27.5268573921,2026-10-06
4557,3.8483072096,0.795739721,20.9734885212,2026-10-06
4558,1.5205483731,0.3178354,8.3284115565,2026-10-06
4560,2.9144033908,0.4992739895,19.6053529564,2026-10-06
4561,4.3452698207,1.3922914616,15.6567786703,2026-10-06
4562,4.8536585789,0.9817014364,27.1989786731,2026-10-06
4563,3.4862476026,0.6972113071,20.7217231562,2026-10-06
4564,5.6302756043,1.0938156279,31.9479401069,2026-10-06
4565,3.8521711756,0.7416643482,24.0381589744,2026-10-06
4566,4.0780930092,0.6193100363,30.9531755017,2026-10-06
4567,4.5413851987,1.1293947976,20.3459692654,2026-10-06
4568,2.4343812,0.3529410058,19.6222606268,2026-10-06
4569,1.4547729942,0.2814635155,8.5591961009,2026-10-06
4570,4.1460567087,0.6977857066,29.28221267,2026-10-06
4571,2.9104008099,0.4708158921,22.9313283248,2026-10-06
4572,3.6939741602,0.6238732497,25.4615768979,2026-10-06
4573,3.0626319012,0.5028387725,20.8969339792,2026-10-06
4574,5.0575952435,1.053628408,27.8805417305,2026-10-06
4575,4.270896843,0.6721640972,29.86771073,2026-10-06
4578,5.8168034074,1.0815365403,36.0881378039,2026-10-06
4579,5.5232899484,0.8960665968,38.5317286182,2026-10-06
4580,4.0420218184,0.709877735,25.8373929662,2026-10-06
4581,4.1478084767,0.6602052069,30.1073864885,2026-10-06
4583,3.7100732023,0.6875307928,25.240898136,2026-10-06
4584,3.2428178242,0.4442695861,27.5110829639,2026-10-06
4586,3.4228756623,0.4728088772,28.3922292904,2026-10-06
4587,6.247313291,1.3170089054,35.3850437312,2026-10-06
4588,4.8440986809,0.7760831231,35.9893608569,2026-10-06
4589,3.5835558021,0.5820457915,26.4531834542,2026-10-06
4590,3.7738738839,0.6936615431,23.8099158686,2026-10-06
4592,3.4806454783,0.6170604716,22.5687751343,2026-10-06
4593,4.9425717029,0.8426272373,32.8405819692,2026-10-06
4594,3.2139145581,0.5033495088,24.5542018627,2026-10-06
4596,3.383120753,0.5500489384,23.0952039201,2026-10-06
4598,4.7919374482,0.8501364192,33.499073004,2026-10-06
4600,3.7564824661,0.6424575347,24.8327809798,2026-10-06
4601,3.8699692022,0.5456654515,32.7299785202,2026-10-06
4603,4.5748820131,0.7843083439,29.2884502066,2026-10-06
4604,3.9637341653,0.6360227059,28.3821038033,2026-10-06
4607,5.3200611344,1.0117095238,33.3086590327,2026-10-06
4608,6.0306889796,1.0652806124,40.3935805925,2026-10-06
4610,4.6416306142,0.9299211227,28.459752065,2026-10-06
4611,3.3745301169,0.6069491272,23.7876250453,2026-10-06
4614,3.6882445927,0.5896337228,26.7847395232,2026-10-06
4615,4.1606170211,0.841481567,23.0301184731,2026-10-06
4618,3.4307349938,0.6095003608,21.2919308638,2026-10-06
4619,2.7039071904,0.5540835718,18.0500121728,2026-10-06
4623,3.9337373657,0.7363524359,25.0273267521,2026-10-06
4624,4.8540851593,0.9913481941,28.622218649,2026-10-06
4625,3.9023518309,0.6396940855,27.0800623637,2026-10-06
4626,4.5110251241,0.9702233264,24.2247167214,2026-10-06
4627,4.6679379587,0.7531200529,33.3363214809,2026-10-06
4630,4.3612834183,0.786991449,27.9822073226,2026-10-06
4631,2.6139211312,0.5138777275,15.8331157697,2026-10-06
4632,3.8406779308,0.8079356396,21.0984491482,2026-10-06
4633,3.7352918616,0.6587087477,23.2932151024,2026-10-06
4635,3.3580894347,0.5150445589,28.4487092341,2026-10-06
4636,4.2960129736,0.9375730137,22.6344192924,2026-10-06
4637,3.7651145613,0.7723149616,20.7637625759,2026-10-06
4638,4.6147380367,0.8739297414,27.630630072,2026-10-06
4639,4.2524115492,0.8084985981,25.9895173505,2026-10-06
4640,5.1323338912,0.9628106706,30.9273171687,2026-10-06
4641,3.0927540497,0.7564814562,14.3063020571,2026-10-06
4642,5.873800957,1.0144659929,37.2131283706,2026-10-06
4643,4.1436510092,0.6436237282,30.392424839,2026-10-06
4644,4.2933858125,0.6797415276,31.4039003623,2026-10-06
4645,5.1726867913,0.8744375764,36.4825107011,2026-10-06
4648,1.9700340904,0.2995062387,15.3056214223,2026-10-06
4649,4.375640098,0.6778348055,33.7018135957,2026-10-06
4650,3.9560646404,0.6926291847,25.3671042004,2026-10-06
4651,3.5885048205,0.6234544259,25.6225658556,2026-10-06
4652,3.5397296422,0.7021614072,23.6369521417,2026-10-06
4653,0.1908097238,0.0299737061,1.3896399912,2026-10-06
4654,3.4217710152,0.5652175813,23.9355074476,2026-10-06
4656,4.1267606974,0.6891407697,27.1299882326,2026-10-06
4659,4.5555249435,0.7673680073,31.3307172464,2026-10-06
4660,3.3595330366,0.7474396665,17.3591049385,2026-10-06
4661,5.4388872043,1.223659796,28.8763583221,2026-10-06
4663,2.3503050202,0.4073001782,14.9972164732,2026-10-06
4664,4.9561840821,1.0558123179,26.2759253172,2026-10-06
4665,3.1291126806,0.5746789688,21.1713834978,2026-10-06
4666,3.4251193245,0.5734135481,23.8863463968,2026-10-06
4669,3.4458061097,0.6120062827,22.2895148529,2026-10-06
4672,4.6124856442,0.8717506773,27.5319874979,2026-10-06
4674,3.1876967996,0.4706125672,24.8921432627,2026-10-06
4675,3.2571394569,0.4227767983,30.6154703599,2026-10-06
4676,3.8779793011,0.6888310242,24.418866791,2026-10-06
4677,5.0376345703,0.7435466346,39.1240427689,2026-10-06
4678,4.804999799,0.9486259692,27.6855199945,2026-10-06
4679,4.7335506001,0.87074186,32.4631966703,2026-10-06
4680,6.5232554524,1.3740084809,35.1533221624,2026-10-06
4681,0.1489834467,0.0284184492,0.9312858312,2026-10-06
4682,5.0885230823,0.798046397,35.483509356,2026-10-06
4683,2.5613434928,0.4108266807,19.1807906664,2026-10-06
4684,3.0359711505,0.3903029306,27.8914471709,2026-10-06
4685,4.2837430789,0.7642826114,27.639384709,2026-10-06
4686,3.1903011284,0.4365820701,28.1413963502,2026-10-06
4688,4.0853825436,0.6530261007,30.4495135314,2026-10-06
4689,3.3084497135,0.5990288566,21.2691141849,2026-10-06
4690,2.9166314495,0.6421807356,16.5644173486,2026-10-06
4691,1.4058926876,0.298513858,8.7247347291,2026-10-06
4692,3.5517411871,0.6578089445,22.0139101929,2026-10-06
4693,5.1902858765,0.993913156,30.0105283585,2026-10-06
4694,3.5536647626,0.6459341521,23.8092299942,2026-10-06
4695,4.5959918734,0.7686696816,31.9716498415,2026-10-06
4697,4.6624384148,0.8989737894,28.5861523357,2026-10-06
4700,5.3465554074,0.9049509491,36.293413302,2026-10-06
4702,4.0449519434,0.5746308029,33.4766965075,2026-10-06
4703,4.9535954265,0.8876063465,34.3169247691,2026-10-06
4704,4.2359868094,0.6427096042,34.4514591088,2026-10-06
4705,1.8520102745,0.3757851146,11.0420553732,2026-10-06
4706,4.9509937491,1.0078468611,26.4588117129,2026-10-06
4708,4.0090714422,0.8447600362,20.7827512259,2026-10-06
4709,4.4512704559,0.7681084894,29.1180073824,2026-10-06
4710,3.8570533992,0.5762529094,30.1266031822,2026-10-06
4711,4.0886310676,0.6778251403,30.3087741161,2026-10-06
4713,3.3603239882,0.4305379189,30.3564616131,2026-10-06
4714,4.2248330691,0.8336646255,24.6442327508,2026-10-06
4715,4.0082232931,0.5873541786,33.0709451592,2026-10-06
4718,3.8175523451,0.7908680371,20.6620872313,2026-10-06
4719,3.5387758049,0.5002012919,28.5207996441,2026-10-06
4720,4.8695816702,1.0340070399,28.2304058598,2026-10-06
4723,2.9402522992,0.5898876711,17.5509383793,2026-10-06
4724,4.0282074917,0.8759110182,21.9687256096,2026-10-06
4725,4.3365243408,0.831576512,25.5288609477,2026-10-06
4726,1.1337436392,0.2523941749,6.3439663648,2026-10-06
4727,3.5907217419,0.6418951393,25.1248544896,2026-10-06
4728,5.0306335803,1.2458071484,22.3585400278,2026-10-06
4729,4.1519493472,0.7568734773,26.4780208266,2026-10-06
4730,4.5322923115,0.7569122091,31.3096741345,2026-10-06
4731,3.4611480364,0.6640212938,20.3061920822,2026-10-06
4732,3.6454819437,0.4932017127,32.216060246,2026-10-06
4733,3.1613542569,0.5369940655,21.3088474898,2026-10-06
4734,4.8310438121,0.8064384499,33.5201142301,2026-10-06
4735,2.7949694066,0.5153395664,19.0076832194,2026-10-06
4736,3.4320057092,0.4801334968,28.4755190304,2026-10-06
4737,5.4598334246,1.0467251535,32.9377118449,2026-10-06
4738,3.0771631475,0.5342578736,19.8382289593,2026-10-06
4739,5.0192884056,0.8245021395,34.6566703093,2026-10-06
4740,3.3610753588,0.6814301578,18.1819065507,2026-10-06
4743,4.5133471532,0.6887125011,34.0565635681,2026-10-06
4744,4.5333640477,0.9991704465,22.8404266759,2026-10-06
4746,3.1152618609,0.5862163667,20.2929221507,2026-10-06
4747,3.5969056401,0.7161602235,20.1728654627,2026-10-06
4748,3.6369858868,0.6492186505,24.9881429621,2026-10-06
4750,3.732073752,0.7081218956,22.5405406505,2026-10-06
4752,4.0554204007,0.7746450961,24.976480944,2026-10-06
4753,1.6500848866,0.2788022385,10.57748001,2026-10-06
4754,5.5380130728,0.9689572349,34.3880178037,2026-10-06
4757,4.1180771669,0.6032984676,33.966051663,2026-10-06
4758,0.0053789798,0.0011087221,0.0328007668,2026-10-06
4759,5.746437036,0.9255937466,42.0709868842,2026-10-06
4760,4.2830579966,0.6161636327,33.6382505753,2026-10-06
4761,3.6375362943,0.5102675527,29.7103297738,2026-10-06
4762,4.0020929202,0.5656778164,34.0320567761,2026-10-06
4764,5.010698218,0.9705587497,31.2104447137,2026-10-06
4765,1.8990824943,0.3264223897,12.3386236606,2026-10-06
4766,2.0828665189,0.3306361913,17.2400715344,2026-10-06
4769,3.0771365181,0.3751485158,29.2694037348,2026-10-06
4771,5.0106382707,0.7913989549,36.074661424,2026-10-06
4772,2.8380016448,0.3518356929,26.3381017326,2026-10-06
4773,2.5764105669,0.506175045,14.3792259048,2026-10-06
4775,2.2627449971,0.3604692573,18.5824829269,2026-10-06
4776,4.2415657704,0.6942059812,30.8815265949,2026-10-06
4778,2.2999735108,0.4310677354,13.6097808846,2026-10-06
4779,2.3206334399,0.3973230279,16.2527109788,2026-10-06
4781,1.6320058331,0.3656991916,8.7879090843,2026-10-06
4782,4.6399315961,1.0301879993,25.2108197631,2026-10-06
4784,4.2895091627,0.8717648694,24.8779387732,2026-10-06
4785,3.9698443604,0.9098459604,20.7101789242,2026-10-06
4786,3.849479217,0.5970597756,31.7959326705,2026-10-06
4787,3.6148914955,0.5322854593,29.8998719322,2026-10-06
4788,4.822821505,0.7951202337,34.1453573935,2026-10-06
4789,3.5057651508,0.7459951495,23.2283693662,2026-10-06
4790,4.1427555272,0.8240147344,25.7278866474,2026-10-06
4791,5.8039816799,1.1467057748,34.5593513205,2026-10-06
4792,2.9254996828,0.6325891911,15.0967147564,2026-10-06
4793,4.0878505553,0.5938465307,35.1039912556,2026-10-06
4794,4.8603056045,0.8172326421,34.2234317114,2026-10-06
4796,5.7676944095,0.9601814227,40.0275763373,2026-10-06
4797,4.6006425818,1.0182339128,24.0168186134,2026-10-06
4798,4.1784859821,0.5624313686,38.174311272,2026-10-06
4803,3.2024599341,0.6136598998,18.6324302569,2026-10-06
4804,6.5023359264,1.3541209925,36.4358527978,2026-10-06
4808,5.57248191,1.0356217794,35.3206926347,2026-10-06
4809,3.25988596,0.5507126692,22.4638453765,2026-10-06
4811,4.651981903,0.7521590882,32.5660983,2026-10-06
4812,4.2564371207,0.6583212877,35.7147331256,2026-10-06
4813,3.1135071136,0.7153512806,14.7878841197,2026-10-06
4815,4.0401964547,0.759792083,25.7528246357,2026-10-06
4816,4.6272420728,0.7974864642,33.4947645627,2026-10-06
4817,2.8767993024,0.4545798087,23.0339768402,2026-10-06
4818,1.6651614808,0.2887297936,11.1157544681,2026-10-06
4819,3.351409948,0.6291559353,20.7808321768,2026-10-06
4821,5.0446650369,0.9482090408,29.8587125951,2026-10-06
4822,4.6332285461,0.7939807276,31.7978835796,2026-10-06
4823,3.87674103,0.680245361,26.3260596187,2026-10-06
4824,4.3809726529,0.6457603108,34.5373150399,2026-10-06
4825,2.9721453416,0.4371070042,24.0719496024,2026-10-06
4826,4.6180063118,0.6813643234,35.9510379024,2026-10-06
4828,4.1742964795,0.7867917566,24.8748488724,2026-10-06
4831,3.8950809307,0.6089520197,28.0245901011,2026-10-06
4832,5.3485677476,0.9299685292,36.9526895321,2026-10-06
4834,4.3162122239,0.7651792578,29.9441497296,2026-10-06
4835,4.4714269829,0.7716952723,29.1078372547,2026-10-06
4836,3.2729854269,0.7325233177,18.2027691735,2026-10-06
4837,3.8508529113,0.6823317714,25.9035315879,2026-10-06
4839,4.3855400355,0.7052172918,33.9589413285,2026-10-06
4840,4.354593697,0.8521783794,25.8643554873,2026-10-06
4842,4.7037073147,0.9138868144,27.4128382142,2026-10-06
4843,3.6849863589,0.7256996184,21.0430540732,2026-10-06
4844,4.9186120052,0.9313984821,31.6950839298,2026-10-06
4845,2.9890881792,0.6197346112,15.8848185646,2026-10-06
4846,3.863067758,0.7692629554,21.9618149122,2026-10-06
4847,3.4758100542,0.5127393995,28.7730438241,2026-10-06
4848,5.0189029127,0.9216371074,33.9917667993,2026-10-06
4850,3.3823299565,0.4305940376,34.80013971,2026-10-06
4851,3.9204896606,0.5983105928,29.8075464136,2026-10-06
4852,4.5824645604,0.743427399,31.5916016897,2026-10-06
4853,7.3679085531,1.6907523305,37.3960133381,2026-10-06
4854,1.6812151573,0.3412066744,9.3211553681,2026-10-06
4856,5.1686280068,0.7949340455,38.1913826639,2026-10-06
4857,4.640689019,0.7340519313,34.3677332952,2026-10-06
4861,4.1338440206,0.7023640265,28.1013493642,2026-10-06
4863,4.0829956319,0.8503841299,21.6447063985,2026-10-06
4864,2.8237214183,0.5328562576,17.7808874823,2026-10-06
4865,1.0042600924,0.2072794196,5.6751292948,2026-10-06
4866,4.1287027912,0.8079113554,23.6277578566,2026-10-06
4871,2.1555511769,0.4395326283,11.8265606541,2026-10-06
4872,3.3465939057,0.7690571378,16.3329315494,2026-10-06
4873,5.73267001,1.2179636081,31.9740785893,2026-10-06
4874,3.2479170803,0.625094932,19.8040100455,2026-10-06
4875,4.5075428707,0.866002695,28.2095577183,2026-10-06
4876,4.8909961037,0.8566492702,31.1463859096,2026-10-06
4877,3.3155259723,0.5128531797,24.6157929572,2026-10-06
4878,3.5016284311,0.6716448146,21.5695619679,2026-10-06
4879,3.8133760096,0.7142173744,24.2390615421,2026-10-06
4880,4.5630100756,0.8151402901,28.2157704577,2026-10-06
4882,1.7360261121,0.3490509493,10.2396619421,2026-10-06
4883,4.4552798027,0.8002353994,29.8011526221,2026-10-06
4884,0.0057516206,0.0008755261,0.045751747,2026-10-06
4885,4.3069183362,0.6580192894,32.6209914943,2026-10-06
4886,3.2777834036,0.5442508136,25.2764650621,2026-10-06
4887,2.7624741633,0.4465215987,18.8224308633,2026-10-06
4888,4.164023399,0.7898488425,24.9703901621,2026-10-06
4889,0.9548529956,0.1849277385,5.3081565312,2026-10-06
4890,4.0747026722,0.7321849029,26.1003696556,2026-10-06
4891,3.9269476423,0.6840848261,25.2760105759,2026-10-06
4892,5.3009400097,1.084898928,30.7835047084,2026-10-06
4893,3.0323261297,0.4886415991,24.3468044239,2026-10-06
4894,4.9356076832,0.9443621865,28.8598369941,2026-10-06
4895,4.1479038956,0.6860877395,30.7454874614,2026-10-06
4896,3.6827092845,0.7980026399,20.2879976758,2026-10-06
4897,4.1171288839,0.8842239145,23.2275802235,2026-10-06
4898,2.6512051687,0.5226760076,17.4917887279,2026-10-06
4899,3.5245919244,0.6932676974,22.720070428,2026-10-06
4900,5.103239789,0.9492544432,31.5553339089,2026-10-06
4901,4.3212472639,0.8035693282,26.0191270584,2026-10-06
4902,5.9703632034,1.1764156294,32.7960465558,2026-10-06
4903,4.0232306976,0.7065427557,26.5263388997,2026-10-06
4904,5.5240547365,1.0474417226,32.7848962074,2026-10-06
4905,5.446973759,1.0957233936,29.0278245893,2026-10-06
4906,4.2955908849,0.6944602449,29.8960367692,2026-10-06
4907,3.9552711508,0.5534527022,30.7514105282,2026-10-06
4908,2.7481737907,0.4150484573,21.7646444849,2026-10-06
4909,4.2202255353,0.783223269,24.613578172,2026-10-06
4910,3.544912702,0.6049572344,26.4464979819,2026-10-06
4911,3.8557748505,0.724468293,22.9352051106,2026-10-06
4914,3.9182458058,0.6026977629,27.9798672667,2026-10-06
4917,2.7142539962,0.4024532293,21.5919047453,2026-10-06
4918,3.3777052796,0.7477891468,19.1311412003,2026-10-06
4919,2.4216530864,0.4009525109,17.2802961763,2026-10-06
4924,4.055454544,0.7848725468,23.8018895439,2026-10-06
4925,4.0472587188,0.5876272512,31.4978716423,2026-10-06
4926,1.9725145139,0.2761619039,15.9201881693,2026-10-06
4927,4.1202653576,0.6534458443,28.5507467874,2026-10-06
4928,3.4555063795,0.603012494,26.7304492413,2026-10-06
4930,3.2311300521,0.4777536868,26.4450923157,2026-10-06
4931,4.671557061,0.712745753,35.2993341957,2026-10-06
4932,4.9871067236,0.8387561588,34.2129036018,2026-10-06
4933,3.7828243806,0.5829339558,30.6668453794,2026-10-06
4934,6.0557330691,1.2734201337,32.4958241991,2026-10-06
4936,2.3443514072,0.5072144374,13.2411156977,2026-10-06
4938,5.669400226,0.9151191122,42.2782987497,2026-10-06
4939,3.2382137291,0.4378233509,27.7715971424,2026-10-06
4940,3.851451223,0.7762707567,22.8310629259,2026-10-06
4941,5.4908000863,1.1935548786,27.3434226489,2026-10-06
4942,2.3781662393,0.4272710783,15.206119183,2026-10-06
4943,2.9237683928,0.4700753021,22.178490535,2026-10-06
4944,4.6450246261,0.7699085033,32.8822853591,2026-10-06
4945,3.0555557358,0.5969478947,17.8617346126,2026-10-06
4947,5.1048371345,0.9497800178,32.0134405502,2026-10-06
4948,3.617498375,0.5758928614,26.3521475901,2026-10-06
4949,3.7458429543,0.626082159,26.9356491046,2026-10-06
4950,4.5828974739,0.843197922,28.597453489,2026-10-06
4951,3.8026562299,0.6314243859,25.0848497682,2026-10-06
4952,3.6716414008,0.7638643761,21.30917057,2026-10-06
4953,5.1240999648,0.8623357323,33.8599497128,2026-10-06
4954,1.1478502986,0.1988415614,7.8370448109,2026-10-06
4956,0.1114659749,0.0249999534,0.5977253097,2026-10-06
4957,4.8353091209,0.9816815978,29.4533146882,2026-10-06
4958,4.6601419895,0.7837604203,32.1282779923,2026-10-06
4959,3.8747658759,0.6070840085,28.8669705399,2026-10-06
4960,3.7156013073,0.5036950752,33.3660038767,2026-10-06
4961,2.4072971513,0.4069817046,17.818967481,2026-10-06
4962,5.0701920426,0.7943494295,38.987785186,2026-10-06
4963,1.8194494195,0.3018987012,12.7286594763,2026-10-06
4964,3.8140145262,0.5902104803,28.9565676537,2026-10-06
4965,3.7697547356,0.692165208,24.2589898441,2026-10-06
4966,2.568111813,0.4665656012,16.2689804583,2026-10-06
4967,2.8152588864,0.4618437891,20.009565071,2026-10-06
4969,4.1145567911,0.8482793016,23.7543665096,2026-10-06
4973,4.0981693376,0.8558141748,21.5217252725,2026-10-06
4974,5.4769580582,0.9447784771,35.3133838106,2026-10-06
4976,4.8054531765,0.9428242236,29.1795762748,2026-10-06
4977,5.4681454277,0.9878232439,36.6825794668,2026-10-06
4978,3.0507567356,0.6256421862,18.03780922,2026-10-06
4979,4.8143179962,0.9038511019,29.4151273812,2026-10-06
4980,3.8216238328,0.5875341826,28.8240826199,2026-10-06
4981,4.3578167606,0.8691800458,24.4852209039,2026-10-06
4982,3.7306816998,0.7483692168,20.7534596074,2026-10-06
4983,4.6090472431,0.8223633434,29.9461274048,2026-10-06
4984,3.6333883382,0.820860947,19.1665402029,2026-10-06
4985,4.5146063931,0.6908666855,35.4625655428,2026-10-06
4987,4.2747363528,0.6965860973,29.6665230647,2026-10-06
4988,2.9495937443,0.4704449671,22.5680144028,2026-10-06
4989,2.901368679,0.5035483677,20.2773484442,2026-10-06
4990,3.0812415254,0.6610909779,18.4083922291,2026-10-06
4991,4.5033027749,0.8180224155,29.0910908588,2026-10-06
4992,3.3305948967,0.5469348408,23.4409483871,2026-10-06
4994,4.9247887928,0.9546909306,29.4208063444,2026-10-06
4995,4.1703612872,0.7549157057,24.8105121002,2026-10-06
4997,3.892575112,0.883347485,21.6415217689,2026-10-06
4998,2.7376303821,0.359521569,25.660810408,2026-10-06
5000,3.3678032961,0.506929229,25.5850079193,2026-10-06
5002,4.0124261467,0.6970888501,27.6500997775,2026-10-06
5003,3.8481415498,0.958390015,23.6509483172,2026-10-06
5004,4.6494751454,0.8397368953,30.5569408567,2026-10-06
5005,3.2558875309,0.5825467516,22.817979991,2026-10-06
5006,4.7849190765,1.0171622112,27.0086371077,2026-10-06
5007,3.4976091646,0.7728655596,18.4627269455,2026-10-06
5008,3.3653664036,0.4993812137,26.2572072421,2026-10-06
5009,4.5456463323,0.8239976828,30.1393366435,2026-10-06
5010,4.5311653569,0.7610871907,30.4375840357,2026-10-06
5011,4.2646941072,0.785211299,27.782043398,2026-10-06
5012,3.3313922193,0.6064734174,21.5562640186,2026-10-06
5013,3.4125759613,0.6337293313,22.3642188096,2026-10-06
5014,3.1035825599,0.5502925435,20.4059560772,2026-10-06
5015,3.9429445482,0.5664989789,31.8053644132,2026-10-06
5016,5.0767435619,0.871740771,34.4310439633,2026-10-06
5017,4.1831715792,0.6669160329,31.6147678385,2026-10-06
5018,4.5587169104,0.7365626854,33.7109844903,2026-10-06
5019,0.2499429796,0.0428942238,1.8286003226,2026-10-06
5020,4.4606614604,0.8595353976,26.863345317,2026-10-06
5022,4.139503619,0.7177793729,27.0026124922,2026-10-06
5023,5.0258941899,1.0087722937,28.6813213632,2026-10-06
5026,5.6165554849,1.0389339526,36.7759101497,2026-10-06
5027,3.3101004685,0.6228142229,20.7420641054,2026-10-06
5028,5.2640827202,0.8717360036,39.0246169874,2026-10-06
5029,4.1428018254,0.6249374629,34.1235010039,2026-10-06
5031,4.2480718113,0.7447565321,29.6141681536,2026-10-06
5032,4.6558576473,0.8429624527,31.3168082558,2026-10-06
5033,4.6855393039,1.0259810672,24.3205549555,2026-10-06
5034,4.59957409,0.7188064051,35.7619361462,2026-10-06
5035,4.9735802795,0.9998681874,30.9574337756,2026-10-06
5036,3.8463332885,0.5907744367,30.2413693689,2026-10-06
5037,5.0237853649,0.99735464,29.6615747634,2026-10-06
5038,5.4179521003,0.9189257099,37.3380923463,2026-10-06
5039,3.4477349375,0.6448402662,22.0759990059,2026-10-06
5041,4.0364560278,0.8577839628,22.7707269801,2026-10-06
5042,4.4999439453,0.7716535985,30.8304748846,2026-10-06
5043,4.4334135922,0.6924295389,33.0747474761,2026-10-06
5044,2.2940051856,0.3489024362,18.4920644644,2026-10-06
5045,5.5007983599,1.1757737527,29.1793749989,2026-10-06
5046,3.0692472292,0.6743130781,15.202938916,2026-10-06
5047,4.279809991,0.8857705869,25.0405798265,2026-10-06
5048,3.9607788943,0.9015533494,21.5584421328,2026-10-06
5049,3.6096953153,0.6010927547,24.3501003752,2026-10-06
5050,4.421332606,0.7328466469,29.5266521161,2026-10-06
5051,4.037155881,0.6251290888,30.0567029262,2026-10-06
5052,3.3622834567,0.6678069702,21.3997693695,2026-10-06
5053,3.9754032833,0.7911199448,22.9335994061,2026-10-06
5054,3.0560834452,0.4979052169,23.4378784061,2026-10-06
5055,3.1845112159,0.5468942608,23.2106477377,2026-10-06
5056,1.6419187673,0.2807511419,10.9236451477,2026-10-06
5057,3.0622810328,0.5312846005,20.864276716,2026-10-06
5058,3.542375108,0.6840114149,22.2593486964,2026-10-06
5060,4.7962917699,0.824937044,30.954734004,2026-10-06
5061,1.8463701365,0.3471645339,11.3103519111,2026-10-06
5063,4.1415559397,1.2535966677,20.652827406,2026-10-06
5064,4.21684291,0.7359904867,28.1042420958,2026-10-06
5065,2.1863373024,0.290261393,18.5324363673,2026-10-06
5066,5.2932056411,0.9102276652,36.1370046087,2026-10-06
5067,4.5377137865,0.793015763,29.9593835601,2026-10-06
5068,4.7304728516,0.8055012981,34.8086744337,2026-10-06
5069,3.488579929,0.606255571,24.1594421321,2026-10-06
5070,4.1988525171,0.9859939135,21.2992474591,2026-10-06
5071,2.6320824976,0.4242722699,19.6632948205,2026-10-06
5072,0.1955178053,0.0413326937,1.0268194324,2026-10-06
5073,4.9855083505,0.944487854,29.4865689285,2026-10-06
5074,3.9181074647,0.7900250054,21.6055838192,2026-10-06
5075,3.4879417267,0.6596055097,21.4491602011,2026-10-06
5076,4.0613456408,0.7216423664,27.8297788108,2026-10-06
5077,1.1556049867,0.2427638008,6.6850286153,2026-10-06
5078,4.1729682091,0.896374386,21.8091115378,2026-10-06
5079,3.6567466033,0.7193716095,22.2584534992,2026-10-06
5081,4.5033939272,0.9513356974,24.4419579416,2026-10-06
5082,3.7060646418,0.8303710336,19.2522988452,2026-10-06
5083,2.2399195112,0.4340003722,15.1548394324,2026-10-06
5084,3.8655042114,0.6183386064,26.6563465981,2026-10-06
5085,6.9673093318,1.4751799229,37.7090481665,2026-10-06
5086,3.3290088544,0.6718180156,18.5516892845,2026-10-06
5087,4.1944809797,0.7681635376,26.2064629142,2026-10-06
5088,4.8786740584,0.8500256249,32.6258190057,2026-10-06
5089,3.955787017,0.6661356309,26.7566229773,2026-10-06
5090,2.6725552618,0.6176302707,14.8422584023,2026-10-06
5091,3.7720353906,0.6454515084,24.7417326116,2026-10-06
5092,3.7458258184,0.6664971009,25.2324295571,2026-10-06
5093,4.1427858777,0.9405038235,20.7443347086,2026-10-06
5095,2.2391278199,0.3794704999,14.8710320231,2026-10-06
5096,3.7492921469,0.5292750992,29.8423794908,2026-10-06
5098,3.1515972058,0.4964392772,23.5068033328,2026-10-06
5100,2.4263867693,0.5326332109,13.4407731897,2026-10-06
5101,4.4546933183,1.0989788215,20.9457690232,2026-10-06
5102,2.9254497647,0.6340438395,15.1903408201,2026-10-06
5103,4.4070640951,1.0531890114,22.3332653551,2026-10-06
5104,4.0252348179,0.6807661104,27.520497796,2026-10-06
5105,5.3310912421,1.0417688182,30.5599989155,2026-10-06
5106,5.7103660601,1.1901660595,32.7742039871,2026-10-06
5107,3.24215193,0.7130551083,15.8256340771,2026-10-06
5108,1.6408860218,0.4388788147,6.7863101832,2026-10-06
5109,3.5361048584,0.6625929312,23.3739085026,2026-10-06
5110,3.004954428,0.4825297183,21.9334913699,2026-10-06
5111,3.5354516869,0.5680717829,27.7031757433,2026-10-06
5112,4.3599571463,0.7177136124,30.3154831593,2026-10-06
5113,0.0758219901,0.0164383376,0.4091909665,2026-10-06
5114,3.4222390033,0.6004476932,20.817272996,2026-10-06
5115,2.9198450688,0.4176639349,23.9234566856,2026-10-06
5117,3.8693727535,0.7883929876,21.9969933515,2026-10-06
5118,0.5499593217,0.1160167447,2.8023040212,2026-10-06
5120,1.9875473294,0.387244239,11.9125540562,2026-10-06
5121,2.8137795837,0.4508503319,20.4543966711,2026-10-06
5122,3.1342667636,0.6573759807,16.9611394331,2026-10-06
5123,1.9987747974,0.4543596286,11.5774637514,2026-10-06
5124,3.0563790269,0.5088691302,21.5166216394,2026-10-06
5125,5.145175372,1.1208706778,26.6133137139,2026-10-06
5126,3.1280595167,0.4795017859,22.7566287241,2026-10-06
5127,4.6973219513,0.9821236876,26.3385555439,2026-10-06
5128,3.4793519491,0.7698845283,20.1928776411,2026-10-06
5129,4.0180822801,0.6688726154,30.326997173,2026-10-06
5130,5.0744833819,0.9699637054,28.7534122298,2026-10-06
5131,3.9934932569,0.8965712047,21.6199891739,2026-10-06
5132,4.6217807418,0.7588206693,32.2624794301,2026-10-06
5133,2.9139482196,0.6218249137,14.769784967,2026-10-06
5134,5.3126616777,0.9313281259,35.6308168292,2026-10-06
5135,2.7725405713,0.5523973844,16.621620559,2026-10-06
5136,5.021725286,0.7548691546,37.0688027179,2026-10-06
5137,5.3382417564,1.1031985821,33.7284989339,2026-10-06
5138,4.0917706027,0.9108127337,20.6038491281,2026-10-06
5139,4.4253049898,0.8659662768,29.1637207982,2026-10-06
5140,1.9293868722,0.4157093292,9.990629566,2026-10-06
5141,3.4224732581,0.503711029,27.1800162857,2026-10-06
5142,4.1716398675,0.6528020152,31.1562710865,2026-10-06
5143,4.3782253826,0.8975248517,24.5643308531,2026-10-06
5144,3.7057551965,0.7344085566,25.672441286,2026-10-06
5145,5.5487106793,0.9202889702,39.0802882365,2026-10-06
5146,4.12790945,0.6836078804,28.9627108848,2026-10-06
5147,2.8769163058,0.5733344826,17.1923163615,2026-10-06
5148,2.2777586821,0.4656382158,12.6606051646,2026-10-06
5150,2.5082247371,0.438494361,16.8725984403,2026-10-06
5151,3.8608123213,0.8383905859,19.4532804133,2026-10-06
5152,3.91147123,0.9200619256,19.2713201538,2026-10-06
5153,3.5207168969,0.6342795106,23.6851318767,2026-10-06
5154,5.0667584879,0.9955376919,30.043536437,2026-10-06
5155,4.0941175741,0.6764032474,30.4504089405,2026-10-06
5156,0.6931541936,0.1394625759,3.9571784016,2026-10-06
5157,4.7630699733,0.9045194851,29.2475458659,2026-10-06
5158,4.8452033885,0.7856892431,35.1176419228,2026-10-06
5160,5.7817716027,0.9440510333,39.1854894503,2026-10-06
5161,4.7993338603,0.8093195768,32.3455384603,2026-10-06
5162,0.0152701203,0.0031534425,0.0851185972,2026-10-06
5163,3.5183360514,0.7009771968,19.4220335976,2026-10-06
5164,2.8873085074,0.5674084763,17.0074255216,2026-10-06
5165,4.8965557099,0.9697056849,32.9697028938,2026-10-06
5166,5.2932962093,0.8909888078,36.6830644299,2026-10-06
5167,2.9983072163,0.555218457,20.1941217039,2026-10-06
5169,4.4493009574,1.0456176028,22.660468233,2026-10-06
5170,3.4599027772,0.5806353881,23.6885725444,2026-10-06
5172,4.3304825088,0.9065873093,23.7746986656,2026-10-06
5173,3.8428410413,0.7348781962,24.2100905292,2026-10-06
5174,2.343106942,0.4715739685,12.9080718035,2026-10-06
5175,2.5178638007,0.4558648761,17.7464577038,2026-10-06
5176,0.9997563786,0.2096094257,5.7892613527,2026-10-06
5177,5.9429504328,1.3198714891,29.2696475066,2026-10-06
5178,4.8768827001,0.997695878,28.1714500758,2026-10-06
5179,4.5895053009,0.9650703516,25.2885075661,2026-10-06
5180,3.7377059183,0.8540330632,20.3209264483,2026-10-06
5181,2.6039503399,0.5267698858,14.5429756893,2026-10-06
5182,4.2291610224,0.7586301874,28.6508375417,2026-10-06
5183,4.6881533061,0.8777927568,27.6621325194,2026-10-06
5184,1.649527931,0.3146099584,9.6775644039,2026-10-06
5185,3.4453181761,0.5594642394,23.9994467814,2026-10-06
5186,3.5330656622,0.6208434557,23.4859379906,2026-10-06
5187,2.3479161435,0.5469204602,11.7388795099,2026-10-06
5188,4.429289793,0.7584250022,30.6396637311,2026-10-06
5189,6.4903713967,1.4223936295,35.2646644636,2026-10-06
5190,3.7918771644,0.9148136101,18.5871353161,2026-10-06
5191,3.2055379572,0.4809232004,27.2961305164,2026-10-06
5192,2.2608575018,0.6590527796,8.4665120554,2026-10-06
5193,4.1334974315,0.750766409,26.361299747,2026-10-06
5194,2.9261863215,0.547291683,18.6814242368,2026-10-06
5195,4.0374883191,0.6198130193,31.4081650056,2026-10-06
5196,5.1050010626,1.1527575014,25.8586596051,2026-10-06
5197,3.3291850577,0.5714710401,22.9824911601,2026-10-06
5198,3.867149081,0.7340402061,23.0887357141,2026-10-06
5199,2.710088557,0.3831110403,23.3615031755,2026-10-06
5200,1.5582021958,0.3822310751,7.352847745,2026-10-06
5201,3.4136736901,0.6761901674,19.9974696775,2026-10-06
5203,3.455388073,0.5767530069,22.7082821051,2026-10-06
5204,4.2243462866,0.8302505177,26.2785229056,2026-10-06
5205,3.4281317999,0.7630478577,18.8291073926,2026-10-06
5206,3.0436841349,0.5216864568,20.6199392571,2026-10-06
5207,4.0648232512,0.7699447545,24.3734092866,2026-10-06
5208,4.0085389129,0.8088272095,22.7337403543,2026-10-06
5209,3.7029356492,0.738820143,22.0531733565,2026-10-06
5210,3.8574422291,0.5806191954,28.6911907848,2026-10-06
5211,1.9233224215,0.3415559187,12.7703360637,2026-10-06
5212,4.0495958601,0.6213157658,32.9130571219,2026-10-06
5213,4.1613401358,0.817806119,23.3047412509,2026-10-06
5214,4.6283283077,0.9205861591,27.7064546996,2026-10-06
5216,5.1451947785,0.9169069689,33.9541839642,2026-10-06
5217,4.8463371578,1.0576828242,24.6239993386,2026-10-06
5218,5.0303943267,1.0443041366,27.2615794003,2026-10-06
5219,4.3478282153,0.7861973003,28.6891305171,2026-10-06
5220,2.5715868717,0.3723680978,24.0541915777,2026-10-06
5221,4.6978267257,0.7710746597,32.1527945651,2026-10-06
5222,5.307202887,1.0030552277,32.0664328709,2026-10-06
5223,3.9888033967,0.6989741225,26.6113946949,2026-10-06
5224,4.9338372726,0.7978631462,33.8483570074,2026-10-06
5226,4.2761900918,0.7093457796,30.6079233055,2026-10-06
5227,2.8862236164,0.6078170754,16.3920839608,2026-10-06
5228,3.0770776139,0.5739372281,19.4350981127,2026-10-06
5229,2.2486557159,0.4219603031,13.3887536784,2026-10-06
5230,5.078431474,1.1396522615,26.8635896899,2026-10-06
5231,2.9540711123,0.5476912277,18.4403522008,2026-10-06
5232,3.4528130551,0.6403279927,22.9000329502,2026-10-06
5234,4.7352595452,0.7827777758,33.8536663054,2026-10-06
5235,3.2755165801,0.7476237426,17.8191606351,2026-10-06
5236,3.4242010736,0.5780338442,23.6706783885,2026-10-06
5237,2.3226529096,0.4089768255,14.9006903734,2026-10-06
5238,2.8069450015,0.5125101997,17.5307161231,2026-10-06
5239,2.6303735751,0.4964675684,16.7499499514,2026-10-06
5240,4.9257485928,1.1655118642,25.9627564848,2026-10-06
5241,2.0222172625,0.4038697221,12.4384030327,2026-10-06
5242,4.0924289981,0.9880363969,20.4782609818,2026-10-06
5243,5.1037940921,0.8172413148,35.6944065767,2026-10-06
5244,3.5222793091,0.7235434985,20.8683035744,2026-10-06
5245,4.1903407597,0.755877924,26.3120784202,2026-10-06
5246,3.9428470425,0.7501235816,27.2629514066,2026-10-06
5247,3.4563152654,0.6137467638,22.4346836274,2026-10-06
5248,4.6136663837,0.956423109,26.6380574093,2026-10-06
5249,3.4117803012,0.6410430608,22.004906686,2026-10-06
5250,4.1508939552,0.8094372001,27.8974355162,2026-10-06
5251,1.7442335499,0.3882823332,9.5930479787,2026-10-06
5252,3.6454169919,0.5515997656,29.0495144548,2026-10-06
5253,5.4826149577,1.3084119582,25.5036696765,2026-10-06
5254,3.2329702734,0.8615428653,13.758741329,2026-10-06
5255,6.4534778614,1.3706857041,36.8586575598,2026-10-06
5256,3.8529874438,0.6053218931,27.2700855,2026-10-06
5257,5.1003176409,0.8525836367,34.3768240271,2026-10-06
5258,2.8938497452,0.5686609213,17.9239258853,2026-10-06
5259,3.0836189821,0.5860535878,19.4706266583,2026-10-06
5261,3.9252670223,0.7361425956,24.126678348,2026-10-06
5262,4.0396133888,0.9372795883,20.3841765891,2026-10-06
5263,2.7806659298,0.5379834829,16.9214938904,2026-10-06
5264,4.9171552495,1.1004262514,24.8731499081,2026-10-06
5265,5.0081334895,0.839976349,34.4162710155,2026-10-06
5266,3.5212180418,0.6236508586,23.8928488704,2026-10-06
5267,3.6121100121,0.5605047976,27.1363469328,2026-10-06
5268,3.6534757728,0.8595282057,19.8095436797,2026-10-06
5269,3.6701617065,0.5229991323,32.2229995663,2026-10-06
5270,3.1247522761,0.6271969174,18.5280563391,2026-10-06
5271,4.0461378224,0.7311850434,29.3619297966,2026-10-06
5272,5.1081905778,0.966370894,30.635827751,2026-10-06
5273,4.0325660854,0.9042979704,20.2298025598,2026-10-06
5274,0.3484924542,0.0660685956,2.2842535934,2026-10-06
5275,3.3814325727,0.5650372059,25.4413644681,2026-10-06
5276,3.9923803167,0.6932206021,26.1980764713,2026-10-06
5277,3.6675287952,0.6372030923,24.8060190851,2026-10-06
5278,3.3917755458,0.5839337842,24.2394810547,2026-10-06
5279,3.4344668619,0.5958874838,25.7703701822,2026-10-06
5280,5.8162928492,0.9212260796,42.4267581167,2026-10-06
5281,3.7011987595,0.5955761222,29.4847577723,2026-10-06
5282,4.7646977661,0.8848708452,32.433732745,2026-10-06
5283,1.6900214557,0.4162944774,8.2951237589,2026-10-06
5284,3.2860533017,0.590059272,20.5493632845,2026-10-06
5285,3.3794469334,0.7061233903,18.4697053877,2026-10-06
5286,3.4660218219,0.5818853791,24.3388146336,2026-10-06
5287,3.1069917136,0.5445443716,22.0013516544,2026-10-06
5288,3.5681684145,0.5866988765,27.1473374044,2026-10-06
5289,5.628040686,0.9724821441,40.1776136822,2026-10-06
5290,2.3726753305,0.4888652939,15.2442946065,2026-10-06
5291,3.7673791486,0.9264505751,16.9073796448,2026-10-06
5292,3.7780045913,0.7748666112,22.9469322047,2026-10-06
5293,4.3995625006,0.9022893005,25.4558021649,2026-10-06
5294,4.4017374525,0.8699053033,26.5365984153,2026-10-06
5295,0.6439622456,0.1607869418,3.1732904346,2026-10-06
5296,2.3971291994,0.4302594896,15.826604814,2026-10-06
5297,4.453239026,0.9366287136,24.6531266135,2026-10-06
5298,4.8376507431,0.7508684738,35.214499428,2026-10-06
5299,3.8226280135,0.5585919374,33.8004896172,2026-10-06
5300,1.0887191021,0.211074303,6.7259327596,2026-10-06
5301,3.5560178096,0.5744112882,24.5278235861,2026-10-06
5302,2.4014649978,0.4735502564,13.9164874264,2026-10-06
5303,4.2797436137,0.7051979218,31.539854486,2026-10-06
5304,0.8679579105,0.2243442036,4.256524554,2026-10-06
5305,0.8507859223,0.1787358646,5.1364308376,2026-10-06
5306,0.4101759385,0.0881731189,2.2483137707,2026-10-06
5307,4.2246567939,0.8959383373,24.8884622118,2026-10-06
5308,4.7101245867,0.8851400251,30.5977526008,2026-10-06
5309,3.0160301271,0.7264464845,15.0125223242,2026-10-06
5310,2.8534736852,0.8040429033,13.3075202582,2026-10-06
5311,3.995211179,0.7546011848,25.2112845087,2026-10-06
5312,3.2908407838,0.6681969936,19.1810589574,2026-10-06
5313,2.9265384621,0.5539684144,17.3994342896,2026-10-06
5314,3.4657928667,0.8636556214,19.0003939213,2026-10-06
5315,4.038568389,0.9754175559,22.2124697698,2026-10-06
5316,3.8144923533,0.6590406496,24.9994550836,2026-10-06
5317,5.6209058574,1.0798181225,34.4670425804,2026-10-06
5318,3.4717134688,0.686906416,21.2821880935,2026-10-06
5319,0.3259616596,0.0677530031,1.9171079831,2026-10-06
5320,3.2956567489,0.5971930504,20.9396366792,2026-10-06
5321,4.827817571,1.0521570132,25.0870959887,2026-10-06
5322,4.2056868585,0.6962995688,31.7520437503,2026-10-06
5323,2.7564455292,0.4733708704,20.7545883436,2026-10-06
5324,4.8553827104,1.0870175905,24.3909637499,2026-10-06
5325,2.6867807441,0.4871606873,17.2990686416,2026-10-06
5326,5.5955726324,1.0555451561,34.8839344496,2026-10-06
5327,3.2952946611,0.7137508992,17.5114004189,2026-10-06
5328,3.8648107357,0.7114074516,24.5084818416,2026-10-06
5329,3.583553342,0.697475672,21.3924801239,2026-10-06
5330,4.6392066458,0.7838699856,34.4467299571,2026-10-06
5331,2.988551891,0.522512795,21.6014580354,2026-10-06
5332,3.7078024993,0.6503377609,23.7822920952,2026-10-06
5333,4.5743563107,0.9492867595,24.646949073,2026-10-06
5334,4.8041497968,1.19251261,21.7845704976,2026-10-06
5335,4.5730254549,0.8976504172,27.9030679079,2026-10-06
5336,3.7243383119,0.7675986086,21.2743424283,2026-10-06
5337,5.8360243875,1.1722180914,32.5143497894,2026-10-06
5338,2.878069277,0.4837624032,23.6202769029,2026-10-06
5339,2.9892604916,0.5136452047,19.5552707023,2026-10-06
5340,3.3820266622,0.6229413384,23.1584169258,2026-10-06
5341,2.6256491517,0.5910491896,14.8808748124,2026-10-06
5342,4.8368590019,0.9203941026,29.7953747889,2026-10-06
5343,3.7957223536,0.6601800821,26.5226251703,2026-10-06
5344,2.8127906698,0.4134798359,22.3373512835,2026-10-06
5345,3.5596705196,0.7261960463,21.3088696402,2026-10-06
5346,4.8114463754,1.0177656481,26.6983012815,2026-10-06
5347,4.120104812,0.9344128609,21.2415211214,2026-10-06
5348,3.9548730099,0.700620715,27.6224462188,2026-10-06
5349,3.9083628213,0.9885451853,17.1591650575,2026-10-06
5350,2.1862325425,0.4333465684,13.1914396176,2026-10-06
5351,3.2648970692,0.6116058569,20.8622627139,2026-10-06
5352,3.3966156682,0.6773630904,20.4528148947,2026-10-06
5353,3.754436787,0.7997222778,20.2018086637,2026-10-06
5354,4.7096482518,0.8862499107,32.3074139948,2026-10-06
5355,4.4091065279,0.8996672117,26.0397324813,2026-10-06
5356,4.8857662693,1.1086826348,24.6878605579,2026-10-06
5357,4.5867977731,1.4124711655,21.2213993401,2026-10-06
5358,4.7483239682,1.1104447456,23.5720415052,2026-10-06
5359,3.3901574239,0.628429684,21.9479228525,2026-10-06
5360,6.4658346787,1.9335166189,24.8373816678,2026-10-06
5361,4.0188837095,0.9437193997,20.5939549435,2026-10-06
5362,2.7922103641,0.6245784396,13.5858852228,2026-10-06
5363,0.1169178747,0.0438785617,0.4800653933,2026-10-06
5364,2.9457489775,0.5121398125,19.8858936664,2026-10-06
5365,5.0719172848,1.3637766224,23.2679538474,2026-10-06
5366,3.3125246866,0.8022640688,16.7694518707,2026-10-06
5367,2.1232776708,0.4415917605,11.4562524123,2026-10-06
5368,3.8986961938,0.6245085586,30.7076422446,2026-10-06
5369,4.0950147055,0.7631075468,27.1078622909,2026-10-06
5370,4.3822060459,0.8472057593,30.1554812046,2026-10-06
5371,3.4625796716,0.9110627827,18.0152531251,2026-10-06
5372,3.4902733867,0.8536445319,19.702013463,2026-10-06
5373,4.2311179978,1.176106951,20.7023968609,2026-10-06
5374,3.8930926453,0.7025734826,26.881585906,2026-10-06
5375,5.3985312077,1.0878060418,31.1878400867,2026-10-06
5376,3.9469529498,0.6862882616,27.2653581416,2026-10-06
5377,2.4618473229,0.4331024455,15.8243971871,2026-10-06
5378,3.1797201481,0.7149331018,16.9271494523,2026-10-06
5379,2.792698796,0.5619727167,20.1586121432,2026-10-06
5380,6.110797721,1.6749680783,24.109357079,2026-10-06
5381,2.8459041688,0.57102509,17.1872267932,2026-10-06
5382,4.7933911853,1.039872958,25.0619659154,2026-10-06
5383,4.664952792,0.9697584766,30.1216758546,2026-10-06
5384,3.9185460219,0.9129840261,20.9733564675,2026-10-06
5385,2.4737170262,0.3886543075,20.4078863923,2026-10-06
5386,3.4712319219,0.5643821344,26.654764181,2026-10-06
5387,3.1096384492,0.6908522546,15.6269664628,2026-10-06
5388,2.9211657652,0.780349659,12.0806887363,2026-10-06
5389,4.4217465848,0.8130772966,27.9745848689,2026-10-06
5390,1.6471783444,0.3232771487,10.129425637,2026-10-06
5391,3.1852078032,0.6614944716,20.4272325571,2026-10-06
5392,3.4406730651,0.7280549391,20.1227929621,2026-10-06
5393,2.7460497016,0.6698502564,13.9169276658,2026-10-06
5394,4.8476409897,0.9599505055,28.5696340779,2026-10-06
5395,2.9599122253,0.6523123354,17.1170770849,2026-10-06
5396,5.1410516126,1.0655246255,27.9591252936,2026-10-06
5397,2.4816327874,0.447543595,16.5150465248,2026-10-06
5398,3.7483716861,0.8606142917,18.9554654304,2026-10-06
5399,4.0102448125,1.0747359598,17.9306344544,2026-10-06
5400,3.6173063889,0.6203137721,24.9481521316,2026-10-06
5401,0.1241857743,0.0332086592,0.5035922605,2026-10-06
5402,2.5263229665,0.6206198223,11.6519434534,2026-10-06
5403,2.7367541775,0.5184394661,17.1667718652,2026-10-06
5404,4.5722207739,0.857819406,26.6534026378,2026-10-06
5405,5.1323313186,1.1528084739,26.5799040422,2026-10-06
5406,2.1750353372,0.4342882301,13.3510674255,2026-10-06
5407,3.7126362426,0.895944959,19.5883907905,2026-10-06
5408,0.0098839983,0.0022838954,0.049759456,2026-10-06
5409,2.6623970529,0.4637315966,19.9805830132,2026-10-06
5410,2.9039288956,0.4749415533,19.958717562,2026-10-06
5411,2.6735236711,0.4409383657,20.3343379406,2026-10-06
5412,2.1071599408,0.4625591193,12.725357155,2026-10-06
5413,2.2739482003,0.4715834367,14.6349129721,2026-10-06
5415,2.4648428832,0.6564683551,12.7712602815,2026-10-06
5416,3.4872529478,0.5140773628,28.6224535007,2026-10-06
5417,3.568026422,0.777682921,18.6647464015,2026-10-06
5418,3.751021362,0.8782471703,19.4139462947,2026-10-06
5419,3.6334221329,0.9670608336,17.9819749632,2026-10-06
5420,2.8382947468,0.5204395644,20.3023480399,2026-10-06
5421,4.7290323873,1.2293584821,22.5618610426,2026-10-06
5422,0.8742309122,0.1773087761,4.8500227301,2026-10-06
5423,4.127030061,1.1741915964,17.9347531809,2026-10-06
5424,3.362098174,0.675643442,20.4267443472,2026-10-06
5425,2.6592294952,0.6097364819,15.2308006414,2026-10-06
5426,2.8744954246,0.6769824129,15.2974845441,2026-10-06
5427,4.2301459452,0.874841925,22.8313975017,2026-10-06
5428,3.1351236363,0.7231588393,15.9709385895,2026-10-06
5429,3.8718802921,1.0042846927,19.1422251953,2026-10-06
5430,2.4250038967,0.4559268186,15.8697896382,2026-10-06
5431,0.714462452,0.1657234679,3.6676645282,2026-10-06
5432,3.0763370988,0.5876450271,24.3326874168,2026-10-06
5433,3.9235276441,1.0241915508,18.6805010579,2026-10-06
5434,3.0649733167,0.5844029891,18.5851367402,2026-10-06
5435,3.0439392264,0.7680552385,13.7261787758,2026-10-06
5436,5.3249978343,1.3802945939,25.2441710768,2026-10-06
5437,4.4573536519,1.1446303703,20.5969148487,2026-10-06
5438,1.9784945425,0.3736672917,12.9227575355,2026-10-06
5439,5.598929462,1.336625834,28.3278680689,2026-10-06
5440,4.2003363561,0.8528607958,27.0469323855,2026-10-06
5441,4.7127292079,1.0322355208,23.0128042572,2026-10-06
5442,3.2837266184,0.8367812527,15.8100521586,2026-10-06
5443,3.0005736421,0.7741630107,13.4699477514,2026-10-06
5444,2.7907956563,0.6766132001,13.434225883,2026-10-06
5445,2.1050542332,0.3702965005,14.0029305433,2026-10-06
5446,2.5714935135,0.5889618201,12.7310298705,2026-10-06
5447,3.8656687976,1.0782103086,18.4351548131,2026-10-06
5448,3.2839712604,0.7464966775,17.7263662366,2026-10-06
5449,1.4183894546,0.3143827115,8.4001013044,2026-10-06
5450,3.2434810314,0.7543715929,16.1968088821,2026-10-06
5451,3.8706317704,1.0610255245,15.8946616729,2026-10-06
5452,2.0622812171,0.4390844786,11.2273740363,2026-10-06
5453,2.2424940771,0.4171286605,15.4944688883,2026-10-06
5454,3.8124456689,0.9075185154,18.4043672232,2026-10-06
5455,3.4574582798,0.8352771566,20.3736644113,2026-10-06
5456,3.0109636546,0.5243875978,20.896717051,2026-10-06
5457,4.3732581791,0.9997396758,22.5310885715,2026-10-06
5458,2.7349322003,0.637263595,16.2429401595,2026-10-06
5459,3.7712884401,0.9622387469,18.4328328741,2026-10-06
5460,3.9348578509,0.7944519897,22.4081833342,2026-10-06
5461,3.0685607505,0.6922676289,15.920069981,2026-10-06
5462,3.2343530778,0.7841776481,16.7238517174,2026-10-06
5463,3.7178235812,0.8624778981,18.5586704257,2026-10-06
5464,5.4565039732,1.4409486836,24.6299873556,2026-10-06
5465,2.9053473536,0.6838919171,15.192033358,2026-10-06
5466,2.2525081377,0.431458615,14.2285808563,2026-10-06
5467,3.2337438947,0.7398618722,16.2367228165,2026-10-06
5468,2.6126549698,0.6125973407,13.6028329581,2026-10-06
5469,4.1116453382,0.9820988517,20.4699654449,2026-10-06
5470,3.0610912993,0.7193121969,16.7134308385,2026-10-06
5471,3.0629519714,0.5424135937,24.9947018611,2026-10-06
5472,3.9652986204,1.0688193945,17.0967570426,2026-10-06
