レースコード,レース日,レース場コード,レース回,状態,1枠_枠番pt,1枠_寄与_枠番pt,1枠_選手pt,1枠_寄与_選手pt,1枠_モーターpt,1枠_寄与_モーターpt,1枠_展示pt,1枠_寄与_展示pt,1枠_気象pt,1枠_寄与_気象pt,1枠_強さpt,2枠_枠番pt,2枠_寄与_枠番pt,2枠_選手pt,2枠_寄与_選手pt,2枠_モーターpt,2枠_寄与_モーターpt,2枠_展示pt,2枠_寄与_展示pt,2枠_気象pt,2枠_寄与_気象pt,2枠_強さpt,3枠_枠番pt,3枠_寄与_枠番pt,3枠_選手pt,3枠_寄与_選手pt,3枠_モーターpt,3枠_寄与_モーターpt,3枠_展示pt,3枠_寄与_展示pt,3枠_気象pt,3枠_寄与_気象pt,3枠_強さpt,4枠_枠番pt,4枠_寄与_枠番pt,4枠_選手pt,4枠_寄与_選手pt,4枠_モーターpt,4枠_寄与_モーターpt,4枠_展示pt,4枠_寄与_展示pt,4枠_気象pt,4枠_寄与_気象pt,4枠_強さpt,5枠_枠番pt,5枠_寄与_枠番pt,5枠_選手pt,5枠_寄与_選手pt,5枠_モーターpt,5枠_寄与_モーターpt,5枠_展示pt,5枠_寄与_展示pt,5枠_気象pt,5枠_寄与_気象pt,5枠_強さpt,6枠_枠番pt,6枠_寄与_枠番pt,6枠_選手pt,6枠_寄与_選手pt,6枠_モーターpt,6枠_寄与_モーターpt,6枠_展示pt,6枠_寄与_展示pt,6枠_気象pt,6枠_寄与_気象pt,6枠_強さpt
202608090201,2026-08-09,02,1R,daily,67.93,19.08,42.8,11.41,54.73,7.02,50.0,11.48,50.0,4.74,53.72,53.36,14.99,44.79,11.94,55.52,7.12,50.0,11.48,50.0,4.74,50.26,50.3,14.13,48.76,13.0,45.22,5.8,50.0,11.48,50.0,4.74,49.14,49.65,13.94,48.76,13.0,41.44,5.32,50.0,11.48,50.0,4.74,48.47,44.78,12.58,34.86,9.29,42.3,5.42,50.0,11.48,50.0,4.74,43.51,33.35,9.37,50.75,13.53,48.54,6.23,50.0,11.48,50.0,4.74,45.34
202608090201,2026-08-09,02,1R,realtime,67.93,19.08,42.8,11.41,55.07,7.06,56.17,12.9,49.49,4.69,55.14,53.36,14.99,44.79,11.94,56.68,7.27,60.06,13.79,49.07,4.65,52.63,50.3,14.13,48.76,13.0,44.99,5.77,44.89,10.31,50.08,4.75,47.95,49.65,13.94,48.76,13.0,42.16,5.41,50.19,11.52,50.35,4.77,48.64,33.35,9.37,34.86,9.29,41.51,5.32,40.88,9.39,50.64,4.8,38.17,44.78,12.58,50.75,13.53,47.04,6.03,47.78,10.97,50.23,4.76,47.87
202608090202,2026-08-09,02,2R,daily,67.93,19.08,42.8,11.41,48.6,6.23,50.0,11.48,50.0,4.74,52.94,53.36,14.99,76.56,20.41,34.3,4.4,50.0,11.48,50.0,4.74,56.01,50.3,14.13,42.8,11.41,45.36,5.82,50.0,11.48,50.0,4.74,47.57,49.65,13.94,34.86,9.29,40.75,5.23,50.0,11.48,50.0,4.74,44.68,44.78,12.58,40.82,10.88,43.48,5.58,50.0,11.48,50.0,4.74,45.25,33.35,9.37,40.82,10.88,56.3,7.22,50.0,11.48,50.0,4.74,43.68
202608090202,2026-08-09,02,2R,realtime,67.93,19.08,42.8,11.41,49.29,6.32,60.1,13.8,49.37,4.68,55.28,53.36,14.99,76.56,20.41,36.19,4.64,51.82,11.9,47.75,4.52,56.46,50.3,14.13,42.8,11.41,45.55,5.84,42.72,9.81,50.41,4.78,45.96,44.78,12.58,34.86,9.29,40.71,5.22,55.6,12.77,51.3,4.86,44.72,33.35,9.37,40.82,10.88,43.42,5.57,58.8,13.5,50.21,4.76,44.07,49.65,13.94,40.82,10.88,56.99,7.31,30.93,7.1,50.81,4.81,44.05
202608090203,2026-08-09,02,3R,daily,67.93,19.08,42.8,11.41,41.78,5.36,50.0,11.48,50.0,4.74,52.06,53.36,14.99,42.8,11.41,61.64,7.91,50.0,11.48,50.0,4.74,50.52,50.3,14.13,48.76,13.0,40.25,5.16,50.0,11.48,50.0,4.74,48.51,49.65,13.94,48.76,13.0,64.84,8.32,50.0,11.48,50.0,4.74,51.47,44.78,12.58,46.78,12.47,45.72,5.86,50.0,11.48,50.0,4.74,47.13,33.35,9.37,48.76,13.0,31.95,4.1,50.0,11.48,50.0,4.74,42.68
202608090203,2026-08-09,02,3R,realtime,67.93,19.08,42.8,11.41,42.14,5.41,53.99,12.4,50.56,4.79,53.08,53.36,14.99,42.8,11.41,62.72,8.04,58.04,13.33,49.84,4.72,52.49,50.3,14.13,48.76,13.0,41.09,5.27,47.17,10.83,50.09,4.75,47.97,49.65,13.94,48.76,13.0,66.26,8.5,36.21,8.31,49.62,4.7,48.45,44.78,12.58,46.78,12.47,46.04,5.91,40.72,9.35,49.87,4.73,45.02,33.35,9.37,48.76,13.0,31.71,4.07,63.85,14.66,49.88,4.73,45.82
202608090204,2026-08-09,02,4R,daily,67.93,19.08,44.79,11.94,54.48,6.99,50.0,11.48,50.0,4.74,54.22,53.36,14.99,52.73,14.06,44.26,5.68,50.0,11.48,50.0,4.74,50.94,50.3,14.13,42.8,11.41,50.44,6.47,50.0,11.48,50.0,4.74,48.22,49.65,13.94,46.78,12.47,69.63,8.93,50.0,11.48,50.0,4.74,51.56,44.78,12.58,46.78,12.47,40.65,5.21,50.0,11.48,50.0,4.74,46.48,33.35,9.37,34.86,9.29,48.74,6.25,50.0,11.48,50.0,4.74,41.13
202608090205,2026-08-09,02,5R,daily,67.93,19.08,58.69,15.64,33.35,4.28,50.0,11.48,50.0,4.74,55.22,53.36,14.99,42.8,11.41,52.19,6.69,50.0,11.48,50.0,4.74,49.31,50.3,14.13,44.79,11.94,45.64,5.85,50.0,11.48,50.0,4.74,48.14,49.65,13.94,80.54,21.47,53.9,6.91,50.0,11.48,50.0,4.74,58.54,44.78,12.58,46.78,12.47,44.14,5.66,50.0,11.48,50.0,4.74,46.92,33.35,9.37,34.86,9.29,42.3,5.42,50.0,11.48,50.0,4.74,40.3
202608090206,2026-08-09,02,6R,daily,67.93,19.08,48.76,13.0,46.51,5.96,50.0,11.48,50.0,4.74,54.26,53.36,14.99,52.73,14.06,45.98,5.9,50.0,11.48,50.0,4.74,51.16,50.3,14.13,48.76,13.0,41.44,5.32,50.0,11.48,50.0,4.74,48.66,49.65,13.94,48.76,13.0,52.99,6.8,50.0,11.48,50.0,4.74,49.95,44.78,12.58,34.86,9.29,40.75,5.23,50.0,11.48,50.0,4.74,43.31,33.35,9.37,46.78,12.47,60.73,7.79,50.0,11.48,50.0,4.74,45.84
202608090207,2026-08-09,02,7R,daily,67.93,19.08,50.75,13.53,49.6,6.36,50.0,11.48,50.0,4.74,55.18,53.36,14.99,48.76,13.0,45.22,5.8,50.0,11.48,50.0,4.74,50.0,50.3,14.13,46.78,12.47,45.72,5.86,50.0,11.48,50.0,4.74,48.68,49.65,13.94,42.8,11.41,45.36,5.82,50.0,11.48,50.0,4.74,47.39,44.78,12.58,48.76,13.0,40.25,5.16,50.0,11.48,50.0,4.74,46.95,33.35,9.37,40.82,10.88,43.48,5.58,50.0,11.48,50.0,4.74,42.04
202608090208,2026-08-09,02,8R,daily,67.93,19.08,48.76,13.0,31.95,4.1,50.0,11.48,50.0,4.74,52.39,53.36,14.99,40.82,10.88,56.3,7.22,50.0,11.48,50.0,4.74,49.3,50.3,14.13,44.79,11.94,55.52,7.12,50.0,11.48,50.0,4.74,49.4,49.65,13.94,42.8,11.41,50.44,6.47,50.0,11.48,50.0,4.74,48.04,44.78,12.58,42.8,11.41,54.73,7.02,50.0,11.48,50.0,4.74,47.22,33.35,9.37,52.73,14.06,48.12,6.17,50.0,11.48,50.0,4.74,45.81
202608090209,2026-08-09,02,9R,daily,67.93,19.08,46.78,12.47,40.65,5.21,50.0,11.48,50.0,4.74,52.98,53.36,14.99,44.79,11.94,45.64,5.85,50.0,11.48,50.0,4.74,48.99,50.3,14.13,46.78,12.47,44.14,5.66,50.0,11.48,50.0,4.74,48.47,49.65,13.94,52.73,14.06,44.26,5.68,50.0,11.48,50.0,4.74,49.89,44.78,12.58,42.8,11.41,41.78,5.36,50.0,11.48,50.0,4.74,45.56,33.35,9.37,42.8,11.41,48.6,6.23,50.0,11.48,50.0,4.74,43.23
202608090210,2026-08-09,02,10R,daily,67.93,19.08,46.78,12.47,69.63,8.93,50.0,11.48,50.0,4.74,56.69,53.36,14.99,80.54,21.47,53.9,6.91,50.0,11.48,50.0,4.74,59.58,50.3,14.13,52.73,14.06,45.98,5.9,50.0,11.48,50.0,4.74,50.3,49.65,13.94,42.8,11.41,61.64,7.91,50.0,11.48,50.0,4.74,49.48,44.78,12.58,44.79,11.94,54.48,6.99,50.0,11.48,50.0,4.74,47.72,33.35,9.37,48.76,13.0,46.51,5.96,50.0,11.48,50.0,4.74,44.55
202608090211,2026-08-09,02,11R,daily,67.93,19.08,48.76,13.0,64.84,8.32,50.0,11.48,50.0,4.74,56.61,53.36,14.99,48.76,13.0,52.99,6.8,50.0,11.48,50.0,4.74,51.0,50.3,14.13,76.56,20.41,34.3,4.4,50.0,11.48,50.0,4.74,55.15,49.65,13.94,42.8,11.41,52.19,6.69,50.0,11.48,50.0,4.74,48.26,44.78,12.58,50.75,13.53,49.6,6.36,50.0,11.48,50.0,4.74,48.68,33.35,9.37,58.69,15.64,33.35,4.28,50.0,11.48,50.0,4.74,45.5
202608090212,2026-08-09,02,12R,daily,67.93,19.08,66.63,17.76,64.87,8.32,50.0,11.48,50.0,4.74,61.38,53.36,14.99,70.61,18.82,62.49,8.02,50.0,11.48,50.0,4.74,58.04,50.3,14.13,66.63,17.76,57.95,7.43,50.0,11.48,50.0,4.74,55.54,49.65,13.94,62.66,16.7,60.45,7.75,50.0,11.48,50.0,4.74,54.62,44.78,12.58,46.78,12.47,60.48,7.76,50.0,11.48,50.0,4.74,49.02,33.35,9.37,56.71,15.11,51.06,6.55,50.0,11.48,50.0,4.74,47.25
202608090301,2026-08-09,03,1R,daily,67.07,32.18,50.83,12.3,48.38,5.18,50.0,2.73,50.0,5.83,58.22,55.65,26.7,43.95,10.63,43.51,4.66,50.0,2.73,50.0,5.83,50.55,50.23,24.1,46.25,11.19,43.66,4.68,50.0,2.73,50.0,5.83,48.52,48.2,23.12,41.66,10.08,51.64,5.53,50.0,2.73,50.0,5.83,47.29,42.87,20.57,48.54,11.74,50.0,5.36,50.0,2.73,50.0,5.83,46.23,34.76,16.68,46.25,11.19,43.71,4.68,50.0,2.73,50.0,5.83,41.11
202608090301,2026-08-09,03,1R,realtime,67.07,32.18,50.83,12.3,50.0,5.36,49.6,2.7,46.45,5.42,57.95,55.65,26.7,43.95,10.63,50.0,5.36,51.89,2.83,49.47,5.77,51.29,50.23,24.1,46.25,11.19,50.0,5.36,54.18,2.95,47.32,5.52,49.12,48.2,23.12,41.66,10.08,50.0,5.36,54.18,2.95,54.58,6.37,47.88,42.87,20.57,48.54,11.74,50.0,5.36,61.04,3.33,51.94,6.06,47.06,34.76,16.68,46.25,11.19,50.0,5.36,29.03,1.58,50.54,5.9,40.7
202608090302,2026-08-09,03,2R,daily,67.07,32.18,48.54,11.74,56.75,6.08,50.0,2.73,50.0,5.83,58.56,55.65,26.7,48.54,11.74,55.76,5.97,50.0,2.73,50.0,5.83,52.97,50.23,24.1,57.71,13.96,47.76,5.12,50.0,2.73,50.0,5.83,51.74,48.2,23.12,43.95,10.63,50.0,5.36,50.0,2.73,50.0,5.83,47.67,42.87,20.57,32.49,7.86,50.0,5.36,50.0,2.73,50.0,5.83,42.35,34.76,16.68,55.42,13.41,45.22,4.84,50.0,2.73,50.0,5.83,43.49
202608090302,2026-08-09,03,2R,realtime,67.07,32.18,48.54,11.74,50.0,5.36,43.81,2.39,44.42,5.18,56.85,55.65,26.7,48.54,11.74,50.0,5.36,34.56,1.88,40.27,4.7,50.38,50.23,24.1,57.71,13.96,50.0,5.36,51.22,2.79,52.23,6.09,52.3,48.2,23.12,43.95,10.63,50.0,5.36,51.22,2.79,53.95,6.29,48.2,42.87,20.57,32.49,7.86,50.0,5.36,67.87,3.7,53.48,6.24,43.73,34.76,16.68,55.42,13.41,50.0,5.36,51.22,2.79,55.94,6.53,44.76
202608090303,2026-08-09,03,3R,daily,67.07,32.18,46.25,11.19,37.02,3.97,50.0,2.73,50.0,5.83,55.89,55.65,26.7,48.54,11.74,53.46,5.73,50.0,2.73,50.0,5.83,52.73,50.23,24.1,60.01,14.52,44.52,4.77,50.0,2.73,50.0,5.83,51.94,48.2,23.12,57.71,13.96,50.99,5.46,50.0,2.73,50.0,5.83,51.11,42.87,20.57,41.66,10.08,57.44,6.15,50.0,2.73,50.0,5.83,45.36,34.76,16.68,34.78,8.41,41.85,4.48,50.0,2.73,50.0,5.83,38.13
202608090303,2026-08-09,03,3R,realtime,67.07,32.18,46.25,11.19,50.0,5.36,56.55,3.08,43.33,5.05,56.86,55.65,26.7,48.54,11.74,50.0,5.36,52.97,2.89,39.95,4.66,51.35,50.23,24.1,60.01,14.52,50.0,5.36,63.71,3.47,52.73,6.15,53.6,48.2,23.12,57.71,13.96,50.0,5.36,38.65,2.11,54.64,6.37,50.92,42.87,20.57,41.66,10.08,50.0,5.36,52.97,2.89,54.35,6.34,45.23,34.76,16.68,34.78,8.41,50.0,5.36,35.07,1.91,55.3,6.45,38.81
202608090304,2026-08-09,03,4R,daily,67.07,32.18,43.95,10.63,39.53,4.23,50.0,2.73,50.0,5.83,55.61,55.65,26.7,55.42,13.41,58.42,6.26,50.0,2.73,50.0,5.83,54.92,50.23,24.1,41.66,10.08,33.82,3.62,50.0,2.73,50.0,5.83,46.36,48.2,23.12,48.54,11.74,48.3,5.17,50.0,2.73,50.0,5.83,48.6,42.87,20.57,46.25,11.19,50.89,5.45,50.0,2.73,50.0,5.83,45.77,34.76,16.68,34.78,8.41,63.1,6.76,50.0,2.73,50.0,5.83,40.41
202608090305,2026-08-09,03,5R,daily,67.07,32.18,43.95,10.63,50.77,5.44,50.0,2.73,50.0,5.83,56.81,55.65,26.7,55.42,13.41,36.82,3.94,50.0,2.73,50.0,5.83,52.61,50.23,24.1,53.13,12.85,46.82,5.01,50.0,2.73,50.0,5.83,50.52,48.2,23.12,66.88,16.18,50.61,5.42,50.0,2.73,50.0,5.83,53.28,42.87,20.57,50.83,12.3,41.6,4.46,50.0,2.73,50.0,5.83,45.88,34.76,16.68,41.66,10.08,33.73,3.61,50.0,2.73,50.0,5.83,38.93
202608090306,2026-08-09,03,6R,daily,67.07,32.18,46.25,11.19,54.19,5.8,50.0,2.73,50.0,5.83,57.73,55.65,26.7,55.42,13.41,55.4,5.93,50.0,2.73,50.0,5.83,54.6,50.23,24.1,71.47,17.29,52.74,5.65,50.0,2.73,50.0,5.83,55.6,48.2,23.12,46.25,11.19,64.06,6.86,50.0,2.73,50.0,5.83,49.73,42.87,20.57,46.25,11.19,43.66,4.68,50.0,2.73,50.0,5.83,45.0,34.76,16.68,48.54,11.74,69.63,7.46,50.0,2.73,50.0,5.83,44.44
202608090307,2026-08-09,03,7R,daily,67.07,32.18,43.95,10.63,67.31,7.21,50.0,2.73,50.0,5.83,58.58,55.65,26.7,43.95,10.63,46.45,4.98,50.0,2.73,50.0,5.83,50.87,50.23,24.1,50.83,12.3,54.65,5.85,50.0,2.73,50.0,5.83,50.81,48.2,23.12,71.47,17.29,38.3,4.1,50.0,2.73,50.0,5.83,53.07,42.87,20.57,41.66,10.08,51.64,5.53,50.0,2.73,50.0,5.83,44.74,34.76,16.68,32.49,7.86,50.0,5.36,50.0,2.73,50.0,5.83,38.45
202608090308,2026-08-09,03,8R,daily,67.07,32.18,57.71,13.96,50.99,5.46,50.0,2.73,50.0,5.83,60.16,55.65,26.7,55.42,13.41,45.22,4.84,50.0,2.73,50.0,5.83,53.51,50.23,24.1,46.25,11.19,43.71,4.68,50.0,2.73,50.0,5.83,48.53,48.2,23.12,55.42,13.41,51.95,5.56,50.0,2.73,50.0,5.83,50.65,42.87,20.57,34.78,8.41,63.1,6.76,50.0,2.73,50.0,5.83,44.3,34.76,16.68,43.95,10.63,55.88,5.99,50.0,2.73,50.0,5.83,41.85
202608090309,2026-08-09,03,9R,daily,67.07,32.18,48.54,11.74,50.99,5.46,50.0,2.73,50.0,5.83,57.94,55.65,26.7,50.83,12.3,50.47,5.41,50.0,2.73,50.0,5.83,52.96,50.23,24.1,48.54,11.74,56.75,6.08,50.0,2.73,50.0,5.83,50.48,48.2,23.12,34.78,8.41,41.85,4.48,50.0,2.73,50.0,5.83,44.58,42.87,20.57,55.42,13.41,58.42,6.26,50.0,2.73,50.0,5.83,48.79,34.76,16.68,43.95,10.63,43.51,4.66,50.0,2.73,50.0,5.83,40.53
202608090310,2026-08-09,03,10R,daily,67.07,32.18,60.01,14.52,44.52,4.77,50.0,2.73,50.0,5.83,60.02,55.65,26.7,50.83,12.3,41.6,4.46,50.0,2.73,50.0,5.83,52.01,50.23,24.1,48.54,11.74,50.0,5.36,50.0,2.73,50.0,5.83,49.76,48.2,23.12,57.71,13.96,47.76,5.12,50.0,2.73,50.0,5.83,50.76,42.87,20.57,53.13,12.85,66.22,7.09,50.0,2.73,50.0,5.83,49.08,34.76,16.68,41.66,10.08,33.82,3.62,50.0,2.73,50.0,5.83,38.94
202608090311,2026-08-09,03,11R,daily,67.07,32.18,55.42,13.41,55.4,5.93,50.0,2.73,50.0,5.83,60.08,55.65,26.7,48.54,11.74,61.05,6.54,50.0,2.73,50.0,5.83,53.54,50.23,24.1,48.54,11.74,55.76,5.97,50.0,2.73,50.0,5.83,50.37,48.2,23.12,55.42,13.41,36.82,3.94,50.0,2.73,50.0,5.83,49.03,42.87,20.57,43.95,10.63,39.53,4.23,50.0,2.73,50.0,5.83,44.0,34.76,16.68,48.54,11.74,53.46,5.73,50.0,2.73,50.0,5.83,42.7
202608090312,2026-08-09,03,12R,daily,67.07,32.18,71.47,17.29,63.45,6.8,50.0,2.73,50.0,5.83,64.82,55.65,26.7,71.47,17.29,52.74,5.65,50.0,2.73,50.0,5.83,58.2,50.23,24.1,66.88,16.18,50.61,5.42,50.0,2.73,50.0,5.83,54.26,48.2,23.12,76.06,18.4,51.45,5.51,50.0,2.73,50.0,5.83,55.59,42.87,20.57,64.59,15.62,36.43,3.9,50.0,2.73,50.0,5.83,48.66,34.76,16.68,71.47,17.29,38.3,4.1,50.0,2.73,50.0,5.83,46.63
202608090501,2026-08-09,05,1R,daily,68.07,25.34,41.97,10.21,46.13,4.62,50.0,10.26,50.0,3.95,54.38,52.3,19.47,46.72,11.37,39.76,3.98,50.0,10.26,50.0,3.95,49.03,51.65,19.23,41.97,10.21,64.12,6.43,50.0,10.26,50.0,3.95,50.08,48.09,17.9,46.72,11.37,48.64,4.87,50.0,10.26,50.0,3.95,48.35,44.15,16.44,41.97,10.21,46.64,4.67,50.0,10.26,50.0,3.95,45.53,35.56,13.24,72.81,17.72,65.76,6.59,50.0,10.26,50.0,3.95,51.76
202608090501,2026-08-09,05,1R,realtime,68.07,25.34,41.97,10.21,50.0,5.01,44.82,9.2,44.31,3.5,53.26,52.3,19.47,46.72,11.37,36.67,3.68,53.51,10.98,67.24,5.31,50.8,51.65,19.23,41.97,10.21,65.85,6.6,47.36,9.72,54.85,4.33,50.09,48.09,17.9,46.72,11.37,49.38,4.95,42.14,8.65,53.42,4.22,47.09,44.15,16.44,41.97,10.21,50.0,5.01,43.69,8.97,40.21,3.18,43.8,35.56,13.24,72.81,17.72,66.99,6.71,68.39,14.04,39.84,3.15,54.85
202608090502,2026-08-09,05,2R,daily,68.07,25.34,46.72,11.37,59.18,5.93,50.0,10.26,50.0,3.95,56.85,52.3,19.47,46.72,11.37,53.15,5.33,50.0,10.26,50.0,3.95,50.37,51.65,19.23,39.6,9.64,46.35,4.65,50.0,10.26,50.0,3.95,47.72,48.09,17.9,46.72,11.37,59.15,5.93,50.0,10.26,50.0,3.95,49.41,44.15,16.44,65.69,15.98,48.37,4.85,50.0,10.26,50.0,3.95,51.48,35.56,13.24,46.72,11.37,66.94,6.71,50.0,10.26,50.0,3.95,45.53
202608090502,2026-08-09,05,2R,realtime,68.07,25.34,46.72,11.37,50.0,5.01,74.09,15.2,47.15,3.72,60.65,52.3,19.47,46.72,11.37,50.0,5.01,56.33,11.56,61.88,4.89,52.29,51.65,19.23,39.6,9.64,60.09,6.02,52.38,10.75,55.65,4.39,50.03,48.09,17.9,46.72,11.37,50.0,5.01,42.95,8.81,53.2,4.2,47.3,44.15,16.44,65.69,15.98,50.0,5.01,40.31,8.27,36.11,2.85,48.55,35.56,13.24,46.72,11.37,50.0,5.01,33.85,6.95,45.9,3.62,40.19
202608090503,2026-08-09,05,3R,daily,68.07,25.34,44.34,10.79,34.1,3.42,50.0,10.26,50.0,3.95,53.76,52.3,19.47,41.97,10.21,60.51,6.06,50.0,10.26,50.0,3.95,49.95,51.65,19.23,39.6,9.64,55.41,5.55,50.0,10.26,50.0,3.95,48.63,48.09,17.9,51.46,12.52,42.13,4.22,50.0,10.26,50.0,3.95,48.86,44.15,16.44,51.46,12.52,47.07,4.72,50.0,10.26,50.0,3.95,47.88,35.56,13.24,49.09,11.94,52.99,5.31,50.0,10.26,50.0,3.95,44.7
202608090504,2026-08-09,05,4R,daily,68.07,25.34,46.72,11.37,47.32,4.74,50.0,10.26,50.0,3.95,55.66,52.3,19.47,51.46,12.52,55.02,5.51,50.0,10.26,50.0,3.95,51.71,51.65,19.23,96.53,23.49,45.88,4.6,50.0,10.26,50.0,3.95,61.52,48.09,17.9,37.23,9.06,40.56,4.07,50.0,10.26,50.0,3.95,45.24,44.15,16.44,46.72,11.37,42.03,4.21,50.0,10.26,50.0,3.95,46.22,35.56,13.24,65.69,15.98,47.61,4.77,50.0,10.26,50.0,3.95,48.21
202608090505,2026-08-09,05,5R,daily,68.07,25.34,46.72,11.37,50.57,5.07,50.0,10.26,50.0,3.95,55.98,52.3,19.47,53.83,13.1,49.57,4.97,50.0,10.26,50.0,3.95,51.74,51.65,19.23,39.6,9.64,48.72,4.88,50.0,10.26,50.0,3.95,47.96,48.09,17.9,34.86,8.48,49.52,4.96,50.0,10.26,50.0,3.95,45.56,44.15,16.44,51.46,12.52,45.24,4.53,50.0,10.26,50.0,3.95,47.7,35.56,13.24,49.09,11.94,41.77,4.19,50.0,10.26,50.0,3.95,43.58
202608090506,2026-08-09,05,6R,daily,68.07,25.34,41.97,10.21,49.21,4.93,50.0,10.26,50.0,3.95,54.69,52.3,19.47,51.46,12.52,38.27,3.84,50.0,10.26,50.0,3.95,50.03,51.65,19.23,41.97,10.21,42.23,4.23,50.0,10.26,50.0,3.95,47.88,48.09,17.9,72.81,17.72,65.76,6.59,50.0,10.26,50.0,3.95,56.42,44.15,16.44,51.46,12.52,41.55,4.16,50.0,10.26,50.0,3.95,47.33,35.56,13.24,37.23,9.06,48.0,4.81,50.0,10.26,50.0,3.95,41.32
202608090507,2026-08-09,05,7R,daily,68.07,25.34,46.72,11.37,35.66,3.57,50.0,10.26,50.0,3.95,54.49,52.3,19.47,41.97,10.21,55.05,5.52,50.0,10.26,50.0,3.95,49.41,51.65,19.23,41.97,10.21,46.13,4.62,50.0,10.26,50.0,3.95,48.27,48.09,17.9,46.72,11.37,53.15,5.33,50.0,10.26,50.0,3.95,48.81,44.15,16.44,91.79,22.33,39.25,3.93,50.0,10.26,50.0,3.95,56.91,35.56,13.24,53.83,13.1,52.19,5.23,50.0,10.26,50.0,3.95,45.78
202608090508,2026-08-09,05,8R,daily,68.07,25.34,51.46,12.52,47.07,4.72,50.0,10.26,50.0,3.95,56.79,52.3,19.47,37.23,9.06,24.51,2.46,50.0,10.26,50.0,3.95,45.19,51.65,19.23,46.72,11.37,47.32,4.74,50.0,10.26,50.0,3.95,49.55,48.09,17.9,65.69,15.98,48.37,4.85,50.0,10.26,50.0,3.95,52.95,44.15,16.44,60.95,14.83,61.69,6.18,50.0,10.26,50.0,3.95,51.66,35.56,13.24,46.72,11.37,48.64,4.87,50.0,10.26,50.0,3.95,43.69
202608090509,2026-08-09,05,9R,daily,68.07,25.34,51.46,12.52,45.24,4.53,50.0,10.26,50.0,3.95,56.6,52.3,19.47,39.6,9.64,50.42,5.05,50.0,10.26,50.0,3.95,48.37,51.65,19.23,41.97,10.21,60.51,6.06,50.0,10.26,50.0,3.95,49.72,48.09,17.9,96.53,23.49,45.88,4.6,50.0,10.26,50.0,3.95,60.2,44.15,16.44,39.6,9.64,46.35,4.65,50.0,10.26,50.0,3.95,44.93,35.56,13.24,41.97,10.21,64.12,6.43,50.0,10.26,50.0,3.95,44.09
202608090510,2026-08-09,05,10R,daily,68.07,25.34,53.83,13.1,49.57,4.97,50.0,10.26,50.0,3.95,57.62,52.3,19.47,41.97,10.21,46.64,4.67,50.0,10.26,50.0,3.95,48.56,51.65,19.23,51.46,12.52,41.55,4.16,50.0,10.26,50.0,3.95,50.12,48.09,17.9,46.72,11.37,42.03,4.21,50.0,10.26,50.0,3.95,47.69,44.15,16.44,51.46,12.52,37.96,3.8,50.0,10.26,50.0,3.95,46.97,35.56,13.24,46.72,11.37,59.15,5.93,50.0,10.26,50.0,3.95,44.74
202608090511,2026-08-09,05,11R,daily,68.07,25.34,51.46,12.52,42.13,4.22,50.0,10.26,50.0,3.95,56.29,52.3,19.47,46.72,11.37,66.94,6.71,50.0,10.26,50.0,3.95,51.75,51.65,19.23,51.46,12.52,60.63,6.08,50.0,10.26,50.0,3.95,52.04,48.09,17.9,37.23,9.06,48.0,4.81,50.0,10.26,50.0,3.95,45.98,44.15,16.44,65.69,15.98,47.61,4.77,50.0,10.26,50.0,3.95,51.4,35.56,13.24,46.72,11.37,39.76,3.98,50.0,10.26,50.0,3.95,42.8
202608090512,2026-08-09,05,12R,daily,68.07,25.34,91.79,22.33,39.25,3.93,50.0,10.26,50.0,3.95,65.82,52.3,19.47,49.09,11.94,41.77,4.19,50.0,10.26,50.0,3.95,49.81,51.65,19.23,46.72,11.37,59.18,5.93,50.0,10.26,50.0,3.95,50.74,48.09,17.9,60.95,14.83,61.69,6.18,50.0,10.26,50.0,3.95,53.13,44.15,16.44,51.46,12.52,38.27,3.84,50.0,10.26,50.0,3.95,47.0,35.56,13.24,51.46,12.52,55.02,5.51,50.0,10.26,50.0,3.95,45.48
202608090901,2026-08-09,09,1R,daily,65.97,26.28,48.05,10.17,36.23,3.17,50.0,12.3,50.0,2.82,54.75,53.11,21.16,48.05,10.17,70.06,6.13,50.0,12.3,50.0,2.82,52.58,51.25,20.42,48.05,10.17,54.97,4.81,50.0,12.3,50.0,2.82,50.52,48.46,19.3,42.33,8.96,40.4,3.53,50.0,12.3,50.0,2.82,46.92,45.07,17.95,42.33,8.96,64.4,5.63,50.0,12.3,50.0,2.82,47.67,35.87,14.29,42.33,8.96,46.35,4.06,50.0,12.3,50.0,2.82,42.43
202608090901,2026-08-09,09,1R,realtime,65.97,26.28,48.05,10.17,43.92,3.84,50.35,12.38,38.54,2.18,54.86,53.11,21.16,48.05,10.17,66.68,5.83,48.1,11.83,51.3,2.9,51.89,51.25,20.42,48.05,10.17,53.31,4.67,50.19,12.34,52.93,2.99,50.58,48.46,19.3,42.33,8.96,43.68,3.82,46.49,11.43,47.4,2.68,46.2,45.07,17.95,42.33,8.96,50.89,4.45,50.27,12.37,60.74,3.43,47.16,35.87,14.29,42.33,8.96,50.69,4.44,54.63,13.44,49.21,2.78,43.9
202608090902,2026-08-09,09,2R,daily,65.97,26.28,48.05,10.17,48.69,4.26,50.0,12.3,50.0,2.82,55.84,53.11,21.16,48.05,10.17,51.69,4.52,50.0,12.3,50.0,2.82,50.97,51.25,20.42,46.14,9.77,52.51,4.6,50.0,12.3,50.0,2.82,49.9,48.46,19.3,36.62,7.75,50.1,4.38,50.0,12.3,50.0,2.82,46.56,45.07,17.95,40.43,8.56,29.87,2.61,50.0,12.3,50.0,2.82,44.25,35.87,14.29,49.95,10.57,47.36,4.14,50.0,12.3,50.0,2.82,44.13
202608090902,2026-08-09,09,2R,realtime,65.97,26.28,48.05,10.17,64.1,5.61,51.41,12.64,33.27,1.88,56.58,53.11,21.16,48.05,10.17,50.99,4.46,56.68,13.94,53.8,3.04,52.77,51.25,20.42,46.14,9.77,53.81,4.71,50.58,12.44,49.55,2.8,50.13,48.46,19.3,36.62,7.75,51.54,4.51,28.78,7.08,47.26,2.67,41.31,45.07,17.95,40.43,8.56,40.88,3.58,58.98,14.51,65.59,3.7,48.3,35.87,14.29,49.95,10.57,48.3,4.23,53.61,13.19,50.65,2.86,45.14
202608090903,2026-08-09,09,3R,daily,65.97,26.28,46.14,9.77,28.94,2.53,50.0,12.3,50.0,2.82,53.7,53.11,21.16,48.05,10.17,61.57,5.39,50.0,12.3,50.0,2.82,51.84,51.25,20.42,44.24,9.36,47.32,4.14,50.0,12.3,50.0,2.82,49.04,48.46,19.3,53.76,11.38,45.55,3.99,50.0,12.3,50.0,2.82,49.79,45.07,17.95,46.14,9.77,34.74,3.04,50.0,12.3,50.0,2.82,45.88,35.87,14.29,42.33,8.96,40.1,3.51,50.0,12.3,50.0,2.82,41.88
202608090903,2026-08-09,09,3R,realtime,65.97,26.28,46.14,9.77,50.95,4.46,46.24,11.37,33.27,1.88,53.76,53.11,21.16,48.05,10.17,62.89,5.5,27.45,6.75,53.8,3.04,46.62,51.25,20.42,44.24,9.36,43.94,3.84,38.83,9.55,49.55,2.8,45.97,48.46,19.3,53.76,11.38,52.79,4.62,65.08,16.01,47.26,2.67,53.98,45.07,17.95,46.14,9.77,37.38,3.27,60.02,14.76,65.59,3.7,49.46,35.87,14.29,42.33,8.96,43.65,3.82,62.42,15.35,50.65,2.86,45.28
202608090904,2026-08-09,09,4R,daily,65.97,26.28,40.43,8.56,61.38,5.37,50.0,12.3,50.0,2.82,55.33,53.11,21.16,42.33,8.96,51.19,4.48,50.0,12.3,50.0,2.82,49.72,51.25,20.42,46.14,9.77,52.18,4.57,50.0,12.3,50.0,2.82,49.87,48.46,19.3,46.14,9.77,68.37,5.98,50.0,12.3,50.0,2.82,50.18,45.07,17.95,49.95,10.57,50.86,4.45,50.0,12.3,50.0,2.82,48.1,35.87,14.29,32.81,6.94,44.25,3.87,50.0,12.3,50.0,2.82,40.23
202608090904,2026-08-09,09,4R,realtime,65.97,26.28,40.43,8.56,59.32,5.19,46.0,11.32,33.27,1.88,53.23,53.11,21.16,42.33,8.96,53.59,4.69,24.04,5.91,53.8,3.04,43.76,51.25,20.42,46.14,9.77,43.32,3.79,52.59,12.94,49.55,2.8,49.71,48.46,19.3,46.14,9.77,59.58,5.21,54.65,13.44,47.26,2.67,50.4,45.07,17.95,49.95,10.57,47.05,4.12,66.96,16.47,65.59,3.7,52.82,35.87,14.29,32.81,6.94,40.97,3.59,55.76,13.72,50.65,2.86,41.4
202608090905,2026-08-09,09,5R,daily,65.97,26.28,57.57,12.18,45.08,3.94,50.0,12.3,50.0,2.82,57.54,53.11,21.16,48.05,10.17,53.97,4.72,50.0,12.3,50.0,2.82,51.17,51.25,20.42,44.24,9.36,34.89,3.05,50.0,12.3,50.0,2.82,47.96,48.46,19.3,38.52,8.15,47.26,4.14,50.0,12.3,50.0,2.82,46.72,45.07,17.95,34.71,7.35,51.71,4.52,50.0,12.3,50.0,2.82,44.95,35.87,14.29,40.43,8.56,42.98,3.76,50.0,12.3,50.0,2.82,41.73
202608090906,2026-08-09,09,6R,daily,65.97,26.28,55.66,11.78,55.51,4.86,50.0,12.3,50.0,2.82,58.04,53.11,21.16,44.24,9.36,43.61,3.82,50.0,12.3,50.0,2.82,49.46,51.25,20.42,40.43,8.56,29.87,2.61,50.0,12.3,50.0,2.82,46.71,48.46,19.3,48.05,10.17,55.37,4.85,50.0,12.3,50.0,2.82,49.44,45.07,17.95,61.38,12.99,42.47,3.72,50.0,12.3,50.0,2.82,49.78,35.87,14.29,42.33,8.96,31.84,2.79,50.0,12.3,50.0,2.82,41.16
202608090907,2026-08-09,09,7R,daily,65.97,26.28,46.14,9.77,39.57,3.46,50.0,12.3,50.0,2.82,54.63,53.11,21.16,49.95,10.57,61.45,5.38,50.0,12.3,50.0,2.82,52.23,51.25,20.42,48.05,10.17,51.69,4.52,50.0,12.3,50.0,2.82,50.23,48.46,19.3,53.76,11.38,63.6,5.57,50.0,12.3,50.0,2.82,51.37,45.07,17.95,53.76,11.38,66.27,5.8,50.0,12.3,50.0,2.82,50.25,35.87,14.29,38.52,8.15,62.88,5.5,50.0,12.3,50.0,2.82,43.07
202608090908,2026-08-09,09,8R,daily,65.97,26.28,46.14,9.77,34.74,3.04,50.0,12.3,50.0,2.82,54.21,53.11,21.16,49.95,10.57,47.36,4.14,50.0,12.3,50.0,2.82,51.0,51.25,20.42,42.33,8.96,46.35,4.06,50.0,12.3,50.0,2.82,48.55,48.46,19.3,63.28,13.39,46.09,4.03,50.0,12.3,50.0,2.82,51.85,45.07,17.95,42.33,8.96,51.19,4.48,50.0,12.3,50.0,2.82,46.52,35.87,14.29,44.24,9.36,47.32,4.14,50.0,12.3,50.0,2.82,42.91
202608090909,2026-08-09,09,9R,daily,65.97,26.28,46.14,9.77,52.18,4.57,50.0,12.3,50.0,2.82,55.74,53.11,21.16,48.05,10.17,40.06,3.5,50.0,12.3,50.0,2.82,49.96,51.25,20.42,42.33,8.96,64.4,5.63,50.0,12.3,50.0,2.82,50.13,48.46,19.3,48.05,10.17,37.23,3.26,50.0,12.3,50.0,2.82,47.85,45.07,17.95,46.14,9.77,52.51,4.6,50.0,12.3,50.0,2.82,47.44,35.87,14.29,48.05,10.17,61.38,5.37,50.0,12.3,50.0,2.82,44.95
202608090910,2026-08-09,09,10R,daily,65.97,26.28,49.95,10.57,50.86,4.45,50.0,12.3,50.0,2.82,56.43,53.11,21.16,53.76,11.38,45.55,3.99,50.0,12.3,50.0,2.82,51.64,51.25,20.42,48.05,10.17,53.97,4.72,50.0,12.3,50.0,2.82,50.43,48.46,19.3,48.05,10.17,70.06,6.13,50.0,12.3,50.0,2.82,50.73,45.07,17.95,55.66,11.78,55.51,4.86,50.0,12.3,50.0,2.82,49.72,35.87,14.29,46.14,9.77,28.94,2.53,50.0,12.3,50.0,2.82,41.71
202608090911,2026-08-09,09,11R,daily,65.97,26.28,53.76,11.38,66.27,5.8,50.0,12.3,50.0,2.82,58.58,53.11,21.16,46.14,9.77,68.37,5.98,50.0,12.3,50.0,2.82,52.03,51.25,20.42,53.76,11.38,63.6,5.57,50.0,12.3,50.0,2.82,52.48,48.46,19.3,57.57,12.18,45.08,3.94,50.0,12.3,50.0,2.82,50.56,45.07,17.95,48.05,10.17,61.57,5.39,50.0,12.3,50.0,2.82,48.63,35.87,14.29,40.43,8.56,61.38,5.37,50.0,12.3,50.0,2.82,43.34
202608090912,2026-08-09,09,12R,daily,65.97,26.28,63.28,13.39,46.09,4.03,50.0,12.3,50.0,2.82,58.83,53.11,21.16,48.05,10.17,55.37,4.85,50.0,12.3,50.0,2.82,51.3,51.25,20.42,61.38,12.99,42.47,3.72,50.0,12.3,50.0,2.82,52.25,48.46,19.3,49.95,10.57,61.45,5.38,50.0,12.3,50.0,2.82,50.38,45.07,17.95,48.05,10.17,36.23,3.17,50.0,12.3,50.0,2.82,46.42,35.87,14.29,46.14,9.77,39.57,3.46,50.0,12.3,50.0,2.82,42.64
202608091001,2026-08-09,10,1R,daily,67.72,25.52,55.73,15.7,36.45,3.35,50.0,8.46,50.0,4.02,57.05,52.71,19.87,44.73,12.6,35.17,3.23,50.0,8.46,50.0,4.02,48.17,50.81,19.15,33.72,9.5,40.79,3.75,50.0,8.46,50.0,4.02,44.87,47.83,18.03,47.48,13.37,49.35,4.54,50.0,8.46,50.0,4.02,48.41,43.9,16.55,39.23,11.05,50.89,4.68,50.0,8.46,50.0,4.02,44.75,36.78,13.86,33.72,9.5,42.46,3.9,50.0,8.46,50.0,4.02,39.74
202608091001,2026-08-09,10,1R,realtime,67.72,25.52,55.73,15.7,39.56,3.64,69.3,11.72,48.2,3.87,60.45,52.71,19.87,44.73,12.6,46.77,4.3,50.39,8.52,46.16,3.71,49.0,50.81,19.15,33.72,9.5,48.81,4.49,53.72,9.09,72.01,5.79,48.01,47.83,18.03,47.48,13.37,49.11,4.51,38.98,6.59,55.4,4.45,46.96,43.9,16.55,39.23,11.05,55.9,5.14,48.9,8.27,40.93,3.29,44.29,36.78,13.86,33.72,9.5,44.27,4.07,38.79,6.56,37.33,3.0,36.99
202608091002,2026-08-09,10,2R,daily,67.72,25.52,47.48,13.37,48.0,4.41,50.0,8.46,50.0,4.02,55.78,52.71,19.87,50.23,14.15,43.79,4.02,50.0,8.46,50.0,4.02,50.51,50.81,19.15,50.23,14.15,33.58,3.09,50.0,8.46,50.0,4.02,48.86,47.83,18.03,39.23,11.05,25.99,2.39,50.0,8.46,50.0,4.02,43.94,43.9,16.55,44.73,12.6,57.94,5.32,50.0,8.46,50.0,4.02,46.95,36.78,13.86,47.48,13.37,47.37,4.35,50.0,8.46,50.0,4.02,44.06
202608091002,2026-08-09,10,2R,realtime,67.72,25.52,47.48,13.37,28.85,2.65,74.09,12.53,52.28,4.2,58.28,52.71,19.87,50.23,14.15,44.06,4.05,45.88,7.76,49.77,4.0,49.82,50.81,19.15,50.23,14.15,32.1,2.95,50.84,8.6,53.42,4.29,49.14,47.83,18.03,39.23,11.05,36.43,3.35,48.8,8.25,47.45,3.81,44.49,43.9,16.55,44.73,12.6,42.34,3.89,47.85,8.09,47.94,3.85,44.98,36.78,13.86,47.48,13.37,55.16,5.07,32.62,5.52,49.16,3.95,41.77
202608091003,2026-08-09,10,3R,daily,67.72,25.52,55.73,15.7,42.0,3.86,50.0,8.46,50.0,4.02,57.56,52.71,19.87,41.98,11.82,44.03,4.05,50.0,8.46,50.0,4.02,48.21,50.81,19.15,47.48,13.37,40.26,3.7,50.0,8.46,50.0,4.02,48.7,47.83,18.03,44.73,12.6,35.76,3.29,50.0,8.46,50.0,4.02,46.39,43.9,16.55,30.97,8.72,53.32,4.9,50.0,8.46,50.0,4.02,42.65,36.78,13.86,47.48,13.37,44.06,4.05,50.0,8.46,50.0,4.02,43.76
202608091003,2026-08-09,10,3R,realtime,67.72,25.52,55.73,15.7,44.21,4.06,62.96,10.65,49.98,4.02,59.95,52.71,19.87,41.98,11.82,43.37,3.99,54.01,9.14,51.16,4.11,48.92,50.81,19.15,47.48,13.37,39.62,3.64,60.54,10.24,54.2,4.36,50.76,47.83,18.03,44.73,12.6,38.96,3.58,42.31,7.16,45.49,3.66,45.02,43.9,16.55,30.97,8.72,42.71,3.92,42.54,7.2,48.1,3.87,40.26,36.78,13.86,47.48,13.37,40.04,3.68,37.72,6.38,51.08,4.11,41.4
202608091004,2026-08-09,10,4R,daily,67.72,25.52,50.23,14.15,40.02,3.68,50.0,8.46,50.0,4.02,55.83,52.71,19.87,41.98,11.82,46.11,4.24,50.0,8.46,50.0,4.02,48.4,50.81,19.15,41.98,11.82,41.36,3.8,50.0,8.46,50.0,4.02,47.25,47.83,18.03,61.24,17.25,50.67,4.66,50.0,8.46,50.0,4.02,52.41,43.9,16.55,44.73,12.6,52.76,4.85,50.0,8.46,50.0,4.02,46.47,36.78,13.86,55.73,15.7,35.8,3.29,50.0,8.46,50.0,4.02,45.33
202608091004,2026-08-09,10,4R,realtime,67.72,25.52,50.23,14.15,34.16,3.14,47.25,7.99,47.69,3.83,54.64,52.71,19.87,41.98,11.82,33.3,3.06,33.99,5.75,52.55,4.22,44.72,50.81,19.15,41.98,11.82,38.79,3.56,35.12,5.94,54.99,4.42,44.9,47.83,18.03,61.24,17.25,46.76,4.3,61.03,10.32,43.53,3.5,53.4,43.9,16.55,44.73,12.6,56.05,5.15,57.26,9.69,48.26,3.88,47.86,36.78,13.86,55.73,15.7,59.24,5.44,65.4,11.06,53.01,4.26,50.33
202608091005,2026-08-09,10,5R,daily,67.72,25.52,77.74,21.9,57.95,5.33,50.0,8.46,50.0,4.02,65.22,52.71,19.87,41.98,11.82,38.61,3.55,50.0,8.46,50.0,4.02,47.71,50.81,19.15,39.23,11.05,49.97,4.59,50.0,8.46,50.0,4.02,47.27,47.83,18.03,50.23,14.15,79.43,7.3,50.0,8.46,50.0,4.02,51.95,43.9,16.55,61.24,17.25,58.73,5.4,50.0,8.46,50.0,4.02,51.67,36.78,13.86,44.73,12.6,35.17,3.23,50.0,8.46,50.0,4.02,42.17
202608091005,2026-08-09,10,5R,realtime,67.72,25.52,77.74,21.9,50.74,4.66,52.48,8.88,46.55,3.74,64.7,52.71,19.87,41.98,11.82,43.0,3.95,36.49,6.17,52.67,4.23,46.05,50.81,19.15,39.23,11.05,42.41,3.9,40.15,6.79,53.28,4.28,45.17,47.83,18.03,50.23,14.15,85.13,7.82,72.62,12.28,44.8,3.6,55.88,43.9,16.55,61.24,17.25,54.45,5.0,55.3,9.35,49.29,3.96,52.11,36.78,13.86,44.73,12.6,46.77,4.3,43.03,7.28,53.43,4.29,42.33
202608091006,2026-08-09,10,6R,daily,67.72,25.52,44.73,12.6,57.94,5.32,50.0,8.46,50.0,4.02,55.92,52.71,19.87,50.23,14.15,55.87,5.13,50.0,8.46,50.0,4.02,51.63,50.81,19.15,39.23,11.05,60.92,5.6,50.0,8.46,50.0,4.02,48.27,47.83,18.03,33.72,9.5,40.79,3.75,50.0,8.46,50.0,4.02,43.75,43.9,16.55,52.98,14.92,70.39,6.47,50.0,8.46,50.0,4.02,50.42,36.78,13.86,36.47,10.27,48.86,4.49,50.0,8.46,50.0,4.02,41.1
202608091006,2026-08-09,10,6R,realtime,67.72,25.52,44.73,12.6,42.34,3.89,48.89,8.27,45.39,3.65,53.93,52.71,19.87,50.23,14.15,53.16,4.89,56.21,9.51,53.95,4.34,52.74,50.81,19.15,39.23,11.05,64.81,5.96,61.21,10.35,55.77,4.48,50.99,47.83,18.03,33.72,9.5,48.81,4.49,53.85,9.11,41.57,3.34,44.46,43.9,16.55,52.98,14.92,56.6,5.2,54.61,9.24,48.41,3.89,49.8,36.78,13.86,36.47,10.27,46.71,4.29,25.31,4.28,54.93,4.41,37.12
202608091007,2026-08-09,10,7R,daily,67.72,25.52,80.49,22.67,47.14,4.33,50.0,8.46,50.0,4.02,65.0,52.71,19.87,39.23,11.05,50.89,4.68,50.0,8.46,50.0,4.02,48.07,50.81,19.15,44.73,12.6,49.64,4.56,50.0,8.46,50.0,4.02,48.79,47.83,18.03,50.23,14.15,33.58,3.09,50.0,8.46,50.0,4.02,47.74,43.9,16.55,41.98,11.82,44.03,4.05,50.0,8.46,50.0,4.02,44.89,36.78,13.86,47.48,13.37,48.0,4.41,50.0,8.46,50.0,4.02,44.12
202608091007,2026-08-09,10,7R,realtime,67.72,25.52,80.49,22.67,56.92,5.23,47.24,7.99,44.26,3.56,64.97,52.71,19.87,39.23,11.05,55.9,5.14,37.21,6.29,54.07,4.34,46.69,50.81,19.15,44.73,12.6,58.55,5.38,51.38,8.69,54.07,4.34,50.17,47.83,18.03,50.23,14.15,32.1,2.95,47.54,8.04,42.84,3.44,46.61,43.9,16.55,41.98,11.82,43.37,3.99,55.0,9.3,49.44,3.97,45.63,36.78,13.86,47.48,13.37,28.85,2.65,61.7,10.44,55.35,4.45,44.77
202608091008,2026-08-09,10,8R,daily,67.72,25.52,47.48,13.37,47.37,4.35,50.0,8.46,50.0,4.02,55.73,52.71,19.87,44.73,12.6,35.76,3.29,50.0,8.46,50.0,4.02,48.23,50.81,19.15,47.48,13.37,49.35,4.54,50.0,8.46,50.0,4.02,49.54,47.83,18.03,41.98,11.82,41.36,3.8,50.0,8.46,50.0,4.02,46.13,43.9,16.55,41.98,11.82,46.11,4.24,50.0,8.46,50.0,4.02,45.08,36.78,13.86,30.97,8.72,53.32,4.9,50.0,8.46,50.0,4.02,39.96
202608091008,2026-08-09,10,8R,realtime,67.72,25.52,47.48,13.37,55.16,5.07,63.1,10.67,40.17,3.23,57.87,52.71,19.87,44.73,12.6,38.96,3.58,59.79,10.11,50.46,4.05,50.21,50.81,19.15,47.48,13.37,49.11,4.51,56.87,9.62,72.66,5.84,52.5,47.83,18.03,41.98,11.82,38.79,3.56,45.27,7.66,50.79,4.08,45.16,43.9,16.55,41.98,11.82,33.3,3.06,37.76,6.39,42.43,3.41,41.23,36.78,13.86,30.97,8.72,42.71,3.92,37.27,6.3,43.52,3.5,36.31
202608091009,2026-08-09,10,9R,daily,67.72,25.52,44.73,12.6,52.76,4.85,50.0,8.46,50.0,4.02,55.45,52.71,19.87,39.23,11.05,25.99,2.39,50.0,8.46,50.0,4.02,45.78,50.81,19.15,55.73,15.7,49.87,4.58,50.0,8.46,50.0,4.02,51.91,47.83,18.03,39.23,11.05,49.97,4.59,50.0,8.46,50.0,4.02,46.14,43.9,16.55,41.98,11.82,38.61,3.55,50.0,8.46,50.0,4.02,44.4,36.78,13.86,50.23,14.15,40.02,3.68,50.0,8.46,50.0,4.02,44.16
202608091010,2026-08-09,10,10R,daily,67.72,25.52,52.98,14.92,70.39,6.47,50.0,8.46,50.0,4.02,59.39,52.71,19.87,50.23,14.15,79.43,7.3,50.0,8.46,50.0,4.02,53.79,50.81,19.15,77.74,21.9,57.95,5.33,50.0,8.46,50.0,4.02,58.85,47.83,18.03,39.23,11.05,60.92,5.6,50.0,8.46,50.0,4.02,47.15,43.9,16.55,55.73,15.7,42.0,3.86,50.0,8.46,50.0,4.02,48.58,36.78,13.86,55.73,15.7,36.45,3.35,50.0,8.46,50.0,4.02,45.39
202608091011,2026-08-09,10,11R,daily,67.72,25.52,61.24,17.25,58.73,5.4,50.0,8.46,50.0,4.02,60.64,52.71,19.87,80.49,22.67,47.14,4.33,50.0,8.46,50.0,4.02,59.35,50.81,19.15,61.24,17.25,50.67,4.66,50.0,8.46,50.0,4.02,53.53,47.83,18.03,50.23,14.15,55.87,5.13,50.0,8.46,50.0,4.02,49.79,43.9,16.55,50.23,14.15,43.79,4.02,50.0,8.46,50.0,4.02,47.2,36.78,13.86,47.48,13.37,40.26,3.7,50.0,8.46,50.0,4.02,43.41
202608091012,2026-08-09,10,12R,daily,67.72,25.52,47.48,13.37,56.45,5.19,50.0,8.46,50.0,4.02,56.56,52.71,19.87,61.24,17.25,52.56,4.83,50.0,8.46,50.0,4.02,54.42,50.81,19.15,50.23,14.15,44.38,4.08,50.0,8.46,50.0,4.02,49.85,47.83,18.03,69.49,19.57,58.76,5.4,50.0,8.46,50.0,4.02,55.48,43.9,16.55,72.24,20.35,48.08,4.42,50.0,8.46,50.0,4.02,53.79,36.78,13.86,58.48,16.47,35.91,3.3,50.0,8.46,50.0,4.02,46.11
202608091201,2026-08-09,12,1R,daily,65.4,27.94,40.16,8.13,44.33,4.93,50.0,9.79,50.0,3.16,53.96,51.96,22.2,43.54,8.81,52.24,5.81,50.0,9.79,50.0,3.16,49.78,51.11,21.83,38.47,7.79,40.23,4.48,50.0,9.79,50.0,3.16,47.05,49.79,21.27,38.47,7.79,60.38,6.72,50.0,9.79,50.0,3.16,48.73,44.03,18.81,41.85,8.47,39.64,4.41,50.0,9.79,50.0,3.16,44.65,37.46,16.01,43.54,8.81,42.69,4.75,50.0,9.79,50.0,3.16,42.52
202608091202,2026-08-09,12,2R,daily,65.4,27.94,45.23,9.16,61.75,6.87,50.0,9.79,50.0,3.16,56.92,51.96,22.2,40.16,8.13,45.95,5.11,50.0,9.79,50.0,3.16,48.39,51.11,21.83,40.16,8.13,49.21,5.48,50.0,9.79,50.0,3.16,48.39,49.79,21.27,43.54,8.81,50.83,5.66,50.0,9.79,50.0,3.16,48.7,44.03,18.81,41.85,8.47,57.98,6.45,50.0,9.79,50.0,3.16,46.69,37.46,16.01,51.99,10.52,49.19,5.47,50.0,9.79,50.0,3.16,44.96
202608091203,2026-08-09,12,3R,daily,65.4,27.94,41.85,8.47,65.2,7.26,50.0,9.79,50.0,3.16,56.62,51.96,22.2,48.61,9.84,51.38,5.72,50.0,9.79,50.0,3.16,50.71,51.11,21.83,50.3,10.18,41.21,4.59,50.0,9.79,50.0,3.16,49.56,49.79,21.27,46.92,9.5,60.16,6.69,50.0,9.79,50.0,3.16,50.42,44.03,18.81,46.92,9.5,52.63,5.86,50.0,9.79,50.0,3.16,47.12,37.46,16.01,48.61,9.84,30.48,3.39,50.0,9.79,50.0,3.16,42.19
202608091204,2026-08-09,12,4R,daily,65.4,27.94,43.54,8.81,45.34,5.05,50.0,9.79,50.0,3.16,54.75,51.96,22.2,48.61,9.84,47.66,5.3,50.0,9.79,50.0,3.16,50.3,51.11,21.83,43.54,8.81,60.12,6.69,50.0,9.79,50.0,3.16,50.29,49.79,21.27,43.54,8.81,36.27,4.04,50.0,9.79,50.0,3.16,47.08,44.03,18.81,55.37,11.21,31.23,3.48,50.0,9.79,50.0,3.16,46.45,37.46,16.01,43.54,8.81,65.01,7.23,50.0,9.79,50.0,3.16,45.01
202608091205,2026-08-09,12,5R,daily,65.4,27.94,50.3,10.18,65.56,7.3,50.0,9.79,50.0,3.16,58.37,51.96,22.2,43.54,8.81,38.43,4.28,50.0,9.79,50.0,3.16,48.24,51.11,21.83,46.92,9.5,69.84,7.77,50.0,9.79,50.0,3.16,52.06,49.79,21.27,45.23,9.16,41.02,4.56,50.0,9.79,50.0,3.16,47.95,44.03,18.81,38.47,7.79,40.23,4.48,50.0,9.79,50.0,3.16,44.03,37.46,16.01,50.3,10.18,31.25,3.48,50.0,9.79,50.0,3.16,42.62
202608091206,2026-08-09,12,6R,daily,65.4,27.94,48.61,9.84,58.69,6.53,50.0,9.79,50.0,3.16,57.27,51.96,22.2,46.92,9.5,57.5,6.4,50.0,9.79,50.0,3.16,51.05,51.11,21.83,45.23,9.16,55.3,6.15,50.0,9.79,50.0,3.16,50.1,49.79,21.27,41.85,8.47,29.47,3.28,50.0,9.79,50.0,3.16,45.98,44.03,18.81,40.16,8.13,45.95,5.11,50.0,9.79,50.0,3.16,45.01,37.46,16.01,57.06,11.55,51.25,5.7,50.0,9.79,50.0,3.16,46.21
202608091207,2026-08-09,12,7R,daily,65.4,27.94,45.23,9.16,53.19,5.92,50.0,9.79,50.0,3.16,55.97,51.96,22.2,43.54,8.81,28.89,3.21,50.0,9.79,50.0,3.16,47.18,51.11,21.83,43.54,8.81,50.83,5.66,50.0,9.79,50.0,3.16,49.26,49.79,21.27,41.85,8.47,44.37,4.94,50.0,9.79,50.0,3.16,47.63,44.03,18.81,48.61,9.84,51.38,5.72,50.0,9.79,50.0,3.16,47.32,37.46,16.01,50.3,10.18,67.06,7.46,50.0,9.79,50.0,3.16,46.6
202608091208,2026-08-09,12,8R,daily,65.4,27.94,51.99,10.52,49.19,5.47,50.0,9.79,50.0,3.16,56.89,51.96,22.2,43.54,8.81,36.27,4.04,50.0,9.79,50.0,3.16,48.0,51.11,21.83,46.92,9.5,60.16,6.69,50.0,9.79,50.0,3.16,50.98,49.79,21.27,50.3,10.18,41.21,4.59,50.0,9.79,50.0,3.16,48.99,44.03,18.81,45.23,9.16,52.48,5.84,50.0,9.79,50.0,3.16,46.76,37.46,16.01,40.16,8.13,44.33,4.93,50.0,9.79,50.0,3.16,42.02
202608091209,2026-08-09,12,9R,daily,65.4,27.94,48.61,9.84,30.48,3.39,50.0,9.79,50.0,3.16,54.13,51.96,22.2,55.37,11.21,31.23,3.48,50.0,9.79,50.0,3.16,49.84,51.11,21.83,38.47,7.79,60.38,6.72,50.0,9.79,50.0,3.16,49.29,49.79,21.27,46.92,9.5,52.63,5.86,50.0,9.79,50.0,3.16,49.58,44.03,18.81,48.61,9.84,47.66,5.3,50.0,9.79,50.0,3.16,46.91,37.46,16.01,45.23,9.16,61.75,6.87,50.0,9.79,50.0,3.16,44.99
202608091210,2026-08-09,12,10R,daily,65.4,27.94,43.54,8.81,65.01,7.23,50.0,9.79,50.0,3.16,56.94,51.96,22.2,50.3,10.18,65.56,7.3,50.0,9.79,50.0,3.16,52.63,51.11,21.83,48.61,9.84,58.69,6.53,50.0,9.79,50.0,3.16,51.16,49.79,21.27,43.54,8.81,60.12,6.69,50.0,9.79,50.0,3.16,49.73,44.03,18.81,50.3,10.18,31.25,3.48,50.0,9.79,50.0,3.16,45.43,37.46,16.01,46.92,9.5,57.5,6.4,50.0,9.79,50.0,3.16,44.86
202608091211,2026-08-09,12,11R,daily,65.4,27.94,57.06,11.55,51.25,5.7,50.0,9.79,50.0,3.16,58.15,51.96,22.2,41.85,8.47,65.2,7.26,50.0,9.79,50.0,3.16,50.88,51.11,21.83,45.23,9.16,53.19,5.92,50.0,9.79,50.0,3.16,49.86,49.79,21.27,46.92,9.5,69.84,7.77,50.0,9.79,50.0,3.16,51.5,44.03,18.81,50.3,10.18,67.06,7.46,50.0,9.79,50.0,3.16,49.41,37.46,16.01,43.54,8.81,45.34,5.05,50.0,9.79,50.0,3.16,42.82
202608091212,2026-08-09,12,12R,daily,65.4,27.94,50.3,10.18,53.53,5.96,50.0,9.79,50.0,3.16,57.03,51.96,22.2,68.9,13.95,53.1,5.91,50.0,9.79,50.0,3.16,55.01,51.11,21.83,48.61,9.84,65.42,7.28,50.0,9.79,50.0,3.16,51.91,49.79,21.27,45.23,9.16,59.36,6.61,50.0,9.79,50.0,3.16,49.99,44.03,18.81,58.76,11.89,43.68,4.86,50.0,9.79,50.0,3.16,48.52,37.46,16.01,55.37,11.21,60.01,6.68,50.0,9.79,50.0,3.16,46.85
202608091301,2026-08-09,13,1R,daily,68.22,27.17,42.14,8.54,60.96,5.9,50.0,12.03,50.0,3.09,56.73,51.34,20.44,59.02,11.96,72.62,7.03,50.0,12.03,50.0,3.09,54.55,51.72,20.59,47.77,9.68,42.44,4.11,50.0,12.03,50.0,3.09,49.5,48.39,19.27,51.52,10.44,53.15,5.14,50.0,12.03,50.0,3.09,49.97,44.11,17.56,49.64,10.06,35.16,3.4,50.0,12.03,50.0,3.09,46.15,35.8,14.26,36.51,7.4,46.83,4.53,50.0,12.03,50.0,3.09,41.31
202608091301,2026-08-09,13,1R,realtime,68.22,27.17,42.14,8.54,50.0,4.84,52.64,12.66,54.75,3.39,56.59,51.34,20.44,59.02,11.96,63.19,6.12,60.54,14.56,50.75,3.14,56.22,51.72,20.59,47.77,9.68,50.0,4.84,54.53,13.12,45.84,2.84,51.06,48.39,19.27,51.52,10.44,53.35,5.16,57.18,13.75,48.48,3.0,51.62,44.11,17.56,49.64,10.06,50.0,4.84,52.12,12.54,50.76,3.14,48.14,35.8,14.26,36.51,7.4,49.56,4.8,22.98,5.53,49.4,3.06,35.03
202608091302,2026-08-09,13,2R,daily,68.22,27.17,44.02,8.92,46.48,4.5,50.0,12.03,50.0,3.09,55.7,51.34,20.44,49.64,10.06,54.09,5.23,50.0,12.03,50.0,3.09,50.86,51.72,20.59,42.14,8.54,63.71,6.17,50.0,12.03,50.0,3.09,50.42,48.39,19.27,44.02,8.92,52.3,5.06,50.0,12.03,50.0,3.09,48.37,44.11,17.56,29.01,5.88,46.4,4.49,50.0,12.03,50.0,3.09,43.05,35.8,14.26,55.27,11.2,45.84,4.44,50.0,12.03,50.0,3.09,45.01
202608091302,2026-08-09,13,2R,realtime,68.22,27.17,44.02,8.92,50.0,4.84,63.54,15.28,57.84,3.58,59.79,51.34,20.44,49.64,10.06,55.18,5.34,50.03,12.03,47.3,2.93,50.8,51.72,20.59,42.14,8.54,58.25,5.64,56.39,13.56,38.37,2.37,50.71,48.39,19.27,44.02,8.92,53.13,5.14,44.02,10.59,43.74,2.71,46.62,35.8,14.26,29.01,5.88,39.53,3.83,49.91,12.01,64.5,3.99,39.95,44.11,17.56,55.27,11.2,50.0,4.84,36.12,8.69,48.23,2.98,45.27
202608091303,2026-08-09,13,3R,daily,68.22,27.17,45.89,9.3,50.16,4.85,50.0,12.03,50.0,3.09,56.44,51.34,20.44,62.78,12.72,47.89,4.63,50.0,12.03,50.0,3.09,52.92,51.72,20.59,44.02,8.92,53.7,5.2,50.0,12.03,50.0,3.09,49.83,48.39,19.27,55.27,11.2,54.45,5.27,50.0,12.03,50.0,3.09,50.86,44.11,17.56,38.39,7.78,63.15,6.11,50.0,12.03,50.0,3.09,46.57,35.8,14.26,45.89,9.3,59.85,5.79,50.0,12.03,50.0,3.09,44.47
202608091303,2026-08-09,13,3R,realtime,68.22,27.17,45.89,9.3,67.48,6.53,60.92,14.65,56.79,3.51,61.16,51.34,20.44,62.78,12.72,44.38,4.29,52.41,12.61,51.07,3.16,53.22,51.72,20.59,44.02,8.92,50.0,4.84,44.42,10.68,44.06,2.73,47.76,48.39,19.27,55.27,11.2,58.7,5.68,30.62,7.37,47.84,2.96,46.47,44.11,17.56,38.39,7.78,50.0,4.84,61.04,14.68,51.09,3.16,48.02,35.8,14.26,45.89,9.3,52.62,5.09,50.58,12.17,49.15,3.04,43.85
202608091304,2026-08-09,13,4R,daily,68.22,27.17,44.02,8.92,58.72,5.68,50.0,12.03,50.0,3.09,56.89,51.34,20.44,57.15,11.58,59.59,5.77,50.0,12.03,50.0,3.09,52.91,51.72,20.59,44.02,8.92,59.01,5.71,50.0,12.03,50.0,3.09,50.34,48.39,19.27,44.02,8.92,55.53,5.37,50.0,12.03,50.0,3.09,48.68,44.11,17.56,55.27,11.2,34.74,3.36,50.0,12.03,50.0,3.09,47.24,35.8,14.26,34.64,7.02,70.15,6.79,50.0,12.03,50.0,3.09,43.18
202608091304,2026-08-09,13,4R,realtime,68.22,27.17,44.02,8.92,50.0,4.84,58.76,14.13,58.51,3.62,58.68,51.34,20.44,57.15,11.58,66.53,6.44,53.05,12.76,47.41,2.93,54.15,51.72,20.59,44.02,8.92,50.0,4.84,48.15,11.58,37.78,2.34,48.27,48.39,19.27,44.02,8.92,44.85,4.34,51.02,12.27,43.53,2.69,47.49,44.11,17.56,55.27,11.2,50.0,4.84,48.46,11.66,48.34,2.99,48.25,35.8,14.26,34.64,7.02,63.54,6.15,40.57,9.76,64.41,3.99,41.17
202608091305,2026-08-09,13,5R,daily,68.22,27.17,49.64,10.06,48.42,4.69,50.0,12.03,50.0,3.09,57.03,51.34,20.44,36.51,7.4,39.4,3.81,50.0,12.03,50.0,3.09,46.77,51.72,20.59,49.64,10.06,36.05,3.49,50.0,12.03,50.0,3.09,49.26,48.39,19.27,36.51,7.4,47.38,4.58,50.0,12.03,50.0,3.09,46.37,44.11,17.56,57.15,11.58,49.74,4.81,50.0,12.03,50.0,3.09,49.08,35.8,14.26,44.02,8.92,51.05,4.94,50.0,12.03,50.0,3.09,43.23
202608091306,2026-08-09,13,6R,daily,68.22,27.17,66.53,13.48,44.87,4.34,50.0,12.03,50.0,3.09,60.11,51.34,20.44,45.89,9.3,60.99,5.9,50.0,12.03,50.0,3.09,50.76,51.72,20.59,51.52,10.44,49.11,4.75,50.0,12.03,50.0,3.09,50.9,48.39,19.27,42.14,8.54,41.24,3.99,50.0,12.03,50.0,3.09,46.92,44.11,17.56,49.64,10.06,44.68,4.32,50.0,12.03,50.0,3.09,47.07,35.8,14.26,34.64,7.02,32.32,3.13,50.0,12.03,50.0,3.09,39.52
202608091307,2026-08-09,13,7R,daily,68.22,27.17,47.77,9.68,64.38,6.23,50.0,12.03,50.0,3.09,58.2,51.34,20.44,44.02,8.92,52.3,5.06,50.0,12.03,50.0,3.09,49.54,51.72,20.59,49.64,10.06,35.16,3.4,50.0,12.03,50.0,3.09,49.18,48.39,19.27,62.78,12.72,45.72,4.42,50.0,12.03,50.0,3.09,51.53,44.11,17.56,45.89,9.3,50.16,4.85,50.0,12.03,50.0,3.09,46.84,35.8,14.26,49.64,10.06,44.67,4.32,50.0,12.03,50.0,3.09,43.76
202608091308,2026-08-09,13,8R,daily,68.22,27.17,60.9,12.34,63.85,6.18,50.0,12.03,50.0,3.09,60.81,51.34,20.44,51.52,10.44,53.67,5.19,50.0,12.03,50.0,3.09,51.2,51.72,20.59,45.89,9.3,59.85,5.79,50.0,12.03,50.0,3.09,50.8,48.39,19.27,59.02,11.96,54.0,5.23,50.0,12.03,50.0,3.09,51.57,44.11,17.56,44.02,8.92,46.48,4.5,50.0,12.03,50.0,3.09,46.1,35.8,14.26,40.26,8.16,57.96,5.61,50.0,12.03,50.0,3.09,43.14
202608091309,2026-08-09,13,9R,daily,68.22,27.17,55.27,11.2,68.58,6.64,50.0,12.03,50.0,3.09,60.12,51.34,20.44,49.64,10.06,68.28,6.61,50.0,12.03,50.0,3.09,52.23,51.72,20.59,44.02,8.92,55.53,5.37,50.0,12.03,50.0,3.09,50.01,48.39,19.27,49.64,10.06,51.07,4.94,50.0,12.03,50.0,3.09,49.39,44.11,17.56,42.14,8.54,63.71,6.17,50.0,12.03,50.0,3.09,47.39,35.8,14.26,59.02,11.96,72.62,7.03,50.0,12.03,50.0,3.09,48.36
202608091310,2026-08-09,13,10R,daily,68.22,27.17,57.15,11.58,43.98,4.26,50.0,12.03,50.0,3.09,58.12,51.34,20.44,55.27,11.2,45.84,4.44,50.0,12.03,50.0,3.09,51.2,51.72,20.59,55.27,11.2,54.45,5.27,50.0,12.03,50.0,3.09,52.18,48.39,19.27,44.02,8.92,59.01,5.71,50.0,12.03,50.0,3.09,49.02,44.11,17.56,47.77,9.68,79.86,7.73,50.0,12.03,50.0,3.09,50.09,35.8,14.26,47.77,9.68,42.44,4.11,50.0,12.03,50.0,3.09,43.16
202608091311,2026-08-09,13,11R,daily,68.22,27.17,51.52,10.44,53.15,5.14,50.0,12.03,50.0,3.09,57.87,51.34,20.44,44.02,8.92,51.05,4.94,50.0,12.03,50.0,3.09,49.42,51.72,20.59,55.27,11.2,34.74,3.36,50.0,12.03,50.0,3.09,50.27,48.39,19.27,51.52,10.44,49.11,4.75,50.0,12.03,50.0,3.09,49.58,44.11,17.56,49.64,10.06,54.09,5.23,50.0,12.03,50.0,3.09,47.98,35.8,14.26,44.02,8.92,53.7,5.2,50.0,12.03,50.0,3.09,43.49
202608091312,2026-08-09,13,12R,daily,68.22,27.17,62.78,12.72,45.72,4.42,50.0,12.03,50.0,3.09,59.43,51.34,20.44,57.15,11.58,49.74,4.81,50.0,12.03,50.0,3.09,51.96,51.72,20.59,66.53,13.48,44.87,4.34,50.0,12.03,50.0,3.09,53.54,48.39,19.27,57.15,11.58,59.59,5.77,50.0,12.03,50.0,3.09,51.73,44.11,17.56,60.9,12.34,63.85,6.18,50.0,12.03,50.0,3.09,51.2,35.8,14.26,62.78,12.72,47.89,4.63,50.0,12.03,50.0,3.09,46.73
202608091401,2026-08-09,14,1R,daily,66.44,24.63,53.93,10.32,53.06,5.77,50.0,11.4,50.0,5.05,57.18,52.08,19.31,41.61,7.96,56.4,6.14,50.0,11.4,50.0,5.05,49.86,52.19,19.35,41.61,7.96,46.55,5.07,50.0,11.4,50.0,5.05,48.83,49.59,18.39,43.37,8.3,58.61,6.38,50.0,11.4,50.0,5.05,49.52,45.11,16.73,46.89,8.97,50.82,5.53,50.0,11.4,50.0,5.05,47.68,34.45,12.77,46.89,8.97,52.56,5.72,50.0,11.4,50.0,5.05,43.92
202608091401,2026-08-09,14,1R,realtime,66.44,24.63,53.93,10.32,47.89,5.21,76.43,17.43,42.23,4.27,61.86,52.08,19.31,41.61,7.96,57.06,6.21,28.8,6.57,52.92,5.35,45.4,52.19,19.35,41.61,7.96,43.15,4.7,37.33,8.51,53.66,5.42,45.94,49.59,18.39,43.37,8.3,53.99,5.87,59.86,13.65,50.43,5.1,51.31,45.11,16.73,46.89,8.97,50.7,5.52,54.11,12.34,51.51,5.21,48.76,34.45,12.77,46.89,8.97,52.94,5.76,43.3,9.87,49.23,4.98,42.35
202608091402,2026-08-09,14,2R,daily,66.44,24.63,50.41,9.64,52.06,5.66,50.0,11.4,50.0,5.05,56.4,52.08,19.31,45.13,8.63,63.79,6.94,50.0,11.4,50.0,5.05,51.34,52.19,19.35,59.22,11.33,54.81,5.96,50.0,11.4,50.0,5.05,53.1,49.59,18.39,48.65,9.31,37.59,4.09,50.0,11.4,50.0,5.05,48.24,45.11,16.73,48.65,9.31,51.68,5.62,50.0,11.4,50.0,5.05,48.11,34.45,12.77,53.93,10.32,60.26,6.56,50.0,11.4,50.0,5.05,46.1
202608091402,2026-08-09,14,2R,realtime,66.44,24.63,50.41,9.64,47.8,5.2,60.76,13.85,42.59,4.3,57.64,52.08,19.31,45.13,8.63,52.09,5.67,51.65,11.78,52.92,5.35,50.74,52.19,19.35,59.22,11.33,57.08,6.21,48.7,11.1,53.02,5.36,53.35,49.59,18.39,48.65,9.31,46.59,5.07,64.98,14.82,49.12,4.96,52.55,45.11,16.73,48.65,9.31,46.6,5.07,30.41,6.94,51.82,5.24,43.28,34.45,12.77,53.93,10.32,53.19,5.79,43.3,9.87,50.51,5.11,43.86
202608091403,2026-08-09,14,3R,daily,66.44,24.63,48.65,9.31,56.71,6.17,50.0,11.4,50.0,5.05,56.57,52.08,19.31,43.37,8.3,54.78,5.96,50.0,11.4,50.0,5.05,50.02,52.19,19.35,41.61,7.96,60.76,6.61,50.0,11.4,50.0,5.05,50.38,49.59,18.39,57.46,10.99,65.94,7.17,50.0,11.4,50.0,5.05,53.01,45.11,16.73,41.61,7.96,54.85,5.97,50.0,11.4,50.0,5.05,47.11,34.45,12.77,50.41,9.64,36.62,3.98,50.0,11.4,50.0,5.05,42.86
202608091403,2026-08-09,14,3R,realtime,66.44,24.63,48.65,9.31,46.72,5.08,64.01,14.6,52.4,5.3,58.92,49.59,18.39,43.37,8.3,51.67,5.62,56.6,12.91,45.43,4.59,49.81,45.11,16.73,41.61,7.96,56.78,6.18,41.25,9.41,59.69,6.03,46.31,52.08,19.31,57.46,10.99,61.58,6.7,64.39,14.68,41.36,4.18,55.87,34.45,12.77,41.61,7.96,54.33,5.91,33.89,7.73,46.09,4.66,39.03,52.19,19.35,50.41,9.64,45.56,4.96,39.69,9.05,55.0,5.56,48.56
202608091404,2026-08-09,14,4R,daily,66.44,24.63,55.7,10.65,51.18,5.57,50.0,11.4,50.0,5.05,57.31,52.08,19.31,46.89,8.97,61.02,6.64,50.0,11.4,50.0,5.05,51.38,52.19,19.35,41.61,7.96,44.97,4.89,50.0,11.4,50.0,5.05,48.66,49.59,18.39,43.37,8.3,54.1,5.89,50.0,11.4,50.0,5.05,49.03,45.11,16.73,45.13,8.63,41.82,4.55,50.0,11.4,50.0,5.05,46.37,34.45,12.77,53.93,10.32,53.26,5.8,50.0,11.4,50.0,5.05,45.34
202608091404,2026-08-09,14,4R,realtime,66.44,24.63,55.7,10.65,50.44,5.49,71.31,16.26,52.4,5.3,62.33,52.08,19.31,46.89,8.97,56.93,6.19,60.59,13.82,41.36,4.18,52.47,52.19,19.35,41.61,7.96,35.88,3.9,46.75,10.66,55.0,5.56,47.43,49.59,18.39,43.37,8.3,51.62,5.62,45.47,10.37,45.43,4.59,47.26,45.11,16.73,45.13,8.63,41.84,4.55,35.5,8.1,59.69,6.03,44.04,34.45,12.77,53.93,10.32,52.99,5.77,40.22,9.17,46.09,4.66,42.68
202608091405,2026-08-09,14,5R,daily,66.44,24.63,52.17,9.98,61.85,6.73,50.0,11.4,50.0,5.05,57.8,52.08,19.31,41.61,7.96,43.17,4.7,50.0,11.4,50.0,5.05,48.42,52.19,19.35,43.37,8.3,52.45,5.71,50.0,11.4,50.0,5.05,49.81,49.59,18.39,43.37,8.3,37.96,4.13,50.0,11.4,50.0,5.05,47.27,45.11,16.73,57.46,10.99,61.49,6.69,50.0,11.4,50.0,5.05,50.86,34.45,12.77,39.85,7.62,43.08,4.69,50.0,11.4,50.0,5.05,41.54
202608091405,2026-08-09,14,5R,realtime,66.44,24.63,52.17,9.98,58.08,6.32,61.57,14.04,43.78,4.42,59.4,52.08,19.31,41.61,7.96,43.79,4.76,33.3,7.59,44.04,4.45,44.08,52.19,19.35,43.37,8.3,49.08,5.34,45.42,10.36,52.38,5.29,48.64,49.59,18.39,43.37,8.3,42.47,4.62,42.49,9.69,60.74,6.14,47.13,45.11,16.73,57.46,10.99,58.34,6.35,57.87,13.2,50.37,5.09,52.36,34.45,12.77,39.85,7.62,44.59,4.85,59.16,13.49,48.68,4.92,43.66
202608091406,2026-08-09,14,6R,daily,66.44,24.63,46.89,8.97,60.09,6.54,50.0,11.4,50.0,5.05,56.6,52.08,19.31,46.89,8.97,50.82,5.53,50.0,11.4,50.0,5.05,50.27,52.19,19.35,41.61,7.96,53.87,5.86,50.0,11.4,50.0,5.05,49.63,49.59,18.39,41.61,7.96,60.36,6.57,50.0,11.4,50.0,5.05,49.37,45.11,16.73,50.41,9.64,66.24,7.21,50.0,11.4,50.0,5.05,50.03,34.45,12.77,59.22,11.33,46.92,5.11,50.0,11.4,50.0,5.05,45.66
202608091406,2026-08-09,14,6R,realtime,66.44,24.63,46.89,8.97,58.67,6.38,50.65,11.55,40.49,4.09,55.63,52.08,19.31,46.89,8.97,50.7,5.52,47.73,10.88,41.06,4.15,48.83,52.19,19.35,41.61,7.96,49.89,5.43,38.86,8.86,53.89,5.45,47.05,49.59,18.39,41.61,7.96,53.0,5.77,55.91,12.75,66.77,6.75,51.61,45.11,16.73,50.41,9.64,63.08,6.86,54.65,12.46,50.41,5.1,50.79,34.45,12.77,59.22,11.33,48.37,5.26,52.0,11.86,47.38,4.79,46.01
202608091407,2026-08-09,14,7R,daily,66.44,24.63,48.65,9.31,56.15,6.11,50.0,11.4,50.0,5.05,56.51,52.08,19.31,43.37,8.3,58.61,6.38,50.0,11.4,50.0,5.05,50.44,52.19,19.35,45.13,8.63,33.89,3.69,50.0,11.4,50.0,5.05,48.13,49.59,18.39,48.65,9.31,51.68,5.62,50.0,11.4,50.0,5.05,49.77,45.11,16.73,60.98,11.66,58.97,6.42,50.0,11.4,50.0,5.05,51.26,34.45,12.77,45.13,8.63,69.28,7.54,50.0,11.4,50.0,5.05,45.4
202608091407,2026-08-09,14,7R,realtime,66.44,24.63,48.65,9.31,49.8,5.42,65.37,14.91,40.85,4.13,58.39,52.08,19.31,43.37,8.3,53.99,5.87,60.2,13.73,41.06,4.15,51.36,52.19,19.35,45.13,8.63,37.74,4.11,52.73,12.03,53.25,5.38,49.5,49.59,18.39,48.65,9.31,46.6,5.07,27.41,6.25,65.46,6.62,45.63,45.11,16.73,60.98,11.66,59.75,6.5,39.79,9.07,50.72,5.13,49.09,34.45,12.77,45.13,8.63,48.69,5.3,54.33,12.39,48.66,4.92,44.01
202608091408,2026-08-09,14,8R,daily,66.44,24.63,43.37,8.3,57.81,6.29,50.0,11.4,50.0,5.05,55.68,52.08,19.31,41.61,7.96,60.76,6.61,50.0,11.4,50.0,5.05,50.34,52.19,19.35,46.89,8.97,52.56,5.72,50.0,11.4,50.0,5.05,50.49,49.59,18.39,46.89,8.97,34.93,3.8,50.0,11.4,50.0,5.05,47.61,45.11,16.73,41.61,7.96,56.4,6.14,50.0,11.4,50.0,5.05,47.28,34.45,12.77,50.41,9.64,52.38,5.7,50.0,11.4,50.0,5.05,44.57
202608091408,2026-08-09,14,8R,realtime,66.44,24.63,43.37,8.3,62.83,6.84,73.17,16.69,44.13,4.46,60.91,52.08,19.31,41.61,7.96,56.78,6.18,45.86,10.46,44.04,4.45,48.36,52.19,19.35,46.89,8.97,52.94,5.76,57.13,13.03,51.74,5.23,52.34,49.59,18.39,46.89,8.97,35.81,3.9,49.78,11.35,59.43,6.01,48.61,45.11,16.73,41.61,7.96,57.06,6.21,33.57,7.65,50.68,5.12,43.67,34.45,12.77,50.41,9.64,42.39,4.61,40.32,9.19,49.96,5.05,41.27
202608091409,2026-08-09,14,9R,daily,66.44,24.63,43.37,8.3,45.34,4.93,50.0,11.4,50.0,5.05,54.32,52.08,19.31,48.65,9.31,37.59,4.09,50.0,11.4,50.0,5.05,49.16,52.19,19.35,41.61,7.96,54.85,5.97,50.0,11.4,50.0,5.05,49.73,49.59,18.39,48.65,9.31,49.44,5.38,50.0,11.4,50.0,5.05,49.53,45.11,16.73,45.13,8.63,63.79,6.94,50.0,11.4,50.0,5.05,48.76,34.45,12.77,31.04,5.94,39.85,4.34,50.0,11.4,50.0,5.05,39.5
202608091410,2026-08-09,14,10R,daily,66.44,24.63,57.46,10.99,61.49,6.69,50.0,11.4,50.0,5.05,58.77,52.08,19.31,53.93,10.32,53.26,5.8,50.0,11.4,50.0,5.05,51.88,52.19,19.35,55.7,10.65,51.18,5.57,50.0,11.4,50.0,5.05,52.03,49.59,18.39,52.17,9.98,61.85,6.73,50.0,11.4,50.0,5.05,51.55,45.11,16.73,50.41,9.64,52.06,5.66,50.0,11.4,50.0,5.05,48.49,34.45,12.77,48.65,9.31,56.71,6.17,50.0,11.4,50.0,5.05,44.71
202608091411,2026-08-09,14,11R,daily,66.44,24.63,53.93,10.32,60.26,6.56,50.0,11.4,50.0,5.05,57.96,52.08,19.31,50.41,9.64,66.24,7.21,50.0,11.4,50.0,5.05,52.62,52.19,19.35,57.46,10.99,65.94,7.17,50.0,11.4,50.0,5.05,53.97,49.59,18.39,59.22,11.33,54.81,5.96,50.0,11.4,50.0,5.05,52.14,45.11,16.73,46.89,8.97,61.02,6.64,50.0,11.4,50.0,5.05,48.79,34.45,12.77,46.89,8.97,60.09,6.54,50.0,11.4,50.0,5.05,44.74
202608091412,2026-08-09,14,12R,daily,66.44,24.63,60.98,11.66,58.97,6.42,50.0,11.4,50.0,5.05,59.17,52.08,19.31,50.41,9.64,36.62,3.98,50.0,11.4,50.0,5.05,49.39,52.19,19.35,59.22,11.33,46.92,5.11,50.0,11.4,50.0,5.05,52.24,49.59,18.39,43.37,8.3,57.81,6.29,50.0,11.4,50.0,5.05,49.43,45.11,16.73,53.93,10.32,53.06,5.77,50.0,11.4,50.0,5.05,49.27,34.45,12.77,48.65,9.31,56.15,6.11,50.0,11.4,50.0,5.05,44.64
202608091501,2026-08-09,15,1R,daily,68.17,26.54,41.79,10.19,46.24,4.07,50.0,10.09,50.0,3.85,54.74,53.06,20.66,46.79,11.41,47.21,4.16,50.0,10.09,50.0,3.85,50.16,50.92,19.83,44.29,10.8,48.62,4.28,50.0,10.09,50.0,3.85,48.84,47.34,18.43,41.79,10.19,64.61,5.69,50.0,10.09,50.0,3.85,48.25,43.59,16.97,49.29,12.01,52.7,4.64,50.0,10.09,50.0,3.85,47.57,36.48,14.2,49.29,12.01,36.57,3.22,50.0,10.09,50.0,3.85,43.38
202608091502,2026-08-09,15,2R,daily,68.17,26.54,41.79,10.19,36.38,3.21,50.0,10.09,50.0,3.85,53.87,53.06,20.66,41.79,10.19,42.3,3.73,50.0,10.09,50.0,3.85,48.51,50.92,19.83,41.79,10.19,44.61,3.93,50.0,10.09,50.0,3.85,47.88,47.34,18.43,51.79,12.62,35.86,3.16,50.0,10.09,50.0,3.85,48.15,43.59,16.97,51.79,12.62,41.01,3.61,50.0,10.09,50.0,3.85,47.15,36.48,14.2,41.79,10.19,52.26,4.6,50.0,10.09,50.0,3.85,42.93
202608091503,2026-08-09,15,3R,daily,68.17,26.54,54.29,13.23,58.16,5.12,50.0,10.09,50.0,3.85,58.84,53.06,20.66,31.78,7.75,32.78,2.89,50.0,10.09,50.0,3.85,45.23,50.92,19.83,51.79,12.62,48.47,4.27,50.0,10.09,50.0,3.85,50.66,47.34,18.43,39.29,9.58,47.04,4.14,50.0,10.09,50.0,3.85,46.09,43.59,16.97,34.29,8.36,34.25,3.02,50.0,10.09,50.0,3.85,42.29,36.48,14.2,46.79,11.41,54.93,4.84,50.0,10.09,50.0,3.85,44.39
202608091504,2026-08-09,15,4R,daily,68.17,26.54,54.29,13.23,63.38,5.58,50.0,10.09,50.0,3.85,59.3,53.06,20.66,49.29,12.01,71.36,6.29,50.0,10.09,50.0,3.85,52.9,50.92,19.83,41.79,10.19,34.89,3.07,50.0,10.09,50.0,3.85,47.03,47.34,18.43,61.79,15.06,53.54,4.72,50.0,10.09,50.0,3.85,52.15,43.59,16.97,49.29,12.01,55.36,4.88,50.0,10.09,50.0,3.85,47.8,36.48,14.2,44.29,10.8,39.88,3.51,50.0,10.09,50.0,3.85,42.45
202608091505,2026-08-09,15,5R,daily,68.17,26.54,46.79,11.41,42.89,3.78,50.0,10.09,50.0,3.85,55.66,53.06,20.66,51.79,12.62,49.17,4.33,50.0,10.09,50.0,3.85,51.55,50.92,19.83,46.79,11.41,50.76,4.47,50.0,10.09,50.0,3.85,49.64,47.34,18.43,54.29,13.23,45.65,4.02,50.0,10.09,50.0,3.85,49.63,43.59,16.97,46.79,11.41,56.09,4.94,50.0,10.09,50.0,3.85,47.26,36.48,14.2,61.79,15.06,62.25,5.48,50.0,10.09,50.0,3.85,48.69
202608091506,2026-08-09,15,6R,daily,68.17,26.54,49.29,12.01,45.1,3.97,50.0,10.09,50.0,3.85,56.47,53.06,20.66,49.29,12.01,36.57,3.22,50.0,10.09,50.0,3.85,49.83,50.92,19.83,71.79,17.5,48.86,4.3,50.0,10.09,50.0,3.85,55.57,47.34,18.43,41.79,10.19,60.1,5.29,50.0,10.09,50.0,3.85,47.85,43.59,16.97,79.3,19.33,41.1,3.62,50.0,10.09,50.0,3.85,53.86,36.48,14.2,39.29,9.58,46.35,4.08,50.0,10.09,50.0,3.85,41.8
202608091507,2026-08-09,15,7R,daily,68.17,26.54,49.29,12.01,39.34,3.47,50.0,10.09,50.0,3.85,55.96,53.06,20.66,46.79,11.41,54.93,4.84,50.0,10.09,50.0,3.85,50.84,50.92,19.83,41.79,10.19,36.38,3.21,50.0,10.09,50.0,3.85,47.16,47.34,18.43,44.29,10.8,48.62,4.28,50.0,10.09,50.0,3.85,47.45,43.59,16.97,74.3,18.11,55.27,4.87,50.0,10.09,50.0,3.85,53.89,36.48,14.2,29.28,7.14,35.36,3.12,50.0,10.09,50.0,3.85,38.39
202608091508,2026-08-09,15,8R,daily,68.17,26.54,59.29,14.45,55.62,4.9,50.0,10.09,50.0,3.85,59.83,53.06,20.66,49.29,12.01,30.94,2.73,50.0,10.09,50.0,3.85,49.34,50.92,19.83,41.79,10.19,46.16,4.07,50.0,10.09,50.0,3.85,48.02,47.34,18.43,49.29,12.01,71.36,6.29,50.0,10.09,50.0,3.85,50.67,43.59,16.97,41.79,10.19,52.26,4.6,50.0,10.09,50.0,3.85,45.7,36.48,14.2,34.29,8.36,34.25,3.02,50.0,10.09,50.0,3.85,39.52
202608091509,2026-08-09,15,9R,daily,68.17,26.54,49.29,12.01,55.36,4.88,50.0,10.09,50.0,3.85,57.37,53.06,20.66,46.79,11.41,50.76,4.47,50.0,10.09,50.0,3.85,50.47,50.92,19.83,49.29,12.01,52.7,4.64,50.0,10.09,50.0,3.85,50.42,47.34,18.43,51.79,12.62,48.47,4.27,50.0,10.09,50.0,3.85,49.26,43.59,16.97,51.79,12.62,35.86,3.16,50.0,10.09,50.0,3.85,46.7,36.48,14.2,46.79,11.41,59.61,5.25,50.0,10.09,50.0,3.85,44.8
202608091510,2026-08-09,15,10R,daily,68.17,26.54,54.29,13.23,48.5,4.27,50.0,10.09,50.0,3.85,57.99,53.06,20.66,71.79,17.5,48.86,4.3,50.0,10.09,50.0,3.85,56.4,50.92,19.83,54.29,13.23,63.38,5.58,50.0,10.09,50.0,3.85,52.58,47.34,18.43,61.79,15.06,62.25,5.48,50.0,10.09,50.0,3.85,52.92,43.59,16.97,41.79,10.19,42.3,3.73,50.0,10.09,50.0,3.85,44.82,36.48,14.2,46.79,11.41,47.21,4.16,50.0,10.09,50.0,3.85,43.7
202608091511,2026-08-09,15,11R,daily,68.17,26.54,79.3,19.33,41.1,3.62,50.0,10.09,50.0,3.85,63.43,53.06,20.66,74.3,18.11,55.27,4.87,50.0,10.09,50.0,3.85,57.58,50.92,19.83,41.79,10.19,64.61,5.69,50.0,10.09,50.0,3.85,49.64,47.34,18.43,44.29,10.8,39.88,3.51,50.0,10.09,50.0,3.85,46.68,43.59,16.97,54.29,13.23,45.65,4.02,50.0,10.09,50.0,3.85,48.17,36.48,14.2,51.79,12.62,41.01,3.61,50.0,10.09,50.0,3.85,44.38
202608091512,2026-08-09,15,12R,daily,68.17,26.54,61.79,15.06,53.54,4.72,50.0,10.09,50.0,3.85,60.26,53.06,20.66,59.29,14.45,55.62,4.9,50.0,10.09,50.0,3.85,53.95,50.92,19.83,49.29,12.01,39.34,3.47,50.0,10.09,50.0,3.85,49.25,47.34,18.43,54.29,13.23,58.16,5.12,50.0,10.09,50.0,3.85,50.73,43.59,16.97,49.29,12.01,45.1,3.97,50.0,10.09,50.0,3.85,46.9,36.48,14.2,51.79,12.62,49.17,4.33,50.0,10.09,50.0,3.85,45.1
202608091601,2026-08-09,16,1R,daily,68.95,28.3,42.1,9.17,30.85,2.92,50.0,8.7,50.0,5.15,54.24,50.9,20.89,46.55,10.14,46.23,4.37,50.0,8.7,50.0,5.15,49.26,51.3,21.06,46.55,10.14,38.69,3.66,50.0,8.7,50.0,5.15,48.71,48.18,19.78,46.55,10.14,78.73,7.45,50.0,8.7,50.0,5.15,51.22,43.01,17.65,42.1,9.17,55.84,5.28,50.0,8.7,50.0,5.15,45.96,37.31,15.31,30.95,6.74,37.22,3.52,50.0,8.7,50.0,5.15,39.43
202608091601,2026-08-09,16,1R,realtime,68.95,28.3,42.1,9.17,39.99,3.78,57.49,10.0,50.89,5.24,56.5,50.9,20.89,46.55,10.14,56.84,5.38,50.02,8.7,48.43,4.99,50.11,51.3,21.06,46.55,10.14,50.0,4.73,57.85,10.07,45.38,4.68,50.67,48.18,19.78,46.55,10.14,63.19,5.98,38.58,6.71,39.23,4.04,46.65,43.01,17.65,42.1,9.17,59.4,5.62,49.46,8.61,62.61,6.45,47.5,37.31,15.31,30.95,6.74,36.35,3.44,46.57,8.1,53.43,5.51,39.11
202608091602,2026-08-09,16,2R,daily,68.95,28.3,44.33,9.66,66.33,6.27,50.0,8.7,50.0,5.15,58.09,50.9,20.89,44.33,9.66,38.37,3.63,50.0,8.7,50.0,5.15,48.03,51.3,21.06,44.33,9.66,48.08,4.55,50.0,8.7,50.0,5.15,49.12,48.18,19.78,44.33,9.66,61.25,5.79,50.0,8.7,50.0,5.15,49.08,43.01,17.65,46.55,10.14,51.0,4.82,50.0,8.7,50.0,5.15,46.47,37.31,15.31,44.33,9.66,57.4,5.43,50.0,8.7,50.0,5.15,44.26
202608091602,2026-08-09,16,2R,realtime,68.95,28.3,44.33,9.66,50.0,4.73,52.52,9.14,51.66,5.32,57.15,50.9,20.89,44.33,9.66,50.0,4.73,57.74,10.05,46.05,4.75,50.07,51.3,21.06,44.33,9.66,51.44,4.87,38.63,6.72,45.54,4.69,47.0,48.18,19.78,44.33,9.66,50.0,4.73,57.12,9.94,40.91,4.22,48.32,43.01,17.65,46.55,10.14,54.35,5.14,52.86,9.2,62.62,6.45,48.59,37.31,15.31,44.33,9.66,51.47,4.87,41.11,7.15,53.22,5.48,42.48
202608091603,2026-08-09,16,3R,daily,68.95,28.3,46.55,10.14,49.06,4.64,50.0,8.7,50.0,5.15,56.94,50.9,20.89,51.01,11.12,55.47,5.25,50.0,8.7,50.0,5.15,51.11,51.3,21.06,44.33,9.66,31.56,2.98,50.0,8.7,50.0,5.15,47.55,48.18,19.78,48.78,10.63,57.98,5.48,50.0,8.7,50.0,5.15,49.74,43.01,17.65,51.01,11.12,33.36,3.15,50.0,8.7,50.0,5.15,45.78,37.31,15.31,51.01,11.12,38.64,3.65,50.0,8.7,50.0,5.15,43.94
202608091603,2026-08-09,16,3R,realtime,68.95,28.3,46.55,10.14,49.31,4.66,58.78,10.23,50.89,5.24,58.58,51.3,21.06,51.01,11.12,50.0,4.73,55.51,9.66,45.38,4.68,51.24,48.18,19.78,44.33,9.66,40.55,3.84,32.33,5.63,39.23,4.04,42.94,43.01,17.65,48.78,10.63,53.32,5.04,45.79,7.97,62.61,6.45,47.75,37.31,15.31,51.01,11.12,46.26,4.38,47.34,8.24,53.43,5.51,44.55,50.9,20.89,51.01,11.12,50.0,4.73,60.22,10.48,48.43,4.99,52.21
202608091604,2026-08-09,16,4R,daily,68.95,28.3,53.24,11.6,33.48,3.17,50.0,8.7,50.0,5.15,56.92,50.9,20.89,42.1,9.17,64.33,6.08,50.0,8.7,50.0,5.15,50.0,51.3,21.06,42.1,9.17,42.41,4.01,50.0,8.7,50.0,5.15,48.1,48.18,19.78,44.33,9.66,55.99,5.3,50.0,8.7,50.0,5.15,48.58,43.01,17.65,48.78,10.63,32.19,3.04,50.0,8.7,50.0,5.15,45.18,37.31,15.31,44.33,9.66,43.22,4.09,50.0,8.7,50.0,5.15,42.91
202608091605,2026-08-09,16,5R,daily,68.95,28.3,42.1,9.17,55.84,5.28,50.0,8.7,50.0,5.15,56.61,50.9,20.89,46.55,10.14,42.09,3.98,50.0,8.7,50.0,5.15,48.87,51.3,21.06,64.39,14.03,63.47,6.0,50.0,8.7,50.0,5.15,54.94,48.18,19.78,51.01,11.12,42.37,4.01,50.0,8.7,50.0,5.15,48.75,43.01,17.65,39.87,8.69,53.64,5.07,50.0,8.7,50.0,5.15,45.27,37.31,15.31,46.55,10.14,44.1,4.17,50.0,8.7,50.0,5.15,43.48
202608091606,2026-08-09,16,6R,daily,68.95,28.3,48.78,10.63,45.78,4.33,50.0,8.7,50.0,5.15,57.11,50.9,20.89,46.55,10.14,42.61,4.03,50.0,8.7,50.0,5.15,48.92,51.3,21.06,79.99,17.43,49.08,4.64,50.0,8.7,50.0,5.15,56.98,48.18,19.78,39.87,8.69,56.74,5.37,50.0,8.7,50.0,5.15,47.68,43.01,17.65,68.84,15.0,52.18,4.94,50.0,8.7,50.0,5.15,51.44,37.31,15.31,46.55,10.14,78.73,7.45,50.0,8.7,50.0,5.15,46.76
202608091607,2026-08-09,16,7R,daily,68.95,28.3,48.78,10.63,46.84,4.43,50.0,8.7,50.0,5.15,57.21,50.9,20.89,62.16,13.54,37.62,3.56,50.0,8.7,50.0,5.15,51.85,51.3,21.06,42.1,9.17,30.85,2.92,50.0,8.7,50.0,5.15,47.0,48.18,19.78,44.33,9.66,66.33,6.27,50.0,8.7,50.0,5.15,49.56,43.01,17.65,44.33,9.66,40.69,3.85,50.0,8.7,50.0,5.15,45.01,37.31,15.31,59.93,13.06,64.72,6.12,50.0,8.7,50.0,5.15,48.35
202608091608,2026-08-09,16,8R,daily,68.95,28.3,42.1,9.17,64.33,6.08,50.0,8.7,50.0,5.15,57.41,50.9,20.89,48.78,10.63,41.97,3.97,50.0,8.7,50.0,5.15,49.35,51.3,21.06,46.55,10.14,49.06,4.64,50.0,8.7,50.0,5.15,49.7,48.18,19.78,44.33,9.66,38.37,3.63,50.0,8.7,50.0,5.15,46.92,43.01,17.65,46.55,10.14,33.35,3.15,50.0,8.7,50.0,5.15,44.8,37.31,15.31,66.61,14.52,41.93,3.97,50.0,8.7,50.0,5.15,47.65
202608091609,2026-08-09,16,9R,daily,68.95,28.3,55.47,12.09,60.87,5.76,50.0,8.7,50.0,5.15,60.0,50.9,20.89,46.55,10.14,56.39,5.33,50.0,8.7,50.0,5.15,50.22,51.3,21.06,46.55,10.14,44.1,4.17,50.0,8.7,50.0,5.15,49.23,48.18,19.78,44.33,9.66,43.22,4.09,50.0,8.7,50.0,5.15,47.37,43.01,17.65,30.95,6.74,37.22,3.52,50.0,8.7,50.0,5.15,41.77,37.31,15.31,71.07,15.49,60.2,5.69,50.0,8.7,50.0,5.15,50.35
202608091610,2026-08-09,16,10R,daily,68.95,28.3,46.55,10.14,51.0,4.82,50.0,8.7,50.0,5.15,57.12,50.9,20.89,57.7,12.57,37.71,3.57,50.0,8.7,50.0,5.15,50.89,51.3,21.06,46.55,10.14,42.09,3.98,50.0,8.7,50.0,5.15,49.04,48.18,19.78,59.93,13.06,48.2,4.56,50.0,8.7,50.0,5.15,51.25,43.01,17.65,42.1,9.17,42.41,4.01,50.0,8.7,50.0,5.15,44.69,37.31,15.31,48.78,10.63,57.98,5.48,50.0,8.7,50.0,5.15,45.28
202608091611,2026-08-09,16,11R,daily,68.95,28.3,64.39,14.03,63.47,6.0,50.0,8.7,50.0,5.15,62.19,50.9,20.89,51.01,11.12,38.64,3.65,50.0,8.7,50.0,5.15,49.52,51.3,21.06,68.84,15.0,52.18,4.94,50.0,8.7,50.0,5.15,54.85,48.18,19.78,62.16,13.54,37.62,3.56,50.0,8.7,50.0,5.15,50.73,43.01,17.65,53.24,11.6,33.48,3.17,50.0,8.7,50.0,5.15,46.27,37.31,15.31,44.33,9.66,61.25,5.79,50.0,8.7,50.0,5.15,44.62
202608091612,2026-08-09,16,12R,daily,68.95,28.3,79.99,17.43,49.08,4.64,50.0,8.7,50.0,5.15,64.23,50.9,20.89,51.01,11.12,33.36,3.15,50.0,8.7,50.0,5.15,49.02,51.3,21.06,59.93,13.06,64.72,6.12,50.0,8.7,50.0,5.15,54.09,48.18,19.78,66.61,14.52,41.93,3.97,50.0,8.7,50.0,5.15,52.11,43.01,17.65,51.01,11.12,42.37,4.01,50.0,8.7,50.0,5.15,46.63,37.31,15.31,48.78,10.63,32.19,3.04,50.0,8.7,50.0,5.15,42.84
202608091801,2026-08-09,18,1R,daily,68.59,30.63,64.71,16.89,30.11,2.48,50.0,8.39,50.0,2.11,60.5,53.57,23.93,59.75,15.6,49.3,4.06,50.0,8.39,50.0,2.11,54.08,50.65,22.62,52.32,13.66,39.44,3.25,50.0,8.39,50.0,2.11,50.03,47.78,21.34,47.36,12.36,35.63,2.93,50.0,8.39,50.0,2.11,47.13,44.46,19.85,57.27,14.95,57.82,4.76,50.0,8.39,50.0,2.11,50.07,34.56,15.43,59.75,15.6,45.76,3.77,50.0,8.39,50.0,2.11,45.3
202608091801,2026-08-09,18,1R,realtime,68.59,30.63,64.71,16.89,33.99,2.8,60.73,10.19,46.71,1.97,62.48,53.57,23.93,59.75,15.6,36.92,3.04,55.61,9.33,57.95,2.44,54.34,50.65,22.62,52.32,13.66,43.84,3.61,59.32,9.95,66.03,2.78,52.63,47.78,21.34,47.36,12.36,22.99,1.89,49.19,8.26,32.6,1.38,45.22,44.46,19.85,57.27,14.95,45.63,3.76,35.47,5.95,60.32,2.54,47.06,34.56,15.43,59.75,15.6,49.7,4.09,39.51,6.63,36.38,1.53,43.29
202608091802,2026-08-09,18,2R,daily,68.59,30.63,54.8,14.3,56.89,4.69,50.0,8.39,50.0,2.11,60.12,53.57,23.93,54.8,14.3,52.44,4.32,50.0,8.39,50.0,2.11,53.05,50.65,22.62,52.32,13.66,49.26,4.06,50.0,8.39,50.0,2.11,50.84,47.78,21.34,52.32,13.66,50.55,4.16,50.0,8.39,50.0,2.11,49.66,44.46,19.85,69.66,18.19,57.7,4.75,50.0,8.39,50.0,2.11,53.29,34.56,15.43,57.27,14.95,56.2,4.63,50.0,8.39,50.0,2.11,45.51
202608091802,2026-08-09,18,2R,realtime,68.59,30.63,54.8,14.3,47.37,3.9,67.29,11.29,47.21,1.99,62.12,53.57,23.93,54.8,14.3,35.42,2.92,50.5,8.48,58.65,2.47,52.1,50.65,22.62,52.32,13.66,53.44,4.4,53.9,9.05,65.79,2.77,52.5,47.78,21.34,52.32,13.66,50.55,4.16,40.86,6.86,31.01,1.31,47.32,44.46,19.85,69.66,18.19,51.61,4.25,54.06,9.07,61.6,2.6,53.96,34.56,15.43,57.27,14.95,58.64,4.83,33.2,5.57,35.72,1.51,42.3
202608091803,2026-08-09,18,3R,daily,68.59,30.63,57.27,14.95,58.49,4.82,50.0,8.39,50.0,2.11,60.9,53.57,23.93,59.75,15.6,43.95,3.62,50.0,8.39,50.0,2.11,53.64,50.65,22.62,59.75,15.6,56.25,4.63,50.0,8.39,50.0,2.11,53.35,47.78,21.34,47.36,12.36,41.64,3.43,50.0,8.39,50.0,2.11,47.63,44.46,19.85,64.71,16.89,37.85,3.12,50.0,8.39,50.0,2.11,50.36,34.56,15.43,54.8,14.3,44.49,3.66,50.0,8.39,50.0,2.11,43.9
202608091803,2026-08-09,18,3R,realtime,68.59,30.63,57.27,14.95,54.68,4.5,58.58,9.83,47.21,1.99,61.91,53.57,23.93,59.75,15.6,43.95,3.62,44.93,7.54,58.65,2.47,53.16,50.65,22.62,59.75,15.6,48.37,3.98,41.81,7.02,65.79,2.77,52.0,47.78,21.34,47.36,12.36,39.52,3.26,37.5,6.29,31.01,1.31,44.56,44.46,19.85,64.71,16.89,55.44,4.57,59.01,9.9,61.6,2.6,53.81,34.56,15.43,54.8,14.3,37.85,3.12,58.01,9.73,35.72,1.51,44.1
202608091804,2026-08-09,18,4R,daily,68.59,30.63,54.8,14.3,37.13,3.06,50.0,8.39,50.0,2.11,58.49,53.57,23.93,54.8,14.3,57.29,4.72,50.0,8.39,50.0,2.11,53.45,50.65,22.62,59.75,15.6,47.34,3.9,50.0,8.39,50.0,2.11,52.62,47.78,21.34,49.84,13.01,59.74,4.92,50.0,8.39,50.0,2.11,49.77,44.46,19.85,64.71,16.89,51.54,4.25,50.0,8.39,50.0,2.11,51.49,34.56,15.43,44.89,11.72,55.49,4.57,50.0,8.39,50.0,2.11,42.22
202608091804,2026-08-09,18,4R,realtime,68.59,30.63,54.8,14.3,33.61,2.77,66.63,11.18,42.59,1.8,60.68,53.57,23.93,54.8,14.3,59.03,4.86,47.99,8.05,49.17,2.07,53.22,50.65,22.62,59.75,15.6,49.93,4.11,44.28,7.43,55.26,2.33,52.09,47.78,21.34,49.84,13.01,56.17,4.63,51.31,8.61,42.94,1.81,49.39,44.46,19.85,64.71,16.89,40.31,3.32,36.15,6.07,64.31,2.71,48.85,34.56,15.43,44.89,11.72,45.95,3.78,53.47,8.97,45.72,1.93,41.84
202608091805,2026-08-09,18,5R,daily,68.59,30.63,52.32,13.66,51.32,4.23,50.0,8.39,50.0,2.11,59.02,53.57,23.93,62.23,16.25,52.74,4.34,50.0,8.39,50.0,2.11,55.01,50.65,22.62,59.75,15.6,47.24,3.89,50.0,8.39,50.0,2.11,52.61,47.78,21.34,49.84,13.01,56.99,4.69,50.0,8.39,50.0,2.11,49.54,44.46,19.85,64.71,16.89,51.34,4.23,50.0,8.39,50.0,2.11,51.48,34.56,15.43,57.27,14.95,50.8,4.18,50.0,8.39,50.0,2.11,45.07
202608091806,2026-08-09,18,6R,daily,68.59,30.63,59.75,15.6,37.37,3.08,50.0,8.39,50.0,2.11,59.81,53.57,23.93,52.32,13.66,39.44,3.25,50.0,8.39,50.0,2.11,51.33,50.65,22.62,79.57,20.77,36.93,3.04,50.0,8.39,50.0,2.11,56.94,47.78,21.34,47.36,12.36,59.09,4.87,50.0,8.39,50.0,2.11,49.07,44.46,19.85,57.27,14.95,51.94,4.28,50.0,8.39,50.0,2.11,49.58,34.56,15.43,57.27,14.95,53.22,4.38,50.0,8.39,50.0,2.11,45.27
202608091807,2026-08-09,18,7R,daily,68.59,30.63,49.84,13.01,36.13,2.98,50.0,8.39,50.0,2.11,57.12,53.57,23.93,59.75,15.6,45.76,3.77,50.0,8.39,50.0,2.11,53.79,50.65,22.62,47.36,12.36,45.49,3.75,50.0,8.39,50.0,2.11,49.23,47.78,21.34,54.8,14.3,49.04,4.04,50.0,8.39,50.0,2.11,50.18,44.46,19.85,59.75,15.6,49.94,4.11,50.0,8.39,50.0,2.11,50.07,34.56,15.43,52.32,13.66,64.06,5.28,50.0,8.39,50.0,2.11,44.87
202608091808,2026-08-09,18,8R,daily,68.59,30.63,44.89,11.72,45.13,3.72,50.0,8.39,50.0,2.11,56.56,53.57,23.93,59.75,15.6,56.25,4.63,50.0,8.39,50.0,2.11,54.66,50.65,22.62,54.8,14.3,52.44,4.32,50.0,8.39,50.0,2.11,51.75,47.78,21.34,44.89,11.72,44.68,3.68,50.0,8.39,50.0,2.11,47.23,44.46,19.85,47.36,12.36,35.63,2.93,50.0,8.39,50.0,2.11,45.65,34.56,15.43,49.84,13.01,38.51,3.17,50.0,8.39,50.0,2.11,42.12
202608091809,2026-08-09,18,9R,daily,68.59,30.63,59.75,15.6,43.95,3.62,50.0,8.39,50.0,2.11,60.35,53.57,23.93,64.71,16.89,51.54,4.25,50.0,8.39,50.0,2.11,55.56,50.65,22.62,49.84,13.01,54.26,4.47,50.0,8.39,50.0,2.11,50.6,47.78,21.34,59.75,15.6,49.3,4.06,50.0,8.39,50.0,2.11,51.49,44.46,19.85,52.32,13.66,49.26,4.06,50.0,8.39,50.0,2.11,48.07,34.56,15.43,54.8,14.3,28.84,2.38,50.0,8.39,50.0,2.11,42.61
202608091810,2026-08-09,18,10R,daily,68.59,30.63,52.32,13.66,55.65,4.58,50.0,8.39,50.0,2.11,59.37,53.57,23.93,54.8,14.3,67.72,5.58,50.0,8.39,50.0,2.11,54.31,50.65,22.62,57.27,14.95,57.82,4.76,50.0,8.39,50.0,2.11,52.84,47.78,21.34,54.8,14.3,56.89,4.69,50.0,8.39,50.0,2.11,50.83,44.46,19.85,59.75,15.6,47.24,3.89,50.0,8.39,50.0,2.11,49.84,34.56,15.43,49.84,13.01,67.72,5.58,50.0,8.39,50.0,2.11,44.52
202608091811,2026-08-09,18,11R,daily,68.59,30.63,69.66,18.19,57.7,4.75,50.0,8.39,50.0,2.11,64.07,53.57,23.93,59.75,15.6,47.34,3.9,50.0,8.39,50.0,2.11,53.92,50.65,22.62,57.27,14.95,51.94,4.28,50.0,8.39,50.0,2.11,52.35,47.78,21.34,57.27,14.95,45.97,3.79,50.0,8.39,50.0,2.11,50.57,44.46,19.85,64.71,16.89,30.11,2.48,50.0,8.39,50.0,2.11,49.73,34.56,15.43,62.23,16.25,52.74,4.34,50.0,8.39,50.0,2.11,46.52
202608091812,2026-08-09,18,12R,daily,68.59,30.63,59.75,15.6,49.94,4.11,50.0,8.39,50.0,2.11,60.84,53.57,23.93,57.27,14.95,56.2,4.63,50.0,8.39,50.0,2.11,54.01,50.65,22.62,57.27,14.95,55.24,4.55,50.0,8.39,50.0,2.11,52.62,47.78,21.34,52.32,13.66,43.88,3.61,50.0,8.39,50.0,2.11,49.11,44.46,19.85,54.8,14.3,57.29,4.72,50.0,8.39,50.0,2.11,49.38,34.56,15.43,54.8,14.3,69.53,5.73,50.0,8.39,50.0,2.11,45.97
202608092001,2026-08-09,20,1R,daily,68.83,28.17,46.25,10.36,59.36,4.13,50.0,10.26,50.0,4.6,57.52,50.64,20.72,44.37,9.94,46.11,3.21,50.0,10.26,50.0,4.6,48.73,50.74,20.76,44.37,9.94,28.61,1.99,50.0,10.26,50.0,4.6,47.55,46.73,19.12,36.81,8.24,58.6,4.07,50.0,10.26,50.0,4.6,46.3,44.87,18.36,46.25,10.36,55.74,3.87,50.0,10.26,50.0,4.6,47.46,37.59,15.38,50.03,11.2,51.74,3.6,50.0,10.26,50.0,4.6,45.05
202608092002,2026-08-09,20,2R,daily,68.83,28.17,46.25,10.36,73.34,5.1,50.0,10.26,50.0,4.6,58.49,50.64,20.72,51.92,11.63,66.76,4.64,50.0,10.26,50.0,4.6,51.86,50.74,20.76,51.92,11.63,38.08,2.65,50.0,10.26,50.0,4.6,49.9,46.73,19.12,46.25,10.36,38.88,2.7,50.0,10.26,50.0,4.6,47.05,44.87,18.36,46.25,10.36,64.5,4.48,50.0,10.26,50.0,4.6,48.07,37.59,15.38,44.37,9.94,64.48,4.48,50.0,10.26,50.0,4.6,44.67
202608092003,2026-08-09,20,3R,daily,68.83,28.17,46.25,10.36,68.94,4.79,50.0,10.26,50.0,4.6,58.18,50.64,20.72,51.92,11.63,50.34,3.5,50.0,10.26,50.0,4.6,50.71,50.74,20.76,46.25,10.36,52.49,3.65,50.0,10.26,50.0,4.6,49.64,46.73,19.12,46.25,10.36,58.84,4.09,50.0,10.26,50.0,4.6,48.44,44.87,18.36,36.81,8.24,66.95,4.65,50.0,10.26,50.0,4.6,46.13,37.59,15.38,61.36,13.74,50.13,3.48,50.0,10.26,50.0,4.6,47.48
202608092004,2026-08-09,20,4R,daily,68.83,28.17,40.59,9.09,42.4,2.95,50.0,10.26,50.0,4.6,55.07,50.64,20.72,53.81,12.05,45.27,3.15,50.0,10.26,50.0,4.6,50.78,50.74,20.76,55.69,12.47,44.88,3.12,50.0,10.26,50.0,4.6,51.22,46.73,19.12,44.37,9.94,52.15,3.63,50.0,10.26,50.0,4.6,47.55,44.87,18.36,36.81,8.24,43.69,3.04,50.0,10.26,50.0,4.6,44.51,37.59,15.38,33.04,7.4,70.86,4.93,50.0,10.26,50.0,4.6,42.57
202608092005,2026-08-09,20,5R,daily,68.83,28.17,50.03,11.2,41.73,2.9,50.0,10.26,50.0,4.6,57.14,50.64,20.72,76.46,17.12,61.61,4.28,50.0,10.26,50.0,4.6,56.99,50.74,20.76,46.25,10.36,41.03,2.85,50.0,10.26,50.0,4.6,48.84,46.73,19.12,51.92,11.63,56.44,3.92,50.0,10.26,50.0,4.6,49.54,44.87,18.36,44.37,9.94,28.61,1.99,50.0,10.26,50.0,4.6,45.15,37.59,15.38,33.04,7.4,49.14,3.42,50.0,10.26,50.0,4.6,41.06
202608092006,2026-08-09,20,6R,daily,68.83,28.17,51.92,11.63,55.46,3.86,50.0,10.26,50.0,4.6,58.52,50.64,20.72,50.03,11.2,72.41,5.03,50.0,10.26,50.0,4.6,51.83,50.74,20.76,46.25,10.36,59.36,4.13,50.0,10.26,50.0,4.6,50.11,46.73,19.12,78.35,17.55,63.51,4.41,50.0,10.26,50.0,4.6,55.95,44.87,18.36,44.37,9.94,58.0,4.03,50.0,10.26,50.0,4.6,47.2,37.59,15.38,42.48,9.51,58.14,4.04,50.0,10.26,50.0,4.6,43.8
202608092007,2026-08-09,20,7R,daily,68.83,28.17,51.92,11.63,58.32,4.05,50.0,10.26,50.0,4.6,58.72,50.64,20.72,46.25,10.36,64.5,4.48,50.0,10.26,50.0,4.6,50.43,50.74,20.76,53.81,12.05,41.19,2.86,50.0,10.26,50.0,4.6,50.54,46.73,19.12,44.37,9.94,46.11,3.21,50.0,10.26,50.0,4.6,47.13,44.87,18.36,50.03,11.2,49.98,3.47,50.0,10.26,50.0,4.6,47.91,37.59,15.38,48.14,10.78,49.41,3.43,50.0,10.26,50.0,4.6,44.47
202608092008,2026-08-09,20,8R,daily,68.83,28.17,48.14,10.78,43.19,3.0,50.0,10.26,50.0,4.6,56.82,50.64,20.72,55.69,12.47,44.88,3.12,50.0,10.26,50.0,4.6,51.18,50.74,20.76,51.92,11.63,60.24,4.19,50.0,10.26,50.0,4.6,51.44,46.73,19.12,34.92,7.82,52.5,3.65,50.0,10.26,50.0,4.6,45.46,44.87,18.36,36.81,8.24,58.6,4.07,50.0,10.26,50.0,4.6,45.55,37.59,15.38,46.25,10.36,52.49,3.65,50.0,10.26,50.0,4.6,44.26
202608092009,2026-08-09,20,9R,daily,68.83,28.17,50.03,11.2,39.42,2.74,50.0,10.26,50.0,4.6,56.98,50.64,20.72,46.25,10.36,41.03,2.85,50.0,10.26,50.0,4.6,48.8,50.74,20.76,51.92,11.63,50.34,3.5,50.0,10.26,50.0,4.6,50.76,46.73,19.12,76.46,17.12,47.51,3.3,50.0,10.26,50.0,4.6,54.41,44.87,18.36,33.04,7.4,70.86,4.93,50.0,10.26,50.0,4.6,45.55,37.59,15.38,46.25,10.36,38.88,2.7,50.0,10.26,50.0,4.6,43.31
202608092010,2026-08-09,20,10R,daily,68.83,28.17,78.35,17.55,63.51,4.41,50.0,10.26,50.0,4.6,65.0,50.64,20.72,46.25,10.36,55.74,3.87,50.0,10.26,50.0,4.6,49.82,50.74,20.76,46.25,10.36,73.34,5.1,50.0,10.26,50.0,4.6,51.09,46.73,19.12,61.36,13.74,50.13,3.48,50.0,10.26,50.0,4.6,51.21,44.87,18.36,40.59,9.09,42.4,2.95,50.0,10.26,50.0,4.6,45.27,37.59,15.38,51.92,11.63,56.44,3.92,50.0,10.26,50.0,4.6,45.8
202608092011,2026-08-09,20,11R,daily,68.83,28.17,53.81,12.05,41.19,2.86,50.0,10.26,50.0,4.6,57.95,50.64,20.72,50.03,11.2,41.73,2.9,50.0,10.26,50.0,4.6,49.69,50.74,20.76,44.37,9.94,58.0,4.03,50.0,10.26,50.0,4.6,49.6,46.73,19.12,51.92,11.63,38.08,2.65,50.0,10.26,50.0,4.6,48.26,44.87,18.36,50.03,11.2,51.74,3.6,50.0,10.26,50.0,4.6,48.03,37.59,15.38,53.81,12.05,45.27,3.15,50.0,10.26,50.0,4.6,45.45
202608092012,2026-08-09,20,12R,daily,68.83,28.17,76.46,17.12,61.61,4.28,50.0,10.26,50.0,4.6,64.44,50.64,20.72,44.37,9.94,52.15,3.63,50.0,10.26,50.0,4.6,49.15,50.74,20.76,48.14,10.78,43.19,3.0,50.0,10.26,50.0,4.6,49.41,46.73,19.12,51.92,11.63,58.32,4.05,50.0,10.26,50.0,4.6,49.67,44.87,18.36,50.03,11.2,72.41,5.03,50.0,10.26,50.0,4.6,49.47,37.59,15.38,51.92,11.63,66.76,4.64,50.0,10.26,50.0,4.6,46.52
202608092301,2026-08-09,23,1R,daily,66.88,30.03,59.12,13.74,64.3,4.73,50.0,8.72,50.0,3.53,60.75,53.13,23.86,46.65,10.84,50.72,3.73,50.0,8.72,50.0,3.53,50.68,51.1,22.95,46.65,10.84,50.93,3.75,50.0,8.72,50.0,3.53,49.78,49.1,22.05,44.57,10.36,49.25,3.63,50.0,8.72,50.0,3.53,48.28,44.6,20.02,42.49,9.87,54.42,4.01,50.0,8.72,50.0,3.53,46.15,34.57,15.52,30.02,6.98,60.49,4.45,50.0,8.72,50.0,3.53,39.2
202608092301,2026-08-09,23,1R,realtime,66.88,30.03,59.12,13.74,66.55,4.9,56.94,9.93,58.17,4.1,62.7,53.13,23.86,46.65,10.84,54.99,4.05,62.22,10.85,52.44,3.7,53.3,51.1,22.95,46.65,10.84,38.24,2.82,53.47,9.33,59.07,4.17,50.1,49.1,22.05,44.57,10.36,50.0,3.68,44.38,7.74,52.74,3.72,47.55,44.6,20.02,42.49,9.87,58.43,4.3,44.56,7.77,39.07,2.76,44.73,34.57,15.52,30.02,6.98,53.19,3.92,38.44,6.7,38.56,2.72,35.84
202608092302,2026-08-09,23,2R,daily,66.88,30.03,79.9,18.57,49.56,3.65,50.0,8.72,50.0,3.53,64.49,53.13,23.86,48.72,11.32,66.94,4.93,50.0,8.72,50.0,3.53,52.36,51.1,22.95,50.8,11.81,56.28,4.14,50.0,8.72,50.0,3.53,51.14,49.1,22.05,48.72,11.32,40.57,2.99,50.0,8.72,50.0,3.53,48.61,44.6,20.02,44.57,10.36,52.58,3.87,50.0,8.72,50.0,3.53,46.5,34.57,15.52,34.18,7.94,35.98,2.65,50.0,8.72,50.0,3.53,38.36
202608092302,2026-08-09,23,2R,realtime,66.88,30.03,79.9,18.57,46.73,3.44,61.73,10.77,58.33,4.12,66.92,53.13,23.86,48.72,11.32,63.98,4.71,54.82,9.56,50.64,3.57,53.03,51.1,22.95,50.8,11.81,60.78,4.48,50.34,8.78,57.86,4.08,52.09,49.1,22.05,48.72,11.32,50.0,3.68,46.09,8.04,53.91,3.8,48.89,44.6,20.02,44.57,10.36,40.72,3.0,42.33,7.38,39.28,2.77,43.53,34.57,15.52,34.18,7.94,51.44,3.79,44.68,7.79,40.03,2.82,37.87
202608092303,2026-08-09,23,3R,daily,66.88,30.03,48.72,11.32,35.8,2.64,50.0,8.72,50.0,3.53,56.24,53.13,23.86,48.72,11.32,47.83,3.52,50.0,8.72,50.0,3.53,50.95,51.1,22.95,42.49,9.87,65.61,4.83,50.0,8.72,50.0,3.53,49.9,49.1,22.05,69.51,16.15,52.94,3.9,50.0,8.72,50.0,3.53,54.35,44.6,20.02,25.86,6.01,42.21,3.11,50.0,8.72,50.0,3.53,41.39,34.57,15.52,36.25,8.42,38.28,2.82,50.0,8.72,50.0,3.53,39.01
202608092303,2026-08-09,23,3R,realtime,66.88,30.03,48.72,11.32,38.16,2.81,57.18,9.97,58.33,4.12,58.25,53.13,23.86,48.72,11.32,50.0,3.68,42.45,7.4,50.64,3.57,49.84,51.1,22.95,42.49,9.87,46.87,3.45,40.11,7.0,57.86,4.08,47.35,49.1,22.05,69.51,16.15,47.71,3.51,53.83,9.39,53.91,3.8,54.9,34.57,15.52,25.86,6.01,43.72,3.22,44.43,7.75,40.03,2.82,35.32,44.6,20.02,36.25,8.42,50.56,3.72,62.02,10.82,39.28,2.77,45.76
202608092304,2026-08-09,23,4R,daily,66.88,30.03,44.57,10.36,48.97,3.61,50.0,8.72,50.0,3.53,56.24,53.13,23.86,57.04,13.25,66.7,4.91,50.0,8.72,50.0,3.53,54.27,51.1,22.95,46.65,10.84,48.07,3.54,50.0,8.72,50.0,3.53,49.57,49.1,22.05,71.59,16.64,63.2,4.65,50.0,8.72,50.0,3.53,55.58,44.6,20.02,36.25,8.42,36.2,2.67,50.0,8.72,50.0,3.53,43.36,34.57,15.52,40.41,9.39,43.33,3.19,50.0,8.72,50.0,3.53,40.35
202608092304,2026-08-09,23,4R,realtime,66.88,30.03,44.57,10.36,50.0,3.68,49.93,8.71,40.86,2.88,55.66,49.1,22.05,57.04,13.25,51.0,3.75,58.43,10.19,58.97,4.16,53.41,51.1,22.95,46.65,10.84,50.4,3.71,52.23,9.11,53.09,3.75,50.35,44.6,20.02,71.59,16.64,56.82,4.18,60.19,10.5,43.63,3.08,54.42,34.57,15.52,36.25,8.42,44.43,3.27,44.62,7.78,50.22,3.54,38.54,53.13,23.86,40.41,9.39,48.49,3.57,34.61,6.04,53.28,3.76,46.61
202608092305,2026-08-09,23,5R,daily,66.88,30.03,44.57,10.36,42.95,3.16,50.0,8.72,50.0,3.53,55.8,53.13,23.86,42.49,9.87,47.09,3.47,50.0,8.72,50.0,3.53,49.45,51.1,22.95,42.49,9.87,52.98,3.9,50.0,8.72,50.0,3.53,48.97,49.1,22.05,61.19,14.22,33.38,2.46,50.0,8.72,50.0,3.53,50.97,44.6,20.02,42.49,9.87,38.5,2.83,50.0,8.72,50.0,3.53,44.98,34.57,15.52,61.19,14.22,64.06,4.72,50.0,8.72,50.0,3.53,46.71
202608092305,2026-08-09,23,5R,realtime,66.88,30.03,44.57,10.36,56.87,4.19,68.91,12.02,46.29,3.27,59.86,51.1,22.95,42.49,9.87,50.0,3.68,45.92,8.01,54.15,3.82,48.33,49.1,22.05,42.49,9.87,58.13,4.28,48.05,8.38,57.44,4.05,48.63,53.13,23.86,61.19,14.22,34.44,2.54,54.47,9.5,52.38,3.7,53.81,44.6,20.02,42.49,9.87,50.0,3.68,26.6,4.64,42.58,3.0,41.22,34.57,15.52,61.19,14.22,49.73,3.66,56.06,9.78,47.21,3.33,46.51
202608092306,2026-08-09,23,6R,daily,66.88,30.03,40.41,9.39,62.67,4.61,50.0,8.72,50.0,3.53,56.28,53.13,23.86,79.9,18.57,55.03,4.05,50.0,8.72,50.0,3.53,58.72,51.1,22.95,42.49,9.87,35.87,2.64,50.0,8.72,50.0,3.53,47.71,49.1,22.05,61.19,14.22,56.29,4.14,50.0,8.72,50.0,3.53,52.66,44.6,20.02,46.65,10.84,48.47,3.57,50.0,8.72,50.0,3.53,46.68,34.57,15.52,34.18,7.94,52.84,3.89,50.0,8.72,50.0,3.53,39.6
202608092306,2026-08-09,23,6R,realtime,66.88,30.03,40.41,9.39,51.39,3.78,57.4,10.01,57.31,4.04,57.26,53.13,23.86,79.9,18.57,58.17,4.28,68.45,11.94,48.78,3.44,62.09,51.1,22.95,42.49,9.87,50.0,3.68,30.83,5.38,55.07,3.89,45.77,49.1,22.05,61.19,14.22,63.24,4.66,60.41,10.54,55.54,3.92,55.38,44.6,20.02,46.65,10.84,39.42,2.9,32.16,5.61,40.69,2.87,42.25,34.57,15.52,34.18,7.94,45.94,3.38,50.74,8.85,42.66,3.01,38.71
202608092307,2026-08-09,23,7R,daily,66.88,30.03,44.57,10.36,48.58,3.58,50.0,8.72,50.0,3.53,56.21,53.13,23.86,44.57,10.36,49.25,3.63,50.0,8.72,50.0,3.53,50.09,51.1,22.95,81.98,19.05,39.58,2.91,50.0,8.72,50.0,3.53,57.16,49.1,22.05,44.57,10.36,32.59,2.4,50.0,8.72,50.0,3.53,47.05,44.6,20.02,34.18,7.94,35.98,2.65,50.0,8.72,50.0,3.53,42.86,34.57,15.52,50.8,11.81,54.47,4.01,50.0,8.72,50.0,3.53,43.59
202608092307,2026-08-09,23,7R,realtime,66.88,30.03,44.57,10.36,50.0,3.68,39.49,6.89,52.04,3.67,54.63,53.13,23.86,44.57,10.36,50.0,3.68,46.04,8.03,47.89,3.38,49.3,51.1,22.95,81.98,19.05,50.0,3.68,71.69,12.5,52.8,3.73,61.91,49.1,22.05,44.57,10.36,45.98,3.39,56.23,9.81,58.25,4.11,49.71,44.6,20.02,34.18,7.94,51.44,3.79,36.96,6.45,41.95,2.96,41.16,34.57,15.52,50.8,11.81,51.54,3.79,49.59,8.65,47.13,3.33,43.1
202608092308,2026-08-09,23,8R,daily,66.88,30.03,48.72,11.32,47.83,3.52,50.0,8.72,50.0,3.53,57.12,53.13,23.86,36.25,8.42,36.2,2.67,50.0,8.72,50.0,3.53,47.2,51.1,22.95,50.8,11.81,56.58,4.17,50.0,8.72,50.0,3.53,51.17,49.1,22.05,86.14,20.02,46.53,3.43,50.0,8.72,50.0,3.53,57.74,44.6,20.02,42.49,9.87,52.62,3.87,50.0,8.72,50.0,3.53,46.02,34.57,15.52,46.65,10.84,50.72,3.73,50.0,8.72,50.0,3.53,42.34
202608092309,2026-08-09,23,9R,daily,66.88,30.03,48.72,11.32,40.57,2.99,50.0,8.72,50.0,3.53,56.59,53.13,23.86,42.49,9.87,54.42,4.01,50.0,8.72,50.0,3.53,49.99,51.1,22.95,57.04,13.25,66.7,4.91,50.0,8.72,50.0,3.53,53.36,49.1,22.05,42.49,9.87,52.98,3.9,50.0,8.72,50.0,3.53,48.07,44.6,20.02,46.65,10.84,77.19,5.68,50.0,8.72,50.0,3.53,48.8,34.57,15.52,25.86,6.01,42.21,3.11,50.0,8.72,50.0,3.53,36.89
202608092310,2026-08-09,23,10R,daily,66.88,30.03,44.57,10.36,52.58,3.87,50.0,8.72,50.0,3.53,56.5,53.13,23.86,59.12,13.74,56.62,4.17,50.0,8.72,50.0,3.53,54.01,51.1,22.95,48.72,11.32,35.8,2.64,50.0,8.72,50.0,3.53,49.15,49.1,22.05,44.57,10.36,42.95,3.16,50.0,8.72,50.0,3.53,47.81,44.6,20.02,79.9,18.57,55.03,4.05,50.0,8.72,50.0,3.53,54.89,34.57,15.52,46.65,10.84,50.93,3.75,50.0,8.72,50.0,3.53,42.36
202608092311,2026-08-09,23,11R,daily,66.88,30.03,61.19,14.22,33.38,2.46,50.0,8.72,50.0,3.53,58.96,53.13,23.86,50.8,11.81,54.47,4.01,50.0,8.72,50.0,3.53,51.92,51.1,22.95,61.19,14.22,56.29,4.14,50.0,8.72,50.0,3.53,53.56,49.1,22.05,48.72,11.32,66.94,4.93,50.0,8.72,50.0,3.53,50.55,44.6,20.02,46.65,10.84,55.29,4.07,50.0,8.72,50.0,3.53,47.18,34.57,15.52,42.49,9.87,65.61,4.83,50.0,8.72,50.0,3.53,42.47
202608092312,2026-08-09,23,12R,daily,66.88,30.03,86.14,20.02,46.53,3.43,50.0,8.72,50.0,3.53,65.72,53.13,23.86,71.59,16.64,63.2,4.65,50.0,8.72,50.0,3.53,57.39,51.1,22.95,79.9,18.57,49.56,3.65,50.0,8.72,50.0,3.53,57.41,49.1,22.05,81.98,19.05,39.58,2.91,50.0,8.72,50.0,3.53,56.26,44.6,20.02,59.12,13.74,64.3,4.73,50.0,8.72,50.0,3.53,50.75,34.57,15.52,69.51,16.15,52.94,3.9,50.0,8.72,50.0,3.53,47.82
202608092401,2026-08-09,24,1R,daily,68.08,30.54,46.6,9.11,62.12,5.5,50.0,9.5,50.0,3.87,58.52,52.16,23.4,48.63,9.51,44.41,3.93,50.0,9.5,50.0,3.87,50.21,51.33,23.03,48.63,9.51,58.47,5.18,50.0,9.5,50.0,3.87,51.08,47.59,21.35,46.6,9.11,54.4,4.82,50.0,9.5,50.0,3.87,48.65,44.47,19.95,46.6,9.11,38.48,3.41,50.0,9.5,50.0,3.87,45.83,36.08,16.19,34.4,6.72,45.28,4.01,50.0,9.5,50.0,3.87,40.29
202608092402,2026-08-09,24,2R,daily,68.08,30.54,44.57,8.71,45.95,4.07,50.0,9.5,50.0,3.87,56.69,52.16,23.4,46.6,9.11,37.42,3.31,50.0,9.5,50.0,3.87,49.19,51.33,23.03,46.6,9.11,38.45,3.4,50.0,9.5,50.0,3.87,48.91,47.59,21.35,34.4,6.72,47.15,4.18,50.0,9.5,50.0,3.87,45.62,44.47,19.95,46.6,9.11,39.46,3.49,50.0,9.5,50.0,3.87,45.92,36.08,16.19,46.6,9.11,42.78,3.79,50.0,9.5,50.0,3.87,42.45
202608092403,2026-08-09,24,3R,daily,68.08,30.54,46.6,9.11,51.53,4.56,50.0,9.5,50.0,3.87,57.58,52.16,23.4,44.57,8.71,57.62,5.1,50.0,9.5,50.0,3.87,50.58,51.33,23.03,58.8,11.49,46.59,4.13,50.0,9.5,50.0,3.87,52.02,47.59,21.35,50.67,9.9,44.82,3.97,50.0,9.5,50.0,3.87,48.59,44.47,19.95,52.7,10.3,46.62,4.13,50.0,9.5,50.0,3.87,47.75,36.08,16.19,34.4,6.72,55.88,4.95,50.0,9.5,50.0,3.87,41.23
202608092404,2026-08-09,24,4R,daily,68.08,30.54,60.84,11.89,55.17,4.89,50.0,9.5,50.0,3.87,60.69,52.16,23.4,40.5,7.92,35.61,3.15,50.0,9.5,50.0,3.87,47.84,51.33,23.03,48.63,9.51,40.36,3.57,50.0,9.5,50.0,3.87,49.48,47.59,21.35,48.63,9.51,52.93,4.69,50.0,9.5,50.0,3.87,48.91,44.47,19.95,71.0,13.88,38.09,3.37,50.0,9.5,50.0,3.87,50.57,36.08,16.19,40.5,7.92,45.93,4.07,50.0,9.5,50.0,3.87,41.54
202608092405,2026-08-09,24,5R,daily,68.08,30.54,50.67,9.9,41.59,3.68,50.0,9.5,50.0,3.87,57.5,52.16,23.4,46.6,9.11,53.92,4.77,50.0,9.5,50.0,3.87,50.65,51.33,23.03,56.77,11.1,47.17,4.18,50.0,9.5,50.0,3.87,51.67,47.59,21.35,50.67,9.9,48.74,4.32,50.0,9.5,50.0,3.87,48.94,44.47,19.95,50.67,9.9,30.89,2.74,50.0,9.5,50.0,3.87,45.96,36.08,16.19,42.53,8.31,68.08,6.03,50.0,9.5,50.0,3.87,43.9
202608092406,2026-08-09,24,6R,daily,68.08,30.54,66.94,13.08,50.62,4.48,50.0,9.5,50.0,3.87,61.48,52.16,23.4,44.57,8.71,56.96,5.04,50.0,9.5,50.0,3.87,50.52,51.33,23.03,50.67,9.9,51.9,4.6,50.0,9.5,50.0,3.87,50.9,47.59,21.35,46.6,9.11,49.91,4.42,50.0,9.5,50.0,3.87,48.25,44.47,19.95,60.84,11.89,63.3,5.61,50.0,9.5,50.0,3.87,50.81,36.08,16.19,46.6,9.11,62.12,5.5,50.0,9.5,50.0,3.87,44.16
202608092407,2026-08-09,24,7R,daily,68.08,30.54,52.7,10.3,50.31,4.45,50.0,9.5,50.0,3.87,58.67,52.16,23.4,46.6,9.11,54.4,4.82,50.0,9.5,50.0,3.87,50.7,51.33,23.03,52.7,10.3,50.59,4.48,50.0,9.5,50.0,3.87,51.18,47.59,21.35,48.63,9.51,58.47,5.18,50.0,9.5,50.0,3.87,49.4,44.47,19.95,46.6,9.11,38.45,3.4,50.0,9.5,50.0,3.87,45.83,36.08,16.19,48.63,9.51,36.55,3.24,50.0,9.5,50.0,3.87,42.3
202608092408,2026-08-09,24,8R,daily,68.08,30.54,52.7,10.3,46.62,4.13,50.0,9.5,50.0,3.87,58.34,52.16,23.4,50.67,9.9,54.8,4.85,50.0,9.5,50.0,3.87,51.53,51.33,23.03,48.63,9.51,48.28,4.28,50.0,9.5,50.0,3.87,50.18,47.59,21.35,48.63,9.51,44.41,3.93,50.0,9.5,50.0,3.87,48.16,44.47,19.95,32.36,6.33,43.15,3.82,50.0,9.5,50.0,3.87,43.46,36.08,16.19,44.57,8.71,38.45,3.41,50.0,9.5,50.0,3.87,41.67
202608092409,2026-08-09,24,9R,daily,68.08,30.54,71.0,13.88,38.09,3.37,50.0,9.5,50.0,3.87,61.16,52.16,23.4,60.84,11.89,55.17,4.89,50.0,9.5,50.0,3.87,53.55,51.33,23.03,50.67,9.9,44.82,3.97,50.0,9.5,50.0,3.87,50.27,47.59,21.35,58.8,11.49,46.59,4.13,50.0,9.5,50.0,3.87,50.34,44.47,19.95,50.67,9.9,48.74,4.32,50.0,9.5,50.0,3.87,47.54,36.08,16.19,50.67,9.9,41.59,3.68,50.0,9.5,50.0,3.87,43.14
202608092410,2026-08-09,24,10R,daily,68.08,30.54,56.77,11.1,47.17,4.18,50.0,9.5,50.0,3.87,59.18,52.16,23.4,66.94,13.08,50.62,4.48,50.0,9.5,50.0,3.87,54.34,51.33,23.03,48.63,9.51,52.93,4.69,50.0,9.5,50.0,3.87,50.59,47.59,21.35,50.67,9.9,51.9,4.6,50.0,9.5,50.0,3.87,49.22,44.47,19.95,48.63,9.51,40.36,3.57,50.0,9.5,50.0,3.87,46.4,36.08,16.19,44.57,8.71,45.95,4.07,50.0,9.5,50.0,3.87,42.33
202608092411,2026-08-09,24,11R,daily,68.08,30.54,60.84,11.89,63.3,5.61,50.0,9.5,50.0,3.87,61.41,52.16,23.4,50.67,9.9,30.89,2.74,50.0,9.5,50.0,3.87,49.41,51.33,23.03,46.6,9.11,49.91,4.42,50.0,9.5,50.0,3.87,49.92,47.59,21.35,52.7,10.3,50.31,4.45,50.0,9.5,50.0,3.87,49.48,44.47,19.95,46.6,9.11,53.92,4.77,50.0,9.5,50.0,3.87,47.2,36.08,16.19,46.6,9.11,51.53,4.56,50.0,9.5,50.0,3.87,43.23
202608092412,2026-08-09,24,12R,daily,68.08,30.54,52.7,10.3,50.59,4.48,50.0,9.5,50.0,3.87,58.69,52.16,23.4,46.6,9.11,39.46,3.49,50.0,9.5,50.0,3.87,49.37,51.33,23.03,50.67,9.9,54.8,4.85,50.0,9.5,50.0,3.87,51.15,47.59,21.35,44.57,8.71,57.62,5.1,50.0,9.5,50.0,3.87,48.53,44.47,19.95,48.63,9.51,48.28,4.28,50.0,9.5,50.0,3.87,47.1,36.08,16.19,48.63,9.51,38.09,3.37,50.0,9.5,50.0,3.87,42.43
