レースコード,タイトル,日次,レース日,レース場,レース回,レース名,距離(m),天候,風向,風速(m),波の高さ(cm),決まり手,単勝_艇番,単勝_払戻金,複勝_1着_艇番,複勝_1着_払戻金,複勝_2着_艇番,複勝_2着_払戻金,2連単_組番,2連単_払戻金,2連単_人気,2連複_組番,2連複_払戻金,2連複_人気,拡連複_1-2着_組番,拡連複_1-2着_払戻金,拡連複_1-2着_人気,拡連複_1-3着_組番,拡連複_1-3着_払戻金,拡連複_1-3着_人気,拡連複_2-3着_組番,拡連複_2-3着_払戻金,拡連複_2-3着_人気,3連単_組番,3連単_払戻金,3連単_人気,3連複_組番,3連複_払戻金,3連複_人気,1着_着順,1着_艇番,1着_登録番号,1着_選手名,1着_モーター番号,1着_ボート番号,1着_展示タイム,1着_進入コース,1着_スタートタイミング,1着_レースタイム,2着_着順,2着_艇番,2着_登録番号,2着_選手名,2着_モーター番号,2着_ボート番号,2着_展示タイム,2着_進入コース,2着_スタートタイミング,2着_レースタイム,3着_着順,3着_艇番,3着_登録番号,3着_選手名,3着_モーター番号,3着_ボート番号,3着_展示タイム,3着_進入コース,3着_スタートタイミング,3着_レースタイム,4着_着順,4着_艇番,4着_登録番号,4着_選手名,4着_モーター番号,4着_ボート番号,4着_展示タイム,4着_進入コース,4着_スタートタイミング,4着_レースタイム,5着_着順,5着_艇番,5着_登録番号,5着_選手名,5着_モーター番号,5着_ボート番号,5着_展示タイム,5着_進入コース,5着_スタートタイミング,5着_レースタイム,6着_着順,6着_艇番,6着_登録番号,6着_選手名,6着_モーター番号,6着_ボート番号,6着_展示タイム,6着_進入コース,6着_スタートタイミング,6着_レースタイム
202311032201,誰が勝っても福岡初優勝！ａｕじぶん銀行賞,第4日,2023/11/03,福岡,01R,予選,1800,晴,南,1,2,逃げ,1,100,1,160,3,280,1-3,620,3,1-3,530,3,1-3,260,5,1-5,130,1,3-5,250,4,1-3-5,1080,4,1-3-5,430,2,1,1,3842,星 野 太 郎,53,112,6.85,1,0.27,109.3,2,3,3508,久 富 政 弘,66,133,6.95,3,0.21,110.8,3,5,4356,長 岡 良 也,34,132,6.85,5,0.21,111.5,4,4,3730,塩 崎 優 司,45,142,6.93,4,0.23,113.6,5,6,4355,小 川 広 大,15,113,6.91,6,0.21,,6,2,3578,塩 田 雄 一,21,115,6.93,2,0.22,
202311032202,誰が勝っても福岡初優勝！ａｕじぶん銀行賞,第4日,2023/11/03,福岡,02R,予選,1800,晴,南,1,2,逃げ,1,150,1,100,2,100,1-2,310,1,1-2,200,1,1-2,130,1,1-3,400,9,2-3,380,7,1-2-3,1290,4,1-2-3,650,3,1,1,4241,大 串 重 幸,37,155,6.85,1,0.12,110.4,2,2,4769,馬 場 剛,36,121,6.91,2,0.13,111.5,3,3,3808,秋 田 健太郎,25,127,7.0,3,0.12,113.2,4,5,3655,本 橋 克 洋,49,104,6.92,5,0.21,114.0,5,4,4106,坂 井 康 嗣,27,151,6.93,4,0.15,,6,6,3605,中 村 守 成,75,107,6.93,6,0.17,
202311032203,誰が勝っても福岡初優勝！ａｕじぶん銀行賞,第4日,2023/11/03,福岡,03R,予選,1800,晴,南,1,2,差し,3,190,3,190,4,480,3-4,1710,8,3-4,1360,5,3-4,330,6,2-3,160,1,2-4,400,9,3-4-2,4480,18,2-3-4,850,2,1,3,3304,烏 野 賢 太,18,136,6.86,3,0.23,110.7,2,4,5009,大 賀 龍之介,19,139,6.92,4,0.21,112.4,3,2,4202,浮 田 圭 浩,59,145,6.86,2,0.21,113.4,4,6,5240,高 橋 龍 治,43,103,6.84,6,0.15,113.7,5,1,4735,角 山 雄 哉,32,101,6.93,1,0.35,,6,5,5284,嘉手苅 徹 哉,55,135,6.85,5,0.17,
202311032204,誰が勝っても福岡初優勝！ａｕじぶん銀行賞,第4日,2023/11/03,福岡,04R,予選,1800,晴,北,1,2,,1,410,1,130,6,130,1-6,730,4,1-6,400,1,1-6,150,1,1-2,260,6,2-6,210,3,1-6-2,2620,11,1-2-6,400,1,1,1,3834,細 川 明 人,29,134,6.97,1,0.09,110.7,2,6,3024,西 島 義 則,71,130,6.9,2,0.09,111.1,3,2,3773,津 留 浩一郎,28,163,6.86,3,0.09,111.4,4,3,3796,長 野 道 臣,46,117,6.85,4,0.14,113.5,5,4,3441,土 屋 太 朗,38,116,6.91,5,0.16,,6,5,5271,杉 山 太 陽,42,129,6.89,6,0.17,
202311032205,誰が勝っても福岡初優勝！ａｕじぶん銀行賞,第4日,2023/11/03,福岡,05R,予選,1800,晴,北,2,2,逃げ,1,410,1,250,2,140,1-2,440,1,1-2,290,1,1-2,110,1,1-5,190,4,2-5,110,2,1-2-5,1010,2,1-2-5,270,1,1,1,4383,竹 田 吉 行,72,124,6.93,1,0.16,110.0,2,2,5142,常 住 蓮,65,137,6.82,2,0.17,110.2,3,5,4083,福 島 勇 樹,22,102,6.92,5,0.23,113.1,4,3,3807,岡 部 哲,67,146,6.9,3,0.17,114.5,5,4,4355,小 川 広 大,15,113,6.91,4,0.37,,6,6,4270,岸 本 雄 貴,61,120,6.93,6,0.31,
202311032206,誰が勝っても福岡初優勝！ａｕじぶん銀行賞,第4日,2023/11/03,福岡,06R,予選,1800,晴,北,2,2,差し,5,170,5,160,4,2430,5-4,4990,13,4-5,3880,9,4-5,280,4,1-5,110,1,1-4,280,4,5-4-1,10890,23,1-4-5,450,2,1,5,4850,野 中 一 平,33,173,6.92,5,0.11,110.0,2,4,3578,塩 田 雄 一,21,115,6.95,4,0.16,111.8,3,1,4460,後 藤 翔 之,48,148,6.83,1,0.23,112.2,4,3,4146,柳 橋 宏 紀,58,147,6.91,3,0.24,114.7,5,6,3660,長谷川 親 王,17,156,6.96,6,0.23,,6,2,4404,岸 蔭 亮,39,154,6.93,2,0.26,
202311032207,誰が勝っても福岡初優勝！ａｕじぶん銀行賞,第4日,2023/11/03,福岡,07R,予選,1800,晴,北,2,2,差し,5,320,5,160,2,100,5-2,630,2,2-5,250,1,2-5,140,2,3-5,280,5,2-3,380,7,5-2-3,2100,7,2-3-5,500,2,1,5,4441,末 永 由 楽,11,158,6.87,5,0.08,110.2,2,2,4743,木 村 仁 紀,23,122,6.93,2,0.11,111.3,3,3,4020,川 上 清 人,63,152,6.95,3,0.17,112.9,4,4,4735,角 山 雄 哉,32,101,6.94,4,0.11,113.2,5,1,4106,坂 井 康 嗣,27,151,6.96,1,0.14,,6,6,5284,嘉手苅 徹 哉,55,135,6.92,6,0.09,
202311032208,誰が勝っても福岡初優勝！ａｕじぶん銀行賞,第4日,2023/11/03,福岡,08R,予選  進入固定,1800,晴,北,2,2,逃げ,1,100,1,100,4,130,1-4,310,2,1-4,400,3,1-4,170,2,1-2,230,4,2-4,600,7,1-4-2,1240,7,1-2-4,680,5,1,1,4356,長 岡 良 也,34,132,6.85,1,0.18,110.7,2,4,3796,長 野 道 臣,46,117,6.9,4,0.23,112.9,3,2,3808,秋 田 健太郎,25,127,7.0,2,0.21,114.2,4,3,3605,中 村 守 成,75,107,6.94,3,0.21,114.9,5,5,4202,浮 田 圭 浩,59,145,6.91,5,0.26,,6,6,5271,杉 山 太 陽,42,129,6.9,6,0.29,
202311032209,誰が勝っても福岡初優勝！ａｕじぶん銀行賞,第4日,2023/11/03,福岡,09R,予選特賞,1800,晴,北,2,2,逃げ,1,110,1,110,3,260,1-3,540,3,1-3,440,3,1-3,140,3,1-2,100,1,2-3,300,4,1-3-2,1200,6,1-2-3,380,2,1,1,3304,烏 野 賢 太,18,136,6.89,1,0.19,111.2,2,3,4383,竹 田 吉 行,72,124,6.93,3,0.26,111.8,3,2,4506,稗 田 聖 也,57,106,6.91,2,0.21,113.0,4,4,4241,大 串 重 幸,37,155,6.88,4,0.23,113.3,5,5,3834,細 川 明 人,29,134,6.99,5,0.28,,6,6,3730,塩 崎 優 司,45,142,6.95,6,0.32,
202311032210,誰が勝っても福岡初優勝！ａｕじぶん銀行賞,第4日,2023/11/03,福岡,10R,予選特賞,1800,晴,北,2,2,逃げ,1,140,1,100,4,110,1-4,250,1,1-4,130,1,1-4,130,1,1-2,170,3,2-4,210,4,1-4-2,560,1,1-2-4,220,1,1,1,4850,野 中 一 平,33,173,6.86,1,0.11,109.6,2,4,3024,西 島 義 則,71,130,6.9,2,0.16,111.5,3,2,3842,星 野 太 郎,53,112,6.9,3,0.22,113.5,4,3,5009,大 賀 龍之介,19,139,6.96,4,0.22,113.7,5,6,4122,安 東 幸 治,12,138,6.88,6,0.22,,6,5,3807,岡 部 哲,67,146,6.93,5,0.22,
202311032211,誰が勝っても福岡初優勝！ａｕじぶん銀行賞,第4日,2023/11/03,福岡,11R,予選特選,1800,晴,北,2,2,差し,2,630,2,290,1,100,2-1,2110,6,1-2,550,4,1-2,180,4,2-3,850,11,1-3,160,1,2-1-3,8560,25,1-2-3,730,4,1,2,5240,高 橋 龍 治,43,103,6.89,2,0.06,109.9,2,1,4083,福 島 勇 樹,22,102,6.9,1,0.06,111.5,3,3,3990,芹 澤 克 彦,14,162,6.9,3,0.09,113.1,4,5,4743,木 村 仁 紀,23,122,6.89,5,0.11,113.6,5,4,4769,馬 場 剛,36,121,6.91,4,0.11,,6,6,4146,柳 橋 宏 紀,58,147,6.93,6,0.09,
202311032212,誰が勝っても福岡初優勝！ａｕじぶん銀行賞,第4日,2023/11/03,福岡,12R,福岡選抜,1800,晴,北,2,2,逃げ,1,100,1,110,2,120,1-2,240,1,1-2,290,1,1-2,140,1,1-5,200,4,2-5,390,7,1-2-5,1030,4,1-2-5,580,3,1,1,4441,末 永 由 楽,11,158,6.85,1,0.13,109.3,2,2,4090,中 村 尊,62,164,6.89,2,0.15,110.2,3,5,4460,後 藤 翔 之,48,148,6.87,5,0.16,112.2,4,3,3655,本 橋 克 洋,49,104,6.98,3,0.18,113.1,5,4,5142,常 住 蓮,65,137,6.88,4,0.2,,6,6,4020,川 上 清 人,63,152,6.93,6,0.25,
202311032101,ＢＴＳ宮崎開設９周年記念,第4日,2023/11/03,芦屋,01R,サンライズＶ,1800,晴,,0,1,まくり,4,310,4,180,5,280,4-5,1140,5,4-5,860,4,4-5,330,7,1-4,160,1,1-5,210,3,4-5-1,2670,11,1-4-5,540,2,1,4,3930,岸 本 隆,5,49,6.8,4,0.1,115.7,2,5,3444,香 月 大 介,52,23,6.82,5,0.11,118.5,3,1,5088,高 憧 四 季,43,48,6.73,1,0.2,120.6,4,3,4569,中 澤 宏 奈,39,37,6.74,3,0.2,124.9,5,2,3945,橋 口 真 樹,35,44,6.8,2,0.31,,,,,,,,,,,
202311032102,ＢＴＳ宮崎開設９周年記念,第4日,2023/11/03,芦屋,02R,サンライズＷ,1800,晴,,0,1,,3,3200,3,970,2,880,3-2,15990,21,2-3,6450,10,2-3,970,10,3-4,310,4,2-4,370,6,3-2-4,59040,74,2-3-4,4440,13,1,3,4501,樋 口 由加里,46,71,6.82,3,0.18,109.7,2,2,4728,山 口 亮,61,52,6.77,2,0.3,110.7,3,4,3997,北 村 征 嗣,38,29,6.73,4,0.25,111.9,4,1,4709,岡 村 将 也,57,27,6.75,1,0.23,111.9,5,6,4449,中 嶋 達 也,14,34,6.72,6,0.17,,6,5,5105,富 田 恕 生,33,64,6.77,5,0.19,
202311032103,ＢＴＳ宮崎開設９周年記念,第4日,2023/11/03,芦屋,03R,サンライズＸ,1800,晴,,0,1,逃げ,1,140,1,110,3,250,1-3,280,1,1-3,240,1,1-3,150,1,1-2,180,3,2-3,280,7,1-3-2,850,2,1-2-3,350,2,1,1,4403,木 下 大 將,19,21,6.74,1,0.11,108.2,2,3,3792,田 中 豪,18,75,6.74,3,0.24,108.9,3,2,5076,石 原 光,25,65,6.81,2,0.16,111.0,4,5,3662,大 庭 元 明,24,36,6.72,5,0.23,111.5,5,6,3551,藤 田 美 代,27,38,6.76,6,0.29,,6,4,3627,井 上 恵 一,10,39,6.77,4,0.25,
202311032104,ＢＴＳ宮崎開設９周年記念,第4日,2023/11/03,芦屋,04R,サンライズＹ  進入固定,1800,晴,南,1,1,逃げ,1,140,1,100,3,210,1-3,290,1,1-3,330,1,1-3,110,1,1-5,140,2,3-5,260,5,1-3-5,710,1,1-3-5,410,3,1,1,3788,一 宮 稔 弘,28,47,6.78,1,0.11,109.1,2,3,4570,前 田 聖 文,11,66,6.8,3,0.11,109.5,3,5,4099,吉 永 則 雄,21,17,6.79,5,0.15,111.4,4,4,4839,四 宮 与 寛,16,56,6.81,4,0.11,112.2,5,2,4071,古 賀 千 晶,15,28,6.74,2,0.12,,6,6,3998,冨 成 謙 児,56,58,6.83,6,0.23,
202311032105,ＢＴＳ宮崎開設９周年記念,第4日,2023/11/03,芦屋,05R,サンライズＺ,1800,晴,南,1,1,まくり,6,150,6,140,5,860,6-5,1760,6,5-6,1210,5,5-6,330,6,1-6,120,1,1-5,300,5,6-5-1,3130,11,1-5-6,450,2,1,6,4566,塩 田 北 斗,3,15,6.71,4,0.15,108.4,2,5,4572,渡 部 悟,31,31,6.9,6,0.19,109.7,3,1,4513,河 野 真 也,8,55,6.79,1,0.16,111.3,4,2,4195,前 川 守 嗣,60,50,6.88,2,0.17,112.5,5,4,4569,中 澤 宏 奈,39,37,6.78,5,0.24,,6,3,4129,宇 野 博 之,53,14,6.82,3,0.17,
202311032106,ＢＴＳ宮崎開設９周年記念,第4日,2023/11/03,芦屋,06R,予選,1800,晴,東,2,2,まくり,2,880,2,710,4,530,2-4,4560,15,2-4,2300,9,2-4,520,8,1-2,330,6,1-4,440,7,2-4-1,26090,55,1-2-4,1730,6,1,2,3871,池 田 紫 乃,30,35,6.76,3,0.08,108.2,2,4,3072,西 田 靖,50,41,6.8,2,0.17,111.2,3,1,4501,樋 口 由加里,46,71,6.78,1,0.12,112.2,4,5,3813,佐 藤 大 介,44,30,6.78,4,0.11,113.4,5,6,4092,岡 部 大 輔,49,20,6.8,5,0.11,,,,,,,,,,,
202311032107,ＢＴＳ宮崎開設９周年記念,第4日,2023/11/03,芦屋,07R,予選  進入固定,1800,晴,南西,2,2,,6,220,6,280,4,120,6-4,1850,6,4-6,320,2,不成立,,,,,,,,,,,,,,,1,6,5177,松 井 貫 太,47,33,6.77,6,0.18,110.3,2,4,3305,小 野 信 樹,55,46,6.82,4,0.13,112.1,3,5,3775,泉 啓 文,51,57,6.77,5,0.09,114.3,,,,,,,,,,,,,,,,,,,,,,,,,,,,,,
202311032108,ＢＴＳ宮崎開設９周年記念,第4日,2023/11/03,芦屋,08R,予選,1800,晴,南西,3,3,逃げ,1,130,1,110,6,410,1-6,1220,3,1-6,740,2,1-6,200,3,1-2,150,1,2-6,200,2,1-6-2,2300,7,1-2-6,330,1,1,1,3930,岸 本 隆,5,49,6.84,1,0.21,109.2,2,6,4424,松 尾 昂 明,6,18,6.76,6,0.12,110.8,3,2,4543,重 木 輝 彦,29,11,6.79,2,0.17,111.6,4,4,3444,香 月 大 介,52,23,6.8,4,0.21,113.2,5,3,4071,古 賀 千 晶,15,28,6.82,3,0.21,,6,5,3489,大 場 敏,42,62,6.82,5,0.15,
202311032109,ＢＴＳ宮崎開設９周年記念,第4日,2023/11/03,芦屋,09R,予選特賞,1800,晴,南,3,3,逃げ,1,130,1,120,2,220,1-2,230,1,1-2,180,1,1-2,110,1,1-3,130,2,2-3,280,5,1-2-3,730,1,1-2-3,410,1,1,1,4099,吉 永 則 雄,21,17,6.74,1,0.17,108.8,2,2,3951,石 川 吉 鎬,26,42,6.76,3,0.19,109.7,3,3,4728,山 口 亮,61,52,6.79,5,0.18,111.6,4,4,4625,渡 邊 裕 貴,48,22,6.84,4,0.17,112.4,5,6,3627,井 上 恵 一,10,39,6.8,2,0.19,,6,5,5088,高 憧 四 季,43,48,6.82,6,0.14,
202311032110,ＢＴＳ宮崎開設９周年記念,第4日,2023/11/03,芦屋,10R,予選特賞,1800,晴,南,2,2,差し,4,270,4,190,5,330,4-5,2560,7,4-5,1610,7,4-5,580,10,1-4,190,2,1-5,950,11,4-5-1,5340,18,1-4-5,1180,5,1,4,4033,伊 藤 将 吉,62,73,6.76,4,0.17,108.8,2,5,3871,池 田 紫 乃,30,35,6.79,5,0.17,110.0,3,1,4570,前 田 聖 文,11,66,6.82,1,0.24,111.2,4,2,4572,渡 部 悟,31,31,6.84,2,0.27,113.0,5,6,3662,大 庭 元 明,24,36,6.76,6,0.16,,6,3,4449,中 嶋 達 也,14,34,6.7,3,0.32,
202311032111,ＢＴＳ宮崎開設９周年記念,第4日,2023/11/03,芦屋,11R,予選特選,1800,晴,南,1,1,逃げ,1,100,1,100,3,180,1-3,300,2,1-3,320,3,1-3,190,2,1-6,490,7,3-6,800,13,1-3-6,3460,14,1-3-6,2170,8,1,1,3997,北 村 征 嗣,38,29,6.74,1,0.05,108.8,2,3,4092,岡 部 大 輔,49,20,6.8,3,0.07,110.0,3,6,4195,前 川 守 嗣,60,50,6.83,6,0.1,111.3,4,2,4839,四 宮 与 寛,16,56,6.78,2,0.04,112.4,5,5,3792,田 中 豪,18,75,6.83,5,0.11,,6,4,3775,泉 啓 文,51,57,6.77,4,0.06,
202311032112,ＢＴＳ宮崎開設９周年記念,第4日,2023/11/03,芦屋,12R,予選特選,1800,晴,北西,4,4,まくり,3,650,3,300,4,200,3-4,3390,10,3-4,2270,7,3-4,460,6,3-6,720,11,4-6,810,13,3-4-6,12430,33,3-4-6,2920,12,1,3,4403,木 下 大 將,19,21,6.82,3,0.05,108.7,2,4,3951,石 川 吉 鎬,26,42,6.83,4,0.07,109.7,3,6,4543,重 木 輝 彦,29,11,6.76,6,0.08,111.0,4,1,3813,佐 藤 大 介,44,30,6.83,1,0.18,111.2,5,2,4709,岡 村 将 也,57,27,6.79,2,0.09,,6,5,3788,一 宮 稔 弘,28,47,6.83,5,0.02,
202311032001,読売新聞社杯全日本覇者決定戦開設７１周年記念競走,第1日,2023/11/03,若松,01R,予選,1800,晴,北東,2,2,逃げ,1,100,1,100,2,160,1-2,370,1,1-2,330,2,1-2,160,2,1-4,160,3,2-4,380,6,1-2-4,990,3,1-2-4,530,2,1,1,4932,新 開 航,61,24,6.85,1,0.16,108.7,2,2,4074,柳 沢 一,51,70,6.87,2,0.16,110.4,3,4,4653,小 野 達 哉,19,56,6.81,4,0.16,111.5,4,3,4856,豊 田 健士郎,46,28,6.84,3,0.15,112.7,5,6,4737,竹 井 貴 史,36,51,6.78,6,0.21,113.5,6,5,4494,河 合 佑 樹,49,30,6.88,5,0.19,115.4
202311032002,読売新聞社杯全日本覇者決定戦開設７１周年記念競走,第1日,2023/11/03,若松,02R,予選,1800,晴,北東,2,2,,3,300,3,130,1,100,3-1,1320,6,1-3,370,2,1-3,190,2,3-5,470,7,1-5,520,9,3-1-5,4440,16,1-3-5,840,3,1,3,4760,山 崎 郡,45,64,6.86,3,0.16,110.4,2,1,5017,澤 田 尚 也,22,59,6.86,1,0.12,111.7,3,5,3874,山 本 寛 久,17,49,6.85,5,0.15,113.3,4,4,4342,谷 野 錬 志,3,72,6.86,4,0.11,114.1,5,2,4371,西 山 貴 浩,4,20,6.88,2,0.12,114.5,6,6,3780,魚 谷 智 之,57,43,6.93,6,0.22,114.7
202311032003,読売新聞社杯全日本覇者決定戦開設７１周年記念競走,第1日,2023/11/03,若松,03R,予選,1800,晴,東,2,2,逃げ,1,140,1,160,3,240,1-3,510,2,1-3,360,2,1-3,200,2,1-4,360,7,3-4,620,12,1-3-4,2340,8,1-3-4,1050,6,1,1,4370,山 口 達 也,13,22,6.81,1,0.12,108.6,2,3,4796,春 園 功 太,5,35,6.84,3,0.11,110.4,3,4,4290,稲 田 浩 二,52,31,6.87,4,0.13,112.2,4,6,3941,池 田 浩 二,37,75,6.93,6,0.12,112.8,5,5,4350,篠 崎 元 志,55,45,6.86,5,0.11,113.6,6,2,4397,西 村 拓 也,23,27,6.81,2,0.11,113.8
202311032004,読売新聞社杯全日本覇者決定戦開設７１周年記念競走,第1日,2023/11/03,若松,04R,予選,1800,晴,東,2,2,逃げ,1,130,1,100,3,210,1-3,400,2,1-3,370,2,1-3,170,2,1-2,160,1,2-3,330,6,1-3-2,1290,4,1-2-3,420,1,1,1,4483,北 野 輝 季,50,73,6.87,1,0.12,108.7,2,3,4295,小 坂 尚 哉,8,67,6.87,3,0.12,110.4,3,2,4061,萩 原 秀 人,44,65,6.87,2,0.12,112.2,4,6,4262,馬 場 貴 也,7,58,6.87,6,0.13,112.3,5,5,3557,太 田 和 美,14,16,6.86,5,0.12,113.7,6,4,5028,原 田 才一郎,16,62,6.85,4,0.19,113.8
202311032005,読売新聞社杯全日本覇者決定戦開設７１周年記念競走,第1日,2023/11/03,若松,05R,予選,1800,晴,東,1,1,差し,2,540,2,170,3,130,2-3,1720,8,2-3,670,3,2-3,210,3,1-2,140,2,1-3,140,1,2-3-1,3930,17,1-2-3,320,1,1,2,4504,前 田 将 太,20,46,6.81,2,0.08,108.6,2,3,4266,長 田 頼 宗,24,50,6.75,3,0.06,110.4,3,1,4415,下 出 卓 矢,41,37,6.79,1,0.08,111.5,4,4,4337,平 本 真 之,32,34,6.89,4,0.09,113.3,5,6,4357,田 中 和 也,47,36,6.8,6,0.14,113.6,6,5,4330,奈 須 啓 太,48,12,6.89,5,0.06,114.4
202311032006,読売新聞社杯全日本覇者決定戦開設７１周年記念競走,第1日,2023/11/03,若松,06R,予選,1800,晴,東,2,2,まくり,4,350,4,290,2,210,4-2,2790,12,2-4,1530,8,2-4,630,8,3-4,490,6,2-3,480,5,4-2-3,12290,48,2-3-4,1800,9,1,4,4571,菅 章 哉,25,19,6.72,4,0.12,110.1,2,2,4736,高 倉 和 士,12,52,6.81,2,0.16,110.8,3,3,4024,井 口 佳 典,38,47,6.82,3,0.17,111.7,4,1,4095,福 来 剛,2,25,6.81,1,0.12,112.6,5,6,3822,平 尾 崇 典,18,74,6.81,6,0.11,114.9,6,5,4739,中 村 晃 朋,6,18,6.88,5,0.13,117.3
202311032007,読売新聞社杯全日本覇者決定戦開設７１周年記念競走,第1日,2023/11/03,若松,07R,予選,1800,晴,東,2,2,差し,2,490,2,270,4,510,2-4,7000,16,2-4,3750,10,2-4,460,8,1-2,160,2,1-4,200,4,2-4-1,16250,35,1-2-4,560,3,1,2,4364,池 永 太,53,66,6.83,2,0.11,110.8,2,4,4074,柳 沢 一,51,70,6.83,4,0.13,111.3,3,1,4044,湯 川 浩 司,42,15,6.78,1,0.12,112.6,4,3,4342,谷 野 錬 志,3,72,6.86,3,0.12,113.1,5,5,3590,濱野谷 憲 吾,35,39,6.85,5,0.14,114.7,6,6,4477,篠 崎 仁 志,1,13,6.91,6,0.18,114.9
202311032008,読売新聞社杯全日本覇者決定戦開設７１周年記念競走,第1日,2023/11/03,若松,08R,予選,1800,晴,東,2,2,逃げ,1,160,1,100,6,450,1-6,3290,9,1-6,5450,11,1-6,820,11,1-2,170,2,2-6,1170,13,1-6-2,15060,41,1-2-6,3460,11,1,1,4025,山 本 隆 幸,29,41,6.8,1,0.12,109.9,2,6,4030,森 高 一 真,59,63,6.94,6,0.15,111.0,3,2,3780,魚 谷 智 之,57,43,6.87,2,0.12,112.4,4,5,4061,萩 原 秀 人,44,65,6.89,5,0.14,112.5,5,3,3941,池 田 浩 二,37,75,6.91,3,0.13,115.5,6,4,4856,豊 田 健士郎,46,28,6.85,4,0.19,121.1
202311032009,読売新聞社杯全日本覇者決定戦開設７１周年記念競走,第1日,2023/11/03,若松,09R,予選,1800,晴,東,2,2,差し,3,630,3,120,1,110,3-1,900,4,1-3,190,1,1-3,140,1,3-4,180,3,1-4,150,2,3-1-4,2030,5,1-3-4,340,1,1,3,4262,馬 場 貴 也,7,58,6.86,3,0.17,109.3,2,1,4350,篠 崎 元 志,55,45,6.91,1,0.17,110.9,3,4,4266,長 田 頼 宗,24,50,6.8,4,0.19,111.8,4,5,4287,今 井 貴 士,54,38,6.87,5,0.17,112.2,5,6,4760,山 崎 郡,45,64,6.81,6,0.19,112.4,6,2,3554,仲 口 博 崇,30,26,6.86,2,0.21,115.7
202311032010,読売新聞社杯全日本覇者決定戦開設７１周年記念競走,第1日,2023/11/03,若松,10R,予選,1800,晴,東,1,1,逃げ,1,150,1,100,5,320,1-5,1370,5,1-5,640,4,1-5,230,3,1-4,160,2,4-5,470,8,1-5-4,3030,12,1-4-5,770,4,1,1,4024,井 口 佳 典,38,47,6.79,1,0.18,109.2,2,5,4371,西 山 貴 浩,4,20,6.88,5,0.13,110.5,3,4,4397,西 村 拓 也,23,27,6.82,4,0.12,111.5,4,3,4337,平 本 真 之,32,34,6.82,3,0.12,111.8,5,6,4505,島 田 賢 人,33,23,6.82,6,0.21,113.5,6,2,4494,河 合 佑 樹,49,30,6.92,2,0.17,113.6
202311032011,読売新聞社杯全日本覇者決定戦開設７１周年記念競走,第1日,2023/11/03,若松,11R,１ｓｔドリー,1800,晴,,0,1,逃げ,1,160,1,130,5,610,1-5,2000,8,1-5,1360,5,1-5,270,5,1-4,190,2,4-5,530,9,1-5-4,4500,19,1-4-5,960,4,1,1,3590,濱野谷 憲 吾,35,39,6.76,1,0.11,109.1,2,5,4370,山 口 達 也,13,22,6.78,5,0.17,110.6,3,4,4504,前 田 将 太,20,46,6.75,4,0.15,111.6,4,2,4398,船 岡 洋一郎,27,55,6.77,2,0.15,113.4,5,6,4295,小 坂 尚 哉,8,67,6.85,6,0.19,114.7,6,3,4571,菅 章 哉,25,19,6.7,3,0.24,118.6
202311031801,徳山クラウン争奪戦開設７０周年記念競走,第2日,2023/11/03,徳山,01R,予選,1800,晴,南,2,2,差し,3,1030,3,280,2,260,3-2,6850,18,2-3,1490,6,2-3,300,6,1-3,210,3,1-2,120,1,3-2-1,18800,45,1-2-3,440,2,1,3,3711,江 本 真 治,19,70,6.97,3,0.07,110.5,2,2,4798,浜 先 真 範,44,61,6.93,2,0.11,111.8,3,1,4601,森 野 正 弘,62,43,6.88,1,0.22,112.8,4,4,4028,田 村 隆 信,71,64,6.95,4,0.09,112.9,5,5,4482,守 屋 美 穂,70,18,6.92,5,0.11,,6,6,4148,枝 尾 賢,14,68,6.91,6,0.08,
202311031802,徳山クラウン争奪戦開設７０周年記念競走,第2日,2023/11/03,徳山,02R,予選,1800,晴,南,2,2,差し,2,270,2,100,1,100,2-1,570,2,1-2,200,1,1-2,120,1,2-4,160,2,1-4,170,3,2-1-4,1300,3,1-2-4,300,1,1,2,4734,安河内 将,56,20,6.9,2,0.19,109.7,2,1,4437,中 田 元 泰,41,69,6.94,1,0.12,111.3,3,4,4055,吉 田 俊 彦,28,12,6.94,4,0.16,113.0,4,3,3961,谷 村 一 哉,18,55,6.96,3,0.13,114.0,5,6,3562,山 下 和 彦,49,51,6.93,6,0.21,,6,5,4522,古 澤 光 紀,54,72,6.97,5,0.16,
202311031803,徳山クラウン争奪戦開設７０周年記念競走,第2日,2023/11/03,徳山,03R,予選,1800,晴,南東,2,2,逃げ,1,140,1,100,2,130,1-2,280,1,1-2,230,1,1-2,120,1,1-5,350,7,2-5,420,9,1-2-5,1500,4,1-2-5,750,4,1,1,4064,原 田 篤 志,35,15,6.98,1,0.06,110.2,2,2,4500,山 田 康 二,39,41,6.91,2,0.08,111.5,3,5,4450,平 高 奈 菜,11,33,6.96,5,0.1,112.7,4,3,4886,入 海 馨,50,30,6.98,3,0.11,113.3,5,4,5141,大 澤 風 葵,47,21,6.97,4,0.1,,6,6,3719,辻 栄 蔵,64,65,6.93,6,0.12,
202311031804,徳山クラウン争奪戦開設７０周年記念競走,第2日,2023/11/03,徳山,04R,予選,1800,晴,南西,1,1,逃げ,1,140,1,100,2,110,1-2,240,1,1-2,170,1,1-2,120,1,1-6,240,4,2-6,250,5,1-2-6,880,2,1-2-6,460,2,1,1,3422,服 部 幸 男,66,71,6.94,1,0.14,110.0,2,2,4238,毒 島 誠,27,34,6.97,2,0.22,111.2,3,6,4762,藤 原 啓史朗,23,66,6.95,6,0.13,112.7,4,3,4428,有 賀 達 也,37,52,7.0,3,0.14,113.4,5,4,4938,小 芦 るり華,30,75,6.99,4,0.17,,6,5,4239,竹 田 辰 也,21,38,6.97,5,0.16,
202311031805,徳山クラウン争奪戦開設７０周年記念競走,第2日,2023/11/03,徳山,05R,予選,1800,晴,南東,2,2,逃げ,1,110,1,120,3,140,1-3,380,1,1-3,250,1,1-3,180,1,1-6,460,9,3-6,610,12,1-3-6,1950,6,1-3-6,1090,6,1,1,4828,松 山 将 吾,59,16,6.92,1,0.05,110.8,2,3,4294,古 賀 繁 輝,53,19,6.93,3,0.14,111.6,3,6,4227,安 達 裕 樹,34,54,6.91,6,0.09,112.5,4,2,4601,森 野 正 弘,62,43,6.9,2,0.07,114.0,5,4,4230,濱 崎 直 矢,16,63,6.9,4,0.11,,6,5,3942,寺 田 祥,25,67,6.99,5,0.09,
202311031806,徳山クラウン争奪戦開設７０周年記念競走,第2日,2023/11/03,徳山,06R,予選,1800,晴,南東,1,1,逃げ,1,150,1,100,2,140,1-2,300,1,1-2,160,1,1-2,160,1,1-3,300,5,2-3,460,9,1-2-3,1320,3,1-2-3,650,3,1,1,4482,守 屋 美 穂,70,18,6.95,1,0.16,110.3,2,2,4361,柳 生 泰 二,31,25,6.95,2,0.16,111.1,3,3,3562,山 下 和 彦,49,51,6.98,3,0.17,112.9,4,4,4907,小 池 修 平,43,45,6.96,5,0.17,114.7,5,5,4877,鈴 谷 一 平,17,36,7.02,6,0.19,,6,6,3388,今 垣 光太郎,12,14,6.98,4,0.19,
202311031807,徳山クラウン争奪戦開設７０周年記念競走,第2日,2023/11/03,徳山,07R,予選,1800,晴,南西,2,2,逃げ,1,120,1,100,2,190,1-2,530,3,1-2,560,3,1-2,270,3,1-4,150,2,2-4,610,7,1-2-4,1270,4,1-2-4,630,3,1,1,4734,安河内 将,56,20,6.89,1,0.14,111.1,2,2,4933,板 橋 侑 我,68,35,6.96,2,0.13,112.3,3,4,3779,原 田 幸 哉,45,22,6.92,4,0.08,112.7,4,6,4468,大 池 佑 来,61,23,6.97,6,0.22,114.3,5,5,3711,江 本 真 治,19,70,6.99,5,0.25,,6,3,4852,川 原 祐 明,52,31,6.94,3,0.12,
202311031808,徳山クラウン争奪戦開設７０周年記念競走,第2日,2023/11/03,徳山,08R,予選,1800,晴,南,2,2,差し,2,590,2,140,6,730,2-6,12670,21,2-6,5620,13,2-6,1330,13,2-4,520,7,4-6,2090,15,2-6-4,80710,90,2-4-6,8380,18,1,2,3854,吉 川 元 浩,72,58,6.92,2,0.25,110.7,2,6,4886,入 海 馨,50,30,6.98,6,0.03,111.8,3,4,4437,中 田 元 泰,41,69,7.01,4,0.05,113.3,4,5,4238,毒 島 誠,27,34,6.99,5,0.02,114.1,5,1,4798,浜 先 真 範,44,61,6.93,1,0.13,,6,3,4475,末 永 祐 輝,60,62,6.94,3,0.13,
202311031809,徳山クラウン争奪戦開設７０周年記念競走,第2日,2023/11/03,徳山,09R,予選,1800,晴,南西,2,2,逃げ,1,130,1,100,3,240,1-3,460,2,1-3,370,2,1-3,150,2,1-5,440,6,3-5,1250,12,1-3-5,1960,7,1-3-5,1190,5,1,1,4459,片 岡 雅 裕,24,60,6.97,1,0.11,109.2,2,3,5141,大 澤 風 葵,47,21,6.97,3,0.21,111.4,3,5,3716,石 渡 鉄 兵,51,37,6.98,5,0.19,112.8,4,2,3942,寺 田 祥,25,67,6.98,2,0.16,114.7,5,6,4685,島 村 隆 幸,46,57,7.04,6,0.18,,6,4,4239,竹 田 辰 也,21,38,7.0,4,0.18,
202311031810,徳山クラウン争奪戦開設７０周年記念競走,第2日,2023/11/03,徳山,10R,予選,1800,晴,南西,1,1,差し,2,380,2,180,1,100,2-1,990,4,1-2,250,1,1-2,120,1,2-4,200,4,1-4,140,3,2-1-4,1820,7,1-2-4,290,1,1,2,4148,枝 尾 賢,14,68,6.96,2,0.11,110.0,2,1,3961,谷 村 一 哉,18,55,6.95,1,0.14,111.8,3,4,3719,辻 栄 蔵,64,65,6.95,4,0.15,113.2,4,3,4828,松 山 将 吾,59,16,6.98,3,0.14,114.0,5,6,4174,赤 坂 俊 輔,48,40,6.95,6,0.22,,6,5,4938,小 芦 るり華,30,75,6.94,5,0.22,
202311031811,徳山クラウン争奪戦開設７０周年記念競走,第2日,2023/11/03,徳山,11R,予選,1800,晴,南西,1,1,まくり,3,560,3,330,4,340,3-4,1990,7,3-4,1200,4,3-4,320,4,3-6,1010,11,4-6,1030,12,3-4-6,7650,24,3-4-6,2890,12,1,3,3388,今 垣 光太郎,12,14,6.96,3,0.03,110.0,2,4,4762,藤 原 啓史朗,23,66,6.95,4,0.06,112.0,3,6,4256,渡 辺 浩 司,42,39,6.9,6,0.09,112.7,4,5,4064,原 田 篤 志,35,15,7.0,5,0.08,113.9,5,2,4335,若 林 将,55,59,6.94,2,0.11,,6,1,3779,原 田 幸 哉,45,22,6.87,1,0.19,
202311031812,徳山クラウン争奪戦開設７０周年記念競走,第2日,2023/11/03,徳山,12R,ドリーム戦,1800,晴,南西,1,1,差し,3,460,3,100,1,100,3-1,890,4,1-3,250,1,1-3,130,1,3-4,240,5,1-4,170,3,3-1-4,2360,9,1-3-4,430,2,1,3,3960,菊 地 孝 平,63,56,6.84,3,0.08,109.2,2,1,4168,石 野 貴 之,67,73,6.88,1,0.14,111.0,3,4,4013,中 島 孝 平,40,27,6.97,4,0.18,111.7,4,2,3415,松 井 繁,57,32,6.87,2,0.1,112.2,5,6,4686,丸 野 一 樹,36,13,6.9,6,0.21,,6,5,4344,新 田 雄 史,75,74,6.91,5,0.22,
202311031601,第５回児島商工会議所会頭賞,第2日,2023/11/03,児島,01R,朝得ガァ〜コ,1800,晴,南東,1,1,逃げ,1,100,1,100,2,220,1-2,300,2,1-2,290,1,1-2,160,2,1-3,160,2,2-3,320,5,1-2-3,610,2,1-2-3,270,1,1,1,4531,武 富 智 亮,36,22,6.73,1,0.15,109.4,2,2,5170,佐 藤 太 亮,30,14,6.71,2,0.14,110.4,3,3,4957,竹之内 極,37,60,6.79,3,0.16,111.3,4,5,5063,大 塚 雅 治,48,75,6.75,5,0.19,111.7,5,6,5317,長 尾 萌 加,65,23,6.76,6,0.25,,6,4,3334,角 ひとみ,19,41,6.72,4,0.16,
202311031602,第５回児島商工会議所会頭賞,第2日,2023/11/03,児島,02R,予選,1800,晴,北東,1,1,逃げ,1,290,1,100,4,180,1-4,540,1,1-4,510,2,1-4,180,3,1-2,150,2,2-4,120,1,1-4-2,1670,2,1-2-4,470,1,1,1,3982,福 田 理,64,19,6.82,1,0.21,109.6,2,4,5032,谷 口 知 優,12,63,6.73,4,0.11,110.8,3,2,4664,東 口 晃,44,13,6.67,2,0.17,112.3,4,5,4200,早 川 尚 人,28,42,6.72,5,0.1,113.4,5,3,5165,小 林 愛 実,69,73,6.68,3,0.15,,6,6,4946,船 越 健 吾,53,27,6.72,6,0.11,
202311031603,第５回児島商工会議所会頭賞,第2日,2023/11/03,児島,03R,予選,1800,晴,南東,2,3,差し,2,260,2,130,1,130,2-1,440,2,1-2,160,1,1-2,120,1,2-5,340,5,1-5,460,10,2-1-5,1530,6,1-2-5,480,2,1,2,4808,松 尾 拓,35,17,6.69,2,0.24,109.5,2,1,3233,小 畑 実 成,20,40,6.72,1,0.24,110.6,3,5,3401,上 田 隆 章,32,30,6.81,5,0.25,112.3,4,6,5148,松 本 怜,29,55,6.71,6,0.27,113.7,5,3,3445,加 藤 高 史,18,49,6.67,3,0.3,,6,4,5203,神 里 琴 音,56,47,6.73,4,0.26,
202311031604,第５回児島商工会議所会頭賞,第2日,2023/11/03,児島,04R,コジマだ４っ,1800,晴,南東,2,3,まくり,2,770,2,170,1,130,2-1,1040,4,1-2,470,2,1-2,180,2,2-4,230,5,1-4,180,3,2-1-4,2680,9,1-2-4,390,1,1,2,4348,宮 崎 奨,47,21,6.61,3,0.19,109.7,2,1,4967,中 村 魁 生,68,43,6.7,1,0.1,110.6,3,4,4384,鶴 本 崇 文,52,68,6.65,6,0.3,112.2,4,3,3838,伊 藤 啓 三,49,48,6.71,4,0.17,113.8,5,6,4874,池 田 奈津美,38,16,6.73,2,0.11,,6,5,4708,半 田 尚 也,55,45,6.71,5,0.2,
202311031605,第５回児島商工会議所会頭賞,第2日,2023/11/03,児島,05R,日替艇食戦,1800,晴,南東,2,3,逃げ,1,170,1,100,3,150,1-3,410,2,1-3,370,2,1-3,130,1,1-6,160,3,3-6,330,7,1-3-6,1040,2,1-3-6,530,2,1,1,3349,吉 田 一 郎,25,15,6.68,1,0.11,109.3,2,3,4692,酒 井 俊 弘,13,66,6.66,3,0.15,110.7,3,6,4445,宮 地 元 輝,39,71,6.69,6,0.17,112.8,4,4,4434,田 中 辰 彦,41,56,6.61,4,0.24,113.4,5,2,5146,野 田 彩 加,11,46,6.62,2,0.24,,6,5,5181,森 智 哉,67,65,6.75,5,0.27,
202311031606,第５回児島商工会議所会頭賞,第2日,2023/11/03,児島,06R,昼得クラリス,1800,晴,南東,2,3,差し,2,320,2,160,1,110,2-1,780,3,1-2,240,1,1-2,110,2,2-3,120,3,1-3,100,1,2-1-3,1880,6,1-2-3,200,1,1,2,3435,寺 田 千 恵,22,38,6.72,2,0.15,109.4,2,1,4156,浜 野 孝 志,72,11,6.71,1,0.16,110.9,3,3,4210,松 村 康 太,16,51,6.67,3,0.21,112.4,4,4,3910,松 下 知 幸,21,53,6.67,4,0.2,113.3,5,5,3982,福 田 理,64,19,6.71,5,0.2,,6,6,3334,角 ひとみ,19,41,6.71,6,0.22,
202311031607,第５回児島商工会議所会頭賞,第2日,2023/11/03,児島,07R,予選,1800,晴,南東,3,3,差し,2,160,2,120,3,320,2-3,1920,6,2-3,2090,8,2-3,490,7,2-4,230,3,3-4,800,12,2-3-4,9040,40,2-3-4,3350,14,1,2,4776,竹 田 和 哉,24,69,6.7,2,0.1,109.8,2,3,5203,神 里 琴 音,56,47,6.71,3,0.09,111.4,3,4,5170,佐 藤 太 亮,30,14,6.73,4,0.09,112.3,4,6,4085,荻 野 裕 介,46,28,6.68,6,0.1,113.6,5,1,4200,早 川 尚 人,28,42,6.64,1,0.1,,6,5,4066,東 本 勝 利,17,12,6.68,5,0.12,
202311031608,第５回児島商工会議所会頭賞,第2日,2023/11/03,児島,08R,予選,1800,晴,南東,3,3,まくり,4,1670,4,590,5,400,4-5,3080,13,4-5,1100,7,4-5,380,5,1-4,610,9,1-5,310,3,4-5-1,12340,49,1-4-5,1150,7,1,4,3445,加 藤 高 史,18,49,6.64,4,0.16,109.8,2,5,3556,田 中 信一郎,14,26,6.64,5,0.17,111.8,3,1,5063,大 塚 雅 治,48,75,6.76,1,0.15,113.5,4,2,4109,谷 津 幸 宏,58,67,6.65,2,0.24,113.7,5,3,4495,森 晋太郎,40,25,6.62,3,0.2,,6,6,5165,小 林 愛 実,69,73,6.67,6,0.18,
202311031609,第５回児島商工会議所会頭賞,第2日,2023/11/03,児島,09R,予選特賞,1800,晴,南東,3,3,逃げ,1,240,1,100,6,270,1-6,1800,8,1-6,1040,7,1-6,310,6,1-4,280,3,4-6,510,7,1-6-4,4690,20,1-4-6,1040,5,1,1,3681,山 谷 央,23,24,6.62,1,0.14,110.0,2,6,4172,森 定 晃 史,63,32,6.62,5,0.21,110.3,3,4,4692,酒 井 俊 弘,13,66,6.58,4,0.15,113.1,4,2,3974,深 山 祐 二,66,18,6.64,2,0.18,114.6,5,5,5317,長 尾 萌 加,65,23,6.72,6,0.31,,6,3,4296,岡 崎 恭 裕,60,20,6.67,3,0.2,
202311031610,第５回児島商工会議所会頭賞,第2日,2023/11/03,児島,10R,予選特賞,1800,晴,南東,4,3,逃げ,1,200,1,170,6,300,1-6,650,2,1-6,470,2,1-6,160,4,1-2,130,1,2-6,150,3,1-6-2,1320,3,1-2-6,290,1,1,1,4259,真 庭 明 志,71,35,6.71,1,0.19,109.2,2,6,4166,吉 田 拡 郎,27,39,6.7,6,0.12,110.5,3,2,4384,鶴 本 崇 文,52,68,6.64,2,0.18,112.2,4,5,5146,野 田 彩 加,11,46,6.69,5,0.15,113.4,5,4,4156,浜 野 孝 志,72,11,6.77,4,0.11,,6,3,4664,東 口 晃,44,13,6.65,3,0.16,
202311031611,第５回児島商工会議所会頭賞,第2日,2023/11/03,児島,11R,予選特選,1800,晴,南東,3,3,逃げ,1,110,1,100,4,430,1-4,600,3,1-4,520,3,1-4,240,4,1-2,370,6,2-4,850,9,1-4-2,1690,8,1-2-4,570,2,1,1,4776,竹 田 和 哉,24,69,6.56,1,0.12,109.2,2,4,3349,吉 田 一 郎,25,15,6.66,4,0.09,110.8,3,2,3838,伊 藤 啓 三,49,48,6.58,2,0.14,111.9,4,3,4531,武 富 智 亮,36,22,6.67,3,0.13,113.5,5,5,3435,寺 田 千 恵,22,38,6.58,5,0.06,,6,6,3401,上 田 隆 章,32,30,6.69,6,0.1,
202311031612,第５回児島商工会議所会頭賞,第2日,2023/11/03,児島,12R,記者選抜戦,1800,晴,南東,4,3,逃げ,1,110,1,100,6,610,1-6,2400,6,1-6,1830,5,1-6,570,7,1-3,210,4,3-6,750,8,1-6-3,4690,16,1-3-6,720,3,1,1,3556,田 中 信一郎,14,26,6.55,1,0.12,108.9,2,6,4348,宮 崎 奨,47,21,6.62,6,0.14,110.6,3,3,4445,宮 地 元 輝,39,71,6.58,3,0.13,111.0,4,4,4808,松 尾 拓,35,17,6.56,4,0.16,111.3,5,5,4210,松 村 康 太,16,51,6.62,5,0.15,,6,2,4085,荻 野 裕 介,46,28,6.61,2,0.25,
202311031301,マスターズリーグ戦競走第８戦,第3日,2023/11/03,尼崎,01R,朝からセンプ,1800,晴,,0,0,,3,250,3,110,1,160,3-1,450,2,1-3,330,2,1-3,160,1,2-3,290,5,1-2,310,6,3-1-2,2150,8,1-2-3,680,3,1,3,3654,武 田 光 史,1,75,6.78,3,0.3,109.0,2,1,3516,吉 原 聖 人,58,49,6.79,1,0.19,110.1,3,2,3692,竹 腰 正 樹,16,64,6.84,2,0.17,112.7,4,6,3141,山 来 和 人,57,54,6.78,6,0.19,114.0,5,4,3339,泉 具 巳,20,65,6.85,4,0.18,114.9,6,5,3690,河 合 三 弘,54,48,6.91,5,0.17,116.6
202311031302,マスターズリーグ戦競走第８戦,第3日,2023/11/03,尼崎,02R,予選,1800,晴,西,1,0,逃げ,1,130,1,130,4,260,1-4,870,5,1-4,590,3,1-4,190,3,1-6,360,5,4-6,450,7,1-4-6,2740,10,1-4-6,1030,4,1,1,3535,渡 修 平,38,61,6.83,1,0.25,109.5,2,4,3984,坂 口 周,3,29,6.84,4,0.16,110.3,3,6,3975,小野寺 智 洋,24,31,6.74,6,0.14,111.4,4,5,3875,廣 中 良 一,31,55,6.86,5,0.19,112.5,5,2,3713,伊 藤 誠 二,49,33,6.76,2,0.23,114.0,6,3,3668,市 川 猛,26,25,6.86,3,0.25,116.7
202311031303,マスターズリーグ戦競走第８戦,第3日,2023/11/03,尼崎,03R,予選,1800,晴,南西,3,0,差し,5,1390,5,300,2,180,5-2,1880,8,2-5,460,3,2-5,180,3,1-5,170,2,1-2,160,1,5-2-1,5560,22,1-2-5,340,1,1,5,3543,福 田 雅 一,5,32,6.81,5,0.17,109.6,2,2,3621,天 野 晶 夫,11,28,6.86,2,0.19,111.1,3,1,3212,亀 本 勇 樹,51,62,6.87,1,0.17,111.4,4,3,3273,石 田 豪,14,17,6.83,3,0.18,113.0,5,4,3736,岡 本 猛,7,70,6.83,4,0.19,113.8,6,6,3392,小 森 信 雄,60,63,6.83,6,0.2,115.4
202311031304,マスターズリーグ戦競走第８戦,第3日,2023/11/03,尼崎,04R,予選,1800,晴,,0,0,逃げ,1,190,1,100,3,100,1-3,770,4,1-3,540,2,1-3,150,2,1-2,120,1,2-3,280,6,1-3-2,1440,4,1-2-3,330,1,1,1,3902,蜷 川 哲 平,28,45,6.8,1,0.15,109.1,2,3,3548,室 田 泰 史,56,21,6.87,3,0.08,110.0,3,2,3635,石 田 政 吾,37,69,6.82,2,0.13,111.4,4,6,3717,立 間 充 宏,21,24,6.82,6,0.21,113.1,5,5,3637,齋 藤 和 政,8,47,6.85,5,0.17,114.4,6,4,3286,坂 東 満,27,11,6.84,4,0.14,116.5
202311031305,マスターズリーグ戦競走第８戦,第3日,2023/11/03,尼崎,05R,予選,1800,晴,西,2,0,差し,5,1650,5,610,3,400,5-3,8070,20,3-5,2400,10,3-5,1090,11,2-5,310,6,2-3,280,3,5-3-2,39830,69,2-3-5,1820,8,1,5,3852,澤 大 介,18,26,6.88,5,0.01,108.5,2,3,3022,西 山 昇 一,23,30,6.83,3,0.17,110.4,3,2,3679,飯 島 昌 弘,22,39,6.87,2,0.18,111.8,4,4,3983,須 藤 博 倫,32,37,6.87,4,0.06,112.3,5,1,3563,堤 昇,30,52,6.86,1,0.23,113.6,6,6,3701,大 西 隆 洋,15,68,6.84,6,0.02,115.3
202311031306,マスターズリーグ戦競走第８戦,第3日,2023/11/03,尼崎,06R,昼どきピンク,1800,晴,西,4,0,,2,3390,2,190,1,130,2-1,3860,7,1-2,370,3,1-2,170,3,2-3,480,7,1-3,160,2,2-1-3,17420,29,1-2-3,710,3,1,2,3714,梶 原 正,40,14,6.87,2,0.18,110.4,2,1,3612,馬 袋 義 則,17,67,6.83,1,0.27,111.4,3,3,3692,竹 腰 正 樹,16,64,6.83,3,0.19,112.7,4,4,3319,山 崎 義 明,34,40,6.84,4,0.12,113.1,5,5,3682,切 田 潤 二,44,73,6.83,5,0.15,115.1,6,6,3370,坪 内 実,61,23,6.8,6,0.16,115.8
202311031307,マスターズリーグ戦競走第８戦,第3日,2023/11/03,尼崎,07R,予選,1800,晴,西,6,4,差し,5,310,5,340,1,250,5-1,1460,6,1-5,480,3,1-5,230,4,3-5,570,9,1-3,260,5,5-1-3,6650,31,1-3-5,1030,6,1,5,3984,坂 口 周,3,29,6.83,5,0.24,109.6,2,1,3273,石 田 豪,14,17,6.77,1,0.33,111.3,3,3,3516,吉 原 聖 人,58,49,6.78,3,0.29,112.3,4,2,3629,浅 見 昌 克,33,22,6.85,2,0.27,113.6,5,4,3740,大 澤 普 司,47,74,6.81,4,0.22,114.1,6,6,3544,豊 田 訓 靖,52,38,6.87,6,0.3,114.8
202311031308,マスターズリーグ戦競走第８戦,第3日,2023/11/03,尼崎,08R,予選,1800,晴,南西,4,0,差し,4,1620,4,170,1,160,4-1,7690,19,1-4,1910,7,1-4,440,7,4-5,700,11,1-5,170,2,4-1-5,18820,49,1-4-5,1060,5,1,4,3875,廣 中 良 一,31,55,6.81,4,0.18,117.8,2,1,3664,鈴 木 賢 一,4,19,6.76,1,0.21,120.9,3,5,3876,中 辻 崇 人,59,41,6.76,5,0.15,122.3,4,2,3543,福 田 雅 一,5,32,6.78,2,0.23,127.2,5,3,3637,齋 藤 和 政,8,47,6.85,3,0.21,128.4,,,,,,,,,,
202311031309,マスターズリーグ戦競走第８戦,第3日,2023/11/03,尼崎,09R,予選特賞,1800,晴,西,4,0,逃げ,1,110,1,100,2,310,1-2,540,4,1-2,430,3,1-2,130,1,1-6,330,5,2-6,870,14,1-2-6,2940,16,1-2-6,1720,10,1,1,3713,伊 藤 誠 二,49,33,6.78,1,0.1,109.4,2,2,3392,小 森 信 雄,60,63,6.85,2,0.16,111.2,3,6,3352,小 川 晃 司,53,27,6.89,6,0.05,112.4,4,4,3563,堤 昇,30,52,6.87,4,0.1,113.1,5,5,3902,蜷 川 哲 平,28,45,6.85,5,0.1,113.8,6,3,3246,星 野 政 彦,55,43,6.8,3,0.12,113.9
202311031310,マスターズリーグ戦競走第８戦,第3日,2023/11/03,尼崎,10R,予選特賞,1800,晴,南西,4,0,,4,290,4,150,1,110,4-1,500,2,1-4,260,1,1-4,120,1,4-6,170,3,1-6,140,2,4-1-6,1350,2,1-4-6,290,1,1,4,3975,小野寺 智 洋,24,31,6.73,4,0.08,109.7,2,1,3251,平 石 和 男,46,66,6.76,1,0.19,110.2,3,6,3679,飯 島 昌 弘,22,39,6.82,6,0.06,112.5,4,2,3370,坪 内 実,61,23,6.78,2,0.19,113.7,5,5,3141,山 来 和 人,57,54,6.78,5,0.15,113.9,6,3,3736,岡 本 猛,7,70,6.83,3,0.18,115.8
202311031311,マスターズリーグ戦競走第８戦,第3日,2023/11/03,尼崎,11R,予選特選,1800,晴,西,3,0,差し,2,1370,2,190,4,150,2-4,2240,8,2-4,970,6,2-4,210,3,1-2,120,1,1-4,140,2,2-4-1,4850,19,1-2-4,320,1,1,2,3852,澤 大 介,18,26,6.87,2,0.11,108.9,2,4,3635,石 田 政 吾,37,69,6.79,4,0.05,109.1,3,1,3621,天 野 晶 夫,11,28,6.84,1,0.09,111.0,4,5,3740,大 澤 普 司,47,74,6.84,5,0.07,111.5,5,3,3690,河 合 三 弘,54,48,6.91,3,0.13,113.7,6,6,3319,山 崎 義 明,34,40,6.81,6,0.16,114.6
202311031312,マスターズリーグ戦競走第８戦,第3日,2023/11/03,尼崎,12R,予選特選,1800,晴,西,4,0,逃げ,1,120,1,100,5,220,1-5,600,3,1-5,500,3,1-5,240,3,1-6,830,10,5-6,1820,14,1-5-6,6090,17,1-5-6,3150,9,1,1,3876,中 辻 崇 人,59,41,6.76,1,0.16,108.5,2,5,3654,武 田 光 史,1,75,6.78,5,0.1,109.8,3,6,3629,浅 見 昌 克,33,22,6.84,6,0.09,111.5,4,4,3406,中 里 英 夫,2,71,6.8,4,0.13,111.8,5,2,3022,西 山 昇 一,23,30,6.8,2,0.16,113.3,6,3,3612,馬 袋 義 則,17,67,6.81,3,0.18,115.4
202311031201,三都市対抗サンケイスポーツ旗争奪第６６回ＧＳＳ競走,第5日,2023/11/03,住之江,01R,一般戦,1800,晴,北東,1,1,まくり,2,520,2,320,6,510,2-6,11390,21,2-6,7350,12,2-6,370,8,1-2,180,2,1-6,560,11,2-6-1,26390,68,1-2-6,3800,11,1,2,5046,松 山 裕 基,61,80,6.85,5,0.04,110.0,2,6,5302,秋 末 秦 悟,15,58,6.89,6,0.13,111.8,3,1,3107,平 岡 重 典,53,94,6.87,1,0.17,113.6,4,4,4834,浜 本 裕 己,57,82,6.86,3,0.23,114.7,5,5,3507,藤 井 徹,71,20,6.91,4,0.23,116.4,6,3,3243,佐 野 隆 仁,68,21,6.91,2,0.25,117.5
202311031202,三都市対抗サンケイスポーツ旗争奪第６６回ＧＳＳ競走,第5日,2023/11/03,住之江,02R,一般戦,1800,晴,,0,1,まくり,4,600,4,280,5,150,4-5,1520,6,4-5,1230,5,4-5,300,3,4-6,1190,12,5-6,1190,12,4-5-6,7340,22,4-5-6,3300,9,1,4,4568,廣 瀬 真 也,67,18,6.84,4,0.15,110.2,2,5,3978,齊 藤 仁,79,70,6.95,5,0.14,112.5,3,6,4780,マイケル 田 代,59,90,6.96,6,0.14,113.2,4,2,4211,村 田 敦,39,81,6.94,2,0.23,113.9,5,1,3771,折 下 寛 法,36,11,6.89,1,0.18,115.3,6,3,4274,長 畑 友 輔,84,87,6.94,3,0.4,116.1
202311031203,三都市対抗サンケイスポーツ旗争奪第６６回ＧＳＳ競走,第5日,2023/11/03,住之江,03R,一般戦,1800,晴,,0,1,まくり,3,260,3,100,1,100,3-1,540,2,1-3,200,1,1-3,120,1,3-6,480,7,1-6,1090,12,3-1-6,3650,14,1-3-6,1630,5,1,3,4236,松 村 敏,85,69,6.81,4,0.1,110.1,2,1,4079,出 畑 孝 典,69,85,6.84,1,0.16,111.6,3,6,4942,柴 田 朋 哉,83,30,6.8,6,0.31,113.6,4,2,3741,松 尾 基 成,23,34,6.95,3,0.17,114.0,5,4,3257,田 頭 実,12,51,6.88,2,0.13,115.3,6,5,3953,志 道 吉 和,81,13,6.86,5,0.22,117.7
202311031204,三都市対抗サンケイスポーツ旗争奪第６６回ＧＳＳ競走,第5日,2023/11/03,住之江,04R,一般戦,1800,晴,,0,1,逃げ,1,110,1,130,5,330,1-5,1700,6,1-5,1230,6,1-5,360,5,1-3,300,4,3-5,1220,15,1-5-3,9580,30,1-3-5,3100,12,1,1,4366,前 沢 丈 史,76,74,6.84,1,0.07,110.0,2,5,3347,矢 後 剛,80,31,6.89,5,0.19,111.3,3,3,3313,本 吉 正 樹,60,65,6.87,3,0.1,112.5,4,4,4184,渡 邊 雄一郎,38,64,6.87,4,0.14,113.2,5,6,4042,丸 岡 正 典,52,60,6.89,6,0.12,113.5,6,2,3290,倉 谷 和 信,14,22,6.9,2,0.14,117.0
202311031205,三都市対抗サンケイスポーツ旗争奪第６６回ＧＳＳ競走,第5日,2023/11/03,住之江,05R,一般戦,1800,晴,,0,1,逃げ,1,110,1,100,6,290,1-6,440,2,1-6,320,1,1-6,150,1,1-5,390,7,5-6,390,6,1-6-5,2130,9,1-5-6,770,4,1,1,4102,益 田 啓 司,66,28,6.82,1,0.15,109.6,2,6,4959,井 上 忠 政,78,67,6.82,6,0.11,111.5,3,5,5046,松 山 裕 基,61,80,6.83,5,0.1,112.5,4,4,4679,植 田 太 一,58,55,6.84,4,0.15,113.1,5,3,3911,鈴 木 猛,21,37,6.91,3,0.17,114.2,6,2,4615,板 倉 敦 史,88,39,6.86,2,0.22,115.6
202311031206,三都市対抗サンケイスポーツ旗争奪第６６回ＧＳＳ競走,第5日,2023/11/03,住之江,06R,一般戦,1800,晴,,0,1,差し,5,680,5,570,4,2210,5-4,6690,11,4-5,3320,7,4-5,450,6,3-5,350,5,3-4,640,7,5-4-3,41250,41,3-4-5,8260,12,1,5,4451,松 崎 祐太郎,51,56,6.94,5,0.15,109.9,2,4,4465,大 西 賢,34,76,6.88,4,0.12,111.2,3,3,3340,池 田 雷 太,87,88,6.87,3,0.25,113.3,4,1,4928,栗 城 匠,62,25,6.87,1,0.29,114.4,5,2,4232,笠 雅 雄,26,63,6.89,2,0.23,116.5,6,6,5260,佐々木 海 成,10,52,6.9,6,0.22,118.0
202311031207,三都市対抗サンケイスポーツ旗争奪第６６回ＧＳＳ競走,第5日,2023/11/03,住之江,07R,一般戦,1800,晴,,0,1,,1,140,1,100,2,170,1-2,290,1,1-2,260,2,1-2,130,2,1-6,130,1,2-6,140,3,1-2-6,480,1,1-2-6,170,1,1,1,4189,川 上 剛,22,23,6.86,1,0.11,111.4,2,2,4022,待 鳥 雄 紀,35,29,6.91,2,0.1,111.8,3,6,4311,岡 村 仁,16,17,6.93,6,0.15,112.8,4,4,4274,長 畑 友 輔,84,87,6.93,4,0.25,114.6,5,3,3491,富 永 茂,20,93,6.91,3,0.37,116.5,6,5,5235,岩 田 凌,37,32,6.85,5,0.17,118.3
202311031208,三都市対抗サンケイスポーツ旗争奪第６６回ＧＳＳ競走,第5日,2023/11/03,住之江,08R,一般戦,1800,晴,,0,1,逃げ,1,100,1,140,3,220,1-3,400,2,1-3,330,2,1-3,160,2,1-2,140,1,2-3,200,5,1-3-2,1110,3,1-2-3,310,1,1,1,4561,藤 山 翔 大,17,71,6.76,1,0.21,110.6,2,3,3800,牧 宏 次,50,91,6.92,3,0.15,111.2,3,2,4568,廣 瀬 真 也,67,18,6.83,2,0.15,112.7,4,4,4864,小 川 日紀太,65,86,6.9,4,0.17,114.1,5,5,4393,田 中 孝 明,86,50,6.89,5,0.21,115.1,6,6,3881,浦 上 拓 也,55,77,6.93,6,0.22,117.7
202311031209,三都市対抗サンケイスポーツ旗争奪第６６回ＧＳＳ競走,第5日,2023/11/03,住之江,09R,準優勝戦,1800,晴,,0,1,逃げ,1,130,1,100,2,150,1-2,210,1,1-2,150,1,1-2,130,1,1-6,380,6,2-6,530,8,1-2-6,1130,4,1-2-6,840,3,1,1,4959,井 上 忠 政,78,67,6.81,1,0.13,109.4,2,2,4042,丸 岡 正 典,52,60,6.85,2,0.12,110.5,3,6,4366,前 沢 丈 史,76,74,6.91,6,0.21,111.1,4,4,3107,平 岡 重 典,53,94,6.92,4,0.14,113.5,5,5,4615,板 倉 敦 史,88,39,6.88,5,0.22,114.2,6,3,3257,田 頭 実,12,51,6.88,3,0.14,114.6
202311031210,三都市対抗サンケイスポーツ旗争奪第６６回ＧＳＳ競走,第5日,2023/11/03,住之江,10R,準優勝戦,1800,晴,,0,1,差し,5,820,5,1270,2,270,5-2,6210,12,2-5,3260,7,2-5,320,7,1-5,200,3,1-2,140,2,5-2-1,17280,36,1-2-5,530,3,1,5,4928,栗 城 匠,62,25,6.85,5,0.13,110.3,2,2,4451,松 崎 祐太郎,51,56,6.92,2,0.22,111.6,3,1,3978,齊 藤 仁,79,70,6.82,1,0.14,112.2,4,6,3771,折 下 寛 法,36,11,6.99,6,0.19,113.1,5,3,4679,植 田 太 一,58,55,6.9,3,0.2,115.5,6,4,4102,益 田 啓 司,66,28,6.86,4,0.12,118.2
202311031211,三都市対抗サンケイスポーツ旗争奪第６６回ＧＳＳ競走,第5日,2023/11/03,住之江,11R,準優勝戦,1800,晴,,0,1,差し,4,1000,4,460,2,110,4-2,6720,14,2-4,1110,5,2-4,190,5,1-4,190,4,1-2,110,1,4-2-1,9940,34,1-2-4,290,1,1,4,4189,川 上 剛,22,23,6.87,2,0.09,109.7,2,2,4236,松 村 敏,85,69,6.82,4,0.1,110.0,3,1,4311,岡 村 仁,16,17,6.9,1,0.07,112.0,4,3,4184,渡 邊 雄一郎,38,64,6.91,5,0.14,113.2,5,5,4079,出 畑 孝 典,69,85,6.88,6,0.2,114.7,6,6,3290,倉 谷 和 信,14,22,6.95,3,0.2,117.4
202311031212,三都市対抗サンケイスポーツ旗争奪第６６回ＧＳＳ競走,第5日,2023/11/03,住之江,12R,一般戦,1800,晴,,0,1,逃げ,1,110,1,150,3,490,1-3,490,2,1-3,560,2,1-3,200,3,1-4,190,2,3-4,470,10,1-3-4,1520,5,1-3-4,700,4,1,1,3881,浦 上 拓 也,55,77,6.84,1,0.11,110.2,2,3,4465,大 西 賢,34,76,6.87,3,0.14,111.9,3,4,3340,池 田 雷 太,87,88,6.87,4,0.16,113.2,4,2,3347,矢 後 剛,80,31,6.89,2,0.14,113.7,5,5,4022,待 鳥 雄 紀,35,29,6.96,5,0.2,115.8,6,6,4211,村 田 敦,39,81,6.96,6,0.22,116.6
202311031001,ヴィーナスシリーズ第１５戦　三国プリンセスカップ,第1日,2023/11/03,三国,01R,予選,1800,晴,南東,3,3,差し,4,1630,4,270,1,110,4-1,5470,16,1-4,1500,6,1-4,330,5,2-4,620,10,1-2,160,1,4-1-2,26000,56,1-2-4,1650,5,1,4,5230,石 原 凪 紗,50,15,6.67,4,0.18,109.8,2,1,4611,今 井 美 亜,19,17,6.8,1,0.17,110.5,3,2,3474,松 瀬 弘 美,54,36,6.65,2,0.25,112.9,4,3,4784,向井田 真 紀,35,46,6.69,3,0.29,114.4,5,5,4519,清 水 沙 樹,62,56,6.75,5,0.24,,6,6,4974,安 井 瑞 紀,24,43,6.79,6,0.16,
202311031002,ヴィーナスシリーズ第１５戦　三国プリンセスカップ,第1日,2023/11/03,三国,02R,予選,1800,晴,南東,4,3,差し,2,520,2,320,1,340,2-1,720,3,1-2,190,1,1-2,110,1,2-3,200,4,1-3,130,2,2-1-3,1410,5,1-2-3,240,1,1,2,4963,實 森 美 祐,33,53,6.75,2,0.21,109.0,2,1,4011,堀之内 紀代子,51,24,6.69,1,0.2,112.3,3,3,4680,後 藤 美 翼,55,65,6.73,3,0.26,113.0,4,4,4473,藤 堂 里 香,61,59,6.71,4,0.27,114.8,5,5,5182,宮 崎 安 奈,13,67,6.73,5,0.25,,6,6,5164,森 田 梨 湖,34,21,6.8,6,0.24,
202311031003,ヴィーナスシリーズ第１５戦　三国プリンセスカップ,第1日,2023/11/03,三国,03R,予選,1800,晴,南東,5,4,,3,130,3,110,2,160,3-2,420,2,2-3,280,1,2-3,110,1,3-6,140,2,2-6,220,4,3-2-6,740,1,2-3-6,280,1,1,3,4050,田 口 節 子,18,19,6.73,2,0.21,109.4,2,2,5205,刑 部 亜里紗,57,23,6.73,3,0.27,111.2,3,6,4590,渡 邉 優 美,42,33,6.71,5,0.21,112.7,4,1,4924,中 北 涼,66,52,6.75,1,0.2,115.2,5,4,3693,栢 場 優 子,74,18,6.73,4,0.19,,6,5,5116,金 子 七 海,43,54,6.75,6,0.2,
202311031004,ヴィーナスシリーズ第１５戦　三国プリンセスカップ,第1日,2023/11/03,三国,04R,予選,1800,晴,南東,4,3,まくり,4,210,4,130,5,860,4-5,4630,10,4-5,4020,10,4-5,460,7,1-4,160,1,1-5,880,12,4-5-1,14000,34,1-4-5,2250,8,1,4,4502,遠 藤 エ ミ,25,32,6.71,4,0.28,108.0,2,5,5248,本 田 愛,15,25,6.73,5,0.36,111.8,3,1,4994,山 本 梨 菜,58,35,6.63,1,0.29,112.6,4,6,4965,福 岡 泉 水,29,45,6.69,6,0.36,114.7,5,3,4399,松 本 晶 恵,71,40,6.71,3,0.31,,6,2,5162,松 尾 怜 実,21,61,6.71,2,0.33,
202311031005,ヴィーナスシリーズ第１５戦　三国プリンセスカップ,第1日,2023/11/03,三国,05R,予選,1800,晴,南東,3,3,まくり,5,360,5,180,1,120,5-1,1090,4,1-5,400,2,1-5,180,3,4-5,420,7,1-4,320,4,5-1-4,4970,18,1-4-5,640,2,1,5,4556,竹 井 奈 美,63,44,6.73,5,0.22,109.7,2,1,4536,喜 井 つかさ,60,14,6.69,1,0.18,111.6,3,4,4400,加 藤 奈 月,16,27,6.86,4,0.23,112.8,4,3,5173,谷 口 佳 蓮,40,60,6.88,3,0.17,115.8,5,6,4784,向井田 真 紀,35,46,6.77,6,0.22,,6,2,4746,大豆生田 蒼,38,31,6.71,2,0.17,
202311031006,ヴィーナスシリーズ第１５戦　三国プリンセスカップ,第1日,2023/11/03,三国,06R,予選,1800,晴,南東,3,3,差し,2,1300,2,340,5,310,2-5,3160,17,2-5,1420,9,2-5,390,8,2-3,570,10,3-5,280,5,2-5-3,10020,52,2-3-5,1820,9,1,2,4974,安 井 瑞 紀,24,43,6.79,2,0.17,111.1,2,5,4738,清 埜 翔 子,47,49,6.75,5,0.23,112.1,3,3,5193,米 丸 乃 絵,68,29,6.75,3,0.21,113.5,4,1,5118,野 田 なづき,65,69,6.65,1,0.32,114.8,5,4,4372,原 田 佑 実,45,68,6.82,4,0.21,,6,6,5251,沼 田 七 華,44,47,6.82,6,0.43,
202311031007,ヴィーナスシリーズ第１５戦　三国プリンセスカップ,第1日,2023/11/03,三国,07R,予選,1800,晴,南東,1,1,まくり,3,180,3,110,4,150,3-4,520,1,3-4,270,1,3-4,150,1,3-5,340,6,4-5,310,4,3-4-5,1530,3,3-4-5,610,2,1,3,4011,堀之内 紀代子,51,24,6.77,3,0.19,110.0,2,4,4589,塩 崎 桐 加,69,37,6.78,4,0.16,111.6,3,5,5069,山 崎 小葉音,30,16,6.67,5,0.13,114.0,4,6,4733,赤 井 睦,14,13,6.79,6,0.19,115.5,5,1,4317,木 村 紗友希,28,72,6.71,1,0.23,,6,2,3693,栢 場 優 子,74,18,6.69,2,0.31,
202311031008,ヴィーナスシリーズ第１５戦　三国プリンセスカップ,第1日,2023/11/03,三国,08R,予選,1800,晴,,0,0,まくり,2,200,2,170,3,160,2-3,420,1,2-3,340,1,2-3,150,1,2-4,330,7,3-4,340,8,2-3-4,2340,6,2-3-4,820,4,1,2,4045,佐々木 裕 美,11,48,6.8,2,0.13,110.3,2,3,4478,櫻 本 あゆみ,17,30,6.86,3,0.14,111.9,3,4,5156,坂 野 さくら,39,39,6.75,4,0.11,113.8,4,1,5198,奥 村 明日香,70,50,6.61,1,0.21,115.2,5,5,5205,刑 部 亜里紗,57,23,6.79,5,0.18,,6,6,5265,大 廣 咲 季,49,28,6.67,6,0.25,
202311031009,ヴィーナスシリーズ第１５戦　三国プリンセスカップ,第1日,2023/11/03,三国,09R,予選特賞,1800,晴,西,2,2,差し,3,220,3,170,4,160,3-4,440,2,3-4,230,1,3-4,130,1,3-6,210,4,4-6,230,5,3-4-6,1080,1,3-4-6,400,2,1,3,4909,薮 内 瑞 希,32,63,6.86,3,0.16,110.0,2,4,4399,松 本 晶 恵,71,40,6.77,4,0.23,110.9,3,6,3474,松 瀬 弘 美,54,36,6.86,6,0.32,114.2,4,5,5153,佐 藤 ほのか,27,12,6.96,5,0.22,116.0,5,1,5192,中 尾 優 香,64,62,6.79,1,0.05,,6,2,5116,金 子 七 海,43,54,6.88,2,0.15,
202311031010,ヴィーナスシリーズ第１５戦　三国プリンセスカップ,第1日,2023/11/03,三国,10R,予選特賞,1800,晴,西,1,1,逃げ,1,120,1,120,4,200,1-4,320,2,1-4,250,1,1-4,120,1,1-2,210,4,2-4,310,6,1-4-2,1120,3,1-2-4,340,2,1,1,4519,清 水 沙 樹,62,56,6.71,1,0.15,110.1,2,4,4746,大豆生田 蒼,38,31,6.75,4,0.11,111.6,3,2,4965,福 岡 泉 水,29,45,6.77,2,0.21,113.6,4,5,4924,中 北 涼,66,52,6.9,5,0.02,115.3,5,3,4473,藤 堂 里 香,61,59,6.82,3,0.13,,,,,,,,,,,
202311031011,ヴィーナスシリーズ第１５戦　三国プリンセスカップ,第1日,2023/11/03,三国,11R,記者特選,1800,晴,西,1,1,逃げ,1,140,1,100,3,160,1-3,470,2,1-3,430,2,1-3,120,2,1-4,110,1,3-4,140,3,1-3-4,780,2,1-3-4,190,1,1,1,4738,清 埜 翔 子,47,49,6.81,1,0.09,109.4,2,3,4589,塩 崎 桐 加,69,37,6.77,3,0.12,110.8,3,4,4050,田 口 節 子,18,19,6.73,4,0.15,111.9,4,2,4400,加 藤 奈 月,16,27,6.86,2,0.13,113.5,5,5,4994,山 本 梨 菜,58,35,6.79,5,0.18,,6,6,4680,後 藤 美 翼,55,65,6.77,6,0.17,
202311031012,ヴィーナスシリーズ第１５戦　三国プリンセスカップ,第1日,2023/11/03,三国,12R,女王ドリーム,1800,晴,西,2,2,差し,2,560,2,110,1,100,2-1,1050,5,1-2,170,1,1-2,120,1,2-5,420,8,1-5,220,3,2-1-5,4600,16,1-2-5,490,3,1,2,4590,渡 邉 優 美,42,33,6.82,2,0.12,107.9,2,1,4502,遠 藤 エ ミ,25,32,6.73,1,0.07,110.3,3,5,4536,喜 井 つかさ,60,14,6.76,5,0.07,112.5,4,4,4478,櫻 本 あゆみ,17,30,6.79,4,0.07,114.3,5,3,4611,今 井 美 亜,19,17,6.88,3,0.07,,6,6,4963,實 森 美 祐,33,53,6.84,6,0.06,
202311030801,第３４回中日スポーツ銀杯争奪戦,第1日,2023/11/03,常滑,01R,予選,1800,晴,西,2,1,差し,5,400,5,130,1,100,5-1,940,5,1-5,270,1,1-5,140,2,4-5,500,7,1-4,180,3,5-1-4,4930,16,1-4-5,700,4,1,5,5042,畑 田 汰 一,23,54,6.69,5,0.17,108.8,2,1,3837,秋 山 広 一,22,66,6.7,1,0.19,110.9,3,4,4035,杉 江 浩 明,31,27,6.7,4,0.23,112.3,4,3,3757,畑 和 宏,34,65,6.73,3,0.22,112.6,5,2,5039,倉 田 茂 将,14,37,6.7,2,0.23,,6,6,5295,田 上 凜,7,61,6.61,6,0.41,
202311030802,第３４回中日スポーツ銀杯争奪戦,第1日,2023/11/03,常滑,02R,予選,1800,晴,西,2,1,差し,3,230,3,100,1,100,3-1,550,2,1-3,200,1,1-3,140,1,3-6,340,6,1-6,370,8,3-1-6,1640,4,1-3-6,530,2,1,3,4471,新 田 泰 章,59,51,6.66,3,0.25,110.1,2,1,4730,土 屋 実沙希,2,42,6.63,1,0.17,111.7,3,6,4888,金 児 隆 太,46,48,6.7,6,0.25,113.0,4,4,4641,磯 村 匠,3,34,6.64,4,0.27,114.0,5,2,5020,宮 村 勇 哉,44,62,6.72,2,0.2,,6,5,4171,榎 幸 司,27,63,6.75,5,0.23,
202311030803,第３４回中日スポーツ銀杯争奪戦,第1日,2023/11/03,常滑,03R,予選,1800,晴,西,1,0,まくり,4,970,4,940,6,360,4-6,10340,18,4-6,6610,12,4-6,1190,13,4-5,1890,15,5-6,1400,14,4-6-5,47330,81,4-5-6,11700,19,1,4,4196,田 中 太一郎,9,33,6.66,4,0.14,110.2,2,6,4998,中 村 かなえ,58,64,6.68,6,0.1,110.9,3,5,5033,藤 原 孝 斗,28,46,6.73,5,0.12,112.6,4,2,4691,水 原 慎,25,30,6.67,2,0.18,113.6,5,1,3905,天 野 友 和,30,23,6.73,1,0.22,,6,3,4824,松 井 洪 弥,41,56,6.69,3,0.19,
202311030804,第３４回中日スポーツ銀杯争奪戦,第1日,2023/11/03,常滑,04R,予選,1800,晴,西,1,0,逃げ,1,100,1,100,2,240,1-2,560,3,1-2,600,4,1-2,240,4,1-6,160,1,2-6,1280,13,1-2-6,2460,11,1-2-6,1570,8,1,1,4812,西 野 雄 貴,13,68,6.72,1,0.15,109.1,2,2,3372,加 藤 雅 之,11,45,6.75,2,0.17,111.3,3,6,4452,松 尾 祭,56,60,6.69,6,0.18,112.5,4,5,4695,尾 崎 雄 二,6,50,6.76,5,0.19,113.4,5,4,3986,沖 島 広 和,36,15,6.8,4,0.16,,6,3,4243,西 村 歩,21,36,6.78,3,0.13,
202311030805,第３４回中日スポーツ銀杯争奪戦,第1日,2023/11/03,常滑,05R,予選,1800,晴,西,1,0,逃げ,1,150,1,110,6,450,1-6,1370,5,1-6,990,4,1-6,320,5,1-4,130,1,4-6,560,8,1-6-4,3600,12,1-4-6,560,3,1,1,4199,北 川 潤 二,51,71,6.76,1,0.09,110.1,2,6,3757,畑 和 宏,34,65,6.71,6,0.19,111.3,3,4,3307,上 瀧 和 則,45,13,6.77,2,0.15,113.2,4,2,5019,柴 田 百 恵,8,52,6.72,3,0.19,113.4,5,5,3753,河 上 哲 也,15,40,6.76,5,0.21,,6,3,4034,西 原 明 生,53,59,6.73,4,0.19,
202311030806,第３４回中日スポーツ銀杯争奪戦,第1日,2023/11/03,常滑,06R,予選,1800,晴,南西,1,0,逃げ,1,170,1,120,6,120,1-6,230,1,1-6,160,1,1-6,100,1,1-3,150,3,3-6,150,2,1-6-3,650,1,1-3-6,210,1,1,1,3659,藤 生 雄 人,24,44,6.73,1,,109.6,2,6,3744,徳 増 秀 樹,5,12,6.64,4,0.04,110.5,3,3,3769,佐 竹 恒 彦,52,74,6.77,5,0.01,112.6,4,5,5039,倉 田 茂 将,14,37,6.8,3,0.04,113.0,5,4,4724,吉 田 祐 貴,35,53,6.71,6,0.08,,,,,,,,,,,
202311030807,第３４回中日スポーツ銀杯争奪戦,第1日,2023/11/03,常滑,07R,予選,1800,晴,東,1,0,,1,160,1,120,2,420,1-2,930,3,1-2,900,2,1-2,240,2,1-6,280,3,2-6,1190,12,1-2-6,3950,13,1-2-6,1820,6,1,1,4209,藤 田 竜 弘,50,55,6.73,1,0.23,110.7,2,2,3277,齋 藤 勇,37,16,6.71,2,0.19,111.4,3,6,4298,宮 下 元 胤,17,72,6.7,6,0.17,112.9,4,3,4387,平 山 智 加,16,58,6.69,3,0.23,113.3,5,5,4691,水 原 慎,25,30,6.66,5,0.37,,6,4,5020,宮 村 勇 哉,44,62,6.83,4,0.22,
202311030808,第３４回中日スポーツ銀杯争奪戦,第1日,2023/11/03,常滑,08R,予選,1800,晴,南西,1,0,逃げ,1,180,1,110,6,490,1-6,3110,10,1-6,1170,4,1-6,410,6,1-3,150,2,3-6,280,3,1-6-3,5080,14,1-3-6,490,3,1,1,4171,榎 幸 司,27,63,6.75,1,0.18,110.2,2,6,5005,石 田 貴 洋,33,70,6.73,6,0.17,110.7,3,3,4831,羽 野 直 也,57,47,6.74,3,0.15,112.6,4,2,4382,高 山 智 至,54,57,6.75,2,0.22,113.7,5,4,5033,藤 原 孝 斗,28,46,6.66,4,0.19,,6,5,3372,加 藤 雅 之,11,45,6.69,5,0.24,
202311030809,第３４回中日スポーツ銀杯争奪戦,第1日,2023/11/03,常滑,09R,予選特賞,1800,晴,南東,1,0,逃げ,1,120,1,120,6,330,1-6,2520,10,1-6,1940,7,1-6,580,7,1-2,310,5,2-6,1240,15,1-6-2,16100,44,1-2-6,2560,11,1,1,3986,沖 島 広 和,36,15,6.68,1,0.22,109.9,2,6,3906,飯 山 晃 三,48,69,6.76,6,0.22,111.9,3,2,4196,田 中 太一郎,9,33,6.66,2,0.24,112.9,4,4,4888,金 児 隆 太,46,48,6.74,4,0.31,113.8,5,5,3837,秋 山 広 一,22,66,6.73,5,0.2,,6,3,3753,河 上 哲 也,15,40,6.77,3,0.22,
202311030810,第３４回中日スポーツ銀杯争奪戦,第1日,2023/11/03,常滑,10R,予選特賞,1800,晴,南東,2,1,差し,5,1140,5,360,4,510,5-4,21960,26,4-5,7320,12,4-5,640,9,1-5,400,4,1-4,360,2,5-4-1,40130,58,1-4-5,2050,8,1,5,4641,磯 村 匠,3,34,6.73,4,0.24,110.1,2,4,4695,尾 崎 雄 二,6,50,6.69,6,0.25,111.0,3,1,5042,畑 田 汰 一,23,54,6.69,1,0.27,111.2,4,2,4034,西 原 明 生,53,59,6.73,2,0.32,113.6,5,6,3769,佐 竹 恒 彦,52,74,6.75,5,0.27,,6,3,4998,中 村 かなえ,58,64,6.7,3,0.2,
202311030811,第３４回中日スポーツ銀杯争奪戦,第1日,2023/11/03,常滑,11R,予選特選,1800,晴,南東,1,0,まくり,2,990,2,240,1,130,2-1,2390,8,1-2,380,1,1-2,170,1,2-4,360,8,1-4,240,3,2-1-4,8020,31,1-2-4,500,1,1,2,3659,藤 生 雄 人,24,44,6.79,3,0.14,110.0,2,1,4471,新 田 泰 章,59,51,6.76,1,0.16,111.3,3,4,4452,松 尾 祭,56,60,6.79,5,0.2,112.6,4,5,3307,上 瀧 和 則,45,13,6.8,2,0.23,114.1,5,3,4298,宮 下 元 胤,17,72,6.71,4,0.17,,6,6,4824,松 井 洪 弥,41,56,6.73,6,0.21,
202311030812,第３４回中日スポーツ銀杯争奪戦,第1日,2023/11/03,常滑,12R,予選ドリーム,1800,晴,南東,1,0,逃げ,1,110,1,100,2,170,1-2,240,1,1-2,190,1,1-2,100,1,1-4,150,2,2-4,200,4,1-2-4,590,2,1-2-4,330,2,1,1,4831,羽 野 直 也,57,47,6.7,1,0.12,109.2,2,2,3744,徳 増 秀 樹,5,12,6.71,2,0.16,111.4,3,4,4812,西 野 雄 貴,13,68,6.72,4,0.17,112.2,4,3,4199,北 川 潤 二,51,71,6.77,3,0.19,113.2,5,6,4387,平 山 智 加,16,58,6.7,6,0.21,,6,5,3905,天 野 友 和,30,23,6.81,5,0.2,
202311030301,第４７回報知新聞社杯,第3日,2023/11/03,江戸川,01R,予選,1800,晴,,0,5,逃げ,1,260,1,140,4,270,1-4,1240,5,1-4,660,3,1-4,320,5,1-6,1060,11,4-6,1670,14,1-4-6,18300,58,1-4-6,4470,12,1,1,5209,小 野 京 平,16,47,6.61,1,0.11,113.8,2,4,4705,吉 川 勇 作,28,70,6.77,4,0.24,115.3,3,6,5293,眞 崎 武 蔵,67,65,6.71,6,0.34,115.4,4,2,4778,堤 啓 輔,71,48,6.73,2,0.17,115.4,5,5,5234,塚 越 海 斗,23,16,6.73,5,0.27,,6,3,5269,山 口 晃 朋,34,32,6.65,3,0.16,
202311030302,第４７回報知新聞社杯,第3日,2023/11/03,江戸川,02R,予選,1800,晴,南西,2,5,逃げ,1,270,1,210,4,180,1-4,1030,4,1-4,620,3,1-4,220,4,1-3,130,1,3-4,190,2,1-4-3,2310,5,1-3-4,430,1,1,1,4453,永 田 郁 弥,37,43,6.75,1,0.09,112.7,2,4,4892,柴 田 直 哉,11,61,6.69,4,0.19,114.6,3,3,4809,外 崎 悟,17,27,6.76,3,0.18,114.8,4,2,4363,大 野 芳 顕,68,11,6.75,2,0.13,116.5,5,5,3868,尾 形 栄 治,29,58,6.82,5,0.24,,6,6,4315,山 崎 昂 介,62,25,6.83,6,0.24,
202311030303,第４７回報知新聞社杯,第3日,2023/11/03,江戸川,03R,予選,1800,晴,南西,3,5,,5,410,5,180,1,190,5-1,1360,6,1-5,360,1,1-5,170,1,2-5,180,2,1-2,220,5,5-1-2,3820,14,1-2-5,490,2,1,5,3918,深 井 利 寿,14,49,6.73,5,0.28,112.0,2,1,5115,香 川 颯 太,20,51,6.72,1,0.16,113.5,3,2,5256,中 山 翔 太,15,46,6.72,2,0.21,116.2,4,3,4706,三 浦 洋次朗,13,52,6.84,3,0.26,117.7,5,4,4815,伏 島 祐 介,30,29,6.8,4,0.33,,6,6,4952,吉 武 真 也,39,40,6.73,6,0.26,
202311030304,第４７回報知新聞社杯,第3日,2023/11/03,江戸川,04R,予選,1800,晴,南西,4,10,,3,150,3,140,1,170,3-1,800,3,1-3,410,2,1-3,210,2,3-6,490,7,1-6,690,10,3-1-6,5060,23,1-3-6,1680,7,1,3,4826,井 上 一 輝,26,21,6.86,3,0.15,112.1,2,1,4093,吉 田 宗 弘,54,17,6.81,1,0.14,114.6,3,6,5071,野見山 拓 己,47,59,6.68,6,0.16,115.2,4,2,4652,酒 見 峻 介,25,19,6.82,2,0.15,115.8,5,4,5133,堀 越 雄 貴,35,54,6.71,4,0.19,,6,5,5301,岩 下 巧 斗,22,64,6.71,5,0.23,
202311030305,第４７回報知新聞社杯,第3日,2023/11/03,江戸川,05R,予選,1800,晴,南西,4,10,差し,2,170,2,100,3,200,2-3,1480,7,2-3,880,4,2-3,330,4,2-6,1130,12,3-6,2320,15,2-3-6,17070,44,2-3-6,8150,14,1,2,4598,加 藤 政 彦,10,68,6.7,2,0.07,112.5,2,3,5212,西 川 拓 利,36,10,6.74,3,0.07,113.6,3,6,5234,塚 越 海 斗,23,16,6.81,6,0.15,115.1,4,5,4948,木 場 悠 介,33,55,6.77,5,0.13,115.5,5,1,4981,牧 山 敦 也,45,39,6.76,1,0.15,,6,4,5242,高 山 弘 斗,59,57,6.77,4,0.12,
202311030306,第４７回報知新聞社杯,第3日,2023/11/03,江戸川,06R,予選,1800,晴,南西,5,10,差し,4,530,4,300,2,280,4-2,1610,7,2-4,650,3,2-4,270,4,4-6,390,7,2-6,820,10,4-2-6,7060,26,2-4-6,2240,9,1,4,4324,海 野 康志郎,19,62,6.82,4,0.19,120.5,2,2,4892,柴 田 直 哉,11,61,6.67,2,0.21,124.2,3,6,5216,長谷川 晴 哉,31,67,6.7,6,0.22,125.3,4,5,3643,米 田 隆 弘,64,28,6.96,5,0.22,126.7,5,3,5209,小 野 京 平,16,47,6.8,3,0.22,,,,,,,,,,,
202311030307,第４７回報知新聞社杯,第3日,2023/11/03,江戸川,07R,予選,1800,晴,南西,6,10,逃げ,1,240,1,190,6,880,1-6,6400,21,1-6,6110,13,1-6,720,13,1-2,180,1,2-6,610,12,1-6-2,18310,61,1-2-6,1960,8,1,1,4693,松 下 誉 士,52,69,6.86,1,0.13,115.0,2,6,3868,尾 形 栄 治,29,58,7.09,6,0.25,115.8,3,2,4161,黒 柳 浩 孝,32,12,6.9,2,0.19,117.0,4,4,4778,堤 啓 輔,71,48,6.99,4,0.19,118.2,5,5,4430,永 田 秀 二,57,34,6.95,5,0.19,,6,3,5186,遠 藤 圭 吾,46,63,6.91,3,0.19,
202311030308,第４７回報知新聞社杯,第3日,2023/11/03,江戸川,08R,予選,1800,晴,南西,7,15,逃げ,1,140,1,170,5,180,1-5,1970,6,1-5,1090,5,1-5,250,3,1-4,460,5,4-5,1280,11,1-5-4,11760,32,1-4-5,3750,9,1,1,3303,渡 辺 豊,41,37,7.0,1,0.13,114.8,2,5,4815,伏 島 祐 介,30,29,7.03,5,0.19,116.4,3,4,5269,山 口 晃 朋,34,32,6.96,4,0.16,118.1,4,3,4363,大 野 芳 顕,68,11,7.05,3,0.23,118.8,5,2,4703,森 永 隆,53,14,6.98,2,0.13,,6,6,5301,岩 下 巧 斗,22,64,7.1,6,0.22,
202311030309,第４７回報知新聞社杯,第3日,2023/11/03,江戸川,09R,予選特賞,1800,晴,南西,8,15,まくり,4,650,4,100,3,140,4-3,1520,6,3-4,430,2,3-4,210,4,2-4,130,1,2-3,160,3,4-3-2,3190,13,2-3-4,210,1,1,4,4880,澤 崎 雄 哉,56,15,7.03,3,0.19,114.7,2,3,4610,佐 藤 大 佑,60,71,6.98,2,0.27,116.6,3,2,4842,山 下 昂 大,58,45,7.13,1,0.28,117.8,4,6,5256,中 山 翔 太,15,46,7.34,5,0.18,118.7,5,5,5212,西 川 拓 利,36,10,7.0,4,0.18,,,,,,,,,,,
202311030310,第４７回報知新聞社杯,第3日,2023/11/03,江戸川,10R,予選特賞,1800,晴,南西,8,15,逃げ,1,140,1,120,2,200,1-2,260,1,1-2,250,1,1-2,200,2,1-3,220,3,2-3,350,6,1-2-3,1870,7,1-2-3,810,2,1,1,3918,深 井 利 寿,14,49,6.91,1,0.09,114.4,2,2,4644,山 田 亮 太,49,26,7.08,2,0.07,117.3,3,3,4705,吉 川 勇 作,28,70,7.11,3,0.08,118.6,4,6,4652,酒 見 峻 介,25,19,7.31,6,0.27,119.9,5,5,5216,長谷川 晴 哉,31,67,6.98,5,0.14,,6,4,4793,金 子 萌,40,31,7.02,4,0.11,
202311030311,第４７回報知新聞社杯,第3日,2023/11/03,江戸川,11R,予選特選,1800,晴,南,6,10,,1,130,1,120,4,160,1-4,360,1,1-4,200,1,1-4,150,1,1-6,590,10,4-6,860,14,1-4-6,1690,6,1-4-6,930,6,1,1,4324,海 野 康志郎,19,62,7.01,1,0.09,116.0,2,4,4598,加 藤 政 彦,10,68,7.25,4,0.14,117.1,3,6,5133,堀 越 雄 貴,35,54,7.11,6,0.16,118.5,4,5,4161,黒 柳 浩 孝,32,12,7.17,5,0.17,119.6,5,2,4706,三 浦 洋次朗,13,52,7.24,2,0.11,,6,3,4234,野 相 弘 司,55,38,7.18,3,0.12,
202311030312,第４７回報知新聞社杯,第3日,2023/11/03,江戸川,12R,記者選抜戦,1800,晴,南,7,10,逃げ,1,140,1,100,2,180,1-2,280,1,1-2,230,1,1-2,140,1,1-3,310,7,2-3,340,8,1-2-3,1670,5,1-2-3,850,3,1,1,4826,井 上 一 輝,26,21,7.21,1,0.13,114.8,2,2,4809,外 崎 悟,17,27,7.16,2,0.17,115.8,3,3,5183,中 野 孝 二,63,66,7.1,3,0.21,117.6,4,6,4948,木 場 悠 介,33,55,7.28,6,0.24,117.7,5,5,5115,香 川 颯 太,20,51,7.05,5,0.17,,6,4,4608,荒 井 翔 伍,21,50,7.22,4,0.22,
202311030101,第１８回公営レーシングプレス杯,第3日,2023/11/03,桐生,01R,予選,1800,晴,東,2,1,差し,3,320,3,160,1,110,3-1,1450,9,1-3,610,4,1-3,200,3,3-4,140,1,1-4,160,2,3-1-4,2790,9,1-3-4,350,1,1,3,5091,為 本 智 也,25,62,6.84,3,0.02,109.8,2,1,4175,川 尻 泰 輔,26,37,6.7,1,0.05,111.0,3,4,3686,鳥居塚 孝 博,34,47,6.73,4,0.09,113.3,4,5,4871,菊 池 宏 志,55,70,6.73,5,0.13,114.6,5,2,4560,庄 司 樹良々,11,60,6.67,2,0.06,114.9,6,6,4916,中 村 聡 志,60,16,6.8,6,0.1,120.3
202311030102,第１８回公営レーシングプレス杯,第3日,2023/11/03,桐生,02R,予選,1800,晴,東,1,1,まくり,4,170,4,100,2,160,4-2,2280,10,2-4,660,3,2-4,250,2,1-4,350,5,1-2,380,9,4-2-1,10220,43,1-2-4,1360,6,1,4,3853,岩 崎 正 哉,52,26,6.7,4,0.13,123.7,2,2,4663,籾 山 佳 岳,58,22,6.77,2,0.18,126.1,3,1,3630,黒 田 誠 司,68,24,6.77,1,0.19,127.2,4,6,4496,内 堀 学,30,71,6.78,6,0.28,131.8,5,3,3600,玄 馬 徹,20,17,6.65,3,0.2,134.2,,,,,,,,,,
202311030103,第１８回公営レーシングプレス杯,第3日,2023/11/03,桐生,03R,予選,1800,晴,東,1,1,逃げ,1,310,1,200,5,250,1-5,1290,5,1-5,780,4,1-5,190,2,1-2,220,3,2-5,170,1,1-5-2,2990,4,1-2-5,650,1,1,1,4816,村 松 修 二,74,49,6.8,1,0.16,110.2,2,5,4518,大須賀 友,72,57,6.67,4,0.22,111.1,3,2,5145,島 川 海 輝,40,19,6.65,2,0.15,111.1,4,4,4191,赤 羽 克 也,41,65,6.68,3,0.15,112.4,5,6,4754,松 尾 充,32,43,6.84,5,0.24,113.6,6,3,4177,萬 正 嗣,45,42,6.68,6,0.27,117.0
202311030104,第１８回公営レーシングプレス杯,第3日,2023/11/03,桐生,04R,予選,1800,晴,,0,0,まくり,3,480,3,100,4,890,3-4,3810,21,3-4,2190,13,3-4,830,14,1-3,260,2,1-4,540,11,3-4-1,14200,71,1-3-4,1560,11,1,3,4489,岩 川 仁 士,16,55,6.77,3,0.07,110.2,2,4,4782,浜 崎 準 也,14,40,6.77,4,0.1,111.0,3,1,5130,上 野 拓 馬,23,34,6.67,1,0.17,112.4,4,6,4136,江 夏 満,15,52,6.79,6,0.09,113.3,5,5,4887,富 澤 祐 作,21,59,6.84,5,0.1,114.6,6,2,3412,鈴 木 博,37,51,6.8,2,0.16,118.1
202311030105,第１８回公営レーシングプレス杯,第3日,2023/11/03,桐生,05R,予選,1800,晴,北西,1,1,差し,5,820,5,210,4,290,5-4,1720,7,4-5,710,3,4-5,240,3,1-5,520,11,1-4,470,9,5-4-1,10710,44,1-4-5,1500,7,1,5,4535,北 山 康 介,53,50,6.78,5,0.1,109.9,2,4,4336,松 田 竜 馬,38,64,6.8,4,0.08,110.8,3,1,4906,鈴 木 雅 希,27,13,6.8,1,0.13,112.2,4,2,4790,柳 内 敬 太,64,54,6.77,2,0.16,114.0,5,3,4871,菊 池 宏 志,55,70,6.73,3,0.18,115.0,6,6,4925,森 悠 稀,28,29,6.68,6,0.12,116.2
202311030106,第１８回公営レーシングプレス杯,第3日,2023/11/03,桐生,06R,ドラドキ目玉,1800,晴,北西,1,1,逃げ,1,130,1,110,2,310,1-2,300,1,1-2,310,2,1-2,190,2,1-4,590,7,2-4,900,12,1-2-4,3570,11,1-2-4,1190,5,1,1,4413,水 摩 敦,46,11,6.78,1,0.03,110.8,2,2,4031,飯 島 誠,42,56,6.75,2,0.02,111.4,3,4,3600,玄 馬 徹,20,39,6.83,4,0.1,112.5,4,3,3827,今 泉 徹,19,63,6.72,3,0.04,113.8,5,5,4175,川 尻 泰 輔,26,37,6.74,5,0.06,114.3,6,6,3346,宮 本 裕 之,75,21,6.79,6,0.09,116.4
202311030107,第１８回公営レーシングプレス杯,第3日,2023/11/03,桐生,07R,ドラドキ３,1800,晴,北西,1,1,逃げ,1,130,1,120,2,250,1-2,540,2,1-2,340,2,1-2,210,4,1-3,140,1,2-3,290,6,1-2-3,960,3,1-2-3,330,1,1,1,3987,後 藤 正 宗,31,67,6.63,1,0.05,109.6,2,2,4816,村 松 修 二,74,49,6.9,2,0.07,110.2,3,3,4292,麻 生 慎 介,12,44,6.88,3,0.06,111.1,4,4,5091,為 本 智 也,25,62,6.85,4,0.1,113.8,5,5,5176,石 倉 拓 美,44,27,6.81,5,0.11,115.2,6,6,5090,生 方 靖 亜,63,48,6.76,6,0.1,115.7
202311030108,第１８回公営レーシングプレス杯,第3日,2023/11/03,桐生,08R,ドラドキ５,1800,晴,北西,2,1,差し,5,370,5,130,4,280,5-4,1860,8,4-5,730,5,4-5,200,2,2-5,340,6,2-4,420,8,5-4-2,9600,36,2-4-5,2600,9,1,5,4488,小 山 勉,67,69,6.88,5,0.16,108.9,2,4,4562,阪 本 勇 介,49,18,6.66,4,0.17,111.4,3,2,5130,上 野 拓 馬,23,34,6.79,2,0.11,113.0,4,1,3070,山 室 展 弘,22,30,6.78,1,0.11,115.4,5,6,4177,萬 正 嗣,45,42,6.83,6,0.19,116.3,,,,,,,,,,
202311030109,第１８回公営レーシングプレス杯,第3日,2023/11/03,桐生,09R,予選特賞,1800,晴,西,2,1,逃げ,1,160,1,100,2,110,1-2,170,1,1-2,140,1,1-2,100,1,1-4,210,3,2-4,250,5,1-2-4,1110,3,1-2-4,550,3,1,1,4887,富 澤 祐 作,21,59,6.66,1,0.12,110.0,2,2,3833,中 辻 博 訓,62,12,6.71,2,0.11,112.4,3,4,4560,庄 司 樹良々,11,60,6.79,4,0.13,113.3,4,5,4367,山 口 修 路,39,41,6.79,5,0.2,113.8,5,3,4663,籾 山 佳 岳,58,22,6.9,3,0.24,116.3,6,6,4659,木 下 翔 太,59,74,6.87,6,0.18,118.1
202311030110,第１８回公営レーシングプレス杯,第3日,2023/11/03,桐生,10R,予選特賞,1800,晴,西,2,1,差し,2,270,2,170,3,390,2-3,1730,7,2-3,1240,6,2-3,200,4,1-2,140,1,1-3,210,5,2-3-1,4200,13,1-2-3,390,1,1,2,4136,江 夏 満,15,52,6.8,2,0.12,108.7,2,3,3686,鳥居塚 孝 博,34,47,6.76,3,0.14,110.8,3,1,4264,長 尾 章 平,65,31,6.87,1,0.13,111.6,4,6,4336,松 田 竜 馬,38,64,6.72,6,0.13,112.1,5,4,5145,島 川 海 輝,40,19,6.71,4,0.17,113.4,6,5,4496,内 堀 学,30,71,6.78,5,0.14,114.4
202311030111,第１８回公営レーシングプレス杯,第3日,2023/11/03,桐生,11R,予選特選,1800,晴,西,2,1,逃げ,1,190,1,100,5,280,1-5,650,4,1-5,770,4,1-5,190,4,1-2,130,1,2-5,360,7,1-5-2,2330,10,1-2-5,470,3,1,1,4535,北 山 康 介,53,50,6.7,1,0.18,109.1,2,5,3987,後 藤 正 宗,31,67,6.82,5,0.1,111.4,3,2,3853,岩 崎 正 哉,52,26,6.76,2,0.19,112.3,4,3,4458,抹 香 雄 三,24,58,6.79,3,0.12,112.4,5,6,4191,赤 羽 克 也,41,65,6.77,6,0.09,113.8,6,4,4489,岩 川 仁 士,16,55,6.76,4,0.16,114.4
202311030112,第１８回公営レーシングプレス杯,第3日,2023/11/03,桐生,12R,桐生特選,1800,晴,西,1,1,差し,4,260,4,100,1,100,4-1,680,3,1-4,200,1,1-4,100,1,4-5,210,5,1-5,120,3,4-1-5,960,4,1-4-5,220,2,1,4,4518,大須賀 友,72,57,6.71,3,0.2,108.4,2,1,4292,麻 生 慎 介,12,44,6.83,1,0.17,108.8,3,5,4790,柳 内 敬 太,64,54,6.8,4,0.19,111.9,4,3,4413,水 摩 敦,46,11,6.84,2,0.18,113.5,,,,,,,,,,,,,,,,,,,,
