レースコード,レース日,レース場コード,レース回,状態,1枠_枠番pt,1枠_寄与_枠番pt,1枠_選手pt,1枠_寄与_選手pt,1枠_モーターpt,1枠_寄与_モーターpt,1枠_展示pt,1枠_寄与_展示pt,1枠_気象pt,1枠_寄与_気象pt,1枠_強さpt,2枠_枠番pt,2枠_寄与_枠番pt,2枠_選手pt,2枠_寄与_選手pt,2枠_モーターpt,2枠_寄与_モーターpt,2枠_展示pt,2枠_寄与_展示pt,2枠_気象pt,2枠_寄与_気象pt,2枠_強さpt,3枠_枠番pt,3枠_寄与_枠番pt,3枠_選手pt,3枠_寄与_選手pt,3枠_モーターpt,3枠_寄与_モーターpt,3枠_展示pt,3枠_寄与_展示pt,3枠_気象pt,3枠_寄与_気象pt,3枠_強さpt,4枠_枠番pt,4枠_寄与_枠番pt,4枠_選手pt,4枠_寄与_選手pt,4枠_モーターpt,4枠_寄与_モーターpt,4枠_展示pt,4枠_寄与_展示pt,4枠_気象pt,4枠_寄与_気象pt,4枠_強さpt,5枠_枠番pt,5枠_寄与_枠番pt,5枠_選手pt,5枠_寄与_選手pt,5枠_モーターpt,5枠_寄与_モーターpt,5枠_展示pt,5枠_寄与_展示pt,5枠_気象pt,5枠_寄与_気象pt,5枠_強さpt,6枠_枠番pt,6枠_寄与_枠番pt,6枠_選手pt,6枠_寄与_選手pt,6枠_モーターpt,6枠_寄与_モーターpt,6枠_展示pt,6枠_寄与_展示pt,6枠_気象pt,6枠_寄与_気象pt,6枠_強さpt
202605060101,2026-05-06,01,1R,daily,68.84,24.44,50.0,10.97,50.0,14.81,50.0,2.96,50.0,3.51,56.69,51.1,18.14,50.0,10.97,50.0,14.81,50.0,2.96,50.0,3.51,50.39,50.96,18.09,50.0,10.97,48.4,14.33,50.0,2.96,50.0,3.51,49.87,47.56,16.89,50.0,10.97,60.73,17.99,50.0,2.96,50.0,3.51,52.31,45.85,16.28,50.0,10.97,57.28,16.96,50.0,2.96,50.0,3.51,50.68,35.0,12.43,50.0,10.97,46.92,13.9,50.0,2.96,50.0,3.51,43.76
202605060102,2026-05-06,01,2R,daily,68.84,24.44,50.0,10.97,58.63,17.37,50.0,2.96,50.0,3.51,59.25,51.1,18.14,50.0,10.97,50.0,14.81,50.0,2.96,50.0,3.51,50.39,50.96,18.09,50.0,10.97,48.15,14.26,50.0,2.96,50.0,3.51,49.79,47.56,16.89,50.0,10.97,70.47,20.87,50.0,2.96,50.0,3.51,55.2,45.85,16.28,50.0,10.97,55.06,16.31,50.0,2.96,50.0,3.51,50.02,35.0,12.43,50.0,10.97,48.15,14.26,50.0,2.96,50.0,3.51,44.13
202605060103,2026-05-06,01,3R,daily,68.84,24.44,50.0,10.97,50.0,14.81,50.0,2.96,50.0,3.51,56.69,51.1,18.14,50.0,10.97,54.32,16.09,50.0,2.96,50.0,3.51,51.67,50.96,18.09,50.0,10.97,63.44,18.79,50.0,2.96,50.0,3.51,54.32,47.56,16.89,50.0,10.97,63.44,18.79,50.0,2.96,50.0,3.51,53.12,45.85,16.28,50.0,10.97,45.81,13.57,50.0,2.96,50.0,3.51,47.29,35.0,12.43,50.0,10.97,64.8,19.19,50.0,2.96,50.0,3.51,49.06
202605060104,2026-05-06,01,4R,daily,68.84,24.44,50.0,10.97,32.74,9.7,50.0,2.96,50.0,3.51,51.58,51.1,18.14,50.0,10.97,50.0,14.81,50.0,2.96,50.0,3.51,50.39,50.96,18.09,50.0,10.97,50.0,14.81,50.0,2.96,50.0,3.51,50.34,47.56,16.89,50.0,10.97,68.93,20.42,50.0,2.96,50.0,3.51,54.74,45.85,16.28,50.0,10.97,49.08,14.53,50.0,2.96,50.0,3.51,48.25,35.0,12.43,50.0,10.97,50.0,14.81,50.0,2.96,50.0,3.51,44.68
202605060105,2026-05-06,01,5R,daily,68.84,24.44,50.0,10.97,60.73,17.99,50.0,2.96,50.0,3.51,59.87,51.1,18.14,50.0,10.97,48.89,14.48,50.0,2.96,50.0,3.51,50.06,50.96,18.09,50.0,10.97,50.0,14.81,50.0,2.96,50.0,3.51,50.34,47.56,16.89,50.0,10.97,57.28,16.96,50.0,2.96,50.0,3.51,51.29,45.85,16.28,50.0,10.97,48.4,14.33,50.0,2.96,50.0,3.51,48.05,35.0,12.43,50.0,10.97,51.23,15.17,50.0,2.96,50.0,3.51,45.04
202605060106,2026-05-06,01,6R,daily,68.84,24.44,50.0,10.97,48.15,14.26,50.0,2.96,50.0,3.51,56.14,51.1,18.14,50.0,10.97,50.0,14.81,50.0,2.96,50.0,3.51,50.39,50.96,18.09,50.0,10.97,58.63,17.37,50.0,2.96,50.0,3.51,52.9,47.56,16.89,50.0,10.97,50.0,14.81,50.0,2.96,50.0,3.51,49.13,45.85,16.28,50.0,10.97,35.82,10.61,50.0,2.96,50.0,3.51,44.33,35.0,12.43,50.0,10.97,50.0,14.81,50.0,2.96,50.0,3.51,44.68
202605060107,2026-05-06,01,7R,daily,68.84,24.44,50.0,10.97,63.44,18.79,50.0,2.96,50.0,3.51,60.67,51.1,18.14,50.0,10.97,70.47,20.87,50.0,2.96,50.0,3.51,56.45,50.96,18.09,50.0,10.97,50.0,14.81,50.0,2.96,50.0,3.51,50.34,47.56,16.89,50.0,10.97,46.92,13.9,50.0,2.96,50.0,3.51,48.22,45.85,16.28,50.0,10.97,54.32,16.09,50.0,2.96,50.0,3.51,49.81,35.0,12.43,50.0,10.97,55.06,16.31,50.0,2.96,50.0,3.51,46.17
202605060108,2026-05-06,01,8R,daily,68.84,24.44,50.0,10.97,49.08,14.53,50.0,2.96,50.0,3.51,56.42,51.1,18.14,50.0,10.97,64.8,19.19,50.0,2.96,50.0,3.51,54.77,50.96,18.09,50.0,10.97,50.0,14.81,50.0,2.96,50.0,3.51,50.34,47.56,16.89,50.0,10.97,45.81,13.57,50.0,2.96,50.0,3.51,47.89,45.85,16.28,50.0,10.97,50.0,14.81,50.0,2.96,50.0,3.51,48.53,35.0,12.43,50.0,10.97,32.74,9.7,50.0,2.96,50.0,3.51,39.56
202605060109,2026-05-06,01,9R,daily,68.84,24.44,50.0,10.97,50.0,14.81,50.0,2.96,50.0,3.51,56.69,51.1,18.14,50.0,10.97,51.3,15.19,50.0,2.96,50.0,3.51,50.77,50.96,18.09,50.0,10.97,53.89,15.96,50.0,2.96,50.0,3.51,51.49,47.56,16.89,50.0,10.97,50.0,14.81,50.0,2.96,50.0,3.51,49.13,45.85,16.28,50.0,10.97,66.47,19.68,50.0,2.96,50.0,3.51,53.4,35.0,12.43,50.0,10.97,50.0,14.81,50.0,2.96,50.0,3.51,44.68
202605060110,2026-05-06,01,10R,daily,68.84,24.44,50.0,10.97,65.85,19.5,50.0,2.96,50.0,3.51,61.38,51.1,18.14,50.0,10.97,45.07,13.35,50.0,2.96,50.0,3.51,48.93,50.96,18.09,50.0,10.97,46.61,13.8,50.0,2.96,50.0,3.51,49.34,47.56,16.89,50.0,10.97,50.43,14.94,50.0,2.96,50.0,3.51,49.26,45.85,16.28,50.0,10.97,35.02,10.37,50.0,2.96,50.0,3.51,44.09,35.0,12.43,50.0,10.97,53.52,15.85,50.0,2.96,50.0,3.51,45.72
202605060111,2026-05-06,01,11R,daily,68.84,24.44,50.0,10.97,60.73,17.99,50.0,2.96,50.0,3.51,59.87,51.1,18.14,50.0,10.97,47.72,14.13,50.0,2.96,50.0,3.51,49.72,50.96,18.09,50.0,10.97,50.0,14.81,50.0,2.96,50.0,3.51,50.34,47.56,16.89,50.0,10.97,51.23,15.17,50.0,2.96,50.0,3.51,49.5,45.85,16.28,50.0,10.97,50.0,14.81,50.0,2.96,50.0,3.51,48.53,35.0,12.43,50.0,10.97,36.56,10.83,50.0,2.96,50.0,3.51,40.69
202605060112,2026-05-06,01,12R,daily,68.84,24.44,50.0,10.97,48.89,14.48,50.0,2.96,50.0,3.51,56.36,51.1,18.14,50.0,10.97,63.44,18.79,50.0,2.96,50.0,3.51,54.37,50.96,18.09,50.0,10.97,50.0,14.81,50.0,2.96,50.0,3.51,50.34,47.56,16.89,50.0,10.97,48.15,14.26,50.0,2.96,50.0,3.51,48.59,45.85,16.28,50.0,10.97,50.0,14.81,50.0,2.96,50.0,3.51,48.53,35.0,12.43,50.0,10.97,68.93,20.42,50.0,2.96,50.0,3.51,50.28
202605060201,2026-05-06,02,1R,daily,64.08,21.06,50.0,9.32,136.0,46.0,50.0,5.89,50.0,1.44,83.71,53.9,17.72,50.0,9.32,105.0,35.51,50.0,5.89,50.0,1.44,69.88,53.1,17.45,50.0,9.32,123.3,41.7,50.0,5.89,50.0,1.44,75.81,50.45,16.58,50.0,9.32,50.0,16.91,50.0,5.89,50.0,1.44,50.15,43.71,14.37,50.0,9.32,50.0,16.91,50.0,5.89,50.0,1.44,47.93,34.14,11.22,50.0,9.32,81.1,27.43,50.0,5.89,50.0,1.44,55.3
202605060202,2026-05-06,02,2R,daily,64.08,21.06,50.0,9.32,109.0,36.86,50.0,5.89,50.0,1.44,74.58,53.9,17.72,50.0,9.32,97.5,32.98,50.0,5.89,50.0,1.44,67.35,53.1,17.45,50.0,9.32,97.8,33.08,50.0,5.89,50.0,1.44,67.18,50.45,16.58,50.0,9.32,102.2,34.57,50.0,5.89,50.0,1.44,67.8,43.71,14.37,50.0,9.32,96.7,32.7,50.0,5.89,50.0,1.44,63.73,34.14,11.22,50.0,9.32,103.3,34.94,50.0,5.89,50.0,1.44,62.81
202605060203,2026-05-06,02,3R,daily,64.08,21.06,50.0,9.32,112.0,37.88,50.0,5.89,50.0,1.44,75.6,53.9,17.72,50.0,9.32,50.0,16.91,50.0,5.89,50.0,1.44,51.28,53.1,17.45,50.0,9.32,50.0,16.91,50.0,5.89,50.0,1.44,51.02,50.45,16.58,50.0,9.32,50.0,16.91,50.0,5.89,50.0,1.44,50.15,43.71,14.37,50.0,9.32,85.6,28.95,50.0,5.89,50.0,1.44,59.97,34.14,11.22,50.0,9.32,86.7,29.32,50.0,5.89,50.0,1.44,57.2
202605060204,2026-05-06,02,4R,daily,64.08,21.06,50.0,9.32,83.3,28.17,50.0,5.89,50.0,1.44,65.89,53.9,17.72,50.0,9.32,116.0,39.23,50.0,5.89,50.0,1.44,73.6,53.1,17.45,50.0,9.32,116.4,39.37,50.0,5.89,50.0,1.44,73.48,50.45,16.58,50.0,9.32,116.0,39.23,50.0,5.89,50.0,1.44,72.47,43.71,14.37,50.0,9.32,50.0,16.91,50.0,5.89,50.0,1.44,47.93,34.14,11.22,50.0,9.32,50.0,16.91,50.0,5.89,50.0,1.44,44.79
202605060205,2026-05-06,02,5R,daily,64.08,21.06,50.0,9.32,74.4,25.16,50.0,5.89,50.0,1.44,62.88,53.9,17.72,50.0,9.32,50.0,16.91,50.0,5.89,50.0,1.44,51.28,53.1,17.45,50.0,9.32,50.0,16.91,50.0,5.89,50.0,1.44,51.02,50.45,16.58,50.0,9.32,88.9,30.07,50.0,5.89,50.0,1.44,63.3,43.71,14.37,50.0,9.32,123.3,41.7,50.0,5.89,50.0,1.44,72.72,34.14,11.22,50.0,9.32,96.7,32.7,50.0,5.89,50.0,1.44,60.58
202605060206,2026-05-06,02,6R,daily,64.08,21.06,50.0,9.32,50.0,16.91,50.0,5.89,50.0,1.44,54.63,53.9,17.72,50.0,9.32,50.0,16.91,50.0,5.89,50.0,1.44,51.28,53.1,17.45,50.0,9.32,102.2,34.57,50.0,5.89,50.0,1.44,68.67,50.45,16.58,50.0,9.32,136.0,46.0,50.0,5.89,50.0,1.44,79.23,43.71,14.37,50.0,9.32,97.8,33.08,50.0,5.89,50.0,1.44,64.1,34.14,11.22,50.0,9.32,134.4,45.46,50.0,5.89,50.0,1.44,73.33
202605060207,2026-05-06,02,7R,daily,64.08,21.06,50.0,9.32,50.0,16.91,50.0,5.89,50.0,1.44,54.63,53.9,17.72,50.0,9.32,85.6,28.95,50.0,5.89,50.0,1.44,63.32,53.1,17.45,50.0,9.32,103.3,34.94,50.0,5.89,50.0,1.44,69.05,50.45,16.58,50.0,9.32,105.0,35.51,50.0,5.89,50.0,1.44,68.75,43.71,14.37,50.0,9.32,97.5,32.98,50.0,5.89,50.0,1.44,64.0,34.14,11.22,50.0,9.32,50.0,16.91,50.0,5.89,50.0,1.44,44.79
202605060208,2026-05-06,02,8R,daily,64.08,21.06,50.0,9.32,50.0,16.91,50.0,5.89,50.0,1.44,54.63,53.9,17.72,50.0,9.32,109.0,36.86,50.0,5.89,50.0,1.44,71.24,53.1,17.45,50.0,9.32,50.0,16.91,50.0,5.89,50.0,1.44,51.02,50.45,16.58,50.0,9.32,116.0,39.23,50.0,5.89,50.0,1.44,72.47,43.71,14.37,50.0,9.32,112.0,37.88,50.0,5.89,50.0,1.44,68.9,34.14,11.22,50.0,9.32,85.6,28.95,50.0,5.89,50.0,1.44,56.83
202605060209,2026-05-06,02,9R,daily,64.08,21.06,50.0,9.32,50.0,16.91,50.0,5.89,50.0,1.44,54.63,53.9,17.72,50.0,9.32,74.4,25.16,50.0,5.89,50.0,1.44,59.54,53.1,17.45,50.0,9.32,88.9,30.07,50.0,5.89,50.0,1.44,64.17,50.45,16.58,50.0,9.32,83.3,28.17,50.0,5.89,50.0,1.44,61.41,43.71,14.37,50.0,9.32,116.4,39.37,50.0,5.89,50.0,1.44,70.39,34.14,11.22,50.0,9.32,50.0,16.91,50.0,5.89,50.0,1.44,44.79
202605060210,2026-05-06,02,10R,daily,64.08,21.06,50.0,9.32,120.0,40.59,50.0,5.89,50.0,1.44,78.3,53.9,17.72,50.0,9.32,96.0,32.47,50.0,5.89,50.0,1.44,66.84,53.1,17.45,50.0,9.32,102.2,34.57,50.0,5.89,50.0,1.44,68.67,50.45,16.58,50.0,9.32,116.7,39.47,50.0,5.89,50.0,1.44,72.71,43.71,14.37,50.0,9.32,78.9,26.68,50.0,5.89,50.0,1.44,57.71,34.14,11.22,50.0,9.32,115.5,39.06,50.0,5.89,50.0,1.44,66.94
202605060211,2026-05-06,02,11R,daily,64.08,21.06,50.0,9.32,81.1,27.43,50.0,5.89,50.0,1.44,65.15,53.9,17.72,50.0,9.32,104.0,35.17,50.0,5.89,50.0,1.44,69.55,53.1,17.45,50.0,9.32,97.8,33.08,50.0,5.89,50.0,1.44,67.18,50.45,16.58,50.0,9.32,107.0,36.19,50.0,5.89,50.0,1.44,69.43,43.71,14.37,50.0,9.32,98.9,33.45,50.0,5.89,50.0,1.44,64.47,34.14,11.22,50.0,9.32,91.4,30.91,50.0,5.89,50.0,1.44,58.79
202605060212,2026-05-06,02,12R,daily,64.08,21.06,50.0,9.32,114.5,38.73,50.0,5.89,50.0,1.44,76.44,53.9,17.72,50.0,9.32,113.6,38.42,50.0,5.89,50.0,1.44,72.79,53.1,17.45,50.0,9.32,98.9,33.45,50.0,5.89,50.0,1.44,67.56,50.45,16.58,50.0,9.32,50.0,16.91,50.0,5.89,50.0,1.44,50.15,43.71,14.37,50.0,9.32,50.0,16.91,50.0,5.89,50.0,1.44,47.93,34.14,11.22,50.0,9.32,50.0,16.91,50.0,5.89,50.0,1.44,44.79
202605060401,2026-05-06,04,1R,daily,68.81,22.2,50.0,14.45,50.0,13.74,50.0,5.57,50.0,0.12,56.07,53.05,17.12,50.0,14.45,50.0,13.74,50.0,5.57,50.0,0.12,50.99,51.66,16.67,50.0,14.45,39.21,10.78,50.0,5.57,50.0,0.12,47.57,49.89,16.1,50.0,14.45,63.91,17.56,50.0,5.57,50.0,0.12,53.79,42.41,13.68,50.0,14.45,50.76,13.95,50.0,5.57,50.0,0.12,47.76,34.18,11.03,50.0,14.45,47.79,13.13,50.0,5.57,50.0,0.12,44.29
202605060402,2026-05-06,04,2R,daily,68.81,22.2,50.0,14.45,51.66,14.19,50.0,5.57,50.0,0.12,56.52,53.05,17.12,50.0,14.45,50.0,13.74,50.0,5.57,50.0,0.12,50.99,51.66,16.67,50.0,14.45,61.78,16.98,50.0,5.57,50.0,0.12,53.77,49.89,16.1,50.0,14.45,50.0,13.74,50.0,5.57,50.0,0.12,49.96,42.41,13.68,50.0,14.45,60.17,16.53,50.0,5.57,50.0,0.12,50.35,34.18,11.03,50.0,14.45,50.0,13.74,50.0,5.57,50.0,0.12,44.9
202605060403,2026-05-06,04,3R,daily,68.81,22.2,50.0,14.45,50.0,13.74,50.0,5.57,50.0,0.12,56.07,53.05,17.12,50.0,14.45,44.57,12.25,50.0,5.57,50.0,0.12,49.49,51.66,16.67,50.0,14.45,43.53,11.96,50.0,5.57,50.0,0.12,48.76,49.89,16.1,50.0,14.45,50.0,13.74,50.0,5.57,50.0,0.12,49.96,42.41,13.68,50.0,14.45,50.0,13.74,50.0,5.57,50.0,0.12,47.55,34.18,11.03,50.0,14.45,50.0,13.74,50.0,5.57,50.0,0.12,44.9
202605060404,2026-05-06,04,4R,daily,68.81,22.2,50.0,14.45,50.0,13.74,50.0,5.57,50.0,0.12,56.07,53.05,17.12,50.0,14.45,48.89,13.43,50.0,5.57,50.0,0.12,50.68,51.66,16.67,50.0,14.45,45.21,12.42,50.0,5.57,50.0,0.12,49.22,49.89,16.1,50.0,14.45,42.44,11.66,50.0,5.57,50.0,0.12,47.89,42.41,13.68,50.0,14.45,28.45,7.82,50.0,5.57,50.0,0.12,41.63,34.18,11.03,50.0,14.45,50.0,13.74,50.0,5.57,50.0,0.12,44.9
202605060405,2026-05-06,04,5R,daily,68.81,22.2,50.0,14.45,40.31,11.08,50.0,5.57,50.0,0.12,53.41,53.05,17.12,50.0,14.45,65.46,17.99,50.0,5.57,50.0,0.12,55.23,51.66,16.67,50.0,14.45,50.76,13.95,50.0,5.57,50.0,0.12,50.74,49.89,16.1,50.0,14.45,53.46,14.69,50.0,5.57,50.0,0.12,50.92,42.41,13.68,50.0,14.45,56.24,15.45,50.0,5.57,50.0,0.12,49.27,34.18,11.03,50.0,14.45,48.89,13.43,50.0,5.57,50.0,0.12,44.59
202605060406,2026-05-06,04,6R,daily,68.81,22.2,50.0,14.45,79.0,21.71,50.0,5.57,50.0,0.12,64.04,53.05,17.12,50.0,14.45,50.76,13.95,50.0,5.57,50.0,0.12,51.19,51.66,16.67,50.0,14.45,50.0,13.74,50.0,5.57,50.0,0.12,50.54,49.89,16.1,50.0,14.45,50.0,13.74,50.0,5.57,50.0,0.12,49.96,42.41,13.68,50.0,14.45,66.1,18.16,50.0,5.57,50.0,0.12,51.98,34.18,11.03,50.0,14.45,50.0,13.74,50.0,5.57,50.0,0.12,44.9
202605060407,2026-05-06,04,7R,daily,68.81,22.2,50.0,14.45,53.46,14.69,50.0,5.57,50.0,0.12,57.02,53.05,17.12,50.0,14.45,50.0,13.74,50.0,5.57,50.0,0.12,50.99,51.66,16.67,50.0,14.45,52.56,14.44,50.0,5.57,50.0,0.12,51.24,49.89,16.1,50.0,14.45,50.0,13.74,50.0,5.57,50.0,0.12,49.96,42.41,13.68,50.0,14.45,49.98,13.73,50.0,5.57,50.0,0.12,47.55,34.18,11.03,50.0,14.45,50.0,13.74,50.0,5.57,50.0,0.12,44.9
202605060408,2026-05-06,04,8R,daily,68.81,22.2,50.0,14.45,28.45,7.82,50.0,5.57,50.0,0.12,50.15,53.05,17.12,50.0,14.45,50.0,13.74,50.0,5.57,50.0,0.12,50.99,51.66,16.67,50.0,14.45,60.17,16.53,50.0,5.57,50.0,0.12,53.33,49.89,16.1,50.0,14.45,50.0,13.74,50.0,5.57,50.0,0.12,49.96,42.41,13.68,50.0,14.45,43.34,11.91,50.0,5.57,50.0,0.12,45.72,34.18,11.03,50.0,14.45,50.0,13.74,50.0,5.57,50.0,0.12,44.9
202605060409,2026-05-06,04,9R,daily,68.81,22.2,50.0,14.45,45.21,12.42,50.0,5.57,50.0,0.12,54.75,53.05,17.12,50.0,14.45,63.91,17.56,50.0,5.57,50.0,0.12,54.81,51.66,16.67,50.0,14.45,56.24,15.45,50.0,5.57,50.0,0.12,52.25,49.89,16.1,50.0,14.45,41.34,11.36,50.0,5.57,50.0,0.12,47.58,42.41,13.68,50.0,14.45,50.76,13.95,50.0,5.57,50.0,0.12,47.76,34.18,11.03,50.0,14.45,45.21,12.42,50.0,5.57,50.0,0.12,43.58
202605060410,2026-05-06,04,10R,daily,68.81,22.2,50.0,14.45,50.0,13.74,50.0,5.57,50.0,0.12,56.07,53.05,17.12,50.0,14.45,50.0,13.74,50.0,5.57,50.0,0.12,50.99,51.66,16.67,50.0,14.45,44.57,12.25,50.0,5.57,50.0,0.12,49.04,49.89,16.1,50.0,14.45,58.11,15.97,50.0,5.57,50.0,0.12,52.19,42.41,13.68,50.0,14.45,50.0,13.74,50.0,5.57,50.0,0.12,47.55,34.18,11.03,50.0,14.45,65.46,17.99,50.0,5.57,50.0,0.12,49.14
202605060411,2026-05-06,04,11R,daily,68.81,22.2,50.0,14.45,52.56,14.44,50.0,5.57,50.0,0.12,56.77,53.05,17.12,50.0,14.45,66.1,18.16,50.0,5.57,50.0,0.12,55.41,51.66,16.67,50.0,14.45,31.67,8.7,50.0,5.57,50.0,0.12,45.5,49.89,16.1,50.0,14.45,50.76,13.95,50.0,5.57,50.0,0.12,50.17,42.41,13.68,50.0,14.45,61.78,16.98,50.0,5.57,50.0,0.12,50.79,34.18,11.03,50.0,14.45,43.53,11.96,50.0,5.57,50.0,0.12,43.12
202605060412,2026-05-06,04,12R,daily,68.81,22.2,50.0,14.45,50.0,13.74,50.0,5.57,50.0,0.12,56.07,53.05,17.12,50.0,14.45,51.66,14.19,50.0,5.57,50.0,0.12,51.44,51.66,16.67,50.0,14.45,79.0,21.71,50.0,5.57,50.0,0.12,58.5,49.89,16.1,50.0,14.45,50.0,13.74,50.0,5.57,50.0,0.12,49.96,42.41,13.68,50.0,14.45,53.46,14.69,50.0,5.57,50.0,0.12,48.5,34.18,11.03,50.0,14.45,50.0,13.74,50.0,5.57,50.0,0.12,44.9
202605060601,2026-05-06,06,1R,daily,66.0,28.37,50.0,10.01,50.0,8.6,50.0,6.76,50.0,3.15,56.88,53.9,23.17,50.0,10.01,65.64,11.29,50.0,6.76,50.0,3.15,54.36,52.29,22.47,50.0,10.01,50.0,8.6,50.0,6.76,50.0,3.15,50.98,48.82,20.98,50.0,10.01,50.0,8.6,50.0,6.76,50.0,3.15,49.49,44.23,19.01,50.0,10.01,38.32,6.59,50.0,6.76,50.0,3.15,45.51,34.5,14.83,50.0,10.01,43.5,7.48,50.0,6.76,50.0,3.15,42.22
202605060602,2026-05-06,06,2R,daily,66.0,28.37,50.0,10.01,68.83,11.84,50.0,6.76,50.0,3.15,60.11,53.9,23.17,50.0,10.01,66.0,11.35,50.0,6.76,50.0,3.15,54.43,52.29,22.47,50.0,10.01,50.0,8.6,50.0,6.76,50.0,3.15,50.98,48.82,20.98,50.0,10.01,65.21,11.21,50.0,6.76,50.0,3.15,52.11,44.23,19.01,50.0,10.01,50.0,8.6,50.0,6.76,50.0,3.15,47.52,34.5,14.83,50.0,10.01,50.0,8.6,50.0,6.76,50.0,3.15,43.34
202605060603,2026-05-06,06,3R,daily,66.0,28.37,50.0,10.01,32.95,5.67,50.0,6.76,50.0,3.15,53.94,53.9,23.17,50.0,10.01,73.66,12.67,50.0,6.76,50.0,3.15,55.74,52.29,22.47,50.0,10.01,50.0,8.6,50.0,6.76,50.0,3.15,50.98,48.82,20.98,50.0,10.01,50.0,8.6,50.0,6.76,50.0,3.15,49.49,44.23,19.01,50.0,10.01,63.4,10.9,50.0,6.76,50.0,3.15,49.83,34.5,14.83,50.0,10.01,67.62,11.63,50.0,6.76,50.0,3.15,46.37
202605060604,2026-05-06,06,4R,daily,66.0,28.37,50.0,10.01,51.52,8.86,50.0,6.76,50.0,3.15,57.14,53.9,23.17,50.0,10.01,39.22,6.74,50.0,6.76,50.0,3.15,49.82,52.29,22.47,50.0,10.01,50.0,8.6,50.0,6.76,50.0,3.15,50.98,48.82,20.98,50.0,10.01,38.32,6.59,50.0,6.76,50.0,3.15,47.48,44.23,19.01,50.0,10.01,68.83,11.84,50.0,6.76,50.0,3.15,50.76,34.5,14.83,50.0,10.01,65.21,11.21,50.0,6.76,50.0,3.15,45.95
202605060605,2026-05-06,06,5R,daily,66.0,28.37,50.0,10.01,38.32,6.59,50.0,6.76,50.0,3.15,54.87,53.9,23.17,50.0,10.01,50.0,8.6,50.0,6.76,50.0,3.15,51.67,52.29,22.47,50.0,10.01,67.62,11.63,50.0,6.76,50.0,3.15,54.01,48.82,20.98,50.0,10.01,62.26,10.71,50.0,6.76,50.0,3.15,51.6,44.23,19.01,50.0,10.01,49.53,8.52,50.0,6.76,50.0,3.15,47.44,34.5,14.83,50.0,10.01,50.0,8.6,50.0,6.76,50.0,3.15,43.34
202605060606,2026-05-06,06,6R,daily,66.0,28.37,50.0,10.01,59.42,10.22,50.0,6.76,50.0,3.15,58.5,53.9,23.17,50.0,10.01,47.54,8.18,50.0,6.76,50.0,3.15,51.25,52.29,22.47,50.0,10.01,73.66,12.67,50.0,6.76,50.0,3.15,55.05,48.82,20.98,50.0,10.01,50.0,8.6,50.0,6.76,50.0,3.15,49.49,44.23,19.01,50.0,10.01,50.0,8.6,50.0,6.76,50.0,3.15,47.52,34.5,14.83,50.0,10.01,50.0,8.6,50.0,6.76,50.0,3.15,43.34
202605060607,2026-05-06,06,7R,daily,66.0,28.37,50.0,10.01,50.0,8.6,50.0,6.76,50.0,3.15,56.88,53.9,23.17,50.0,10.01,50.0,8.6,50.0,6.76,50.0,3.15,51.67,52.29,22.47,50.0,10.01,64.61,11.11,50.0,6.76,50.0,3.15,53.5,48.82,20.98,50.0,10.01,72.57,12.48,50.0,6.76,50.0,3.15,53.37,44.23,19.01,50.0,10.01,50.0,8.6,50.0,6.76,50.0,3.15,47.52,34.5,14.83,50.0,10.01,70.16,12.06,50.0,6.76,50.0,3.15,46.8
202605060608,2026-05-06,06,8R,daily,66.0,28.37,50.0,10.01,63.4,10.9,50.0,6.76,50.0,3.15,59.18,53.9,23.17,50.0,10.01,68.83,11.84,50.0,6.76,50.0,3.15,54.91,52.29,22.47,50.0,10.01,58.94,10.14,50.0,6.76,50.0,3.15,52.52,48.82,20.98,50.0,10.01,46.82,8.05,50.0,6.76,50.0,3.15,48.94,44.23,19.01,50.0,10.01,50.0,8.6,50.0,6.76,50.0,3.15,47.52,34.5,14.83,50.0,10.01,50.0,8.6,50.0,6.76,50.0,3.15,43.34
202605060609,2026-05-06,06,9R,daily,66.0,28.37,50.0,10.01,39.22,6.74,50.0,6.76,50.0,3.15,55.02,53.9,23.17,50.0,10.01,62.14,10.68,50.0,6.76,50.0,3.15,53.76,52.29,22.47,50.0,10.01,65.21,11.21,50.0,6.76,50.0,3.15,53.6,48.82,20.98,50.0,10.01,32.95,5.67,50.0,6.76,50.0,3.15,46.56,44.23,19.01,50.0,10.01,43.5,7.48,50.0,6.76,50.0,3.15,46.4,34.5,14.83,50.0,10.01,62.26,10.71,50.0,6.76,50.0,3.15,45.44
202605060610,2026-05-06,06,10R,daily,66.0,28.37,50.0,10.01,73.66,12.67,50.0,6.76,50.0,3.15,60.94,53.9,23.17,50.0,10.01,50.0,8.6,50.0,6.76,50.0,3.15,51.67,52.29,22.47,50.0,10.01,50.0,8.6,50.0,6.76,50.0,3.15,50.98,48.82,20.98,50.0,10.01,50.0,8.6,50.0,6.76,50.0,3.15,49.49,44.23,19.01,50.0,10.01,50.0,8.6,50.0,6.76,50.0,3.15,47.52,34.5,14.83,50.0,10.01,58.94,10.14,50.0,6.76,50.0,3.15,44.87
202605060611,2026-05-06,06,11R,daily,66.0,28.37,50.0,10.01,72.57,12.48,50.0,6.76,50.0,3.15,60.76,53.9,23.17,50.0,10.01,67.08,11.53,50.0,6.76,50.0,3.15,54.61,52.29,22.47,50.0,10.01,50.0,8.6,50.0,6.76,50.0,3.15,50.98,48.82,20.98,50.0,10.01,51.52,8.86,50.0,6.76,50.0,3.15,49.75,44.23,19.01,50.0,10.01,65.64,11.29,50.0,6.76,50.0,3.15,50.21,34.5,14.83,50.0,10.01,67.62,11.63,50.0,6.76,50.0,3.15,46.37
202605060612,2026-05-06,06,12R,daily,66.0,28.37,50.0,10.01,46.82,8.05,50.0,6.76,50.0,3.15,56.33,53.9,23.17,50.0,10.01,54.24,9.33,50.0,6.76,50.0,3.15,52.4,52.29,22.47,50.0,10.01,50.0,8.6,50.0,6.76,50.0,3.15,50.98,48.82,20.98,50.0,10.01,50.0,8.6,50.0,6.76,50.0,3.15,49.49,44.23,19.01,50.0,10.01,66.0,11.35,50.0,6.76,50.0,3.15,50.27,34.5,14.83,50.0,10.01,56.35,9.69,50.0,6.76,50.0,3.15,44.43
202605060701,2026-05-06,07,1R,daily,66.79,27.32,50.0,12.63,50.0,8.0,50.0,7.23,50.0,1.68,56.87,51.66,21.13,50.0,12.63,54.67,8.75,50.0,7.23,50.0,1.68,51.43,51.67,21.14,50.0,12.63,37.14,5.95,50.0,7.23,50.0,1.68,48.63,49.44,20.23,50.0,12.63,50.0,8.0,50.0,7.23,50.0,1.68,49.77,43.7,17.88,50.0,12.63,50.0,8.0,50.0,7.23,50.0,1.68,47.42,36.27,14.84,50.0,12.63,55.15,8.83,50.0,7.23,50.0,1.68,45.21
202605060702,2026-05-06,07,2R,daily,66.79,27.32,50.0,12.63,41.43,6.63,50.0,7.23,50.0,1.68,55.5,51.66,21.13,50.0,12.63,56.44,9.03,50.0,7.23,50.0,1.68,51.71,51.67,21.14,50.0,12.63,60.19,9.64,50.0,7.23,50.0,1.68,52.32,49.44,20.23,50.0,12.63,53.22,8.52,50.0,7.23,50.0,1.68,50.29,43.7,17.88,50.0,12.63,50.0,8.0,50.0,7.23,50.0,1.68,47.42,36.27,14.84,50.0,12.63,55.37,8.86,50.0,7.23,50.0,1.68,45.24
202605060703,2026-05-06,07,3R,daily,66.79,27.32,50.0,12.63,50.0,8.0,50.0,7.23,50.0,1.68,56.87,51.66,21.13,50.0,12.63,51.08,8.18,50.0,7.23,50.0,1.68,50.85,51.67,21.14,50.0,12.63,67.86,10.86,50.0,7.23,50.0,1.68,53.54,49.44,20.23,50.0,12.63,56.33,9.02,50.0,7.23,50.0,1.68,50.78,43.7,17.88,50.0,12.63,51.24,8.2,50.0,7.23,50.0,1.68,47.62,36.27,14.84,50.0,12.63,53.22,8.52,50.0,7.23,50.0,1.68,44.9
202605060704,2026-05-06,07,4R,daily,66.79,27.32,50.0,12.63,35.16,5.63,50.0,7.23,50.0,1.68,54.49,51.66,21.13,50.0,12.63,50.0,8.0,50.0,7.23,50.0,1.68,50.68,51.67,21.14,50.0,12.63,50.0,8.0,50.0,7.23,50.0,1.68,50.68,49.44,20.23,50.0,12.63,50.86,8.14,50.0,7.23,50.0,1.68,49.91,43.7,17.88,50.0,12.63,26.42,4.23,50.0,7.23,50.0,1.68,43.65,36.27,14.84,50.0,12.63,55.63,8.91,50.0,7.23,50.0,1.68,45.29
202605060705,2026-05-06,07,5R,daily,66.79,27.32,50.0,12.63,56.44,9.03,50.0,7.23,50.0,1.68,57.9,51.66,21.13,50.0,12.63,56.44,9.03,50.0,7.23,50.0,1.68,51.71,51.67,21.14,50.0,12.63,42.5,6.8,50.0,7.23,50.0,1.68,49.48,49.44,20.23,50.0,12.63,60.03,9.61,50.0,7.23,50.0,1.68,51.38,43.7,17.88,50.0,12.63,50.0,8.0,50.0,7.23,50.0,1.68,47.42,36.27,14.84,50.0,12.63,46.09,7.38,50.0,7.23,50.0,1.68,43.76
202605060706,2026-05-06,07,6R,daily,66.79,27.32,50.0,12.63,50.0,8.0,50.0,7.23,50.0,1.68,56.87,51.66,21.13,50.0,12.63,50.86,8.14,50.0,7.23,50.0,1.68,50.82,51.67,21.14,50.0,12.63,66.09,10.58,50.0,7.23,50.0,1.68,53.26,49.44,20.23,50.0,12.63,57.62,9.22,50.0,7.23,50.0,1.68,50.99,43.7,17.88,50.0,12.63,52.15,8.35,50.0,7.23,50.0,1.68,47.77,36.27,14.84,50.0,12.63,50.0,8.0,50.0,7.23,50.0,1.68,44.38
202605060707,2026-05-06,07,7R,daily,66.79,27.32,50.0,12.63,50.0,8.0,50.0,7.23,50.0,1.68,56.87,51.66,21.13,50.0,12.63,41.16,6.59,50.0,7.23,50.0,1.68,49.26,51.67,21.14,50.0,12.63,50.86,8.14,50.0,7.23,50.0,1.68,50.82,49.44,20.23,50.0,12.63,55.37,8.86,50.0,7.23,50.0,1.68,50.63,43.7,17.88,50.0,12.63,26.42,4.23,50.0,7.23,50.0,1.68,43.65,36.27,14.84,50.0,12.63,50.0,8.0,50.0,7.23,50.0,1.68,44.38
202605060708,2026-05-06,07,8R,daily,66.79,27.32,50.0,12.63,50.0,8.0,50.0,7.23,50.0,1.68,56.87,51.66,21.13,50.0,12.63,50.0,8.0,50.0,7.23,50.0,1.68,50.68,51.67,21.14,50.0,12.63,26.42,4.23,50.0,7.23,50.0,1.68,46.91,49.44,20.23,50.0,12.63,44.91,7.19,50.0,7.23,50.0,1.68,48.96,43.7,17.88,50.0,12.63,31.78,5.09,50.0,7.23,50.0,1.68,44.51,36.27,14.84,50.0,12.63,43.09,6.9,50.0,7.23,50.0,1.68,43.28
202605060709,2026-05-06,07,9R,daily,66.79,27.32,50.0,12.63,53.22,8.52,50.0,7.23,50.0,1.68,57.39,51.66,21.13,50.0,12.63,35.16,5.63,50.0,7.23,50.0,1.68,48.3,51.67,21.14,50.0,12.63,51.08,8.18,50.0,7.23,50.0,1.68,50.86,49.44,20.23,50.0,12.63,37.14,5.95,50.0,7.23,50.0,1.68,47.71,43.7,17.88,50.0,12.63,50.0,8.0,50.0,7.23,50.0,1.68,47.42,36.27,14.84,50.0,12.63,60.03,9.61,50.0,7.23,50.0,1.68,45.99
202605060710,2026-05-06,07,10R,daily,66.79,27.32,50.0,12.63,50.0,8.0,50.0,7.23,50.0,1.68,56.87,51.66,21.13,50.0,12.63,50.0,8.0,50.0,7.23,50.0,1.68,50.68,51.67,21.14,50.0,12.63,50.86,8.14,50.0,7.23,50.0,1.68,50.82,49.44,20.23,50.0,12.63,50.0,8.0,50.0,7.23,50.0,1.68,49.77,43.7,17.88,50.0,12.63,41.43,6.63,50.0,7.23,50.0,1.68,46.05,36.27,14.84,50.0,12.63,57.62,9.22,50.0,7.23,50.0,1.68,45.6
202605060711,2026-05-06,07,11R,daily,66.79,27.32,50.0,12.63,50.86,8.14,50.0,7.23,50.0,1.68,57.01,51.66,21.13,50.0,12.63,50.0,8.0,50.0,7.23,50.0,1.68,50.68,51.67,21.14,50.0,12.63,56.33,9.02,50.0,7.23,50.0,1.68,51.7,49.44,20.23,50.0,12.63,56.44,9.03,50.0,7.23,50.0,1.68,50.8,43.7,17.88,50.0,12.63,56.44,9.03,50.0,7.23,50.0,1.68,48.46,36.27,14.84,50.0,12.63,50.0,8.0,50.0,7.23,50.0,1.68,44.38
202605060712,2026-05-06,07,12R,daily,66.79,27.32,50.0,12.63,31.78,5.09,50.0,7.23,50.0,1.68,53.95,51.66,21.13,50.0,12.63,50.0,8.0,50.0,7.23,50.0,1.68,50.68,51.67,21.14,50.0,12.63,50.0,8.0,50.0,7.23,50.0,1.68,50.68,49.44,20.23,50.0,12.63,53.22,8.52,50.0,7.23,50.0,1.68,50.29,43.7,17.88,50.0,12.63,66.09,10.58,50.0,7.23,50.0,1.68,50.0,36.27,14.84,50.0,12.63,56.44,9.03,50.0,7.23,50.0,1.68,45.41
202605060801,2026-05-06,08,1R,daily,70.86,28.64,50.0,10.66,60.91,10.72,50.0,8.42,50.0,1.92,60.35,52.36,21.16,50.0,10.66,55.15,9.7,50.0,8.42,50.0,1.92,51.86,49.35,19.95,50.0,10.66,37.93,6.67,50.0,8.42,50.0,1.92,47.61,48.27,19.51,50.0,10.66,59.14,10.41,50.0,8.42,50.0,1.92,50.91,44.11,17.83,50.0,10.66,47.13,8.29,50.0,8.42,50.0,1.92,47.11,35.12,14.2,50.0,10.66,54.16,9.53,50.0,8.42,50.0,1.92,44.72
202605060802,2026-05-06,08,2R,daily,70.86,28.64,50.0,10.66,59.58,10.48,50.0,8.42,50.0,1.92,60.12,52.36,21.16,50.0,10.66,55.87,9.83,50.0,8.42,50.0,1.92,51.99,49.35,19.95,50.0,10.66,64.96,11.43,50.0,8.42,50.0,1.92,52.37,48.27,19.51,50.0,10.66,50.0,8.8,50.0,8.42,50.0,1.92,49.3,44.11,17.83,50.0,10.66,64.12,11.28,50.0,8.42,50.0,1.92,50.1,35.12,14.2,50.0,10.66,50.0,8.8,50.0,8.42,50.0,1.92,43.99
202605060803,2026-05-06,08,3R,daily,70.86,28.64,50.0,10.66,48.4,8.52,50.0,8.42,50.0,1.92,58.15,52.36,21.16,50.0,10.66,45.85,8.07,50.0,8.42,50.0,1.92,50.22,49.35,19.95,50.0,10.66,68.94,12.13,50.0,8.42,50.0,1.92,53.07,48.27,19.51,50.0,10.66,36.05,6.34,50.0,8.42,50.0,1.92,46.85,44.11,17.83,50.0,10.66,50.0,8.8,50.0,8.42,50.0,1.92,47.62,35.12,14.2,50.0,10.66,50.0,8.8,50.0,8.42,50.0,1.92,43.99
202605060804,2026-05-06,08,4R,daily,70.86,28.64,50.0,10.66,57.48,10.11,50.0,8.42,50.0,1.92,59.75,52.36,21.16,50.0,10.66,39.76,7.0,50.0,8.42,50.0,1.92,49.15,49.35,19.95,50.0,10.66,55.93,9.84,50.0,8.42,50.0,1.92,50.78,48.27,19.51,50.0,10.66,48.4,8.52,50.0,8.42,50.0,1.92,49.02,44.11,17.83,50.0,10.66,58.03,10.21,50.0,8.42,50.0,1.92,49.03,35.12,14.2,50.0,10.66,62.46,10.99,50.0,8.42,50.0,1.92,46.18
202605060805,2026-05-06,08,5R,daily,70.86,28.64,50.0,10.66,55.82,9.82,50.0,8.42,50.0,1.92,59.46,52.36,21.16,50.0,10.66,50.0,8.8,50.0,8.42,50.0,1.92,50.95,49.35,19.95,50.0,10.66,50.0,8.8,50.0,8.42,50.0,1.92,49.74,48.27,19.51,50.0,10.66,50.28,8.85,50.0,8.42,50.0,1.92,49.35,44.11,17.83,50.0,10.66,42.86,7.54,50.0,8.42,50.0,1.92,46.36,35.12,14.2,50.0,10.66,45.3,7.97,50.0,8.42,50.0,1.92,43.16
202605060806,2026-05-06,08,6R,daily,70.86,28.64,50.0,10.66,63.4,11.16,50.0,8.42,50.0,1.92,60.79,52.36,21.16,50.0,10.66,54.16,9.53,50.0,8.42,50.0,1.92,51.69,49.35,19.95,50.0,10.66,50.0,8.8,50.0,8.42,50.0,1.92,49.74,48.27,19.51,50.0,10.66,50.0,8.8,50.0,8.42,50.0,1.92,49.3,44.11,17.83,50.0,10.66,50.0,8.8,50.0,8.42,50.0,1.92,47.62,35.12,14.2,50.0,10.66,55.27,9.72,50.0,8.42,50.0,1.92,44.91
202605060807,2026-05-06,08,7R,daily,70.86,28.64,50.0,10.66,47.13,8.29,50.0,8.42,50.0,1.92,57.93,52.36,21.16,50.0,10.66,50.0,8.8,50.0,8.42,50.0,1.92,50.95,49.35,19.95,50.0,10.66,64.12,11.28,50.0,8.42,50.0,1.92,52.22,48.27,19.51,50.0,10.66,68.94,12.13,50.0,8.42,50.0,1.92,52.63,44.11,17.83,50.0,10.66,61.91,10.89,50.0,8.42,50.0,1.92,49.72,35.12,14.2,50.0,10.66,50.0,8.8,50.0,8.42,50.0,1.92,43.99
202605060808,2026-05-06,08,8R,daily,70.86,28.64,50.0,10.66,57.48,10.11,50.0,8.42,50.0,1.92,59.75,52.36,21.16,50.0,10.66,50.0,8.8,50.0,8.42,50.0,1.92,50.95,49.35,19.95,50.0,10.66,56.37,9.92,50.0,8.42,50.0,1.92,50.86,48.27,19.51,50.0,10.66,58.03,10.21,50.0,8.42,50.0,1.92,50.71,44.11,17.83,50.0,10.66,34.23,6.02,50.0,8.42,50.0,1.92,44.84,35.12,14.2,50.0,10.66,58.37,10.27,50.0,8.42,50.0,1.92,45.46
202605060809,2026-05-06,08,9R,daily,70.86,28.64,50.0,10.66,61.41,10.81,50.0,8.42,50.0,1.92,60.44,52.36,21.16,50.0,10.66,42.86,7.54,50.0,8.42,50.0,1.92,49.7,49.35,19.95,50.0,10.66,55.15,9.7,50.0,8.42,50.0,1.92,50.64,48.27,19.51,50.0,10.66,45.85,8.07,50.0,8.42,50.0,1.92,48.57,44.11,17.83,50.0,10.66,62.46,10.99,50.0,8.42,50.0,1.92,49.81,35.12,14.2,50.0,10.66,50.0,8.8,50.0,8.42,50.0,1.92,43.99
202605060810,2026-05-06,08,10R,daily,70.86,28.64,50.0,10.66,50.28,8.85,50.0,8.42,50.0,1.92,58.48,52.36,21.16,50.0,10.66,48.4,8.52,50.0,8.42,50.0,1.92,50.67,49.35,19.95,50.0,10.66,63.4,11.16,50.0,8.42,50.0,1.92,52.09,48.27,19.51,50.0,10.66,50.0,8.8,50.0,8.42,50.0,1.92,49.3,44.11,17.83,50.0,10.66,60.91,10.72,50.0,8.42,50.0,1.92,49.54,35.12,14.2,50.0,10.66,36.05,6.34,50.0,8.42,50.0,1.92,41.53
202605060811,2026-05-06,08,11R,daily,70.86,28.64,50.0,10.66,39.76,7.0,50.0,8.42,50.0,1.92,56.63,52.36,21.16,50.0,10.66,61.91,10.89,50.0,8.42,50.0,1.92,53.05,49.35,19.95,50.0,10.66,50.28,8.85,50.0,8.42,50.0,1.92,49.79,48.27,19.51,50.0,10.66,64.96,11.43,50.0,8.42,50.0,1.92,51.93,44.11,17.83,50.0,10.66,37.93,6.67,50.0,8.42,50.0,1.92,45.5,35.12,14.2,50.0,10.66,50.0,8.8,50.0,8.42,50.0,1.92,43.99
202605060812,2026-05-06,08,12R,daily,70.86,28.64,50.0,10.66,34.23,6.02,50.0,8.42,50.0,1.92,55.66,52.36,21.16,50.0,10.66,50.0,8.8,50.0,8.42,50.0,1.92,50.95,49.35,19.95,50.0,10.66,50.0,8.8,50.0,8.42,50.0,1.92,49.74,48.27,19.51,50.0,10.66,55.93,9.84,50.0,8.42,50.0,1.92,50.34,44.11,17.83,50.0,10.66,55.82,9.82,50.0,8.42,50.0,1.92,48.64,35.12,14.2,50.0,10.66,41.98,7.39,50.0,8.42,50.0,1.92,42.57
202605060901,2026-05-06,09,1R,daily,69.02,30.73,50.0,10.11,46.47,7.2,50.0,7.45,50.0,2.43,57.92,54.34,24.19,50.0,10.11,44.83,6.95,50.0,7.45,50.0,2.43,51.13,50.69,22.57,50.0,10.11,52.73,8.17,50.0,7.45,50.0,2.43,50.73,48.28,21.49,50.0,10.11,38.01,5.89,50.0,7.45,50.0,2.43,47.38,43.87,19.53,50.0,10.11,55.89,8.66,50.0,7.45,50.0,2.43,48.18,33.46,14.89,50.0,10.11,59.61,9.24,50.0,7.45,50.0,2.43,44.12
202605060902,2026-05-06,09,2R,daily,69.02,30.73,50.0,10.11,46.47,7.2,50.0,7.45,50.0,2.43,57.92,54.34,24.19,50.0,10.11,53.52,8.29,50.0,7.45,50.0,2.43,52.48,50.69,22.57,50.0,10.11,50.0,7.75,50.0,7.45,50.0,2.43,50.31,48.28,21.49,50.0,10.11,64.01,9.92,50.0,7.45,50.0,2.43,51.41,43.87,19.53,50.0,10.11,43.09,6.68,50.0,7.45,50.0,2.43,46.2,33.46,14.89,50.0,10.11,49.29,7.64,50.0,7.45,50.0,2.43,42.52
202605060903,2026-05-06,09,3R,daily,69.02,30.73,50.0,10.11,50.0,7.75,50.0,7.45,50.0,2.43,58.47,54.34,24.19,50.0,10.11,50.0,7.75,50.0,7.45,50.0,2.43,51.93,50.69,22.57,50.0,10.11,51.49,7.98,50.0,7.45,50.0,2.43,50.54,48.28,21.49,50.0,10.11,50.0,7.75,50.0,7.45,50.0,2.43,49.24,43.87,19.53,50.0,10.11,53.24,8.25,50.0,7.45,50.0,2.43,47.77,33.46,14.89,50.0,10.11,50.0,7.75,50.0,7.45,50.0,2.43,42.63
202605060904,2026-05-06,09,4R,daily,69.02,30.73,50.0,10.11,61.53,9.53,50.0,7.45,50.0,2.43,60.25,54.34,24.19,50.0,10.11,54.59,8.46,50.0,7.45,50.0,2.43,52.64,50.69,22.57,50.0,10.11,50.0,7.75,50.0,7.45,50.0,2.43,50.31,48.28,21.49,50.0,10.11,53.97,8.36,50.0,7.45,50.0,2.43,49.85,43.87,19.53,50.0,10.11,62.71,9.72,50.0,7.45,50.0,2.43,49.24,33.46,14.89,50.0,10.11,46.47,7.2,50.0,7.45,50.0,2.43,42.09
202605060905,2026-05-06,09,5R,daily,69.02,30.73,50.0,10.11,62.77,9.73,50.0,7.45,50.0,2.43,60.45,54.34,24.19,50.0,10.11,44.38,6.88,50.0,7.45,50.0,2.43,51.06,50.69,22.57,50.0,10.11,40.83,6.33,50.0,7.45,50.0,2.43,48.89,48.28,21.49,50.0,10.11,50.0,7.75,50.0,7.45,50.0,2.43,49.24,43.87,19.53,50.0,10.11,54.59,8.46,50.0,7.45,50.0,2.43,47.98,33.46,14.89,50.0,10.11,58.99,9.14,50.0,7.45,50.0,2.43,44.03
202605060906,2026-05-06,09,6R,daily,69.02,30.73,50.0,10.11,50.0,7.75,50.0,7.45,50.0,2.43,58.47,54.34,24.19,50.0,10.11,53.35,8.27,50.0,7.45,50.0,2.43,52.45,50.69,22.57,50.0,10.11,67.9,10.52,50.0,7.45,50.0,2.43,53.08,48.28,21.49,50.0,10.11,50.0,7.75,50.0,7.45,50.0,2.43,49.24,43.87,19.53,50.0,10.11,44.83,6.95,50.0,7.45,50.0,2.43,46.47,33.46,14.89,50.0,10.11,57.75,8.95,50.0,7.45,50.0,2.43,43.84
202605060907,2026-05-06,09,7R,daily,69.02,30.73,50.0,10.11,30.68,4.75,50.0,7.45,50.0,2.43,55.47,54.34,24.19,50.0,10.11,43.09,6.68,50.0,7.45,50.0,2.43,50.86,50.69,22.57,50.0,10.11,56.51,8.76,50.0,7.45,50.0,2.43,51.31,48.28,21.49,50.0,10.11,52.11,8.07,50.0,7.45,50.0,2.43,49.56,43.87,19.53,50.0,10.11,50.0,7.75,50.0,7.45,50.0,2.43,47.27,33.46,14.89,50.0,10.11,55.89,8.66,50.0,7.45,50.0,2.43,43.55
202605060908,2026-05-06,09,8R,daily,69.02,30.73,50.0,10.11,50.0,7.75,50.0,7.45,50.0,2.43,58.47,54.34,24.19,50.0,10.11,67.79,10.5,50.0,7.45,50.0,2.43,54.69,50.69,22.57,50.0,10.11,50.0,7.75,50.0,7.45,50.0,2.43,50.31,48.28,21.49,50.0,10.11,43.25,6.7,50.0,7.45,50.0,2.43,48.19,43.87,19.53,50.0,10.11,51.49,7.98,50.0,7.45,50.0,2.43,47.5,33.46,14.89,50.0,10.11,58.48,9.06,50.0,7.45,50.0,2.43,43.95
202605060909,2026-05-06,09,9R,daily,69.02,30.73,50.0,10.11,40.83,6.33,50.0,7.45,50.0,2.43,57.05,54.34,24.19,50.0,10.11,40.83,6.33,50.0,7.45,50.0,2.43,50.51,50.69,22.57,50.0,10.11,50.0,7.75,50.0,7.45,50.0,2.43,50.31,48.28,21.49,50.0,10.11,46.47,7.2,50.0,7.45,50.0,2.43,48.69,43.87,19.53,50.0,10.11,65.25,10.11,50.0,7.45,50.0,2.43,49.63,33.46,14.89,50.0,10.11,53.24,8.25,50.0,7.45,50.0,2.43,43.14
202605060910,2026-05-06,09,10R,daily,69.02,30.73,50.0,10.11,50.0,7.75,50.0,7.45,50.0,2.43,58.47,54.34,24.19,50.0,10.11,53.97,8.36,50.0,7.45,50.0,2.43,52.55,50.69,22.57,50.0,10.11,64.01,9.92,50.0,7.45,50.0,2.43,52.48,48.28,21.49,50.0,10.11,50.0,7.75,50.0,7.45,50.0,2.43,49.24,43.87,19.53,50.0,10.11,50.0,7.75,50.0,7.45,50.0,2.43,47.27,33.46,14.89,50.0,10.11,46.47,7.2,50.0,7.45,50.0,2.43,42.09
202605060911,2026-05-06,09,11R,daily,69.02,30.73,50.0,10.11,52.11,8.07,50.0,7.45,50.0,2.43,58.79,54.34,24.19,50.0,10.11,62.71,9.72,50.0,7.45,50.0,2.43,53.9,50.69,22.57,50.0,10.11,50.0,7.75,50.0,7.45,50.0,2.43,50.31,48.28,21.49,50.0,10.11,54.59,8.46,50.0,7.45,50.0,2.43,49.95,43.87,19.53,50.0,10.11,62.77,9.73,50.0,7.45,50.0,2.43,49.25,33.46,14.89,50.0,10.11,50.0,7.75,50.0,7.45,50.0,2.43,42.63
202605060912,2026-05-06,09,12R,daily,69.02,30.73,50.0,10.11,43.25,6.7,50.0,7.45,50.0,2.43,57.42,54.34,24.19,50.0,10.11,54.59,8.46,50.0,7.45,50.0,2.43,52.64,50.69,22.57,50.0,10.11,38.01,5.89,50.0,7.45,50.0,2.43,48.45,48.28,21.49,50.0,10.11,53.35,8.27,50.0,7.45,50.0,2.43,49.75,43.87,19.53,50.0,10.11,30.68,4.75,50.0,7.45,50.0,2.43,44.28,33.46,14.89,50.0,10.11,61.53,9.53,50.0,7.45,50.0,2.43,44.42
202605061001,2026-05-06,10,1R,realtime,68.24,26.84,50.0,13.8,102.5,17.18,50.78,6.15,44.73,1.87,65.85,54.19,21.32,50.0,13.8,50.0,8.38,57.71,6.99,52.72,2.21,52.7,52.18,20.53,50.0,13.8,107.8,18.07,52.09,6.31,49.91,2.09,60.8,48.88,19.23,50.0,13.8,93.8,15.72,46.65,5.65,47.58,1.99,56.39,42.1,16.56,50.0,13.8,125.6,21.05,51.1,6.19,51.28,2.15,59.75,34.14,13.43,50.0,13.8,98.9,16.58,41.73,5.06,53.98,2.26,51.12
202605061002,2026-05-06,10,2R,realtime,68.24,26.84,50.0,13.8,118.8,19.91,50.18,6.08,44.73,1.87,68.51,54.19,21.32,50.0,13.8,98.8,16.56,65.35,7.92,52.72,2.21,61.8,52.18,20.53,50.0,13.8,101.1,16.94,57.79,7.0,49.91,2.09,60.36,34.14,13.43,50.0,13.8,117.8,19.74,47.19,5.72,53.98,2.26,54.95,48.88,19.23,50.0,13.8,102.5,17.18,41.55,5.03,47.58,1.99,57.23,42.1,16.56,50.0,13.8,112.2,18.8,38.0,4.6,51.28,2.15,55.92
202605061003,2026-05-06,10,3R,daily,68.24,26.84,50.0,13.8,50.0,8.38,50.0,6.06,50.0,2.09,57.17,54.19,21.32,50.0,13.8,87.5,14.66,50.0,6.06,50.0,2.09,57.93,52.18,20.53,50.0,13.8,92.5,15.5,50.0,6.06,50.0,2.09,57.98,48.88,19.23,50.0,13.8,90.0,15.08,50.0,6.06,50.0,2.09,56.26,42.1,16.56,50.0,13.8,50.0,8.38,50.0,6.06,50.0,2.09,46.89,34.14,13.43,50.0,13.8,100.0,16.76,50.0,6.06,50.0,2.09,52.14
202605061004,2026-05-06,10,4R,daily,68.24,26.84,50.0,13.8,50.0,8.38,50.0,6.06,50.0,2.09,57.17,54.19,21.32,50.0,13.8,93.8,15.72,50.0,6.06,50.0,2.09,58.99,52.18,20.53,50.0,13.8,118.9,19.93,50.0,6.06,50.0,2.09,62.41,48.88,19.23,50.0,13.8,50.0,8.38,50.0,6.06,50.0,2.09,49.56,42.1,16.56,50.0,13.8,68.6,11.5,50.0,6.06,50.0,2.09,50.01,34.14,13.43,50.0,13.8,110.0,18.44,50.0,6.06,50.0,2.09,53.82
202605061005,2026-05-06,10,5R,daily,68.24,26.84,50.0,13.8,115.6,19.37,50.0,6.06,50.0,2.09,68.17,54.19,21.32,50.0,13.8,98.8,16.56,50.0,6.06,50.0,2.09,59.83,52.18,20.53,50.0,13.8,50.0,8.38,50.0,6.06,50.0,2.09,50.86,48.88,19.23,50.0,13.8,88.6,14.85,50.0,6.06,50.0,2.09,56.03,42.1,16.56,50.0,13.8,121.1,20.3,50.0,6.06,50.0,2.09,58.81,34.14,13.43,50.0,13.8,61.4,10.29,50.0,6.06,50.0,2.09,45.67
202605061006,2026-05-06,10,6R,daily,68.24,26.84,50.0,13.8,50.0,8.38,50.0,6.06,50.0,2.09,57.17,54.19,21.32,50.0,13.8,136.7,22.91,50.0,6.06,50.0,2.09,66.18,52.18,20.53,50.0,13.8,50.0,8.38,50.0,6.06,50.0,2.09,50.86,48.88,19.23,50.0,13.8,118.8,19.91,50.0,6.06,50.0,2.09,61.09,42.1,16.56,50.0,13.8,125.0,20.95,50.0,6.06,50.0,2.09,59.46,34.14,13.43,50.0,13.8,50.0,8.38,50.0,6.06,50.0,2.09,43.76
202605061007,2026-05-06,10,7R,daily,68.24,26.84,50.0,13.8,110.0,18.44,50.0,6.06,50.0,2.09,67.23,54.19,21.32,50.0,13.8,100.0,16.76,50.0,6.06,50.0,2.09,60.03,52.18,20.53,50.0,13.8,91.3,15.3,50.0,6.06,50.0,2.09,57.78,48.88,19.23,50.0,13.8,50.0,8.38,50.0,6.06,50.0,2.09,49.56,42.1,16.56,50.0,13.8,134.4,22.52,50.0,6.06,50.0,2.09,61.04,34.14,13.43,50.0,13.8,98.8,16.56,50.0,6.06,50.0,2.09,51.94
202605061008,2026-05-06,10,8R,daily,68.24,26.84,50.0,13.8,102.5,17.18,50.0,6.06,50.0,2.09,65.97,54.19,21.32,50.0,13.8,110.0,18.44,50.0,6.06,50.0,2.09,61.7,52.18,20.53,50.0,13.8,102.5,17.18,50.0,6.06,50.0,2.09,59.66,48.88,19.23,50.0,13.8,50.0,8.38,50.0,6.06,50.0,2.09,49.56,42.1,16.56,50.0,13.8,98.8,16.56,50.0,6.06,50.0,2.09,55.07,34.14,13.43,50.0,13.8,103.3,17.31,50.0,6.06,50.0,2.09,52.69
202605061009,2026-05-06,10,9R,daily,68.24,26.84,50.0,13.8,107.8,18.07,50.0,6.06,50.0,2.09,66.86,54.19,21.32,50.0,13.8,88.6,14.85,50.0,6.06,50.0,2.09,58.12,52.18,20.53,50.0,13.8,50.0,8.38,50.0,6.06,50.0,2.09,50.86,48.88,19.23,50.0,13.8,50.0,8.38,50.0,6.06,50.0,2.09,49.56,42.1,16.56,50.0,13.8,92.5,15.5,50.0,6.06,50.0,2.09,54.02,34.14,13.43,50.0,13.8,101.1,16.94,50.0,6.06,50.0,2.09,52.32
202605061010,2026-05-06,10,10R,daily,68.24,26.84,50.0,13.8,68.6,11.5,50.0,6.06,50.0,2.09,60.29,54.19,21.32,50.0,13.8,61.4,10.29,50.0,6.06,50.0,2.09,53.56,52.18,20.53,50.0,13.8,50.0,8.38,50.0,6.06,50.0,2.09,50.86,48.88,19.23,50.0,13.8,112.2,18.8,50.0,6.06,50.0,2.09,59.98,42.1,16.56,50.0,13.8,80.0,13.41,50.0,6.06,50.0,2.09,51.92,34.14,13.43,50.0,13.8,125.6,21.05,50.0,6.06,50.0,2.09,56.43
202605061011,2026-05-06,10,11R,daily,68.24,26.84,50.0,13.8,93.8,15.72,50.0,6.06,50.0,2.09,64.51,54.19,21.32,50.0,13.8,50.0,8.38,50.0,6.06,50.0,2.09,51.65,52.18,20.53,50.0,13.8,121.1,20.3,50.0,6.06,50.0,2.09,62.77,48.88,19.23,50.0,13.8,50.0,8.38,50.0,6.06,50.0,2.09,49.56,42.1,16.56,50.0,13.8,136.7,22.91,50.0,6.06,50.0,2.09,61.42,34.14,13.43,50.0,13.8,121.1,20.3,50.0,6.06,50.0,2.09,55.68
202605061012,2026-05-06,10,12R,daily,68.24,26.84,50.0,13.8,125.0,20.95,50.0,6.06,50.0,2.09,69.74,54.19,21.32,50.0,13.8,110.0,18.44,50.0,6.06,50.0,2.09,61.7,52.18,20.53,50.0,13.8,91.1,15.27,50.0,6.06,50.0,2.09,57.75,48.88,19.23,50.0,13.8,103.3,17.31,50.0,6.06,50.0,2.09,58.49,42.1,16.56,50.0,13.8,117.8,19.74,50.0,6.06,50.0,2.09,58.26,34.14,13.43,50.0,13.8,98.8,16.56,50.0,6.06,50.0,2.09,51.94
202605061101,2026-05-06,11,1R,daily,67.74,24.25,50.0,11.78,112.5,29.61,50.0,5.32,50.0,1.84,72.8,54.48,19.5,50.0,11.78,107.5,28.3,50.0,5.32,50.0,1.84,66.74,53.17,19.03,50.0,11.78,50.0,13.16,50.0,5.32,50.0,1.84,51.13,47.52,17.01,50.0,11.78,78.6,20.69,50.0,5.32,50.0,1.84,56.64,43.51,15.57,50.0,11.78,50.0,13.16,50.0,5.32,50.0,1.84,47.68,33.16,11.87,50.0,11.78,50.0,13.16,50.0,5.32,50.0,1.84,43.97
202605061102,2026-05-06,11,2R,daily,67.74,24.25,50.0,11.78,130.0,34.22,50.0,5.32,50.0,1.84,77.41,54.48,19.5,50.0,11.78,88.3,23.24,50.0,5.32,50.0,1.84,61.69,53.17,19.03,50.0,11.78,84.3,22.19,50.0,5.32,50.0,1.84,60.16,47.52,17.01,50.0,11.78,103.8,27.32,50.0,5.32,50.0,1.84,63.28,43.51,15.57,50.0,11.78,110.0,28.96,50.0,5.32,50.0,1.84,63.47,33.16,11.87,50.0,11.78,102.2,26.9,50.0,5.32,50.0,1.84,57.71
202605061103,2026-05-06,11,3R,daily,67.74,24.25,50.0,11.78,50.0,13.16,50.0,5.32,50.0,1.84,56.35,54.48,19.5,50.0,11.78,64.3,16.93,50.0,5.32,50.0,1.84,55.37,53.17,19.03,50.0,11.78,71.4,18.79,50.0,5.32,50.0,1.84,56.77,47.52,17.01,50.0,11.78,50.0,13.16,50.0,5.32,50.0,1.84,49.11,43.51,15.57,50.0,11.78,86.3,22.72,50.0,5.32,50.0,1.84,57.23,33.16,11.87,50.0,11.78,50.0,13.16,50.0,5.32,50.0,1.84,43.97
202605061104,2026-05-06,11,4R,daily,67.74,24.25,50.0,11.78,103.3,27.19,50.0,5.32,50.0,1.84,70.38,54.48,19.5,50.0,11.78,50.0,13.16,50.0,5.32,50.0,1.84,51.6,53.17,19.03,50.0,11.78,50.0,13.16,50.0,5.32,50.0,1.84,51.13,47.52,17.01,50.0,11.78,103.8,27.32,50.0,5.32,50.0,1.84,63.28,43.51,15.57,50.0,11.78,110.0,28.96,50.0,5.32,50.0,1.84,63.47,33.16,11.87,50.0,11.78,75.7,19.93,50.0,5.32,50.0,1.84,50.74
202605061105,2026-05-06,11,5R,daily,67.74,24.25,50.0,11.78,50.0,13.16,50.0,5.32,50.0,1.84,56.35,54.48,19.5,50.0,11.78,50.0,13.16,50.0,5.32,50.0,1.84,51.6,53.17,19.03,50.0,11.78,104.4,27.48,50.0,5.32,50.0,1.84,65.45,47.52,17.01,50.0,11.78,50.0,13.16,50.0,5.32,50.0,1.84,49.11,43.51,15.57,50.0,11.78,116.7,30.72,50.0,5.32,50.0,1.84,65.24,33.16,11.87,50.0,11.78,123.3,32.46,50.0,5.32,50.0,1.84,63.27
202605061106,2026-05-06,11,6R,daily,67.74,24.25,50.0,11.78,50.0,13.16,50.0,5.32,50.0,1.84,56.35,54.48,19.5,50.0,11.78,50.0,13.16,50.0,5.32,50.0,1.84,51.6,53.17,19.03,50.0,11.78,111.0,29.22,50.0,5.32,50.0,1.84,67.19,47.52,17.01,50.0,11.78,62.5,16.45,50.0,5.32,50.0,1.84,52.4,43.51,15.57,50.0,11.78,115.6,30.43,50.0,5.32,50.0,1.84,64.95,33.16,11.87,50.0,11.78,50.0,13.16,50.0,5.32,50.0,1.84,43.97
202605061107,2026-05-06,11,7R,daily,67.74,24.25,50.0,11.78,90.0,23.69,50.0,5.32,50.0,1.84,66.88,54.48,19.5,50.0,11.78,50.0,13.16,50.0,5.32,50.0,1.84,51.6,53.17,19.03,50.0,11.78,112.5,29.61,50.0,5.32,50.0,1.84,67.59,47.52,17.01,50.0,11.78,84.3,22.19,50.0,5.32,50.0,1.84,58.14,43.51,15.57,50.0,11.78,102.2,26.9,50.0,5.32,50.0,1.84,61.42,33.16,11.87,50.0,11.78,87.5,23.03,50.0,5.32,50.0,1.84,53.84
202605061108,2026-05-06,11,8R,daily,67.74,24.25,50.0,11.78,50.0,13.16,50.0,5.32,50.0,1.84,56.35,54.48,19.5,50.0,11.78,118.9,31.3,50.0,5.32,50.0,1.84,69.74,53.17,19.03,50.0,11.78,84.3,22.19,50.0,5.32,50.0,1.84,60.16,47.52,17.01,50.0,11.78,88.3,23.24,50.0,5.32,50.0,1.84,59.2,43.51,15.57,50.0,11.78,50.0,13.16,50.0,5.32,50.0,1.84,47.68,33.16,11.87,50.0,11.78,78.6,20.69,50.0,5.32,50.0,1.84,51.5
202605061109,2026-05-06,11,9R,daily,67.74,24.25,50.0,11.78,110.0,28.96,50.0,5.32,50.0,1.84,72.14,54.48,19.5,50.0,11.78,50.0,13.16,50.0,5.32,50.0,1.84,51.6,53.17,19.03,50.0,11.78,107.5,28.3,50.0,5.32,50.0,1.84,66.27,47.52,17.01,50.0,11.78,50.0,13.16,50.0,5.32,50.0,1.84,49.11,43.51,15.57,50.0,11.78,64.3,16.93,50.0,5.32,50.0,1.84,51.44,33.16,11.87,50.0,11.78,103.3,27.19,50.0,5.32,50.0,1.84,58.0
202605061110,2026-05-06,11,10R,daily,67.74,24.25,50.0,11.78,50.0,13.16,50.0,5.32,50.0,1.84,56.35,54.48,19.5,50.0,11.78,110.0,28.96,50.0,5.32,50.0,1.84,67.4,53.17,19.03,50.0,11.78,62.5,16.45,50.0,5.32,50.0,1.84,54.42,47.52,17.01,50.0,11.78,71.4,18.79,50.0,5.32,50.0,1.84,54.75,43.51,15.57,50.0,11.78,50.0,13.16,50.0,5.32,50.0,1.84,47.68,33.16,11.87,50.0,11.78,130.0,34.22,50.0,5.32,50.0,1.84,65.03
202605061111,2026-05-06,11,11R,daily,67.74,24.25,50.0,11.78,123.3,32.46,50.0,5.32,50.0,1.84,75.64,54.48,19.5,50.0,11.78,86.3,22.72,50.0,5.32,50.0,1.84,61.16,53.17,19.03,50.0,11.78,103.8,27.32,50.0,5.32,50.0,1.84,65.3,47.52,17.01,50.0,11.78,50.0,13.16,50.0,5.32,50.0,1.84,49.11,43.51,15.57,50.0,11.78,90.0,23.69,50.0,5.32,50.0,1.84,58.21,33.16,11.87,50.0,11.78,50.0,13.16,50.0,5.32,50.0,1.84,43.97
202605061112,2026-05-06,11,12R,daily,67.74,24.25,50.0,11.78,87.5,23.03,50.0,5.32,50.0,1.84,66.22,54.48,19.5,50.0,11.78,115.6,30.43,50.0,5.32,50.0,1.84,68.87,53.17,19.03,50.0,11.78,103.8,27.32,50.0,5.32,50.0,1.84,65.3,47.52,17.01,50.0,11.78,104.4,27.48,50.0,5.32,50.0,1.84,63.43,43.51,15.57,50.0,11.78,50.0,13.16,50.0,5.32,50.0,1.84,47.68,33.16,11.87,50.0,11.78,50.0,13.16,50.0,5.32,50.0,1.84,43.97
202605061201,2026-05-06,12,1R,daily,69.37,29.97,50.0,6.35,62.32,15.61,50.0,8.43,50.0,1.1,61.45,54.3,23.46,50.0,6.35,69.01,17.29,50.0,8.43,50.0,1.1,56.62,50.93,22.0,50.0,6.35,54.35,13.61,50.0,8.43,50.0,1.1,51.49,49.15,21.23,50.0,6.35,55.81,13.98,50.0,8.43,50.0,1.1,51.09,41.25,17.82,50.0,6.35,60.97,15.27,50.0,8.43,50.0,1.1,48.97,35.1,15.16,50.0,6.35,50.0,12.52,50.0,8.43,50.0,1.1,43.56
202605061202,2026-05-06,12,2R,daily,69.37,29.97,50.0,6.35,59.74,14.96,50.0,8.43,50.0,1.1,60.81,54.3,23.46,50.0,6.35,54.11,13.55,50.0,8.43,50.0,1.1,52.89,50.93,22.0,50.0,6.35,38.22,9.57,50.0,8.43,50.0,1.1,47.45,49.15,21.23,50.0,6.35,58.04,14.54,50.0,8.43,50.0,1.1,51.65,41.25,17.82,50.0,6.35,58.04,14.54,50.0,8.43,50.0,1.1,48.23,35.1,15.16,50.0,6.35,59.74,14.96,50.0,8.43,50.0,1.1,46.0
202605061203,2026-05-06,12,3R,daily,69.37,29.97,50.0,6.35,49.95,12.51,50.0,8.43,50.0,1.1,58.35,54.3,23.46,50.0,6.35,50.0,12.52,50.0,8.43,50.0,1.1,51.86,50.93,22.0,50.0,6.35,49.13,12.31,50.0,8.43,50.0,1.1,50.18,49.15,21.23,50.0,6.35,42.38,10.62,50.0,8.43,50.0,1.1,47.72,41.25,17.82,50.0,6.35,52.18,13.07,50.0,8.43,50.0,1.1,46.76,35.1,15.16,50.0,6.35,50.0,12.52,50.0,8.43,50.0,1.1,43.56
202605061204,2026-05-06,12,4R,daily,69.37,29.97,50.0,6.35,52.88,13.25,50.0,8.43,50.0,1.1,59.09,54.3,23.46,50.0,6.35,62.32,15.61,50.0,8.43,50.0,1.1,54.95,50.93,22.0,50.0,6.35,50.0,12.52,50.0,8.43,50.0,1.1,50.4,49.15,21.23,50.0,6.35,69.01,17.29,50.0,8.43,50.0,1.1,54.39,41.25,17.82,50.0,6.35,50.0,12.52,50.0,8.43,50.0,1.1,46.22,35.1,15.16,50.0,6.35,49.95,12.51,50.0,8.43,50.0,1.1,43.55
202605061205,2026-05-06,12,5R,daily,69.37,29.97,50.0,6.35,63.14,15.82,50.0,8.43,50.0,1.1,61.66,54.3,23.46,50.0,6.35,44.08,11.04,50.0,8.43,50.0,1.1,50.38,50.93,22.0,50.0,6.35,48.25,12.09,50.0,8.43,50.0,1.1,49.96,49.15,21.23,50.0,6.35,50.0,12.52,50.0,8.43,50.0,1.1,49.63,41.25,17.82,50.0,6.35,52.88,13.25,50.0,8.43,50.0,1.1,46.94,35.1,15.16,50.0,6.35,50.0,12.52,50.0,8.43,50.0,1.1,43.56
202605061206,2026-05-06,12,6R,daily,69.37,29.97,50.0,6.35,50.0,12.52,50.0,8.43,50.0,1.1,58.37,54.3,23.46,50.0,6.35,59.74,14.96,50.0,8.43,50.0,1.1,54.3,50.93,22.0,50.0,6.35,52.53,13.16,50.0,8.43,50.0,1.1,51.03,49.15,21.23,50.0,6.35,49.24,12.34,50.0,8.43,50.0,1.1,49.44,41.25,17.82,50.0,6.35,45.08,11.29,50.0,8.43,50.0,1.1,44.99,35.1,15.16,50.0,6.35,50.0,12.52,50.0,8.43,50.0,1.1,43.56
202605061207,2026-05-06,12,7R,daily,69.37,29.97,50.0,6.35,50.0,12.52,50.0,8.43,50.0,1.1,58.37,54.3,23.46,50.0,6.35,48.25,12.09,50.0,8.43,50.0,1.1,51.42,50.93,22.0,50.0,6.35,54.52,13.66,50.0,8.43,50.0,1.1,51.53,49.15,21.23,50.0,6.35,50.0,12.52,50.0,8.43,50.0,1.1,49.63,41.25,17.82,50.0,6.35,50.0,12.52,50.0,8.43,50.0,1.1,46.22,35.1,15.16,50.0,6.35,69.01,17.29,50.0,8.43,50.0,1.1,48.32
202605061208,2026-05-06,12,8R,daily,69.37,29.97,50.0,6.35,49.13,12.31,50.0,8.43,50.0,1.1,58.15,54.3,23.46,50.0,6.35,59.51,14.91,50.0,8.43,50.0,1.1,54.24,50.93,22.0,50.0,6.35,39.92,10.0,50.0,8.43,50.0,1.1,47.88,49.15,21.23,50.0,6.35,51.88,13.0,50.0,8.43,50.0,1.1,50.1,41.25,17.82,50.0,6.35,58.04,14.54,50.0,8.43,50.0,1.1,48.23,35.1,15.16,50.0,6.35,55.81,13.98,50.0,8.43,50.0,1.1,45.02
202605061209,2026-05-06,12,9R,daily,69.37,29.97,50.0,6.35,52.18,13.07,50.0,8.43,50.0,1.1,58.91,54.3,23.46,50.0,6.35,46.61,11.67,50.0,8.43,50.0,1.1,51.01,50.93,22.0,50.0,6.35,54.11,13.55,50.0,8.43,50.0,1.1,51.43,49.15,21.23,50.0,6.35,62.32,15.61,50.0,8.43,50.0,1.1,52.72,41.25,17.82,50.0,6.35,44.08,11.04,50.0,8.43,50.0,1.1,44.74,35.1,15.16,50.0,6.35,50.0,12.52,50.0,8.43,50.0,1.1,43.56
202605061210,2026-05-06,12,10R,daily,69.37,29.97,50.0,6.35,49.24,12.34,50.0,8.43,50.0,1.1,58.18,54.3,23.46,50.0,6.35,50.71,12.7,50.0,8.43,50.0,1.1,52.04,50.93,22.0,50.0,6.35,50.0,12.52,50.0,8.43,50.0,1.1,50.4,49.15,21.23,50.0,6.35,46.61,11.67,50.0,8.43,50.0,1.1,48.78,41.25,17.82,50.0,6.35,69.01,17.29,50.0,8.43,50.0,1.1,50.98,35.1,15.16,50.0,6.35,50.0,12.52,50.0,8.43,50.0,1.1,43.56
202605061211,2026-05-06,12,11R,daily,69.37,29.97,50.0,6.35,38.22,9.57,50.0,8.43,50.0,1.1,55.42,54.3,23.46,50.0,6.35,63.14,15.82,50.0,8.43,50.0,1.1,55.15,50.93,22.0,50.0,6.35,50.0,12.52,50.0,8.43,50.0,1.1,50.4,49.15,21.23,50.0,6.35,50.0,12.52,50.0,8.43,50.0,1.1,49.63,41.25,17.82,50.0,6.35,50.0,12.52,50.0,8.43,50.0,1.1,46.22,35.1,15.16,50.0,6.35,54.35,13.61,50.0,8.43,50.0,1.1,44.65
202605061212,2026-05-06,12,12R,daily,69.37,29.97,50.0,6.35,54.52,13.66,50.0,8.43,50.0,1.1,59.5,54.3,23.46,50.0,6.35,50.0,12.52,50.0,8.43,50.0,1.1,51.86,50.93,22.0,50.0,6.35,49.95,12.51,50.0,8.43,50.0,1.1,50.39,49.15,21.23,50.0,6.35,59.51,14.91,50.0,8.43,50.0,1.1,52.01,41.25,17.82,50.0,6.35,50.0,12.52,50.0,8.43,50.0,1.1,46.22,35.1,15.16,50.0,6.35,58.04,14.54,50.0,8.43,50.0,1.1,45.58
202605061301,2026-05-06,13,1R,daily,69.09,30.41,50.0,8.85,57.11,9.76,50.0,9.58,50.0,1.02,59.62,52.11,22.93,50.0,8.85,52.99,9.06,50.0,9.58,50.0,1.02,51.44,50.31,22.14,50.0,8.85,45.6,7.8,50.0,9.58,50.0,1.02,49.38,48.17,21.2,50.0,8.85,52.46,8.97,50.0,9.58,50.0,1.02,49.62,43.11,18.97,50.0,8.85,50.0,8.55,50.0,9.58,50.0,1.02,46.97,36.61,16.11,50.0,8.85,56.16,9.6,50.0,9.58,50.0,1.02,45.16
202605061302,2026-05-06,13,2R,daily,69.09,30.41,50.0,8.85,62.38,10.66,50.0,9.58,50.0,1.02,60.52,52.11,22.93,50.0,8.85,62.49,10.68,50.0,9.58,50.0,1.02,53.06,50.31,22.14,50.0,8.85,50.0,8.55,50.0,9.58,50.0,1.02,50.14,48.17,21.2,50.0,8.85,43.49,7.43,50.0,9.58,50.0,1.02,48.08,43.11,18.97,50.0,8.85,50.88,8.7,50.0,9.58,50.0,1.02,47.12,36.61,16.11,50.0,8.85,41.01,7.01,50.0,9.58,50.0,1.02,42.57
202605061303,2026-05-06,13,3R,daily,69.09,30.41,50.0,8.85,42.07,7.19,50.0,9.58,50.0,1.02,57.05,52.11,22.93,50.0,8.85,59.69,10.2,50.0,9.58,50.0,1.02,52.58,50.31,22.14,50.0,8.85,51.41,8.79,50.0,9.58,50.0,1.02,50.38,48.17,21.2,50.0,8.85,50.88,8.7,50.0,9.58,50.0,1.02,49.35,43.11,18.97,50.0,8.85,54.05,9.24,50.0,9.58,50.0,1.02,47.66,36.61,16.11,50.0,8.85,47.71,8.16,50.0,9.58,50.0,1.02,43.72
202605061304,2026-05-06,13,4R,daily,69.09,30.41,50.0,8.85,56.16,9.6,50.0,9.58,50.0,1.02,59.45,52.11,22.93,50.0,8.85,64.6,11.04,50.0,9.58,50.0,1.02,53.42,50.31,22.14,50.0,8.85,50.0,8.55,50.0,9.58,50.0,1.02,50.14,48.17,21.2,50.0,8.85,50.0,8.55,50.0,9.58,50.0,1.02,49.2,43.11,18.97,50.0,8.85,50.88,8.7,50.0,9.58,50.0,1.02,47.12,36.61,16.11,50.0,8.85,44.97,7.69,50.0,9.58,50.0,1.02,43.25
202605061305,2026-05-06,13,5R,daily,69.09,30.41,50.0,8.85,47.92,8.19,50.0,9.58,50.0,1.02,58.05,52.11,22.93,50.0,8.85,59.06,10.1,50.0,9.58,50.0,1.02,52.48,50.31,22.14,50.0,8.85,60.96,10.42,50.0,9.58,50.0,1.02,52.01,48.17,21.2,50.0,8.85,57.21,9.78,50.0,9.58,50.0,1.02,50.43,43.11,18.97,50.0,8.85,49.82,8.52,50.0,9.58,50.0,1.02,46.94,36.61,16.11,50.0,8.85,52.46,8.97,50.0,9.58,50.0,1.02,44.53
202605061306,2026-05-06,13,6R,daily,69.09,30.41,50.0,8.85,39.01,6.67,50.0,9.58,50.0,1.02,56.52,52.11,22.93,50.0,8.85,50.0,8.55,50.0,9.58,50.0,1.02,50.93,50.31,22.14,50.0,8.85,62.38,10.66,50.0,9.58,50.0,1.02,52.25,48.17,21.2,50.0,8.85,69.03,11.8,50.0,9.58,50.0,1.02,52.45,43.11,18.97,50.0,8.85,70.93,12.12,50.0,9.58,50.0,1.02,50.55,36.61,16.11,50.0,8.85,56.16,9.6,50.0,9.58,50.0,1.02,45.16
202605061307,2026-05-06,13,7R,daily,69.09,30.41,50.0,8.85,54.05,9.24,50.0,9.58,50.0,1.02,59.09,52.11,22.93,50.0,8.85,31.09,5.31,50.0,9.58,50.0,1.02,47.69,50.31,22.14,50.0,8.85,44.28,7.57,50.0,9.58,50.0,1.02,49.16,48.17,21.2,50.0,8.85,59.06,10.1,50.0,9.58,50.0,1.02,50.74,43.11,18.97,50.0,8.85,60.96,10.42,50.0,9.58,50.0,1.02,48.84,36.61,16.11,50.0,8.85,50.88,8.7,50.0,9.58,50.0,1.02,44.26
202605061308,2026-05-06,13,8R,daily,69.09,30.41,50.0,8.85,50.0,8.55,50.0,9.58,50.0,1.02,58.4,52.11,22.93,50.0,8.85,63.55,10.86,50.0,9.58,50.0,1.02,53.24,50.31,22.14,50.0,8.85,50.0,8.55,50.0,9.58,50.0,1.02,50.14,48.17,21.2,50.0,8.85,52.99,9.06,50.0,9.58,50.0,1.02,49.71,43.11,18.97,50.0,8.85,50.0,8.55,50.0,9.58,50.0,1.02,46.97,36.61,16.11,50.0,8.85,59.69,10.2,50.0,9.58,50.0,1.02,45.77
202605061309,2026-05-06,13,9R,daily,69.09,30.41,50.0,8.85,51.41,8.79,50.0,9.58,50.0,1.02,58.64,52.11,22.93,50.0,8.85,50.0,8.55,50.0,9.58,50.0,1.02,50.93,50.31,22.14,50.0,8.85,50.35,8.61,50.0,9.58,50.0,1.02,50.2,48.17,21.2,50.0,8.85,50.0,8.55,50.0,9.58,50.0,1.02,49.2,43.11,18.97,50.0,8.85,58.06,9.92,50.0,9.58,50.0,1.02,48.34,36.61,16.11,50.0,8.85,60.96,10.42,50.0,9.58,50.0,1.02,45.98
202605061310,2026-05-06,13,10R,daily,69.09,30.41,50.0,8.85,49.82,8.52,50.0,9.58,50.0,1.02,58.37,52.11,22.93,50.0,8.85,50.0,8.55,50.0,9.58,50.0,1.02,50.93,50.31,22.14,50.0,8.85,50.88,8.7,50.0,9.58,50.0,1.02,50.29,48.17,21.2,50.0,8.85,44.55,7.61,50.0,9.58,50.0,1.02,48.26,43.11,18.97,50.0,8.85,42.07,7.19,50.0,9.58,50.0,1.02,45.61,36.61,16.11,50.0,8.85,50.0,8.55,50.0,9.58,50.0,1.02,44.11
202605061311,2026-05-06,13,11R,daily,69.09,30.41,50.0,8.85,50.88,8.7,50.0,9.58,50.0,1.02,58.55,52.11,22.93,50.0,8.85,41.01,7.01,50.0,9.58,50.0,1.02,49.39,50.31,22.14,50.0,8.85,47.34,8.09,50.0,9.58,50.0,1.02,49.68,48.17,21.2,50.0,8.85,52.46,8.97,50.0,9.58,50.0,1.02,49.62,43.11,18.97,50.0,8.85,45.6,7.8,50.0,9.58,50.0,1.02,46.22,36.61,16.11,50.0,8.85,50.0,8.55,50.0,9.58,50.0,1.02,44.11
202605061312,2026-05-06,13,12R,daily,69.09,30.41,50.0,8.85,69.03,11.8,50.0,9.58,50.0,1.02,61.66,52.11,22.93,50.0,8.85,43.49,7.43,50.0,9.58,50.0,1.02,49.81,50.31,22.14,50.0,8.85,58.8,10.05,50.0,9.58,50.0,1.02,51.64,48.17,21.2,50.0,8.85,44.28,7.57,50.0,9.58,50.0,1.02,48.22,43.11,18.97,50.0,8.85,64.6,11.04,50.0,9.58,50.0,1.02,49.46,36.61,16.11,50.0,8.85,59.06,10.1,50.0,9.58,50.0,1.02,45.66
202605061501,2026-05-06,15,1R,daily,70.6,30.22,50.0,9.46,50.0,9.82,50.0,6.41,50.0,2.91,58.82,53.0,22.68,50.0,9.46,62.71,12.31,50.0,6.41,50.0,2.91,53.78,50.25,21.5,50.0,9.46,46.41,9.11,50.0,6.41,50.0,2.91,49.4,47.38,20.28,50.0,9.46,51.46,10.11,50.0,6.41,50.0,2.91,49.16,42.14,18.04,50.0,9.46,50.0,9.82,50.0,6.41,50.0,2.91,46.64,36.4,15.58,50.0,9.46,50.0,9.82,50.0,6.41,50.0,2.91,44.18
202605061502,2026-05-06,15,2R,daily,70.6,30.22,50.0,9.46,42.9,8.42,50.0,6.41,50.0,2.91,57.42,53.0,22.68,50.0,9.46,50.0,9.82,50.0,6.41,50.0,2.91,51.28,50.25,21.5,50.0,9.46,50.0,9.82,50.0,6.41,50.0,2.91,50.11,47.38,20.28,50.0,9.46,62.71,12.31,50.0,6.41,50.0,2.91,51.37,42.14,18.04,50.0,9.46,54.63,10.73,50.0,6.41,50.0,2.91,47.55,36.4,15.58,50.0,9.46,50.0,9.82,50.0,6.41,50.0,2.91,44.18
202605061503,2026-05-06,15,3R,daily,70.6,30.22,50.0,9.46,48.63,9.55,50.0,6.41,50.0,2.91,58.55,53.0,22.68,50.0,9.46,41.89,8.23,50.0,6.41,50.0,2.91,49.69,50.25,21.5,50.0,9.46,50.0,9.82,50.0,6.41,50.0,2.91,50.11,47.38,20.28,50.0,9.46,50.58,9.93,50.0,6.41,50.0,2.91,48.99,42.14,18.04,50.0,9.46,61.84,12.14,50.0,6.41,50.0,2.91,48.96,36.4,15.58,50.0,9.46,55.1,10.82,50.0,6.41,50.0,2.91,45.18
202605061504,2026-05-06,15,4R,daily,70.6,30.22,50.0,9.46,78.28,15.37,50.0,6.41,50.0,2.91,64.37,53.0,22.68,50.0,9.46,63.32,12.43,50.0,6.41,50.0,2.91,53.9,50.25,21.5,50.0,9.46,43.85,8.61,50.0,6.41,50.0,2.91,48.9,47.38,20.28,50.0,9.46,50.0,9.82,50.0,6.41,50.0,2.91,48.88,42.14,18.04,50.0,9.46,50.58,9.93,50.0,6.41,50.0,2.91,46.75,36.4,15.58,50.0,9.46,48.63,9.55,50.0,6.41,50.0,2.91,43.91
202605061505,2026-05-06,15,5R,daily,70.6,30.22,50.0,9.46,51.53,10.12,50.0,6.41,50.0,2.91,59.12,53.0,22.68,50.0,9.46,50.0,9.82,50.0,6.41,50.0,2.91,51.28,50.25,21.5,50.0,9.46,55.1,10.82,50.0,6.41,50.0,2.91,51.11,47.38,20.28,50.0,9.46,50.0,9.82,50.0,6.41,50.0,2.91,48.88,42.14,18.04,50.0,9.46,41.89,8.23,50.0,6.41,50.0,2.91,45.05,36.4,15.58,50.0,9.46,47.21,9.27,50.0,6.41,50.0,2.91,43.63
202605061506,2026-05-06,15,6R,daily,70.6,30.22,50.0,9.46,39.06,7.67,50.0,6.41,50.0,2.91,56.67,53.0,22.68,50.0,9.46,61.84,12.14,50.0,6.41,50.0,2.91,53.61,50.25,21.5,50.0,9.46,56.65,11.12,50.0,6.41,50.0,2.91,51.41,47.38,20.28,50.0,9.46,50.0,9.82,50.0,6.41,50.0,2.91,48.88,42.14,18.04,50.0,9.46,46.41,9.11,50.0,6.41,50.0,2.91,45.93,36.4,15.58,50.0,9.46,58.06,11.4,50.0,6.41,50.0,2.91,45.76
202605061507,2026-05-06,15,7R,daily,70.6,30.22,50.0,9.46,45.8,8.99,50.0,6.41,50.0,2.91,57.99,53.0,22.68,50.0,9.46,24.51,4.81,50.0,6.41,50.0,2.91,46.28,50.25,21.5,50.0,9.46,50.0,9.82,50.0,6.41,50.0,2.91,50.11,47.38,20.28,50.0,9.46,57.32,11.26,50.0,6.41,50.0,2.91,50.32,42.14,18.04,50.0,9.46,37.11,7.29,50.0,6.41,50.0,2.91,44.11,36.4,15.58,50.0,9.46,62.71,12.31,50.0,6.41,50.0,2.91,46.67
202605061508,2026-05-06,15,8R,daily,70.6,30.22,50.0,9.46,50.0,9.82,50.0,6.41,50.0,2.91,58.82,53.0,22.68,50.0,9.46,55.84,10.97,50.0,6.41,50.0,2.91,52.43,50.25,21.5,50.0,9.46,50.58,9.93,50.0,6.41,50.0,2.91,50.22,47.38,20.28,50.0,9.46,50.0,9.82,50.0,6.41,50.0,2.91,48.88,42.14,18.04,50.0,9.46,50.0,9.82,50.0,6.41,50.0,2.91,46.64,36.4,15.58,50.0,9.46,62.71,12.31,50.0,6.41,50.0,2.91,46.67
202605061509,2026-05-06,15,9R,daily,70.6,30.22,50.0,9.46,58.2,11.43,50.0,6.41,50.0,2.91,60.43,53.0,22.68,50.0,9.46,50.0,9.82,50.0,6.41,50.0,2.91,51.28,50.25,21.5,50.0,9.46,41.89,8.23,50.0,6.41,50.0,2.91,48.51,47.38,20.28,50.0,9.46,50.0,9.82,50.0,6.41,50.0,2.91,48.88,42.14,18.04,50.0,9.46,43.85,8.61,50.0,6.41,50.0,2.91,45.43,36.4,15.58,50.0,9.46,50.0,9.82,50.0,6.41,50.0,2.91,44.18
202605061510,2026-05-06,15,10R,daily,70.6,30.22,50.0,9.46,50.0,9.82,50.0,6.41,50.0,2.91,58.82,53.0,22.68,50.0,9.46,55.1,10.82,50.0,6.41,50.0,2.91,52.28,50.25,21.5,50.0,9.46,51.46,10.11,50.0,6.41,50.0,2.91,50.39,47.38,20.28,50.0,9.46,50.0,9.82,50.0,6.41,50.0,2.91,48.88,42.14,18.04,50.0,9.46,59.88,11.76,50.0,6.41,50.0,2.91,48.58,36.4,15.58,50.0,9.46,54.63,10.73,50.0,6.41,50.0,2.91,45.09
202605061511,2026-05-06,15,11R,daily,70.6,30.22,50.0,9.46,50.0,9.82,50.0,6.41,50.0,2.91,58.82,53.0,22.68,50.0,9.46,50.0,9.82,50.0,6.41,50.0,2.91,51.28,50.25,21.5,50.0,9.46,58.06,11.4,50.0,6.41,50.0,2.91,51.69,47.38,20.28,50.0,9.46,50.58,9.93,50.0,6.41,50.0,2.91,48.99,42.14,18.04,50.0,9.46,50.0,9.82,50.0,6.41,50.0,2.91,46.64,36.4,15.58,50.0,9.46,50.0,9.82,50.0,6.41,50.0,2.91,44.18
202605061512,2026-05-06,15,12R,daily,70.6,30.22,50.0,9.46,38.05,7.47,50.0,6.41,50.0,2.91,56.47,53.0,22.68,50.0,9.46,50.0,9.82,50.0,6.41,50.0,2.91,51.28,50.25,21.5,50.0,9.46,57.32,11.26,50.0,6.41,50.0,2.91,51.54,47.38,20.28,50.0,9.46,58.06,11.4,50.0,6.41,50.0,2.91,50.46,42.14,18.04,50.0,9.46,28.42,5.58,50.0,6.41,50.0,2.91,42.4,36.4,15.58,50.0,9.46,50.0,9.82,50.0,6.41,50.0,2.91,44.18
202605061601,2026-05-06,16,1R,daily,69.37,31.27,50.0,10.83,50.0,8.54,50.0,5.21,50.0,2.88,58.73,51.26,23.11,50.0,10.83,60.28,10.3,50.0,5.21,50.0,2.88,52.32,51.22,23.09,50.0,10.83,50.0,8.54,50.0,5.21,50.0,2.88,50.55,50.65,22.83,50.0,10.83,36.81,6.29,50.0,5.21,50.0,2.88,48.04,41.4,18.66,50.0,10.83,34.64,5.92,50.0,5.21,50.0,2.88,43.5,35.7,16.1,50.0,10.83,49.96,8.54,50.0,5.21,50.0,2.88,43.55
202605061602,2026-05-06,16,2R,daily,69.37,31.27,50.0,10.83,51.6,8.82,50.0,5.21,50.0,2.88,59.01,51.26,23.11,50.0,10.83,57.65,9.85,50.0,5.21,50.0,2.88,51.87,51.22,23.09,50.0,10.83,36.81,6.29,50.0,5.21,50.0,2.88,48.3,50.65,22.83,50.0,10.83,45.88,7.84,50.0,5.21,50.0,2.88,49.59,41.4,18.66,50.0,10.83,50.0,8.54,50.0,5.21,50.0,2.88,46.12,35.7,16.1,50.0,10.83,50.0,8.54,50.0,5.21,50.0,2.88,43.55
202605061603,2026-05-06,16,3R,daily,69.37,31.27,50.0,10.83,64.03,10.94,50.0,5.21,50.0,2.88,61.13,51.26,23.11,50.0,10.83,50.0,8.54,50.0,5.21,50.0,2.88,50.57,51.22,23.09,50.0,10.83,50.0,8.54,50.0,5.21,50.0,2.88,50.55,50.65,22.83,50.0,10.83,59.03,10.09,50.0,5.21,50.0,2.88,51.84,41.4,18.66,50.0,10.83,50.0,8.54,50.0,5.21,50.0,2.88,46.12,35.7,16.1,50.0,10.83,50.0,8.54,50.0,5.21,50.0,2.88,43.55
202605061604,2026-05-06,16,4R,daily,69.37,31.27,50.0,10.83,46.67,7.97,50.0,5.21,50.0,2.88,58.16,51.26,23.11,50.0,10.83,50.0,8.54,50.0,5.21,50.0,2.88,50.57,51.22,23.09,50.0,10.83,50.88,8.69,50.0,5.21,50.0,2.88,50.7,50.65,22.83,50.0,10.83,50.0,8.54,50.0,5.21,50.0,2.88,50.29,41.4,18.66,50.0,10.83,51.07,8.73,50.0,5.21,50.0,2.88,46.3,35.7,16.1,50.0,10.83,49.96,8.54,50.0,5.21,50.0,2.88,43.55
202605061605,2026-05-06,16,5R,daily,69.37,31.27,50.0,10.83,43.38,7.41,50.0,5.21,50.0,2.88,57.6,51.26,23.11,50.0,10.83,52.78,9.02,50.0,5.21,50.0,2.88,51.04,51.22,23.09,50.0,10.83,55.74,9.52,50.0,5.21,50.0,2.88,51.53,50.65,22.83,50.0,10.83,65.93,11.27,50.0,5.21,50.0,2.88,53.01,41.4,18.66,50.0,10.83,50.0,8.54,50.0,5.21,50.0,2.88,46.12,35.7,16.1,50.0,10.83,60.28,10.3,50.0,5.21,50.0,2.88,45.31
202605061606,2026-05-06,16,6R,daily,69.37,31.27,50.0,10.83,75.33,12.87,50.0,5.21,50.0,2.88,63.06,51.26,23.11,50.0,10.83,47.33,8.09,50.0,5.21,50.0,2.88,50.11,51.22,23.09,50.0,10.83,71.59,12.23,50.0,5.21,50.0,2.88,54.24,50.65,22.83,50.0,10.83,47.79,8.16,50.0,5.21,50.0,2.88,49.91,41.4,18.66,50.0,10.83,50.0,8.54,50.0,5.21,50.0,2.88,46.12,35.7,16.1,50.0,10.83,45.88,7.84,50.0,5.21,50.0,2.88,42.85
202605061607,2026-05-06,16,7R,daily,69.37,31.27,50.0,10.83,50.0,8.54,50.0,5.21,50.0,2.88,58.73,51.26,23.11,50.0,10.83,36.81,6.29,50.0,5.21,50.0,2.88,48.31,51.22,23.09,50.0,10.83,50.0,8.54,50.0,5.21,50.0,2.88,50.55,50.65,22.83,50.0,10.83,53.24,9.1,50.0,5.21,50.0,2.88,50.85,41.4,18.66,50.0,10.83,49.96,8.54,50.0,5.21,50.0,2.88,46.11,35.7,16.1,50.0,10.83,56.53,9.66,50.0,5.21,50.0,2.88,44.67
202605061608,2026-05-06,16,8R,daily,69.37,31.27,50.0,10.83,46.67,7.97,50.0,5.21,50.0,2.88,58.16,51.26,23.11,50.0,10.83,64.03,10.94,50.0,5.21,50.0,2.88,52.96,51.22,23.09,50.0,10.83,50.0,8.54,50.0,5.21,50.0,2.88,50.55,50.65,22.83,50.0,10.83,29.12,4.97,50.0,5.21,50.0,2.88,46.72,41.4,18.66,50.0,10.83,50.0,8.54,50.0,5.21,50.0,2.88,46.12,35.7,16.1,50.0,10.83,25.3,4.32,50.0,5.21,50.0,2.88,39.33
202605061609,2026-05-06,16,9R,daily,69.37,31.27,50.0,10.83,50.0,8.54,50.0,5.21,50.0,2.88,58.73,51.26,23.11,50.0,10.83,45.29,7.74,50.0,5.21,50.0,2.88,49.76,51.22,23.09,50.0,10.83,50.0,8.54,50.0,5.21,50.0,2.88,50.55,50.65,22.83,50.0,10.83,51.6,8.82,50.0,5.21,50.0,2.88,50.57,41.4,18.66,50.0,10.83,50.88,8.69,50.0,5.21,50.0,2.88,46.27,35.7,16.1,50.0,10.83,50.0,8.54,50.0,5.21,50.0,2.88,43.55
202605061610,2026-05-06,16,10R,daily,69.37,31.27,50.0,10.83,71.59,12.23,50.0,5.21,50.0,2.88,62.42,51.26,23.11,50.0,10.83,49.96,8.54,50.0,5.21,50.0,2.88,50.56,51.22,23.09,50.0,10.83,57.65,9.85,50.0,5.21,50.0,2.88,51.86,50.65,22.83,50.0,10.83,56.53,9.66,50.0,5.21,50.0,2.88,51.41,41.4,18.66,50.0,10.83,59.03,10.09,50.0,5.21,50.0,2.88,47.66,35.7,16.1,50.0,10.83,42.26,7.22,50.0,5.21,50.0,2.88,42.23
202605061611,2026-05-06,16,11R,daily,69.37,31.27,50.0,10.83,50.0,8.54,50.0,5.21,50.0,2.88,58.73,51.26,23.11,50.0,10.83,47.79,8.16,50.0,5.21,50.0,2.88,50.19,51.22,23.09,50.0,10.83,53.24,9.1,50.0,5.21,50.0,2.88,51.1,50.65,22.83,50.0,10.83,43.38,7.41,50.0,5.21,50.0,2.88,49.16,41.4,18.66,50.0,10.83,36.81,6.29,50.0,5.21,50.0,2.88,43.87,35.7,16.1,50.0,10.83,51.07,8.73,50.0,5.21,50.0,2.88,43.74
202605061612,2026-05-06,16,12R,daily,69.37,31.27,50.0,10.83,47.33,8.09,50.0,5.21,50.0,2.88,58.28,51.26,23.11,50.0,10.83,25.3,4.32,50.0,5.21,50.0,2.88,46.35,51.22,23.09,50.0,10.83,50.0,8.54,50.0,5.21,50.0,2.88,50.55,50.65,22.83,50.0,10.83,50.0,8.54,50.0,5.21,50.0,2.88,50.29,41.4,18.66,50.0,10.83,50.0,8.54,50.0,5.21,50.0,2.88,46.12,35.7,16.1,50.0,10.83,50.0,8.54,50.0,5.21,50.0,2.88,43.55
202605061701,2026-05-06,17,1R,daily,68.1,30.97,50.0,9.81,50.0,8.51,50.0,4.91,50.0,4.04,58.23,52.06,23.68,50.0,9.81,47.31,8.05,50.0,4.91,50.0,4.04,50.48,51.68,23.51,50.0,9.81,42.21,7.18,50.0,4.91,50.0,4.04,49.44,48.12,21.88,50.0,9.81,64.82,11.03,50.0,4.91,50.0,4.04,51.66,43.97,20.0,50.0,9.81,35.65,6.06,50.0,4.91,50.0,4.04,44.82,35.29,16.05,50.0,9.81,51.18,8.71,50.0,4.91,50.0,4.04,43.51
202605061702,2026-05-06,17,2R,daily,68.1,30.97,50.0,9.81,69.2,11.77,50.0,4.91,50.0,4.04,61.5,52.06,23.68,50.0,9.81,63.36,10.78,50.0,4.91,50.0,4.04,53.21,51.68,23.51,50.0,9.81,35.79,6.09,50.0,4.91,50.0,4.04,48.35,48.12,21.88,50.0,9.81,50.0,8.51,50.0,4.91,50.0,4.04,49.14,43.97,20.0,50.0,9.81,61.9,10.53,50.0,4.91,50.0,4.04,49.28,35.29,16.05,50.0,9.81,50.0,8.51,50.0,4.91,50.0,4.04,43.31
202605061703,2026-05-06,17,3R,daily,68.1,30.97,50.0,9.81,50.0,8.51,50.0,4.91,50.0,4.04,58.23,52.06,23.68,50.0,9.81,32.58,5.54,50.0,4.91,50.0,4.04,47.97,51.68,23.51,50.0,9.81,54.61,9.29,50.0,4.91,50.0,4.04,51.55,48.12,21.88,50.0,9.81,54.1,9.2,50.0,4.91,50.0,4.04,49.84,43.97,20.0,50.0,9.81,50.0,8.51,50.0,4.91,50.0,4.04,47.26,35.29,16.05,50.0,9.81,50.0,8.51,50.0,4.91,50.0,4.04,43.31
202605061704,2026-05-06,17,4R,daily,68.1,30.97,50.0,9.81,39.36,6.7,50.0,4.91,50.0,4.04,56.42,52.06,23.68,50.0,9.81,50.0,8.51,50.0,4.91,50.0,4.04,50.94,51.68,23.51,50.0,9.81,51.69,8.79,50.0,4.91,50.0,4.04,51.05,48.12,21.88,50.0,9.81,43.08,7.33,50.0,4.91,50.0,4.04,47.97,43.97,20.0,50.0,9.81,41.48,7.06,50.0,4.91,50.0,4.04,45.81,35.29,16.05,50.0,9.81,50.0,8.51,50.0,4.91,50.0,4.04,43.31
202605061705,2026-05-06,17,5R,daily,68.1,30.97,50.0,9.81,55.34,9.41,50.0,4.91,50.0,4.04,59.14,52.06,23.68,50.0,9.81,50.0,8.51,50.0,4.91,50.0,4.04,50.94,51.68,23.51,50.0,9.81,54.61,9.29,50.0,4.91,50.0,4.04,51.55,48.12,21.88,50.0,9.81,57.38,9.76,50.0,4.91,50.0,4.04,50.4,43.97,20.0,50.0,9.81,47.31,8.05,50.0,4.91,50.0,4.04,46.8,35.29,16.05,50.0,9.81,42.21,7.18,50.0,4.91,50.0,4.04,41.98
202605061706,2026-05-06,17,6R,daily,68.1,30.97,50.0,9.81,60.44,10.28,50.0,4.91,50.0,4.04,60.01,52.06,23.68,50.0,9.81,50.0,8.51,50.0,4.91,50.0,4.04,50.94,51.68,23.51,50.0,9.81,50.0,8.51,50.0,4.91,50.0,4.04,50.77,48.12,21.88,50.0,9.81,35.65,6.06,50.0,4.91,50.0,4.04,46.7,43.97,20.0,50.0,9.81,40.75,6.93,50.0,4.91,50.0,4.04,45.69,35.29,16.05,50.0,9.81,58.18,9.9,50.0,4.91,50.0,4.04,44.7
202605061707,2026-05-06,17,7R,daily,68.1,30.97,50.0,9.81,71.38,12.14,50.0,4.91,50.0,4.04,61.87,52.06,23.68,50.0,9.81,50.0,8.51,50.0,4.91,50.0,4.04,50.94,51.68,23.51,50.0,9.81,32.58,5.54,50.0,4.91,50.0,4.04,47.8,48.12,21.88,50.0,9.81,56.07,9.54,50.0,4.91,50.0,4.04,50.18,43.97,20.0,50.0,9.81,51.18,8.71,50.0,4.91,50.0,4.04,47.46,35.29,16.05,50.0,9.81,58.04,9.87,50.0,4.91,50.0,4.04,44.68
202605061708,2026-05-06,17,8R,daily,68.1,30.97,50.0,9.81,30.03,5.11,50.0,4.91,50.0,4.04,54.83,52.06,23.68,50.0,9.81,64.82,11.03,50.0,4.91,50.0,4.04,53.46,51.68,23.51,50.0,9.81,54.1,9.2,50.0,4.91,50.0,4.04,51.46,48.12,21.88,50.0,9.81,37.47,6.37,50.0,4.91,50.0,4.04,47.01,43.97,20.0,50.0,9.81,51.69,8.79,50.0,4.91,50.0,4.04,47.55,35.29,16.05,50.0,9.81,41.48,7.06,50.0,4.91,50.0,4.04,41.86
202605061709,2026-05-06,17,9R,daily,68.1,30.97,50.0,9.81,50.0,8.51,50.0,4.91,50.0,4.04,58.23,52.06,23.68,50.0,9.81,40.75,6.93,50.0,4.91,50.0,4.04,49.36,51.68,23.51,50.0,9.81,50.0,8.51,50.0,4.91,50.0,4.04,50.77,48.12,21.88,50.0,9.81,63.36,10.78,50.0,4.91,50.0,4.04,51.42,43.97,20.0,50.0,9.81,54.61,9.29,50.0,4.91,50.0,4.04,48.04,35.29,16.05,50.0,9.81,57.38,9.76,50.0,4.91,50.0,4.04,44.57
202605061710,2026-05-06,17,10R,daily,68.1,30.97,50.0,9.81,61.9,10.53,50.0,4.91,50.0,4.04,60.26,52.06,23.68,50.0,9.81,55.34,9.41,50.0,4.91,50.0,4.04,51.84,51.68,23.51,50.0,9.81,39.36,6.7,50.0,4.91,50.0,4.04,48.96,48.12,21.88,50.0,9.81,69.2,11.77,50.0,4.91,50.0,4.04,52.41,43.97,20.0,50.0,9.81,50.0,8.51,50.0,4.91,50.0,4.04,47.26,35.29,16.05,50.0,9.81,60.44,10.28,50.0,4.91,50.0,4.04,45.09
202605061711,2026-05-06,17,11R,daily,68.1,30.97,50.0,9.81,40.75,6.93,50.0,4.91,50.0,4.04,56.66,52.06,23.68,50.0,9.81,54.61,9.29,50.0,4.91,50.0,4.04,51.72,51.68,23.51,50.0,9.81,50.0,8.51,50.0,4.91,50.0,4.04,50.77,48.12,21.88,50.0,9.81,71.38,12.14,50.0,4.91,50.0,4.04,52.78,43.97,20.0,50.0,9.81,30.03,5.11,50.0,4.91,50.0,4.04,43.86,35.29,16.05,50.0,9.81,50.0,8.51,50.0,4.91,50.0,4.04,43.31
202605061712,2026-05-06,17,12R,daily,68.1,30.97,50.0,9.81,54.61,9.29,50.0,4.91,50.0,4.04,59.02,52.06,23.68,50.0,9.81,40.02,6.81,50.0,4.91,50.0,4.04,49.24,51.68,23.51,50.0,9.81,56.8,9.66,50.0,4.91,50.0,4.04,51.92,48.12,21.88,50.0,9.81,50.89,8.66,50.0,4.91,50.0,4.04,49.29,43.97,20.0,50.0,9.81,45.13,7.68,50.0,4.91,50.0,4.04,46.43,35.29,16.05,50.0,9.81,47.31,8.05,50.0,4.91,50.0,4.04,42.85
202605061801,2026-05-06,18,1R,realtime,69.8,32.59,50.0,9.81,50.0,6.14,69.77,11.13,46.65,2.54,62.22,53.02,24.75,50.0,9.81,58.73,7.22,51.61,8.23,51.25,2.79,52.81,51.17,23.89,50.0,9.81,45.29,5.56,44.36,7.08,52.44,2.86,49.2,48.44,22.61,50.0,9.81,41.87,5.14,48.79,7.78,48.71,2.66,48.01,34.76,16.23,50.0,9.81,50.0,6.14,45.14,7.2,48.78,2.66,42.04,42.75,19.96,50.0,9.81,44.5,5.47,40.3,6.43,52.19,2.85,44.51
202605061802,2026-05-06,18,2R,realtime,69.8,32.59,50.0,9.81,49.87,6.13,62.89,10.03,46.65,2.54,61.1,53.02,24.75,50.0,9.81,50.0,6.14,49.44,7.89,51.25,2.79,51.39,51.17,23.89,50.0,9.81,62.15,7.64,51.06,8.15,52.44,2.86,52.34,48.44,22.61,50.0,9.81,50.0,6.14,36.55,5.83,48.71,2.66,47.05,42.75,19.96,50.0,9.81,42.24,5.19,54.45,8.69,52.19,2.85,46.49,34.76,16.23,50.0,9.81,54.69,6.72,45.57,7.27,48.78,2.66,42.69
202605061803,2026-05-06,18,3R,daily,69.8,32.59,50.0,9.81,50.0,6.14,50.0,7.98,50.0,2.73,59.25,53.02,24.75,50.0,9.81,50.0,6.14,50.0,7.98,50.0,2.73,51.41,51.17,23.89,50.0,9.81,50.0,6.14,50.0,7.98,50.0,2.73,50.55,48.44,22.61,50.0,9.81,62.82,7.72,50.0,7.98,50.0,2.73,50.84,42.75,19.96,50.0,9.81,50.0,6.14,50.0,7.98,50.0,2.73,46.61,34.76,16.23,50.0,9.81,75.7,9.3,50.0,7.98,50.0,2.73,46.04
202605061804,2026-05-06,18,4R,daily,69.8,32.59,50.0,9.81,46.82,5.75,50.0,7.98,50.0,2.73,58.85,53.02,24.75,50.0,9.81,50.0,6.14,50.0,7.98,50.0,2.73,51.41,51.17,23.89,50.0,9.81,67.58,8.3,50.0,7.98,50.0,2.73,52.71,48.44,22.61,50.0,9.81,26.17,3.22,50.0,7.98,50.0,2.73,46.34,42.75,19.96,50.0,9.81,64.83,7.97,50.0,7.98,50.0,2.73,48.44,34.76,16.23,50.0,9.81,50.0,6.14,50.0,7.98,50.0,2.73,42.89
202605061805,2026-05-06,18,5R,daily,69.8,32.59,50.0,9.81,50.0,6.14,50.0,7.98,50.0,2.73,59.25,53.02,24.75,50.0,9.81,33.32,4.09,50.0,7.98,50.0,2.73,49.36,51.17,23.89,50.0,9.81,51.46,6.32,50.0,7.98,50.0,2.73,50.73,48.44,22.61,50.0,9.81,40.16,4.93,50.0,7.98,50.0,2.73,48.06,42.75,19.96,50.0,9.81,50.0,6.14,50.0,7.98,50.0,2.73,46.61,34.76,16.23,50.0,9.81,49.87,6.13,50.0,7.98,50.0,2.73,42.87
202605061806,2026-05-06,18,6R,daily,69.8,32.59,50.0,9.81,42.72,5.25,50.0,7.98,50.0,2.73,58.35,53.02,24.75,50.0,9.81,67.58,8.3,50.0,7.98,50.0,2.73,53.57,51.17,23.89,50.0,9.81,42.24,5.19,50.0,7.98,50.0,2.73,49.59,48.44,22.61,50.0,9.81,45.29,5.56,50.0,7.98,50.0,2.73,48.69,42.75,19.96,50.0,9.81,60.8,7.47,50.0,7.98,50.0,2.73,47.94,34.76,16.23,50.0,9.81,41.01,5.04,50.0,7.98,50.0,2.73,41.78
202605061807,2026-05-06,18,7R,daily,69.8,32.59,50.0,9.81,62.15,7.64,50.0,7.98,50.0,2.73,60.74,53.02,24.75,50.0,9.81,43.76,5.38,50.0,7.98,50.0,2.73,50.64,51.17,23.89,50.0,9.81,50.0,6.14,50.0,7.98,50.0,2.73,50.55,48.44,22.61,50.0,9.81,50.0,6.14,50.0,7.98,50.0,2.73,49.27,42.75,19.96,50.0,9.81,50.0,6.14,50.0,7.98,50.0,2.73,46.61,34.76,16.23,50.0,9.81,50.0,6.14,50.0,7.98,50.0,2.73,42.89
202605061808,2026-05-06,18,8R,daily,69.8,32.59,50.0,9.81,54.02,6.64,50.0,7.98,50.0,2.73,59.74,53.02,24.75,50.0,9.81,44.5,5.47,50.0,7.98,50.0,2.73,50.73,51.17,23.89,50.0,9.81,53.29,6.55,50.0,7.98,50.0,2.73,50.95,48.44,22.61,50.0,9.81,49.87,6.13,50.0,7.98,50.0,2.73,49.25,42.75,19.96,50.0,9.81,50.0,6.14,50.0,7.98,50.0,2.73,46.61,34.76,16.23,50.0,9.81,50.0,6.14,50.0,7.98,50.0,2.73,42.89
202605061809,2026-05-06,18,9R,daily,69.8,32.59,50.0,9.81,62.82,7.72,50.0,7.98,50.0,2.73,60.82,53.02,24.75,50.0,9.81,50.0,6.14,50.0,7.98,50.0,2.73,51.41,51.17,23.89,50.0,9.81,50.0,6.14,50.0,7.98,50.0,2.73,50.55,48.44,22.61,50.0,9.81,50.0,6.14,50.0,7.98,50.0,2.73,49.27,42.75,19.96,50.0,9.81,50.0,6.14,50.0,7.98,50.0,2.73,46.61,34.76,16.23,50.0,9.81,33.32,4.09,50.0,7.98,50.0,2.73,40.84
202605061810,2026-05-06,18,10R,daily,69.8,32.59,50.0,9.81,51.46,6.32,50.0,7.98,50.0,2.73,59.42,53.02,24.75,50.0,9.81,41.01,5.04,50.0,7.98,50.0,2.73,50.31,51.17,23.89,50.0,9.81,54.69,6.72,50.0,7.98,50.0,2.73,51.12,48.44,22.61,50.0,9.81,50.0,6.14,50.0,7.98,50.0,2.73,49.27,42.75,19.96,50.0,9.81,50.0,6.14,50.0,7.98,50.0,2.73,46.61,34.76,16.23,50.0,9.81,58.73,7.22,50.0,7.98,50.0,2.73,43.96
202605061811,2026-05-06,18,11R,daily,69.8,32.59,50.0,9.81,60.8,7.47,50.0,7.98,50.0,2.73,60.57,53.02,24.75,50.0,9.81,41.87,5.14,50.0,7.98,50.0,2.73,50.41,51.17,23.89,50.0,9.81,50.0,6.14,50.0,7.98,50.0,2.73,50.55,48.44,22.61,50.0,9.81,46.82,5.75,50.0,7.98,50.0,2.73,48.88,42.75,19.96,50.0,9.81,50.0,6.14,50.0,7.98,50.0,2.73,46.61,34.76,16.23,50.0,9.81,50.0,6.14,50.0,7.98,50.0,2.73,42.89
202605061812,2026-05-06,18,12R,daily,69.8,32.59,50.0,9.81,40.16,4.93,50.0,7.98,50.0,2.73,58.04,53.02,24.75,50.0,9.81,50.0,6.14,50.0,7.98,50.0,2.73,51.41,51.17,23.89,50.0,9.81,50.0,6.14,50.0,7.98,50.0,2.73,50.55,48.44,22.61,50.0,9.81,75.7,9.3,50.0,7.98,50.0,2.73,52.43,42.75,19.96,50.0,9.81,67.58,8.3,50.0,7.98,50.0,2.73,48.77,34.76,16.23,50.0,9.81,50.0,6.14,50.0,7.98,50.0,2.73,42.89
202605062001,2026-05-06,20,1R,daily,67.88,29.96,50.0,11.0,61.3,8.07,50.0,7.37,50.0,2.97,59.38,51.74,22.83,50.0,11.0,41.19,5.42,50.0,7.37,50.0,2.97,49.61,50.62,22.34,50.0,11.0,45.8,6.03,50.0,7.37,50.0,2.97,49.72,48.58,21.44,50.0,11.0,52.68,6.94,50.0,7.37,50.0,2.97,49.73,43.42,19.16,50.0,11.0,27.48,3.62,50.0,7.37,50.0,2.97,44.13,37.47,16.53,50.0,11.0,40.53,5.34,50.0,7.37,50.0,2.97,43.22
202605062002,2026-05-06,20,2R,daily,67.88,29.96,50.0,11.0,54.0,7.11,50.0,7.37,50.0,2.97,58.42,51.74,22.83,50.0,11.0,50.0,6.59,50.0,7.37,50.0,2.97,50.77,50.62,22.34,50.0,11.0,50.0,6.59,50.0,7.37,50.0,2.97,50.28,48.58,21.44,50.0,11.0,55.32,7.29,50.0,7.37,50.0,2.97,50.07,43.42,19.16,50.0,11.0,51.01,6.72,50.0,7.37,50.0,2.97,47.23,37.47,16.53,50.0,11.0,50.0,6.59,50.0,7.37,50.0,2.97,44.47
202605062003,2026-05-06,20,3R,daily,67.88,29.96,50.0,11.0,70.46,9.28,50.0,7.37,50.0,2.97,60.59,51.74,22.83,50.0,11.0,44.3,5.83,50.0,7.37,50.0,2.97,50.02,50.62,22.34,50.0,11.0,33.83,4.45,50.0,7.37,50.0,2.97,48.15,48.58,21.44,50.0,11.0,39.45,5.2,50.0,7.37,50.0,2.97,47.99,43.42,19.16,50.0,11.0,50.0,6.59,50.0,7.37,50.0,2.97,47.1,37.47,16.53,50.0,11.0,58.49,7.7,50.0,7.37,50.0,2.97,45.59
202605062004,2026-05-06,20,4R,daily,67.88,29.96,50.0,11.0,36.82,4.85,50.0,7.37,50.0,2.97,56.15,51.74,22.83,50.0,11.0,50.0,6.59,50.0,7.37,50.0,2.97,50.77,50.62,22.34,50.0,11.0,50.0,6.59,50.0,7.37,50.0,2.97,50.28,48.58,21.44,50.0,11.0,68.96,9.08,50.0,7.37,50.0,2.97,51.87,43.42,19.16,50.0,11.0,50.0,6.59,50.0,7.37,50.0,2.97,47.1,37.47,16.53,50.0,11.0,48.01,6.32,50.0,7.37,50.0,2.97,44.21
202605062005,2026-05-06,20,5R,daily,67.88,29.96,50.0,11.0,49.99,6.58,50.0,7.37,50.0,2.97,57.89,51.74,22.83,50.0,11.0,32.33,4.26,50.0,7.37,50.0,2.97,48.44,50.62,22.34,50.0,11.0,60.64,7.99,50.0,7.37,50.0,2.97,51.68,48.58,21.44,50.0,11.0,65.97,8.69,50.0,7.37,50.0,2.97,51.48,43.42,19.16,50.0,11.0,40.53,5.34,50.0,7.37,50.0,2.97,45.85,37.47,16.53,50.0,11.0,53.34,7.02,50.0,7.37,50.0,2.97,44.91
202605062006,2026-05-06,20,6R,daily,67.88,29.96,50.0,11.0,45.8,6.03,50.0,7.37,50.0,2.97,57.34,51.74,22.83,50.0,11.0,55.32,7.29,50.0,7.37,50.0,2.97,51.47,50.62,22.34,50.0,11.0,61.3,8.07,50.0,7.37,50.0,2.97,51.76,48.58,21.44,50.0,11.0,45.8,6.03,50.0,7.37,50.0,2.97,48.82,43.42,19.16,50.0,11.0,45.8,6.03,50.0,7.37,50.0,2.97,46.54,37.47,16.53,50.0,11.0,47.29,6.23,50.0,7.37,50.0,2.97,44.11
202605062007,2026-05-06,20,7R,daily,67.88,29.96,50.0,11.0,54.0,7.11,50.0,7.37,50.0,2.97,58.42,51.74,22.83,50.0,11.0,55.32,7.29,50.0,7.37,50.0,2.97,51.47,50.62,22.34,50.0,11.0,63.34,8.34,50.0,7.37,50.0,2.97,52.03,48.58,21.44,50.0,11.0,70.46,9.28,50.0,7.37,50.0,2.97,52.07,43.42,19.16,50.0,11.0,50.0,6.59,50.0,7.37,50.0,2.97,47.1,37.47,16.53,50.0,11.0,53.34,7.02,50.0,7.37,50.0,2.97,44.91
202605062008,2026-05-06,20,8R,daily,67.88,29.96,50.0,11.0,50.0,6.59,50.0,7.37,50.0,2.97,57.89,51.74,22.83,50.0,11.0,49.51,6.52,50.0,7.37,50.0,2.97,50.7,50.62,22.34,50.0,11.0,48.01,6.32,50.0,7.37,50.0,2.97,50.01,48.58,21.44,50.0,11.0,25.8,3.4,50.0,7.37,50.0,2.97,46.19,43.42,19.16,50.0,11.0,35.32,4.65,50.0,7.37,50.0,2.97,45.16,37.47,16.53,50.0,11.0,45.8,6.03,50.0,7.37,50.0,2.97,43.92
202605062009,2026-05-06,20,9R,daily,67.88,29.96,50.0,11.0,58.49,7.7,50.0,7.37,50.0,2.97,59.01,51.74,22.83,50.0,11.0,50.0,6.59,50.0,7.37,50.0,2.97,50.77,50.62,22.34,50.0,11.0,50.0,6.59,50.0,7.37,50.0,2.97,50.28,48.58,21.44,50.0,11.0,49.99,6.58,50.0,7.37,50.0,2.97,49.37,43.42,19.16,50.0,11.0,32.33,4.26,50.0,7.37,50.0,2.97,44.77,37.47,16.53,50.0,11.0,52.68,6.94,50.0,7.37,50.0,2.97,44.82
202605062010,2026-05-06,20,10R,daily,67.88,29.96,50.0,11.0,50.0,6.59,50.0,7.37,50.0,2.97,57.89,51.74,22.83,50.0,11.0,50.0,6.59,50.0,7.37,50.0,2.97,50.77,50.62,22.34,50.0,11.0,65.97,8.69,50.0,7.37,50.0,2.97,52.38,48.58,21.44,50.0,11.0,33.83,4.45,50.0,7.37,50.0,2.97,47.24,43.42,19.16,50.0,11.0,44.3,5.83,50.0,7.37,50.0,2.97,46.35,37.47,16.53,50.0,11.0,45.8,6.03,50.0,7.37,50.0,2.97,43.92
202605062011,2026-05-06,20,11R,daily,67.88,29.96,50.0,11.0,47.29,6.23,50.0,7.37,50.0,2.97,57.53,51.74,22.83,50.0,11.0,51.01,6.72,50.0,7.37,50.0,2.97,50.9,50.62,22.34,50.0,11.0,50.0,6.59,50.0,7.37,50.0,2.97,50.28,48.58,21.44,50.0,11.0,54.0,7.11,50.0,7.37,50.0,2.97,49.9,43.42,19.16,50.0,11.0,55.32,7.29,50.0,7.37,50.0,2.97,47.8,37.47,16.53,50.0,11.0,36.82,4.85,50.0,7.37,50.0,2.97,42.73
202605062012,2026-05-06,20,12R,daily,67.88,29.96,50.0,11.0,45.8,6.03,50.0,7.37,50.0,2.97,57.34,51.74,22.83,50.0,11.0,39.45,5.2,50.0,7.37,50.0,2.97,49.38,50.62,22.34,50.0,11.0,53.34,7.02,50.0,7.37,50.0,2.97,50.72,48.58,21.44,50.0,11.0,60.64,7.99,50.0,7.37,50.0,2.97,50.78,43.42,19.16,50.0,11.0,49.51,6.52,50.0,7.37,50.0,2.97,47.03,37.47,16.53,50.0,11.0,68.96,9.08,50.0,7.37,50.0,2.97,46.97
202605062301,2026-05-06,23,1R,realtime,66.62,30.28,50.0,11.99,50.0,5.94,58.3,7.9,41.15,2.11,58.22,55.0,25.0,50.0,11.99,50.26,5.97,49.75,6.74,58.88,3.02,52.72,52.85,24.02,50.0,11.99,49.88,5.92,44.63,6.05,55.75,2.86,50.85,48.42,22.01,50.0,11.99,50.0,5.94,49.4,6.7,47.57,2.44,49.08,43.17,19.62,50.0,11.99,52.9,6.28,49.27,6.68,48.92,2.51,47.08,33.96,15.43,50.0,11.99,42.38,5.03,48.64,6.59,47.94,2.46,41.52
202605062302,2026-05-06,23,2R,realtime,66.62,30.28,50.0,11.99,58.07,6.89,51.14,6.93,41.15,2.11,58.21,55.0,25.0,50.0,11.99,55.42,6.58,47.47,6.44,58.88,3.02,53.03,52.85,24.02,50.0,11.99,47.99,5.7,49.98,6.78,55.75,2.86,51.35,48.42,22.01,50.0,11.99,40.43,4.8,57.05,7.73,47.57,2.44,48.98,43.17,19.62,50.0,11.99,50.0,5.94,47.45,6.43,48.92,2.51,46.49,33.96,15.43,50.0,11.99,31.86,3.78,46.9,6.36,47.94,2.46,40.03
202605062303,2026-05-06,23,3R,daily,66.62,30.28,50.0,11.99,44.21,5.25,50.0,6.78,50.0,2.57,56.86,55.0,25.0,50.0,11.99,61.72,7.33,50.0,6.78,50.0,2.57,53.66,52.85,24.02,50.0,11.99,57.13,6.78,50.0,6.78,50.0,2.57,52.14,48.42,22.01,50.0,11.99,51.46,6.11,50.0,6.78,50.0,2.57,49.45,43.17,19.62,50.0,11.99,44.84,5.32,50.0,6.78,50.0,2.57,46.28,33.96,15.43,50.0,11.99,30.92,3.67,50.0,6.78,50.0,2.57,40.44
202605062304,2026-05-06,23,4R,daily,66.62,30.28,50.0,11.99,34.76,4.13,50.0,6.78,50.0,2.57,55.74,55.0,25.0,50.0,11.99,50.0,5.94,50.0,6.78,50.0,2.57,52.27,52.85,24.02,50.0,11.99,54.29,6.45,50.0,6.78,50.0,2.57,51.81,48.42,22.01,50.0,11.99,50.0,5.94,50.0,6.78,50.0,2.57,49.28,43.17,19.62,50.0,11.99,56.81,6.74,50.0,6.78,50.0,2.57,47.7,33.96,15.43,50.0,11.99,27.71,3.29,50.0,6.78,50.0,2.57,40.06
202605062305,2026-05-06,23,5R,daily,66.62,30.28,50.0,11.99,46.61,5.53,50.0,6.78,50.0,2.57,57.15,55.0,25.0,50.0,11.99,30.98,3.68,50.0,6.78,50.0,2.57,50.01,52.85,24.02,50.0,11.99,51.77,6.15,50.0,6.78,50.0,2.57,51.51,48.42,22.01,50.0,11.99,50.0,5.94,50.0,6.78,50.0,2.57,49.28,43.17,19.62,50.0,11.99,42.38,5.03,50.0,6.78,50.0,2.57,45.99,33.96,15.43,50.0,11.99,51.52,6.12,50.0,6.78,50.0,2.57,42.89
202605062306,2026-05-06,23,6R,daily,66.62,30.28,50.0,11.99,43.08,5.11,50.0,6.78,50.0,2.57,56.73,55.0,25.0,50.0,11.99,50.0,5.94,50.0,6.78,50.0,2.57,52.27,52.85,24.02,50.0,11.99,64.37,7.64,50.0,6.78,50.0,2.57,53.0,48.42,22.01,50.0,11.99,37.28,4.43,50.0,6.78,50.0,2.57,47.77,43.17,19.62,50.0,11.99,31.86,3.78,50.0,6.78,50.0,2.57,44.74,33.96,15.43,50.0,11.99,61.85,7.34,50.0,6.78,50.0,2.57,44.12
202605062307,2026-05-06,23,7R,daily,66.62,30.28,50.0,11.99,40.43,4.8,50.0,6.78,50.0,2.57,56.42,55.0,25.0,50.0,11.99,50.0,5.94,50.0,6.78,50.0,2.57,52.27,52.85,24.02,50.0,11.99,47.99,5.7,50.0,6.78,50.0,2.57,51.06,48.42,22.01,50.0,11.99,59.9,7.11,50.0,6.78,50.0,2.57,50.46,43.17,19.62,50.0,11.99,50.0,5.94,50.0,6.78,50.0,2.57,46.89,33.96,15.43,50.0,11.99,54.29,6.45,50.0,6.78,50.0,2.57,43.22
202605062308,2026-05-06,23,8R,daily,66.62,30.28,50.0,11.99,50.0,5.94,50.0,6.78,50.0,2.57,57.55,55.0,25.0,50.0,11.99,52.4,6.22,50.0,6.78,50.0,2.57,52.56,52.85,24.02,50.0,11.99,74.45,8.84,50.0,6.78,50.0,2.57,54.2,48.42,22.01,50.0,11.99,66.89,7.94,50.0,6.78,50.0,2.57,51.29,43.17,19.62,50.0,11.99,49.88,5.92,50.0,6.78,50.0,2.57,46.88,33.96,15.43,50.0,11.99,25.56,3.03,50.0,6.78,50.0,2.57,39.81
202605062309,2026-05-06,23,9R,daily,66.62,30.28,50.0,11.99,50.0,5.94,50.0,6.78,50.0,2.57,57.55,55.0,25.0,50.0,11.99,50.0,5.94,50.0,6.78,50.0,2.57,52.27,52.85,24.02,50.0,11.99,47.36,5.62,50.0,6.78,50.0,2.57,50.98,48.42,22.01,50.0,11.99,49.38,5.86,50.0,6.78,50.0,2.57,49.21,43.17,19.62,50.0,11.99,50.0,5.94,50.0,6.78,50.0,2.57,46.89,33.96,15.43,50.0,11.99,56.81,6.74,50.0,6.78,50.0,2.57,43.52
202605062310,2026-05-06,23,10R,daily,66.62,30.28,50.0,11.99,61.85,7.34,50.0,6.78,50.0,2.57,58.96,55.0,25.0,50.0,11.99,27.71,3.29,50.0,6.78,50.0,2.57,49.63,52.85,24.02,50.0,11.99,51.46,6.11,50.0,6.78,50.0,2.57,51.47,48.42,22.01,50.0,11.99,44.21,5.25,50.0,6.78,50.0,2.57,48.59,43.17,19.62,50.0,11.99,51.77,6.15,50.0,6.78,50.0,2.57,47.1,33.96,15.43,50.0,11.99,37.28,4.43,50.0,6.78,50.0,2.57,41.2
202605062311,2026-05-06,23,11R,daily,66.62,30.28,50.0,11.99,54.29,6.45,50.0,6.78,50.0,2.57,58.06,55.0,25.0,50.0,11.99,50.0,5.94,50.0,6.78,50.0,2.57,52.27,52.85,24.02,50.0,11.99,50.0,5.94,50.0,6.78,50.0,2.57,51.3,48.42,22.01,50.0,11.99,58.07,6.89,50.0,6.78,50.0,2.57,50.24,43.17,19.62,50.0,11.99,46.61,5.53,50.0,6.78,50.0,2.57,46.49,33.96,15.43,50.0,11.99,30.98,3.68,50.0,6.78,50.0,2.57,40.45
202605062312,2026-05-06,23,12R,daily,66.62,30.28,50.0,11.99,25.56,3.03,50.0,6.78,50.0,2.57,54.65,55.0,25.0,50.0,11.99,51.52,6.12,50.0,6.78,50.0,2.57,52.45,52.85,24.02,50.0,11.99,50.0,5.94,50.0,6.78,50.0,2.57,51.3,48.42,22.01,50.0,11.99,52.4,6.22,50.0,6.78,50.0,2.57,49.57,43.17,19.62,50.0,11.99,47.99,5.7,50.0,6.78,50.0,2.57,46.66,33.96,15.43,50.0,11.99,55.42,6.58,50.0,6.78,50.0,2.57,43.35
