場コード,基準節終了日,モーター番号,使用開始日,使用終了日,グレード,タイトル,使用者名,着順列
01,2026-07-27,11,2026-07-23,2026-07-27,一般,第２３回スカッとさわやか杯,三川 昂暁,３１１１５３４５１２
01,2026-07-27,11,2026-07-14,2026-07-19,一般,第４８回デイリースポーツ杯,山崎 郡,２１２１１　２　３１[１]
01,2026-07-27,11,2026-06-25,2026-06-30,ＧⅢ,サッポロビールカップ,原 豊土,３　４６５　４３４　５３
01,2026-07-27,12,2026-07-14,2026-07-19,一般,第４８回デイリースポーツ杯,池田 奈津美,３　４６３　３５３　４５
01,2026-07-27,12,2026-06-25,2026-06-30,ＧⅢ,サッポロビールカップ,新井 英孝,２　４６６　３５３　３２
01,2026-07-27,12,2026-06-05,2026-06-10,一般,ＭＢＰ津幡開設１３周年記念,泥谷 一毅,１３４　３３４　１５３４
01,2026-07-27,13,2026-07-23,2026-07-27,一般,第２３回スカッとさわやか杯,大橋 純一郎,３１３　２２１３２１
01,2026-07-27,13,2026-07-04,2026-07-09,一般,にっぽん未来プロジェクト競走ｉｎ桐生,村上 彰一,５４５　１３５　６　６５
01,2026-07-27,13,2026-06-14,2026-06-18,一般,第２３回新東通信杯　ＢＴＳ福島開場１５周年記念,廣瀬 真也,６　１３４１６４３５
01,2026-07-27,14,2026-07-14,2026-07-19,一般,第４８回デイリースポーツ杯,小林 遼太,３６１　３４２　１４１３
01,2026-07-27,14,2026-07-04,2026-07-09,一般,にっぽん未来プロジェクト競走ｉｎ桐生,三村 岳人,２４１４１　１１５３２１
01,2026-07-27,14,2026-06-25,2026-06-30,ＧⅢ,サッポロビールカップ,河村 了,１　３１４２１４２１[３]
01,2026-07-27,15,2026-07-14,2026-07-19,一般,第４８回デイリースポーツ杯,佐藤 駿介,１３２４３　６　１５６６
01,2026-07-27,15,2026-06-25,2026-06-30,ＧⅢ,サッポロビールカップ,尾崎 雄二,４２４　６　４６３　６６
01,2026-07-27,15,2026-06-05,2026-06-10,一般,ＭＢＰ津幡開設１３周年記念,篠原 晟弥,５　５４２　４１
01,2026-07-27,16,2026-07-23,2026-07-27,一般,第２３回スカッとさわやか杯,桑原 将光,５５２　エ３５３３
01,2026-07-27,16,2026-07-04,2026-07-09,一般,にっぽん未来プロジェクト競走ｉｎ桐生,上村 純一,１２２　３４１３４６１４
01,2026-07-27,16,2026-06-14,2026-06-18,一般,第２３回新東通信杯　ＢＴＳ福島開場１５周年記念,本橋 克洋,３　１３６４４　５５
01,2026-07-27,17,2026-07-23,2026-07-27,一般,第２３回スカッとさわやか杯,近江 翔吾,２３５２２１４２[４]
01,2026-07-27,17,2026-07-14,2026-07-19,一般,第４８回デイリースポーツ杯,鳥居塚 嶺王,３　６１２４３　３３３
01,2026-07-27,17,2026-07-04,2026-07-09,一般,にっぽん未来プロジェクト競走ｉｎ桐生,久富 政弘,５　５３１　５３２１４６
01,2026-07-27,18,2026-06-14,2026-06-18,一般,第２３回新東通信杯　ＢＴＳ福島開場１５周年記念,芦澤 望,２６６２４　６
01,2026-07-27,18,2026-05-28,2026-06-02,一般,第３３回桐生タイムス杯,増本 杏珠,６　６５５　６５６
01,2026-07-27,18,2026-05-12,2026-05-16,一般,第５９回サンケイスポーツ杯,乙津 康志,５　６５６　６　６
01,2026-07-27,19,2026-07-23,2026-07-27,一般,第２３回スカッとさわやか杯,鈴木 結平太,６　５４４　６５５
01,2026-07-27,19,2026-07-04,2026-07-09,一般,にっぽん未来プロジェクト競走ｉｎ桐生,佐竹 恒彦,６６６
01,2026-07-27,19,2026-06-14,2026-06-18,一般,第２３回新東通信杯　ＢＴＳ福島開場１５周年記念,土屋 太朗,６２６　５　４６
01,2026-07-27,20,2026-07-14,2026-07-19,一般,第４８回デイリースポーツ杯,安藤 瑠希,２　６３４　５６６　５
01,2026-07-27,20,2026-06-25,2026-06-30,ＧⅢ,サッポロビールカップ,北村 征嗣,３５３　２１３４３６１５
01,2026-07-27,20,2026-06-05,2026-06-10,一般,ＭＢＰ津幡開設１３周年記念,渡邉 和将,３１１６２　２２１４１３
01,2026-07-27,21,2026-07-14,2026-07-19,一般,第４８回デイリースポーツ杯,渡邉 英児,３　１３５６３　５２１
01,2026-07-27,21,2026-07-04,2026-07-09,一般,にっぽん未来プロジェクト競走ｉｎ桐生,淺香 文武,１５２　６５６　６　６
01,2026-07-27,21,2026-06-25,2026-06-30,ＧⅢ,サッポロビールカップ,神田 達也,６　５６６５４　４　６３
01,2026-07-27,22,2026-07-23,2026-07-27,一般,第２３回スカッとさわやか杯,吉田 祐貴,４　４６３２２　６４
01,2026-07-27,22,2026-07-04,2026-07-09,一般,にっぽん未来プロジェクト競走ｉｎ桐生,國崎 良春,４６６２１　６　３６３３
01,2026-07-27,22,2026-06-14,2026-06-18,一般,第２３回新東通信杯　ＢＴＳ福島開場１５周年記念,向井 美鈴,５２６　６６６　５
01,2026-07-27,23,2026-07-23,2026-07-27,一般,第２３回スカッとさわやか杯,長尾 京志郎,６５４　５　３４５２
01,2026-07-27,23,2026-07-04,2026-07-09,一般,にっぽん未来プロジェクト競走ｉｎ桐生,大西 賢,６５４　５５５
01,2026-07-27,23,2026-06-14,2026-06-18,一般,第２３回新東通信杯　ＢＴＳ福島開場１５周年記念,冨田 秀幸,６５５　６　５５２
01,2026-07-27,24,2026-07-23,2026-07-27,一般,第２３回スカッとさわやか杯,岩井 繁,５　４５４　４　２３
01,2026-07-27,24,2026-07-14,2026-07-19,一般,第４８回デイリースポーツ杯,土屋 千明,２１３　２６１　５３４２
01,2026-07-27,24,2026-07-04,2026-07-09,一般,にっぽん未来プロジェクト競走ｉｎ桐生,林 祐介,２３５　３１２５５４１４
01,2026-07-27,25,2026-07-23,2026-07-27,一般,第２３回スカッとさわやか杯,大串 重幸,４１２４６５２　１
01,2026-07-27,25,2026-07-04,2026-07-09,一般,にっぽん未来プロジェクト競走ｉｎ桐生,山本 幸也,３６転　５　２５６　６４
01,2026-07-27,25,2026-06-14,2026-06-18,一般,第２３回新東通信杯　ＢＴＳ福島開場１５周年記念,吉田 一郎,４２２２３３６６５５
01,2026-07-27,26,2026-07-23,2026-07-27,一般,第２３回スカッとさわやか杯,森野 正弘,４３５１１２１２[２]
01,2026-07-27,26,2026-07-14,2026-07-19,一般,第４８回デイリースポーツ杯,前出 達吉,５１３３２　６　５２５
01,2026-07-27,26,2026-07-04,2026-07-09,一般,にっぽん未来プロジェクト競走ｉｎ桐生,大谷 直弘,３　５３２　３４２４５４
01,2026-07-27,27,2026-07-14,2026-07-19,一般,第４８回デイリースポーツ杯,吉村 正明,６　２５１５１　２４２１
01,2026-07-27,27,2026-06-25,2026-06-30,ＧⅢ,サッポロビールカップ,長谷川 充,５４４　４２６　６　５４
01,2026-07-27,27,2026-06-14,2026-06-18,一般,第２３回新東通信杯　ＢＴＳ福島開場１５周年記念,吉田 一心,５　５３６　４　２３
01,2026-07-27,28,2026-07-14,2026-07-19,一般,第４８回デイリースポーツ杯,池田 雄一,３５２　１２４　１６３６
01,2026-07-27,28,2026-07-04,2026-07-09,一般,にっぽん未来プロジェクト競走ｉｎ桐生,越智 照浩,１３４　２２４４６３１６
01,2026-07-27,28,2026-06-25,2026-06-30,ＧⅢ,サッポロビールカップ,堀越 雄貴,４６２　１６２　３３１
01,2026-07-27,29,2026-07-23,2026-07-27,一般,第２３回スカッとさわやか杯,重成 一人,３エ
01,2026-07-27,29,2026-07-04,2026-07-09,一般,にっぽん未来プロジェクト競走ｉｎ桐生,藤原 仙二,６　３１４３５２４６１２
01,2026-07-27,29,2026-06-14,2026-06-18,一般,第２３回新東通信杯　ＢＴＳ福島開場１５周年記念,木谷 賢太,１１３２３　１５４３
01,2026-07-27,30,2026-07-14,2026-07-19,一般,第４８回デイリースポーツ杯,杉江 浩明,６１６　３２４　２　５２
01,2026-07-27,30,2026-06-25,2026-06-30,ＧⅢ,サッポロビールカップ,中村 真,２４５　６５３　４　３１
01,2026-07-27,30,2026-06-05,2026-06-10,一般,ＭＢＰ津幡開設１３周年記念,下出 卓矢,５６１　１５２　２１３４
01,2026-07-27,31,2026-07-23,2026-07-27,一般,第２３回スカッとさわやか杯,山本 兼士,２３３　５６４　６６
01,2026-07-27,31,2026-07-14,2026-07-19,一般,第４８回デイリースポーツ杯,石倉 洋行,４　１５１２３　１３３２
01,2026-07-27,31,2026-07-04,2026-07-09,一般,にっぽん未来プロジェクト競走ｉｎ桐生,中村 泰平,３２４　６１１　１４４２
01,2026-07-27,32,2026-07-14,2026-07-19,一般,第４８回デイリースポーツ杯,藤森 拓海,５　５１２　１３４５２
01,2026-07-27,32,2026-06-25,2026-06-30,ＧⅢ,サッポロビールカップ,柴田 光,２４６　１５２　１５２３
01,2026-07-27,32,2026-06-05,2026-06-10,一般,ＭＢＰ津幡開設１３周年記念,山口 達也,２　６４１６６４２　１５
01,2026-07-27,33,2026-07-23,2026-07-27,一般,第２３回スカッとさわやか杯,西村 拓也,２２１１１１２１[１]
01,2026-07-27,33,2026-07-14,2026-07-19,一般,第４８回デイリースポーツ杯,坂野 さくら,４４４　６４６　３　１３
01,2026-07-27,33,2026-07-04,2026-07-09,一般,にっぽん未来プロジェクト競走ｉｎ桐生,岡田 憲行,５５１　４２３　１３２
01,2026-07-27,34,2026-07-23,2026-07-27,一般,第２３回スカッとさわやか杯,小倉 康典,１２５　６５３　１６
01,2026-07-27,34,2026-07-14,2026-07-19,一般,第４８回デイリースポーツ杯,佐藤 大介,１５３　３５１　３４５３
01,2026-07-27,34,2026-07-04,2026-07-09,一般,にっぽん未来プロジェクト競走ｉｎ桐生,鈴木 博,１　２２２４２２２４２５
01,2026-07-27,35,2026-07-14,2026-07-19,一般,第４８回デイリースポーツ杯,横井 健太,３　３２３６５　４　６２
01,2026-07-27,35,2026-06-25,2026-06-30,ＧⅢ,サッポロビールカップ,星 栄爾,５４２　２４２　６５３
01,2026-07-27,35,2026-06-05,2026-06-10,一般,ＭＢＰ津幡開設１３周年記念,別府 昌樹,３　４１４　１３１４４２
01,2026-07-27,36,2026-07-23,2026-07-27,一般,第２３回スカッとさわやか杯,庄島 潤成,４　５３３４６　３４
01,2026-07-27,36,2026-07-14,2026-07-19,一般,第４８回デイリースポーツ杯,若林 麗,４６６　６５３　６　６６
01,2026-07-27,36,2026-07-04,2026-07-09,一般,にっぽん未来プロジェクト競走ｉｎ桐生,幸野 史明,１１６　３５２４３２[６]
01,2026-07-27,37,2026-07-23,2026-07-27,一般,第２３回スカッとさわやか杯,田中 京介,６　１６６１４　１２
01,2026-07-27,37,2026-07-14,2026-07-19,一般,第４８回デイリースポーツ杯,渡辺 豊,６１５　５６２　４　２５
01,2026-07-27,37,2026-07-04,2026-07-09,一般,にっぽん未来プロジェクト競走ｉｎ桐生,吉田 凌太朗,６　Ｆ５５　６６１　３
01,2026-07-27,38,2026-07-14,2026-07-19,一般,第４８回デイリースポーツ杯,原田 秀弥,１６６　３３４　１１３４
01,2026-07-27,38,2026-07-04,2026-07-09,一般,にっぽん未来プロジェクト競走ｉｎ桐生,田中 駿兵,１４５１３　１６１６３１
01,2026-07-27,38,2026-06-25,2026-06-30,ＧⅢ,サッポロビールカップ,島川 海輝,１２３３３　２６１２[２]
01,2026-07-27,39,2026-07-04,2026-07-09,一般,にっぽん未来プロジェクト競走ｉｎ桐生,吉田 宗弘,２５２　４５６　５　４４
01,2026-07-27,39,2026-06-14,2026-06-18,一般,第２３回新東通信杯　ＢＴＳ福島開場１５周年記念,大澤 真菜,５　６４５　６　６１
01,2026-07-27,39,2026-05-28,2026-06-02,一般,第３３回桐生タイムス杯,石田 政吾,３２６　４６５　２
01,2026-07-27,40,2026-07-23,2026-07-27,一般,第２３回スカッとさわやか杯,吉武 真也,３　５エ５　１６６４
01,2026-07-27,40,2026-07-14,2026-07-19,一般,第４８回デイリースポーツ杯,黒澤 めぐみ,２２２　４５４　２１４
01,2026-07-27,40,2026-07-04,2026-07-09,一般,にっぽん未来プロジェクト競走ｉｎ桐生,宮迫 暢彦,６２４　６６３　５　５３
01,2026-07-27,41,2026-07-23,2026-07-27,一般,第２３回スカッとさわやか杯,川辺 郭人,４　６４６　５４５６
01,2026-07-27,41,2026-07-14,2026-07-19,一般,第４８回デイリースポーツ杯,尾道 佳諭,４３５　５３４　４　５１
01,2026-07-27,41,2026-07-04,2026-07-09,一般,にっぽん未来プロジェクト競走ｉｎ桐生,立具 敬司,３　Ｆ４４　３５４　６
01,2026-07-27,42,2026-07-23,2026-07-27,一般,第２３回スカッとさわやか杯,齊藤 廉,１２５　４６２転３６
01,2026-07-27,42,2026-07-14,2026-07-19,一般,第４８回デイリースポーツ杯,志賀 美優,６　３６６　５６６　６
01,2026-07-27,42,2026-06-25,2026-06-30,ＧⅢ,サッポロビールカップ,石原 光,６　６６２　６６２　４５
01,2026-07-27,43,2026-07-23,2026-07-27,一般,第２３回スカッとさわやか杯,中嶋 達也,３　２４２５
01,2026-07-27,43,2026-07-14,2026-07-19,一般,第４８回デイリースポーツ杯,三浦 洋次朗,２５２　２６５　６６４
01,2026-07-27,43,2026-06-25,2026-06-30,ＧⅢ,サッポロビールカップ,高橋 真吾,５４１　３６４　６　５６
01,2026-07-27,44,2026-07-23,2026-07-27,一般,第２３回スカッとさわやか杯,立間 充宏,２　３３１１３６３６
01,2026-07-27,44,2026-07-04,2026-07-09,一般,にっぽん未来プロジェクト競走ｉｎ桐生,鶴田 勇雄,１　１６２３５６転５１３
01,2026-07-27,44,2026-06-25,2026-06-30,ＧⅢ,サッポロビールカップ,寺本 昇平,６　６３３　６６１　５
01,2026-07-27,45,2026-07-14,2026-07-19,一般,第４８回デイリースポーツ杯,伊藤 喜智,３　２２５　３１４３１５
01,2026-07-27,45,2026-06-25,2026-06-30,ＧⅢ,サッポロビールカップ,深水 慎一郎,２５３　２１５４２　１４
01,2026-07-27,45,2026-06-05,2026-06-10,一般,ＭＢＰ津幡開設１３周年記念,天野 誠,６　３６転
01,2026-07-27,46,2026-07-23,2026-07-27,一般,第２３回スカッとさわやか杯,大塚 浩二,５　６３３　４５３６
01,2026-07-27,46,2026-07-14,2026-07-19,一般,第４８回デイリースポーツ杯,籾山 佳岳,１　４４２　２４２５２１
01,2026-07-27,46,2026-07-04,2026-07-09,一般,にっぽん未来プロジェクト競走ｉｎ桐生,黒柳 浩孝,６３２　１２３　２３６５
01,2026-07-27,47,2026-07-23,2026-07-27,一般,第２３回スカッとさわやか杯,木下 虎之輔,６　３　５６６６３
01,2026-07-27,47,2026-07-04,2026-07-09,一般,にっぽん未来プロジェクト競走ｉｎ桐生,小黒 竜吾,１４４　５６２　６５３
01,2026-07-27,47,2026-06-25,2026-06-30,ＧⅢ,サッポロビールカップ,山田 祐也,５４６　１６
01,2026-07-27,48,2026-07-23,2026-07-27,一般,第２３回スカッとさわやか杯,滝沢 芳行,１６１　３２１３１３
01,2026-07-27,48,2026-07-14,2026-07-19,一般,第４８回デイリースポーツ杯,金児 隆太,４　２５１４１　５２[５]
01,2026-07-27,48,2026-07-04,2026-07-09,一般,にっぽん未来プロジェクト競走ｉｎ桐生,米本 圭佑,５　６６５　６６４　６６
01,2026-07-27,49,2026-07-23,2026-07-27,一般,第２３回スカッとさわやか杯,木村 仁紀,１４２４１３１３２１
01,2026-07-27,49,2026-07-14,2026-07-19,一般,第４８回デイリースポーツ杯,柴田 友和,５２４　４２５　４　３４
01,2026-07-27,49,2026-07-04,2026-07-09,一般,にっぽん未来プロジェクト競走ｉｎ桐生,村岡 賢,４　３６３　４３３　３６
01,2026-07-27,50,2026-07-23,2026-07-27,一般,第２３回スカッとさわやか杯,井上 大輔,６２２　３４２　６５
01,2026-07-27,50,2026-07-14,2026-07-19,一般,第４８回デイリースポーツ杯,一瀬 明,２２４　５３２　１転１４
01,2026-07-27,50,2026-07-04,2026-07-09,一般,にっぽん未来プロジェクト競走ｉｎ桐生,山口 修路,３　１５３６６　１４５２
01,2026-07-27,51,2026-07-23,2026-07-27,一般,第２３回スカッとさわやか杯,小川 日紀太,５　３５２　５１５５
01,2026-07-27,51,2026-07-04,2026-07-09,一般,にっぽん未来プロジェクト競走ｉｎ桐生,今泉 徹,４２３　６６２　３４１２
01,2026-07-27,51,2026-06-14,2026-06-18,一般,第２３回新東通信杯　ＢＴＳ福島開場１５周年記念,川上 清人,５　４５６　１　２６
01,2026-07-27,52,2026-07-23,2026-07-27,一般,第２３回スカッとさわやか杯,木場 悠介,１４５　１５１２[５]
01,2026-07-27,52,2026-07-04,2026-07-09,一般,にっぽん未来プロジェクト競走ｉｎ桐生,松尾 基成,４　３２４５４　５５２４
01,2026-07-27,52,2026-06-25,2026-06-30,ＧⅢ,サッポロビールカップ,葛原 大陽,３　２１４　５３１５４２
01,2026-07-27,53,2026-07-23,2026-07-27,一般,第２３回スカッとさわやか杯,和田 操拓,１４４　２５３４１４
01,2026-07-27,53,2026-07-14,2026-07-19,一般,第４８回デイリースポーツ杯,喜多 那由夏,６　６６５　５６４　２
01,2026-07-27,53,2026-07-04,2026-07-09,一般,にっぽん未来プロジェクト競走ｉｎ桐生,小柳 勝希,５　４６４　４３６　４２
01,2026-07-27,54,2026-07-23,2026-07-27,一般,第２３回スカッとさわやか杯,抹香 雄三,３３１　４６４４３５
01,2026-07-27,54,2026-07-04,2026-07-09,一般,にっぽん未来プロジェクト競走ｉｎ桐生,永井 源,４４４　５３３　６２２１
01,2026-07-27,54,2026-06-14,2026-06-18,一般,第２３回新東通信杯　ＢＴＳ福島開場１５周年記念,菊地 敬介,５４４　６　４６３
01,2026-07-27,55,2026-07-23,2026-07-27,一般,第２３回スカッとさわやか杯,松尾 祭,６５４１６　２　４１
01,2026-07-27,55,2026-07-04,2026-07-09,一般,にっぽん未来プロジェクト競走ｉｎ桐生,菊池 峰晴,６　２３３４５５１　５５
01,2026-07-27,55,2026-06-14,2026-06-18,一般,第２３回新東通信杯　ＢＴＳ福島開場１５周年記念,山田 真聖,６５６　５　４４１
01,2026-07-27,56,2026-07-14,2026-07-19,一般,第４８回デイリースポーツ杯,西舘 健,６　４４１　２５５　２３
01,2026-07-27,56,2026-06-25,2026-06-30,ＧⅢ,サッポロビールカップ,烏野 賢太,６５５　４　６２１　４２
01,2026-07-27,56,2026-06-05,2026-06-10,一般,ＭＢＰ津幡開設１３周年記念,下寺 秀和,３３２　１４４３１５２４
01,2026-07-27,57,2026-07-23,2026-07-27,一般,第２３回スカッとさわやか杯,坂井 康嗣,４　４２４４３　４５
01,2026-07-27,57,2026-07-14,2026-07-19,一般,第４８回デイリースポーツ杯,石田 章央,４　４５１１１　６６１５
01,2026-07-27,57,2026-07-04,2026-07-09,一般,にっぽん未来プロジェクト競走ｉｎ桐生,深川 真二,１１１２４　４１２１[３]
01,2026-07-27,58,2026-07-23,2026-07-27,一般,第２３回スカッとさわやか杯,鈴木 賢一,５１３　３６２　３２
01,2026-07-27,58,2026-07-04,2026-07-09,一般,にっぽん未来プロジェクト競走ｉｎ桐生,中野 和裕,６　５６６　４６３　４５
01,2026-07-27,58,2026-06-14,2026-06-18,一般,第２３回新東通信杯　ＢＴＳ福島開場１５周年記念,高木 圭大,６　１６４６１　６
01,2026-07-27,59,2026-07-14,2026-07-19,一般,第４８回デイリースポーツ杯,梅木 敬太,４　４１４　３３５　１３
01,2026-07-27,59,2026-06-25,2026-06-30,ＧⅢ,サッポロビールカップ,鈴木 勝博,４２１　５１２２６３４
01,2026-07-27,59,2026-06-14,2026-06-18,一般,第２３回新東通信杯　ＢＴＳ福島開場１５周年記念,汐崎 正則,１　３６１３１３３１
01,2026-07-27,60,2026-07-23,2026-07-27,一般,第２３回スカッとさわやか杯,市川 哲也,１５２６３　１４２２
01,2026-07-27,60,2026-07-14,2026-07-19,一般,第４８回デイリースポーツ杯,安河内 将,４３１１１　１　３１[４]
01,2026-07-27,60,2026-06-25,2026-06-30,ＧⅢ,サッポロビールカップ,大池 佑来,１　２２４２５１５３１１
01,2026-07-27,61,2026-07-23,2026-07-27,一般,第２３回スカッとさわやか杯,古賀 智之,３転６転
01,2026-07-27,61,2026-07-04,2026-07-09,一般,にっぽん未来プロジェクト競走ｉｎ桐生,宇留田 翔平,４　３３１６５　５１３１
01,2026-07-27,61,2026-06-14,2026-06-18,一般,第２３回新東通信杯　ＢＴＳ福島開場１５周年記念,中里 優子,５４４　２　３３６６
01,2026-07-27,62,2026-07-23,2026-07-27,一般,第２３回スカッとさわやか杯,藤生 雄人,４　２１５３２５１３
01,2026-07-27,62,2026-07-14,2026-07-19,一般,第４８回デイリースポーツ杯,坂本 雄紀,５２１　１２２　２１[２]
01,2026-07-27,62,2026-06-25,2026-06-30,ＧⅢ,サッポロビールカップ,佃 來紀,４　２１１　４６２４３２
01,2026-07-27,63,2026-07-23,2026-07-27,一般,第２３回スカッとさわやか杯,須藤 隆雄,２　２６４２５６４５
01,2026-07-27,63,2026-07-14,2026-07-19,一般,第４８回デイリースポーツ杯,松尾 昂明,２５１３３　１　５２[６]
01,2026-07-27,63,2026-07-04,2026-07-09,一般,にっぽん未来プロジェクト競走ｉｎ桐生,広次 修,５２５　１　２２５２[５]
01,2026-07-27,64,2026-07-23,2026-07-27,一般,第２３回スカッとさわやか杯,山下 大輝,２３２３１　５１[６]
01,2026-07-27,64,2026-07-14,2026-07-19,一般,第４８回デイリースポーツ杯,井澤 聖奈,６６６　６　６６５　６
01,2026-07-27,64,2026-07-04,2026-07-09,一般,にっぽん未来プロジェクト競走ｉｎ桐生,生方 靖亜,５　３３６　Ｆ２３　５
01,2026-07-27,65,2026-07-23,2026-07-27,一般,第２３回スカッとさわやか杯,横田 貴満,５２１３１２３５２４
01,2026-07-27,65,2026-07-14,2026-07-19,一般,第４８回デイリースポーツ杯,田中 孝明,３　５２４　２５６　４
01,2026-07-27,65,2026-07-04,2026-07-09,一般,にっぽん未来プロジェクト競走ｉｎ桐生,麻生 慎介,３　１１１３４３４５１３
01,2026-07-27,66,2026-07-04,2026-07-09,一般,にっぽん未来プロジェクト競走ｉｎ桐生,浮田 圭浩,４　４５６　５４２　２６
01,2026-07-27,66,2026-06-14,2026-06-18,一般,第２３回新東通信杯　ＢＴＳ福島開場１５周年記念,今坂 晃広,６　３４３　６　４４
01,2026-07-27,66,2026-05-28,2026-06-02,一般,第３３回桐生タイムス杯,入澤 友治,４５６　４３５　２３
01,2026-07-27,67,2026-07-23,2026-07-27,一般,第２３回スカッとさわやか杯,上平 真二,２１１２３４３１[３]
01,2026-07-27,67,2026-07-14,2026-07-19,一般,第４８回デイリースポーツ杯,上田 紗奈,１５３６３　６　１４１
01,2026-07-27,67,2026-07-04,2026-07-09,一般,にっぽん未来プロジェクト競走ｉｎ桐生,川原 祐明,３３１　２２１２３１[１]
01,2026-07-27,68,2026-07-23,2026-07-27,一般,第２３回スカッとさわやか杯,岩下 巧斗,４４４　２　３６１５
01,2026-07-27,68,2026-07-04,2026-07-09,一般,にっぽん未来プロジェクト競走ｉｎ桐生,小林 一樹,２　４６４２１　４５
01,2026-07-27,68,2026-06-14,2026-06-18,一般,第２３回新東通信杯　ＢＴＳ福島開場１５周年記念,河野 真也,２　４６５２２　３１
01,2026-07-27,69,2026-07-14,2026-07-19,一般,第４８回デイリースポーツ杯,宮内 由紀英,５　２５６　４４２　４６
01,2026-07-27,69,2026-06-25,2026-06-30,ＧⅢ,サッポロビールカップ,佐々木 康幸,６　１３５３１　１４５５
01,2026-07-27,69,2026-06-05,2026-06-10,一般,ＭＢＰ津幡開設１３周年記念,小野 信樹,３４２　２６６　５３６６
01,2026-07-27,70,2026-07-23,2026-07-27,一般,第２３回スカッとさわやか杯,本村 大,６　６６６　６６４
01,2026-07-27,70,2026-07-14,2026-07-19,一般,第４８回デイリースポーツ杯,山田 竜一,２　５５５　５４３　４２
01,2026-07-27,70,2026-07-04,2026-07-09,一般,にっぽん未来プロジェクト競走ｉｎ桐生,竹田 和哉,２１１２１　１１３２[４]
01,2026-07-27,71,2026-07-14,2026-07-19,一般,第４８回デイリースポーツ杯,後藤 孝義,５５４　５４６　６　４６
01,2026-07-27,71,2026-06-25,2026-06-30,ＧⅢ,サッポロビールカップ,永井 彪也,６１５　４２１　１５１６
01,2026-07-27,71,2026-06-14,2026-06-18,一般,第２３回新東通信杯　ＢＴＳ福島開場１５周年記念,大野 芳顕,転１１　５２５　６６
01,2026-07-27,72,2026-07-23,2026-07-27,一般,第２３回スカッとさわやか杯,山口 広樹,６　６５５　６５２
01,2026-07-27,72,2026-07-14,2026-07-19,一般,第４８回デイリースポーツ杯,堤 啓輔,１　５６６　１２６　６
01,2026-07-27,72,2026-07-04,2026-07-09,一般,にっぽん未来プロジェクト競走ｉｎ桐生,西野 雄貴,６２４　１４１
01,2026-07-27,73,2026-07-23,2026-07-27,一般,第２３回スカッとさわやか杯,早川 颯太,６　６　４４１　６４
01,2026-07-27,73,2026-07-14,2026-07-19,一般,第４８回デイリースポーツ杯,濱崎 直矢,転１１　１１２　３２[３]
01,2026-07-27,73,2026-06-25,2026-06-30,ＧⅢ,サッポロビールカップ,山口 晃朋,１５５１４　６２３　２
01,2026-07-27,74,2026-07-14,2026-07-19,一般,第４８回デイリースポーツ杯,三原 司,３４３　２４３　２５３
01,2026-07-27,74,2026-07-04,2026-07-09,一般,にっぽん未来プロジェクト競走ｉｎ桐生,鋤柄 貴俊,３２２５５　３　２２５３
01,2026-07-27,74,2026-06-25,2026-06-30,ＧⅢ,サッポロビールカップ,高倉 和士,１３２２４　１３５１[４]
01,2026-07-27,75,2026-07-23,2026-07-27,一般,第２３回スカッとさわやか杯,三浦 裕貴,５５３　１　５２４５
01,2026-07-27,75,2026-07-14,2026-07-19,一般,第４８回デイリースポーツ杯,高井 駿弥,４４３　転４４　４　５５
01,2026-07-27,75,2026-07-04,2026-07-09,一般,にっぽん未来プロジェクト競走ｉｎ桐生,栗城 匠,５　１３２２１４１１[２]
06,2026-07-27,1,2026-07-10,2026-07-15,一般,男女Ｗ優勝戦　シーラック　バリ勝男クン。カップ,大橋 純一郎,１２４３３　３１３５１２
06,2026-07-27,1,2026-06-30,2026-07-05,一般,本命戦浜名湖巧者　ＢＯＡＴＢｏｙカップ,坂口 貴彦,３　２２１　４４３２[４]
06,2026-07-27,1,2026-06-20,2026-06-25,一般,にっぽん未来プロジェクト競走ｉｎ浜名湖,笠原 亮,１１１１１２２１３１[２]
06,2026-07-27,2,2026-07-24,2026-07-27,一般,日本モーターボート選手会代表杯,花田 和明,２２２６５　４５
06,2026-07-27,2,2026-07-10,2026-07-15,一般,男女Ｗ優勝戦　シーラック　バリ勝男クン。カップ,金田 諭,５６
06,2026-07-27,2,2026-06-30,2026-07-05,一般,本命戦浜名湖巧者　ＢＯＡＴＢｏｙカップ,横井 健太,３　４５３２５　４６５
06,2026-07-27,3,2026-07-10,2026-07-15,一般,男女Ｗ優勝戦　シーラック　バリ勝男クン。カップ,加藤 奈月,３５６　６２６　３　４６
06,2026-07-27,3,2026-06-30,2026-07-05,一般,本命戦浜名湖巧者　ＢＯＡＴＢｏｙカップ,鈴木 茂高,４　３４５５２　２６４
06,2026-07-27,3,2026-06-20,2026-06-25,一般,にっぽん未来プロジェクト競走ｉｎ浜名湖,渡邉 英児,１３５　２２６　１３３
06,2026-07-27,4,2026-07-10,2026-07-15,一般,男女Ｗ優勝戦　シーラック　バリ勝男クン。カップ,金子 貴志,６５５　４２１　３　２５
06,2026-07-27,4,2026-06-30,2026-07-05,一般,本命戦浜名湖巧者　ＢＯＡＴＢｏｙカップ,安部 慎一,２　４５２　３３６６６
06,2026-07-27,4,2026-06-13,2026-06-16,一般,体感型動物園　ｉＺｏｏカップ,重野 哲之,１５２４２２１４
06,2026-07-27,5,2026-07-10,2026-07-15,一般,男女Ｗ優勝戦　シーラック　バリ勝男クン。カップ,杉山 貴博,２６３　３３１　１４１４
06,2026-07-27,5,2026-06-30,2026-07-05,一般,本命戦浜名湖巧者　ＢＯＡＴＢｏｙカップ,古川 健,２　５２１　４３２５１５
06,2026-07-27,5,2026-06-13,2026-06-16,一般,体感型動物園　ｉＺｏｏカップ,永嶋 裕一,２４２　３３１２
06,2026-07-27,6,2026-07-24,2026-07-27,一般,日本モーターボート選手会代表杯,魚谷 香織,３　２３６３１１
06,2026-07-27,6,2026-06-30,2026-07-05,一般,本命戦浜名湖巧者　ＢＯＡＴＢｏｙカップ,上村 宏太,６４６　４４２　３　２２
06,2026-07-27,6,2026-06-20,2026-06-25,一般,にっぽん未来プロジェクト競走ｉｎ浜名湖,下河 雅史,６５４　２３２　５　４３
06,2026-07-27,7,2026-07-10,2026-07-15,一般,男女Ｗ優勝戦　シーラック　バリ勝男クン。カップ,柳橋 宏紀,４　４４４　４４５　３２
06,2026-07-27,7,2026-06-20,2026-06-25,一般,にっぽん未来プロジェクト競走ｉｎ浜名湖,羽田 妃希,５５５　６６３　３　５５
06,2026-07-27,7,2026-06-13,2026-06-16,一般,体感型動物園　ｉＺｏｏカップ,福島 勇樹,１３２１１２[５]
06,2026-07-27,8,2026-07-24,2026-07-27,一般,日本モーターボート選手会代表杯,大澤 真菜,６　４５５６５
06,2026-07-27,8,2026-07-10,2026-07-15,一般,男女Ｗ優勝戦　シーラック　バリ勝男クン。カップ,津田 裕絵,４　２５３　５５２　４４
06,2026-07-27,8,2026-06-30,2026-07-05,一般,本命戦浜名湖巧者　ＢＯＡＴＢｏｙカップ,伊藤 紘章,４　５６６　５４２　１４
06,2026-07-27,9,2026-07-24,2026-07-27,一般,日本モーターボート選手会代表杯,石原 光,５　６３１５４２
06,2026-07-27,9,2026-06-30,2026-07-05,一般,本命戦浜名湖巧者　ＢＯＡＴＢｏｙカップ,山田 哲也,１　６３２　１１２Ｆ５
06,2026-07-27,9,2026-06-13,2026-06-16,一般,体感型動物園　ｉＺｏｏカップ,関口 智久,５２２４３　１３
06,2026-07-27,10,2026-07-10,2026-07-15,一般,男女Ｗ優勝戦　シーラック　バリ勝男クン。カップ,木村 紗友希,５　５４１　３４４４５６
06,2026-07-27,10,2026-06-30,2026-07-05,一般,本命戦浜名湖巧者　ＢＯＡＴＢｏｙカップ,上村 慎太郎,５　３３２　１１４６１６
06,2026-07-27,10,2026-06-20,2026-06-25,一般,にっぽん未来プロジェクト競走ｉｎ浜名湖,松田 祐季,２２２１３　１６１４３２
06,2026-07-27,11,2026-07-24,2026-07-27,一般,日本モーターボート選手会代表杯,村松 遥輝,１１１４４　[５]
06,2026-07-27,11,2026-07-10,2026-07-15,一般,男女Ｗ優勝戦　シーラック　バリ勝男クン。カップ,藤原 早菜,１６２　６４２　４３[６]
06,2026-07-27,11,2026-06-30,2026-07-05,一般,本命戦浜名湖巧者　ＢＯＡＴＢｏｙカップ,前田 滉,１　３１３１１　４１[２]
06,2026-07-27,12,2026-07-24,2026-07-27,一般,日本モーターボート選手会代表杯,出口 舞有子,１　１５５４３６
06,2026-07-27,12,2026-06-30,2026-07-05,一般,本命戦浜名湖巧者　ＢＯＡＴＢｏｙカップ,國分 将太郎,４６３　４３１　５５４
06,2026-07-27,12,2026-06-13,2026-06-16,一般,体感型動物園　ｉＺｏｏカップ,後藤 正宗,３　１３３３１４
06,2026-07-27,13,2026-07-24,2026-07-27,一般,日本モーターボート選手会代表杯,國崎 良春,４３１　１３１２
06,2026-07-27,13,2026-07-10,2026-07-15,一般,男女Ｗ優勝戦　シーラック　バリ勝男クン。カップ,前川 守嗣,２１４　４　３５２６２５
06,2026-07-27,13,2026-06-30,2026-07-05,一般,本命戦浜名湖巧者　ＢＯＡＴＢｏｙカップ,小林 遼太,１　２２５４３２１４３３
06,2026-07-27,14,2026-07-10,2026-07-15,一般,男女Ｗ優勝戦　シーラック　バリ勝男クン。カップ,石田 政吾,３　２３２　６６５１３
06,2026-07-27,14,2026-06-30,2026-07-05,一般,本命戦浜名湖巧者　ＢＯＡＴＢｏｙカップ,岡部 貴司,３　５３６　３２３２４２
06,2026-07-27,14,2026-06-13,2026-06-16,一般,体感型動物園　ｉＺｏｏカップ,相原 利章,１　４５４４３３
06,2026-07-27,15,2026-07-24,2026-07-27,一般,日本モーターボート選手会代表杯,土屋 太朗,３５１５４　４４
06,2026-07-27,15,2026-07-10,2026-07-15,一般,男女Ｗ優勝戦　シーラック　バリ勝男クン。カップ,小野 桜,２　６４３　５４５　３２
06,2026-07-27,15,2026-06-20,2026-06-25,一般,にっぽん未来プロジェクト競走ｉｎ浜名湖,塩嶋 泰空,６６６　６６６　６　６
06,2026-07-27,16,2026-07-24,2026-07-27,一般,日本モーターボート選手会代表杯,石田 章央,１５４２６　６１
06,2026-07-27,16,2026-07-10,2026-07-15,一般,男女Ｗ優勝戦　シーラック　バリ勝男クン。カップ,春園 功太,３　３エ４２５１５６１３
06,2026-07-27,16,2026-06-20,2026-06-25,一般,にっぽん未来プロジェクト競走ｉｎ浜名湖,丸尾 義孝,１　２５４３３２２５３４
06,2026-07-27,17,2026-07-24,2026-07-27,一般,日本モーターボート選手会代表杯,金児 隆太,１　３２６２１５
06,2026-07-27,17,2026-07-10,2026-07-15,一般,男女Ｗ優勝戦　シーラック　バリ勝男クン。カップ,山下 友貴,２１３２１　２２３１[１]
06,2026-07-27,17,2026-06-30,2026-07-05,一般,本命戦浜名湖巧者　ＢＯＡＴＢｏｙカップ,橋本 英一,２１２　４６３１１６２落
06,2026-07-27,18,2026-07-10,2026-07-15,一般,男女Ｗ優勝戦　シーラック　バリ勝男クン。カップ,中北 将史,５４６　１３６　２　４４
06,2026-07-27,18,2026-06-20,2026-06-25,一般,にっぽん未来プロジェクト競走ｉｎ浜名湖,宮内 由紀英,５　４６５　６２６　６
06,2026-07-27,18,2026-06-06,2026-06-10,一般,テレしずサマーカップ,山戸 信二,５６６　５　５３２５
06,2026-07-27,19,2026-07-24,2026-07-27,一般,日本モーターボート選手会代表杯,中島 友和,２１１４３　[６]
06,2026-07-27,19,2026-07-10,2026-07-15,一般,男女Ｗ優勝戦　シーラック　バリ勝男クン。カップ,菊地 敬介,転４３　２６２　２　２４
06,2026-07-27,19,2026-06-30,2026-07-05,一般,本命戦浜名湖巧者　ＢＯＡＴＢｏｙカップ,澤崎 雄哉,１　３２３２４５３４２２
06,2026-07-27,20,2026-07-10,2026-07-15,一般,男女Ｗ優勝戦　シーラック　バリ勝男クン。カップ,野田 彩加,６　１３２６４２６６２４
06,2026-07-27,20,2026-06-30,2026-07-05,一般,本命戦浜名湖巧者　ＢＯＡＴＢｏｙカップ,荒牧 凪沙,３１１　３３４２６２[６]
06,2026-07-27,20,2026-06-20,2026-06-25,一般,にっぽん未来プロジェクト競走ｉｎ浜名湖,柳生 泰二,４４１　１２１１２１[１]
06,2026-07-27,21,2026-07-24,2026-07-27,一般,日本モーターボート選手会代表杯,池田 奈津美,６６５　６５
06,2026-07-27,21,2026-06-30,2026-07-05,一般,本命戦浜名湖巧者　ＢＯＡＴＢｏｙカップ,米田 隆弘,５５１　３　６欠
06,2026-07-27,21,2026-06-20,2026-06-25,一般,にっぽん未来プロジェクト競走ｉｎ浜名湖,本吉 正樹,６　４６２　６６６　２５
06,2026-07-27,22,2026-07-10,2026-07-15,一般,男女Ｗ優勝戦　シーラック　バリ勝男クン。カップ,豊田 結,６２６　４６６　６　３
06,2026-07-27,22,2026-06-30,2026-07-05,一般,本命戦浜名湖巧者　ＢＯＡＴＢｏｙカップ,芹澤 克彦,４３２　３４３　１４５２
06,2026-07-27,22,2026-06-20,2026-06-25,一般,にっぽん未来プロジェクト競走ｉｎ浜名湖,表 憲一,１　６４３　２３１５６３
06,2026-07-27,23,2026-07-10,2026-07-15,一般,男女Ｗ優勝戦　シーラック　バリ勝男クン。カップ,川井 萌,２　３１２５３１４５Ｆ３
06,2026-07-27,23,2026-06-30,2026-07-05,一般,本命戦浜名湖巧者　ＢＯＡＴＢｏｙカップ,山下 流心,５５Ｆ　２　５　５　６
06,2026-07-27,23,2026-06-20,2026-06-25,一般,にっぽん未来プロジェクト競走ｉｎ浜名湖,古賀 智之,４４１　５３５　２２１２
06,2026-07-27,24,2026-07-10,2026-07-15,一般,男女Ｗ優勝戦　シーラック　バリ勝男クン。カップ,本田 愛,４５３　１４１　１５１２
06,2026-07-27,24,2026-06-20,2026-06-25,一般,にっぽん未来プロジェクト競走ｉｎ浜名湖,高山 智至,４６３　３５１　６３５
06,2026-07-27,24,2026-06-13,2026-06-16,一般,体感型動物園　ｉＺｏｏカップ,谷口 健一,５５４　５４２５
06,2026-07-27,25,2026-07-24,2026-07-27,一般,日本モーターボート選手会代表杯,今井 裕梨,２６１　５６５３
06,2026-07-27,25,2026-06-30,2026-07-05,一般,本命戦浜名湖巧者　ＢＯＡＴＢｏｙカップ,宮武 英司,６３３　２２５４５　２
06,2026-07-27,25,2026-06-13,2026-06-16,一般,体感型動物園　ｉＺｏｏカップ,寳田 亮治,６３６　５３５４
06,2026-07-27,26,2026-07-24,2026-07-27,一般,日本モーターボート選手会代表杯,川北 浩貴,３１４　２１[４]
06,2026-07-27,26,2026-07-10,2026-07-15,一般,男女Ｗ優勝戦　シーラック　バリ勝男クン。カップ,郷原 章平,３２１５２　４２１２[５]
06,2026-07-27,26,2026-06-30,2026-07-05,一般,本命戦浜名湖巧者　ＢＯＡＴＢｏｙカップ,高野 哲史,４２１　１５１　１２[３]
06,2026-07-27,27,2026-07-24,2026-07-27,一般,日本モーターボート選手会代表杯,田中 信一郎,６１２　１５１６
06,2026-07-27,27,2026-06-20,2026-06-25,一般,にっぽん未来プロジェクト競走ｉｎ浜名湖,櫻本 あゆみ,３　４２６　３６５５エ５
06,2026-07-27,27,2026-06-13,2026-06-16,一般,体感型動物園　ｉＺｏｏカップ,原 加央理,５６６　３２３４
06,2026-07-27,28,2026-07-10,2026-07-15,一般,男女Ｗ優勝戦　シーラック　バリ勝男クン。カップ,和田 操拓,５１６　６６５　６　５
06,2026-07-27,28,2026-06-30,2026-07-05,一般,本命戦浜名湖巧者　ＢＯＡＴＢｏｙカップ,佐口 達也,２　５５５　４６４　１６
06,2026-07-27,28,2026-06-20,2026-06-25,一般,にっぽん未来プロジェクト競走ｉｎ浜名湖,三浦 永理,１３２１５　１２２２[５]
06,2026-07-27,29,2026-07-10,2026-07-15,一般,男女Ｗ優勝戦　シーラック　バリ勝男クン。カップ,内山 七海,６４２１６１４　３　３３
06,2026-07-27,29,2026-06-30,2026-07-05,一般,本命戦浜名湖巧者　ＢＯＡＴＢｏｙカップ,井川 大作,５６１
06,2026-07-27,29,2026-06-20,2026-06-25,一般,にっぽん未来プロジェクト競走ｉｎ浜名湖,豊田 健士郎,１２２２１４３１２１[４]
06,2026-07-27,30,2026-07-24,2026-07-27,一般,日本モーターボート選手会代表杯,一瀬 明,５２１　１６１５
06,2026-07-27,30,2026-06-30,2026-07-05,一般,本命戦浜名湖巧者　ＢＯＡＴＢｏｙカップ,松田 隆司,６４６　５３６　２　５３
06,2026-07-27,30,2026-06-13,2026-06-16,一般,体感型動物園　ｉＺｏｏカップ,寺本 昇平,４４３６６　４５
06,2026-07-27,31,2026-07-24,2026-07-27,一般,日本モーターボート選手会代表杯,堂原 洋史,４４５　２２転５
06,2026-07-27,31,2026-07-10,2026-07-15,一般,男女Ｗ優勝戦　シーラック　バリ勝男クン。カップ,加藤 綾,１４２　５５６　１６５
06,2026-07-27,31,2026-06-30,2026-07-05,一般,本命戦浜名湖巧者　ＢＯＡＴＢｏｙカップ,若林 義人,１　１３１　１３５１[５]
06,2026-07-27,32,2026-07-24,2026-07-27,一般,日本モーターボート選手会代表杯,丸岡 正典,２３２　２４１２
06,2026-07-27,32,2026-07-10,2026-07-15,一般,男女Ｗ優勝戦　シーラック　バリ勝男クン。カップ,滝沢 織寧,６４４　３６１　５　５４
06,2026-07-27,32,2026-06-30,2026-07-05,一般,本命戦浜名湖巧者　ＢＯＡＴＢｏｙカップ,大庭 元明,３　４４１５２６１　５５
06,2026-07-27,33,2026-07-24,2026-07-27,一般,日本モーターボート選手会代表杯,北中 元樹,５　３６５３３２
06,2026-07-27,33,2026-07-10,2026-07-15,一般,男女Ｗ優勝戦　シーラック　バリ勝男クン。カップ,渡邊 雄斗,　　　　６６３　６６６
06,2026-07-27,33,2026-06-20,2026-06-25,一般,にっぽん未来プロジェクト競走ｉｎ浜名湖,天野 友和,２　３５２３６５４　４２
06,2026-07-27,34,2026-07-10,2026-07-15,一般,男女Ｗ優勝戦　シーラック　バリ勝男クン。カップ,平田 さやか,３　５６５　５２３　１１
06,2026-07-27,34,2026-06-30,2026-07-05,一般,本命戦浜名湖巧者　ＢＯＡＴＢｏｙカップ,渡邊 裕貴,１４２　３２４　４３１４
06,2026-07-27,34,2026-06-13,2026-06-16,一般,体感型動物園　ｉＺｏｏカップ,三角 哲男,２　落欠
06,2026-07-27,35,2026-07-24,2026-07-27,一般,日本モーターボート選手会代表杯,濱崎 直矢,２　１６４３２３
06,2026-07-27,35,2026-07-10,2026-07-15,一般,男女Ｗ優勝戦　シーラック　バリ勝男クン。カップ,鈴木 結平太,　　　　　　　　　　６６
06,2026-07-27,35,2026-06-20,2026-06-25,一般,にっぽん未来プロジェクト競走ｉｎ浜名湖,宮崎 安奈,６　５６６　６４１　５４
06,2026-07-27,36,2026-07-24,2026-07-27,一般,日本モーターボート選手会代表杯,佐藤 ほのか,４５４３５　４４
06,2026-07-27,36,2026-06-30,2026-07-05,一般,本命戦浜名湖巧者　ＢＯＡＴＢｏｙカップ,宮崎 奏磨,６　５Ｆ６　６　転　６
06,2026-07-27,36,2026-06-20,2026-06-25,一般,にっぽん未来プロジェクト競走ｉｎ浜名湖,深川 真二,２６１５６１４　２２[６]
06,2026-07-27,37,2026-07-10,2026-07-15,一般,男女Ｗ優勝戦　シーラック　バリ勝男クン。カップ,三嶌 こころ,３　６３２　２４６４２１
06,2026-07-27,37,2026-06-20,2026-06-25,一般,にっぽん未来プロジェクト競走ｉｎ浜名湖,数原 魁,３　２６４　２２３６１５
06,2026-07-27,37,2026-06-13,2026-06-16,一般,体感型動物園　ｉＺｏｏカップ,藤山 翔大,３１１　５１６１
06,2026-07-27,38,2026-07-24,2026-07-27,一般,日本モーターボート選手会代表杯,胡本 悟志,４３３３５　１６
06,2026-07-27,38,2026-07-10,2026-07-15,一般,男女Ｗ優勝戦　シーラック　バリ勝男クン。カップ,吉川 喜継,５　２１１３５４４３[４]
06,2026-07-27,38,2026-06-30,2026-07-05,一般,本命戦浜名湖巧者　ＢＯＡＴＢｏｙカップ,小坂 尚哉,２　２１１　４２１３３１
06,2026-07-27,39,2026-07-24,2026-07-27,一般,日本モーターボート選手会代表杯,鈴木 茂正,５　５５６４５
06,2026-07-27,39,2026-06-30,2026-07-05,一般,本命戦浜名湖巧者　ＢＯＡＴＢｏｙカップ,齋藤 和政,４４６　５４６　５
06,2026-07-27,39,2026-06-20,2026-06-25,一般,にっぽん未来プロジェクト競走ｉｎ浜名湖,乃村 康友,３６３　５６５　６　３６
06,2026-07-27,40,2026-07-24,2026-07-27,一般,日本モーターボート選手会代表杯,山田 丈,１３３５１１[３]
06,2026-07-27,40,2026-07-10,2026-07-15,一般,男女Ｗ優勝戦　シーラック　バリ勝男クン。カップ,田中 宏典,６　６２５　４６
06,2026-07-27,40,2026-06-30,2026-07-05,一般,本命戦浜名湖巧者　ＢＯＡＴＢｏｙカップ,杉江 浩明,６３６　５５２　５　５１
06,2026-07-27,41,2026-07-24,2026-07-27,一般,日本モーターボート選手会代表杯,江藤 敦宏,６３５　４６２
06,2026-07-27,41,2026-06-30,2026-07-05,一般,本命戦浜名湖巧者　ＢＯＡＴＢｏｙカップ,東 健介,４６５　３４２　５　３５
06,2026-07-27,41,2026-06-20,2026-06-25,一般,にっぽん未来プロジェクト競走ｉｎ浜名湖,益田 啓司,２　２６３３１４１３５１
06,2026-07-27,43,2026-07-24,2026-07-27,一般,日本モーターボート選手会代表杯,港 理樹,６２６　４６５４
06,2026-07-27,43,2026-06-30,2026-07-05,一般,本命戦浜名湖巧者　ＢＯＡＴＢｏｙカップ,田中 孝明,５　１４４　５６３　４６
06,2026-07-27,43,2026-06-20,2026-06-25,一般,にっぽん未来プロジェクト競走ｉｎ浜名湖,鈴木 峻佑,３６５　１５４　６　１３
06,2026-07-27,44,2026-07-24,2026-07-27,一般,日本モーターボート選手会代表杯,齋藤 勇,５４４　３４４
06,2026-07-27,44,2026-07-10,2026-07-15,一般,男女Ｗ優勝戦　シーラック　バリ勝男クン。カップ,向井 美鈴,３１２　４３６　２２[３]
06,2026-07-27,44,2026-06-30,2026-07-05,一般,本命戦浜名湖巧者　ＢＯＡＴＢｏｙカップ,萩原 知哉,６４４　６
06,2026-07-27,45,2026-07-24,2026-07-27,一般,日本モーターボート選手会代表杯,高石 梨菜,５５２　２５２３
06,2026-07-27,45,2026-07-10,2026-07-15,一般,男女Ｗ優勝戦　シーラック　バリ勝男クン。カップ,百武 翔,４２１　２５２６５２[３]
06,2026-07-27,45,2026-06-20,2026-06-25,一般,にっぽん未来プロジェクト競走ｉｎ浜名湖,中村 有裕,６３３　１１４１５４１４
06,2026-07-27,46,2026-07-10,2026-07-15,一般,男女Ｗ優勝戦　シーラック　バリ勝男クン。カップ,金子 良昭,２６５　５４１　２　５６
06,2026-07-27,46,2026-06-30,2026-07-05,一般,本命戦浜名湖巧者　ＢＯＡＴＢｏｙカップ,椎名 豊,１１１　１１２　１１[１]
06,2026-07-27,46,2026-06-20,2026-06-25,一般,にっぽん未来プロジェクト競走ｉｎ浜名湖,佐藤 悠,５３３　１２５３１　エ６
06,2026-07-27,47,2026-07-10,2026-07-15,一般,男女Ｗ優勝戦　シーラック　バリ勝男クン。カップ,松瀬 弘美,５　６５４　６５４　１
06,2026-07-27,47,2026-06-30,2026-07-05,一般,本命戦浜名湖巧者　ＢＯＡＴＢｏｙカップ,宮野 仁,２　４６４　３６２３Ｆ６
06,2026-07-27,47,2026-06-13,2026-06-16,一般,体感型動物園　ｉＺｏｏカップ,森安 弘雅,２２１　６５５６
06,2026-07-27,48,2026-07-24,2026-07-27,一般,日本モーターボート選手会代表杯,山下 心一,５　６６５　３６
06,2026-07-27,48,2026-07-10,2026-07-15,一般,男女Ｗ優勝戦　シーラック　バリ勝男クン。カップ,若林 将,１４１６１１３　３１[２]
06,2026-07-27,48,2026-06-30,2026-07-05,一般,本命戦浜名湖巧者　ＢＯＡＴＢｏｙカップ,大塚 雅治,１　６４６　５６４　６６
06,2026-07-27,49,2026-07-24,2026-07-27,一般,日本モーターボート選手会代表杯,石丸 海渡,１３１２１２[１]
06,2026-07-27,49,2026-07-10,2026-07-15,一般,男女Ｗ優勝戦　シーラック　バリ勝男クン。カップ,藤生 雄人,３　１４１５３　３３[６]
06,2026-07-27,49,2026-06-30,2026-07-05,一般,本命戦浜名湖巧者　ＢＯＡＴＢｏｙカップ,向井田 佑紀,５５３　６６５　２　３３
06,2026-07-27,50,2026-07-24,2026-07-27,一般,日本モーターボート選手会代表杯,澁澤 周羽,６　５６６　６６
06,2026-07-27,50,2026-06-30,2026-07-05,一般,本命戦浜名湖巧者　ＢＯＡＴＢｏｙカップ,内山 峻輔,５　６４２　６３３　Ｆ４
06,2026-07-27,50,2026-06-20,2026-06-25,一般,にっぽん未来プロジェクト競走ｉｎ浜名湖,稲生 夏季,１２６　５６３　３４４
06,2026-07-27,51,2026-07-24,2026-07-27,一般,日本モーターボート選手会代表杯,堤 啓輔,３４Ｆ６３　２
06,2026-07-27,51,2026-07-10,2026-07-15,一般,男女Ｗ優勝戦　シーラック　バリ勝男クン。カップ,長嶋 万記,１５１１３　３１２１[４]
06,2026-07-27,51,2026-06-30,2026-07-05,一般,本命戦浜名湖巧者　ＢＯＡＴＢｏｙカップ,木村 仁紀,２エ３　１　３１４５１４
06,2026-07-27,52,2026-07-24,2026-07-27,一般,日本モーターボート選手会代表杯,山道 諄也,３４５６３　６３
06,2026-07-27,52,2026-07-10,2026-07-15,一般,男女Ｗ優勝戦　シーラック　バリ勝男クン。カップ,塩崎 桐加,１　３５１　１３１３[５]
06,2026-07-27,52,2026-06-30,2026-07-05,一般,本命戦浜名湖巧者　ＢＯＡＴＢｏｙカップ,木村 浩士,５３１　５３５　２４３１
06,2026-07-27,53,2026-07-10,2026-07-15,一般,男女Ｗ優勝戦　シーラック　バリ勝男クン。カップ,牧山 敦也,１　２５６　２２６５５６
06,2026-07-27,53,2026-06-20,2026-06-25,一般,にっぽん未来プロジェクト競走ｉｎ浜名湖,田中 瀬里奈,６　６５６　６５６　４
06,2026-07-27,53,2026-06-06,2026-06-10,一般,テレしずサマーカップ,松崎 祐太郎,６３２　１４欠４１２
06,2026-07-27,54,2026-07-24,2026-07-27,一般,日本モーターボート選手会代表杯,安河内 将,１４２１１２[２]
06,2026-07-27,54,2026-07-10,2026-07-15,一般,男女Ｗ優勝戦　シーラック　バリ勝男クン。カップ,宇恵 有香,３　５４４　４５５　５
06,2026-07-27,54,2026-06-20,2026-06-25,一般,にっぽん未来プロジェクト競走ｉｎ浜名湖,蜂須 瑞生,４４４　４５Ｆ　４　４
06,2026-07-27,55,2026-07-10,2026-07-15,一般,男女Ｗ優勝戦　シーラック　バリ勝男クン。カップ,上野 拓馬,４　１２３４３　４４３１
06,2026-07-27,55,2026-06-30,2026-07-05,一般,本命戦浜名湖巧者　ＢＯＡＴＢｏｙカップ,君島 秀三,３２２　２１１　１３２１
06,2026-07-27,55,2026-06-20,2026-06-25,一般,にっぽん未来プロジェクト競走ｉｎ浜名湖,室田 泰史,４　３４４　５１３２３１
06,2026-07-27,56,2026-07-24,2026-07-27,一般,日本モーターボート選手会代表杯,渡邊 伸太郎,１　３４３２５３
06,2026-07-27,56,2026-07-10,2026-07-15,一般,男女Ｗ優勝戦　シーラック　バリ勝男クン。カップ,藤田 竜弘,３　５４５　４５１　４３
06,2026-07-27,56,2026-06-30,2026-07-05,一般,本命戦浜名湖巧者　ＢＯＡＴＢｏｙカップ,金子 順一,３　６２１　５５３６４
06,2026-07-27,57,2026-07-10,2026-07-15,一般,男女Ｗ優勝戦　シーラック　バリ勝男クン。カップ,渡邉 真奈美,２６４　５２６　２　６６
06,2026-07-27,57,2026-06-30,2026-07-05,一般,本命戦浜名湖巧者　ＢＯＡＴＢｏｙカップ,一色 凌雅,２２１　６２１２６５１３
06,2026-07-27,57,2026-06-20,2026-06-25,一般,にっぽん未来プロジェクト競走ｉｎ浜名湖,加藤 優弥,２　６３１　３３４４４６
06,2026-07-27,58,2026-07-24,2026-07-27,一般,日本モーターボート選手会代表杯,庄司 樹良々,３６３４１　２６
06,2026-07-27,58,2026-07-10,2026-07-15,一般,男女Ｗ優勝戦　シーラック　バリ勝男クン。カップ,田中 堅,５　６５５　５６４　１
06,2026-07-27,58,2026-06-20,2026-06-25,一般,にっぽん未来プロジェクト競走ｉｎ浜名湖,加藤 翔,４　１４４６５　１　２６
06,2026-07-27,59,2026-07-24,2026-07-27,一般,日本モーターボート選手会代表杯,福田 雅一,２４１　２４２４
06,2026-07-27,59,2026-06-20,2026-06-25,一般,にっぽん未来プロジェクト競走ｉｎ浜名湖,渡邉 睦広,２３３４５　２２４３２２
06,2026-07-27,59,2026-06-06,2026-06-10,一般,テレしずサマーカップ,小川 日紀太,５　５６３　３２５４
06,2026-07-27,60,2026-07-24,2026-07-27,一般,日本モーターボート選手会代表杯,伊藤 喜智,６６４４３　５
06,2026-07-27,60,2026-06-20,2026-06-25,一般,にっぽん未来プロジェクト競走ｉｎ浜名湖,後藤 正宗,３　５４５　４３４　２
06,2026-07-27,60,2026-06-13,2026-06-16,一般,体感型動物園　ｉＺｏｏカップ,中山 将,４　３３３６１２
06,2026-07-27,61,2026-07-24,2026-07-27,一般,日本モーターボート選手会代表杯,渡辺 真至,２４３　１２３１
06,2026-07-27,61,2026-07-10,2026-07-15,一般,男女Ｗ優勝戦　シーラック　バリ勝男クン。カップ,川野 芽唯,４３１　５１１３１２[２]
06,2026-07-27,61,2026-06-30,2026-07-05,一般,本命戦浜名湖巧者　ＢＯＡＴＢｏｙカップ,籾山 佳岳,１６６　Ｆ４３　６　３
06,2026-07-27,62,2026-07-24,2026-07-27,一般,日本モーターボート選手会代表杯,松本 博昭,２　１６２４２４
06,2026-07-27,62,2026-06-30,2026-07-05,一般,本命戦浜名湖巧者　ＢＯＡＴＢｏｙカップ,伊達 正利,２　１４６　２５１４２５
06,2026-07-27,62,2026-06-20,2026-06-25,一般,にっぽん未来プロジェクト競走ｉｎ浜名湖,上田 洋平,５５１　６３１　５５４
06,2026-07-27,63,2026-07-24,2026-07-27,一般,日本モーターボート選手会代表杯,清水 攻二,２　４３３６３３
06,2026-07-27,63,2026-07-10,2026-07-15,一般,男女Ｗ優勝戦　シーラック　バリ勝男クン。カップ,永井 彪也,３１３２１　２１４１[１]
06,2026-07-27,63,2026-06-20,2026-06-25,一般,にっぽん未来プロジェクト競走ｉｎ浜名湖,山崎 祥,５１３　２　４２２エ１３
06,2026-07-27,64,2026-07-24,2026-07-27,一般,日本モーターボート選手会代表杯,藤田 康生,４　２５４３５４
06,2026-07-27,64,2026-06-30,2026-07-05,一般,本命戦浜名湖巧者　ＢＯＡＴＢｏｙカップ,川崎 誠志,３５４　４５６　３　３２
06,2026-07-27,64,2026-06-13,2026-06-16,一般,体感型動物園　ｉＺｏｏカップ,島川 光男,３５３４２　３１
06,2026-07-27,65,2026-07-24,2026-07-27,一般,日本モーターボート選手会代表杯,井上 一輝,５６２２１　６１
06,2026-07-27,65,2026-06-30,2026-07-05,一般,本命戦浜名湖巧者　ＢＯＡＴＢｏｙカップ,石井 伸長,６　５５６　４４５　４４
06,2026-07-27,65,2026-06-13,2026-06-16,一般,体感型動物園　ｉＺｏｏカップ,川合 理司,５　６５６６６
06,2026-07-27,66,2026-07-10,2026-07-15,一般,男女Ｗ優勝戦　シーラック　バリ勝男クン。カップ,倉田 郁美,５２４　２３３　５６２５
06,2026-07-27,66,2026-06-20,2026-06-25,一般,にっぽん未来プロジェクト競走ｉｎ浜名湖,齊藤 優,５４４　３４１　４　３１
06,2026-07-27,66,2026-06-13,2026-06-16,一般,体感型動物園　ｉＺｏｏカップ,武藤 綾子,３２５５３　３５
12,2026-07-27,1,2018-03-02,2018-03-07,一般,ボートピア梅田開設11周年記念競走,南 佑典,６　４４６　２４２　２４
12,2026-07-27,1,2018-02-21,2018-02-26,一般,ＢＴＳ大和ごせ開設４周年記念競走,天野 友和,６４１　６５１　２　３５
12,2026-07-27,1,2018-02-06,2018-02-11,一般,デイリースポーツ創刊70周年記念ホワイトベア競走,古場 輝義,３１３　５３５　４３３３
12,2026-07-27,2,2018-03-02,2018-03-07,一般,ボートピア梅田開設11周年記念競走,木山 和幸,３２６　２４２　３１６５
12,2026-07-27,2,2018-02-21,2018-02-26,一般,ＢＴＳ大和ごせ開設４周年記念競走,渡 修平,６　１　５６５５６　６
12,2026-07-27,2,2018-02-06,2018-02-11,一般,デイリースポーツ創刊70周年記念ホワイトベア競走,原 豊土,１１３　２５３　３２[３]
12,2026-07-27,3,2018-03-02,2018-03-07,一般,ボートピア梅田開設11周年記念競走,藤丸 光一,２５３　２１３３１１[２]
12,2026-07-27,3,2018-02-21,2018-02-26,一般,ＢＴＳ大和ごせ開設４周年記念競走,長田 頼宗,３６４４２　１２３５５１
12,2026-07-27,3,2018-01-28,2018-02-02,一般,第１回大阪スポーツ賞アクアゴールデンカップ,青木 幸太郎,１４２　１３６　２５１１
12,2026-07-27,4,2018-03-02,2018-03-07,一般,ボートピア梅田開設11周年記念競走,山本 隆幸,１１１２４　１３４３１４
12,2026-07-27,4,2018-02-21,2018-02-26,一般,ＢＴＳ大和ごせ開設４周年記念競走,宮西 真昭,３３５　１４６　３　４４
12,2026-07-27,4,2018-02-06,2018-02-11,一般,デイリースポーツ創刊70周年記念ホワイトベア競走,上條 信一,１　２４３　６　４４１５
12,2026-07-27,5,2018-03-02,2018-03-07,一般,ボートピア梅田開設11周年記念競走,原田 秀弥,１６４　１４３１１２[３]
12,2026-07-27,5,2018-02-21,2018-02-26,一般,ＢＴＳ大和ごせ開設４周年記念競走,相原 利章,５　１５３　３３６　３４
12,2026-07-27,5,2018-02-06,2018-02-11,一般,デイリースポーツ創刊70周年記念ホワイトベア競走,平岡 重典,２２２　１５３　２４３６
12,2026-07-27,6,2018-02-06,2018-02-11,一般,デイリースポーツ創刊70周年記念ホワイトベア競走,西村 拓也,５３５３２　４２３　３１
12,2026-07-27,6,2018-01-16,2018-01-21,ＧⅢ,ＧⅢ２０１８モーターボートレディスカップ,山川 美由紀,１５１５２　６４１３１５
12,2026-07-27,6,2017-12-27,2017-12-31,一般,２０１７住之江ファイナル競走,金光 佑治,６６Ｆ
12,2026-07-27,7,2018-03-02,2018-03-07,一般,ボートピア梅田開設11周年記念競走,伊藤 啓三,４４１３１　２４３２[５]
12,2026-07-27,7,2018-02-21,2018-02-26,一般,ＢＴＳ大和ごせ開設４周年記念競走,古川 舞,６２５　５３１　５１６
12,2026-07-27,7,2018-02-06,2018-02-11,一般,デイリースポーツ創刊70周年記念ホワイトベア競走,泉 啓文,２　１転４　５６６　５
12,2026-07-27,8,2018-03-02,2018-03-07,一般,ボートピア梅田開設11周年記念競走,浜野 孝志,３１３　２５２３３２[４]
12,2026-07-27,8,2018-02-21,2018-02-26,一般,ＢＴＳ大和ごせ開設４周年記念競走,小倉 康典,５　１　６４３　３１２６
12,2026-07-27,8,2018-02-06,2018-02-11,一般,デイリースポーツ創刊70周年記念ホワイトベア競走,近久 大志,５　６　１２４　３５２
12,2026-07-27,9,2017-12-27,2017-12-31,一般,２０１７住之江ファイナル競走,石川 吉鎬,４６５６３　３　２４
12,2026-07-27,9,2017-12-19,2017-12-24,ＳＧ,SG第32回グランプリ＆シリーズ,長田 頼宗,３　転　５　６６１　４
12,2026-07-27,9,2017-12-10,2017-12-15,一般,ミニボートピアりんくう開設５周年記念競走,立間 充宏,２　５６２　２１１２[６]
12,2026-07-27,10,2025-03-09,2025-03-12,一般,ボートピア梅田開設１８周年記念競走,吉武 真也,６３６５６　４
12,2026-07-27,10,2025-02-27,2025-03-02,一般,サンテレビ杯争奪ボートの時間！ご視聴ありがとう競走,寳田 亮治,３３５　１　２
12,2026-07-27,10,2025-02-20,2025-02-24,一般,ダイスポ６０周年日本ＭＢ選手会会長杯ダイスポＪＣ,石野 貴之,１１５１６１３２[２]
12,2026-07-27,11,2026-07-24,2026-07-27,一般,豊中市制９０周年記念競走,鈴谷 一平,３５２　１３１
12,2026-07-27,11,2026-07-03,2026-07-08,一般,日刊盾争奪ニッカン・コム杯第６０回しぶき杯競走,赤澤 文香,５　４３４　４５３　４５
12,2026-07-27,11,2026-06-24,2026-06-29,一般,ＶＳ第７戦大スポ賞第３７回アクアクイーンカップ,赤井 星璃菜,３５６　２４１　５　１５
12,2026-07-27,12,2026-07-15,2026-07-21,一般,サンケイスポーツ旗争奪第６９回ＧＳＳ競走,竹田 広樹,３　４６３　１２５４５４１６
12,2026-07-27,12,2026-06-24,2026-06-29,一般,ＶＳ第７戦大スポ賞第３７回アクアクイーンカップ,中西 月輝,６　５５６　６５６　５
12,2026-07-27,12,2026-06-14,2026-06-17,一般,ＭＢ選手会会長杯２０２６ダイスポジャンピーカップ,津田 陸翔,５３１　２４２３
12,2026-07-27,13,2026-07-15,2026-07-21,一般,サンケイスポーツ旗争奪第６９回ＧＳＳ競走,鈴木 雅希,２　３４５　２４６５３１３３
12,2026-07-27,13,2026-07-03,2026-07-08,一般,日刊盾争奪ニッカン・コム杯第６０回しぶき杯競走,雑賀 勇貴,５１５　２３６　１６５
12,2026-07-27,13,2026-06-24,2026-06-29,一般,ＶＳ第７戦大スポ賞第３７回アクアクイーンカップ,小畑 楓夏,５　３転５　６６６　６
12,2026-07-27,14,2026-07-24,2026-07-27,一般,豊中市制９０周年記念競走,山下 流心,３６４　５　５５
12,2026-07-27,14,2026-07-15,2026-07-21,一般,サンケイスポーツ旗争奪第６９回ＧＳＳ競走,富田 恕生,５６６　４３３６６　５　５３
12,2026-07-27,14,2026-06-24,2026-06-29,一般,ＶＳ第７戦大スポ賞第３７回アクアクイーンカップ,原田 佑実,１３４　４５４　１１１
12,2026-07-27,15,2026-07-24,2026-07-27,一般,豊中市制９０周年記念競走,伏島 祐介,５５４　６　４４
12,2026-07-27,15,2026-07-03,2026-07-08,一般,日刊盾争奪ニッカン・コム杯第６０回しぶき杯競走,中村 有裕,６　１５５　２４３　３１
12,2026-07-27,15,2026-06-24,2026-06-29,一般,ＶＳ第７戦大スポ賞第３７回アクアクイーンカップ,高橋 淳美,１　２１６　５３３４５３
12,2026-07-27,16,2026-07-15,2026-07-21,一般,サンケイスポーツ旗争奪第６９回ＧＳＳ競走,香月 大輝,４　１５３　４１２４４１１転
12,2026-07-27,16,2026-06-24,2026-06-29,一般,ＶＳ第７戦大スポ賞第３７回アクアクイーンカップ,松瀬 弘美,５４４　２５２　６　５４
12,2026-07-27,16,2026-06-14,2026-06-17,一般,ＭＢ選手会会長杯２０２６ダイスポジャンピーカップ,上瀧 絢也,３　転４４　４１
12,2026-07-27,17,2026-07-24,2026-07-27,一般,豊中市制９０周年記念競走,大町 利克,２３６　５３２
12,2026-07-27,17,2026-07-15,2026-07-21,一般,サンケイスポーツ旗争奪第６９回ＧＳＳ競走,畔柳 俊吾,４２５　２６２　３２２６５６
12,2026-07-27,17,2026-06-24,2026-06-29,一般,ＶＳ第７戦大スポ賞第３７回アクアクイーンカップ,門田 栞,４　２５２　３３５５４
12,2026-07-27,18,2026-07-24,2026-07-27,一般,豊中市制９０周年記念競走,渡邉 健,５５５　５　５４
12,2026-07-27,18,2026-07-15,2026-07-21,一般,サンケイスポーツ旗争奪第６９回ＧＳＳ競走,中村 楓,５６４　６５４　５　６５５
12,2026-07-27,18,2026-07-03,2026-07-08,一般,日刊盾争奪ニッカン・コム杯第６０回しぶき杯競走,塩嶋 泰空,６　５６６　６６６　３
12,2026-07-27,19,2026-07-15,2026-07-21,一般,サンケイスポーツ旗争奪第６９回ＧＳＳ競走,上村 慎太郎,５　２５５　３３４　１　４４
12,2026-07-27,19,2026-07-03,2026-07-08,一般,日刊盾争奪ニッカン・コム杯第６０回しぶき杯競走,渡邉 優美,１４５　２１３１４Ｆ３
12,2026-07-27,19,2026-06-14,2026-06-17,一般,ＭＢ選手会会長杯２０２６ダイスポジャンピーカップ,石原 光,２６２　３１３
12,2026-07-27,20,2026-07-24,2026-07-27,一般,豊中市制９０周年記念競走,石川 哲秀,５　２２４６３
12,2026-07-27,20,2026-07-15,2026-07-21,一般,サンケイスポーツ旗争奪第６９回ＧＳＳ競走,柳沢 一,１１１　２１４１３３２２[４]
12,2026-07-27,20,2026-06-24,2026-06-29,一般,ＶＳ第７戦大スポ賞第３７回アクアクイーンカップ,石村 日奈那,５４６　５５２　４　２５
12,2026-07-27,21,2026-07-15,2026-07-21,一般,サンケイスポーツ旗争奪第６９回ＧＳＳ競走,井上 茂,３４３　２６５　２　転３３６
12,2026-07-27,21,2026-07-03,2026-07-08,一般,日刊盾争奪ニッカン・コム杯第６０回しぶき杯競走,清水 紀克,５　４５２　６４３　６３
12,2026-07-27,21,2026-06-24,2026-06-29,一般,ＶＳ第７戦大スポ賞第３７回アクアクイーンカップ,中澤 里桜,６６５　６６６　６　６
12,2026-07-27,22,2026-07-24,2026-07-27,一般,豊中市制９０周年記念競走,金子 賢志,１６３　３４１３
12,2026-07-27,22,2026-07-15,2026-07-21,一般,サンケイスポーツ旗争奪第６９回ＧＳＳ競走,嶋田 貴支,５６１　１４５　３　６２２１
12,2026-07-27,22,2026-07-03,2026-07-08,一般,日刊盾争奪ニッカン・コム杯第６０回しぶき杯競走,松尾 光広,６６１　４５４　２　４３
12,2026-07-27,23,2026-07-24,2026-07-27,一般,豊中市制９０周年記念競走,海老澤 泰行,３４６　４５４
12,2026-07-27,23,2026-07-03,2026-07-08,一般,日刊盾争奪ニッカン・コム杯第６０回しぶき杯競走,小川 晃司,４４３　５６４　５　５
12,2026-07-27,23,2026-06-24,2026-06-29,一般,ＶＳ第７戦大スポ賞第３７回アクアクイーンカップ,谷口 佳蓮,４１３　３６５　４　１１
12,2026-07-27,24,2026-07-24,2026-07-27,一般,豊中市制９０周年記念競走,豊田 訓靖,１４５　１６４
12,2026-07-27,24,2026-07-03,2026-07-08,一般,日刊盾争奪ニッカン・コム杯第６０回しぶき杯競走,村田 敦,１　５１２　１５３５１３
12,2026-07-27,24,2026-06-24,2026-06-29,一般,ＶＳ第７戦大スポ賞第３７回アクアクイーンカップ,林 風音,６　落６６　６５６　６
12,2026-07-27,25,2026-07-24,2026-07-27,一般,豊中市制９０周年記念競走,倉富 大誠,５５６　２　３２
12,2026-07-27,25,2026-07-15,2026-07-21,一般,サンケイスポーツ旗争奪第６９回ＧＳＳ競走,小坂 尚哉,５　１１２２３　１１２３[３]
12,2026-07-27,25,2026-06-24,2026-06-29,一般,ＶＳ第７戦大スポ賞第３７回アクアクイーンカップ,高憧 四季,１２１　２５２３３４１２
12,2026-07-27,26,2026-07-24,2026-07-27,一般,豊中市制９０周年記念競走,前野 竜一,３　１４３６２４
12,2026-07-27,26,2026-07-15,2026-07-21,一般,サンケイスポーツ旗争奪第６９回ＧＳＳ競走,森林 太,４４２　４２４　２６５６３
12,2026-07-27,26,2026-06-24,2026-06-29,一般,ＶＳ第７戦大スポ賞第３７回アクアクイーンカップ,小芦 るり華,１　３５４１１　２３２
12,2026-07-27,27,2026-07-24,2026-07-27,一般,豊中市制９０周年記念競走,森 弘行,５　３５３　１４
12,2026-07-27,27,2026-07-15,2026-07-21,一般,サンケイスポーツ旗争奪第６９回ＧＳＳ競走,松井 賢治,３　５３４　３４３１６　１１
12,2026-07-27,27,2026-06-24,2026-06-29,一般,ＶＳ第７戦大スポ賞第３７回アクアクイーンカップ,今井 美亜,２　３１３　１４１２[２]
12,2026-07-27,28,2026-07-24,2026-07-27,一般,豊中市制９０周年記念競走,川崎 智稔,４　２２５５２５
12,2026-07-27,28,2026-07-15,2026-07-21,一般,サンケイスポーツ旗争奪第６９回ＧＳＳ競走,宮武 英司,３５３　５６６　４　６４４
12,2026-07-27,28,2026-07-03,2026-07-08,一般,日刊盾争奪ニッカン・コム杯第６０回しぶき杯競走,田村 隆信,６５５１２　１５６３４
12,2026-07-27,29,2026-07-24,2026-07-27,一般,豊中市制９０周年記念競走,谷村 一哉,６２１　２３６１
12,2026-07-27,29,2026-07-15,2026-07-21,一般,サンケイスポーツ旗争奪第６９回ＧＳＳ競走,池田 雷太,４　３５６　５４６　２　６
12,2026-07-27,29,2026-07-03,2026-07-08,一般,日刊盾争奪ニッカン・コム杯第６０回しぶき杯競走,前田 篤哉,４６１　２２３　１３２１
12,2026-07-27,30,2026-07-15,2026-07-21,一般,サンケイスポーツ旗争奪第６９回ＧＳＳ競走,近藤 来希,５　４５６　５６５　４　４４
12,2026-07-27,30,2026-07-03,2026-07-08,一般,日刊盾争奪ニッカン・コム杯第６０回しぶき杯競走,奥平 拓也,４２６　６　５４２　４３
12,2026-07-27,30,2026-06-24,2026-06-29,一般,ＶＳ第７戦大スポ賞第３７回アクアクイーンカップ,岩崎 麗子,４３４　３５４　４　４４
12,2026-07-27,31,2026-07-15,2026-07-21,一般,サンケイスポーツ旗争奪第６９回ＧＳＳ競走,村田 修次,３２３　２２２　３２３５２５
12,2026-07-27,31,2026-07-03,2026-07-08,一般,日刊盾争奪ニッカン・コム杯第６０回しぶき杯競走,松下 知幸,５５６　３６４　５　４
12,2026-07-27,31,2026-06-24,2026-06-29,一般,ＶＳ第７戦大スポ賞第３７回アクアクイーンカップ,角 ひとみ,４　６５１　５６６　６２
12,2026-07-27,32,2026-07-15,2026-07-21,一般,サンケイスポーツ旗争奪第６９回ＧＳＳ競走,高橋 二朗,１　３３４　５６４６３５５
12,2026-07-27,32,2026-07-03,2026-07-08,一般,日刊盾争奪ニッカン・コム杯第６０回しぶき杯競走,占部 一真,４　６１４　６６４　１５
12,2026-07-27,32,2026-06-14,2026-06-17,一般,ＭＢ選手会会長杯２０２６ダイスポジャンピーカップ,西村 勝,２　４６Ｆ　６
12,2026-07-27,33,2026-07-24,2026-07-27,一般,豊中市制９０周年記念競走,吉田 一心,２　２１５３６１
12,2026-07-27,33,2026-07-15,2026-07-21,一般,サンケイスポーツ旗争奪第６９回ＧＳＳ競走,長野 壮志郎,３　１２１　４６２６
12,2026-07-27,33,2026-07-03,2026-07-08,一般,日刊盾争奪ニッカン・コム杯第６０回しぶき杯競走,寺田 千恵,４　２１５　１５２４１４
12,2026-07-27,34,2026-07-24,2026-07-27,一般,豊中市制９０周年記念競走,渡邊 雄一郎,１４３１３６２５
12,2026-07-27,34,2026-07-03,2026-07-08,一般,日刊盾争奪ニッカン・コム杯第６０回しぶき杯競走,村松 栄太,２６５　６２３　４　６２
12,2026-07-27,34,2026-06-24,2026-06-29,一般,ＶＳ第７戦大スポ賞第３７回アクアクイーンカップ,中川 りな,１２６　２　４５１５２４
12,2026-07-27,35,2026-07-24,2026-07-27,一般,豊中市制９０周年記念競走,永田 啓二,１３２　３１[３]
12,2026-07-27,35,2026-07-15,2026-07-21,一般,サンケイスポーツ旗争奪第６９回ＧＳＳ競走,花本 剛,３　５６１　２６６６４　３
12,2026-07-27,35,2026-06-24,2026-06-29,一般,ＶＳ第７戦大スポ賞第３７回アクアクイーンカップ,魚谷 香織,５　１２３２１５２２[４]
12,2026-07-27,36,2026-07-15,2026-07-21,一般,サンケイスポーツ旗争奪第６９回ＧＳＳ競走,廣部 大明,６　１４３　５４落　４　６６
12,2026-07-27,36,2026-07-03,2026-07-08,一般,日刊盾争奪ニッカン・コム杯第６０回しぶき杯競走,中嶋 世奈,６　２５５　５３６　Ｆ
12,2026-07-27,36,2026-06-24,2026-06-29,一般,ＶＳ第７戦大スポ賞第３７回アクアクイーンカップ,坂 咲友理,３　４５４　５５６　３３
12,2026-07-27,37,2026-07-24,2026-07-27,一般,豊中市制９０周年記念競走,吉村 誠,４２３３２２３
12,2026-07-27,37,2026-07-15,2026-07-21,一般,サンケイスポーツ旗争奪第６９回ＧＳＳ競走,古結 宏,１６６　５６
12,2026-07-27,37,2026-07-03,2026-07-08,一般,日刊盾争奪ニッカン・コム杯第６０回しぶき杯競走,中村 裕将,６５６　５４３　１　４
12,2026-07-27,38,2026-07-24,2026-07-27,一般,豊中市制９０周年記念競走,池田 雄一,１　５６２　２２
12,2026-07-27,38,2026-07-15,2026-07-21,一般,サンケイスポーツ旗争奪第６９回ＧＳＳ競走,北川 太一,２５４　１３３　３３３４１２
12,2026-07-27,38,2026-07-03,2026-07-08,一般,日刊盾争奪ニッカン・コム杯第６０回しぶき杯競走,中辻 博訓,１３１　１２１　４１[５]
12,2026-07-27,39,2026-07-24,2026-07-27,一般,豊中市制９０周年記念競走,浜野 孝志,２２３　２３３３
12,2026-07-27,39,2026-07-03,2026-07-08,一般,日刊盾争奪ニッカン・コム杯第６０回しぶき杯競走,森高 一真,２１２　４５２１２１[１]
12,2026-07-27,39,2026-06-24,2026-06-29,一般,ＶＳ第７戦大スポ賞第３７回アクアクイーンカップ,山口 真喜子,２２２　５３４　２４２６
12,2026-07-27,50,2026-07-15,2026-07-21,一般,サンケイスポーツ旗争奪第６９回ＧＳＳ競走,都築 正治,３５３　３６１　２２５３４５
12,2026-07-27,50,2026-06-24,2026-06-29,一般,ＶＳ第７戦大スポ賞第３７回アクアクイーンカップ,松本 怜,４６３　３２５　２　３４
12,2026-07-27,50,2026-05-30,2026-06-03,一般,守口市制８０周年記念競走,成貞 琳平,３　４６５　２５３４
12,2026-07-27,51,2026-07-24,2026-07-27,一般,豊中市制９０周年記念競走,大江 純,６　１２１５１６
12,2026-07-27,51,2026-07-15,2026-07-21,一般,サンケイスポーツ旗争奪第６９回ＧＳＳ競走,別府 昌樹,３　２５２　１３１５３２６４
12,2026-07-27,51,2026-07-03,2026-07-08,一般,日刊盾争奪ニッカン・コム杯第６０回しぶき杯競走,倉尾 大介,３　２６２５４　２１２
12,2026-07-27,52,2026-07-24,2026-07-27,一般,豊中市制９０周年記念競走,佐竹 恒彦,４　４４６４３
12,2026-07-27,52,2026-07-15,2026-07-21,一般,サンケイスポーツ旗争奪第６９回ＧＳＳ競走,岡谷 健吾,１４１　３４２　４４３１５１
12,2026-07-27,52,2026-07-03,2026-07-08,一般,日刊盾争奪ニッカン・コム杯第６０回しぶき杯競走,藤本 遼磨,５　妨　５４５５５　５
12,2026-07-27,53,2026-07-24,2026-07-27,一般,豊中市制９０周年記念競走,鈴木 茂高,４３２　４２３
12,2026-07-27,53,2026-07-15,2026-07-21,一般,サンケイスポーツ旗争奪第６９回ＧＳＳ競走,坂口 諒宗,６　６　６６６５５　６　６６
12,2026-07-27,53,2026-07-03,2026-07-08,一般,日刊盾争奪ニッカン・コム杯第６０回しぶき杯競走,佐々木 和伸,３　３２３１２　１４１３
12,2026-07-27,54,2026-07-15,2026-07-21,一般,サンケイスポーツ旗争奪第６９回ＧＳＳ競走,鈴木 章司,転６５　４６４　４　４６６２
12,2026-07-27,54,2026-07-03,2026-07-08,一般,日刊盾争奪ニッカン・コム杯第６０回しぶき杯競走,河野 主樹,３１３　１４１　４２[２]
12,2026-07-27,54,2026-06-14,2026-06-17,一般,ＭＢ選手会会長杯２０２６ダイスポジャンピーカップ,上原 健次郎,４　１２６５３４
12,2026-07-27,55,2026-07-24,2026-07-27,一般,豊中市制９０周年記念競走,花本 夏樹,５　３６４　２４
12,2026-07-27,55,2026-07-15,2026-07-21,一般,サンケイスポーツ旗争奪第６９回ＧＳＳ競走,木下 翔太,２２１　１４２１１１４１[１]
12,2026-07-27,55,2026-07-03,2026-07-08,一般,日刊盾争奪ニッカン・コム杯第６０回しぶき杯競走,大久保 佑香,５　４６６　２２６　６６
12,2026-07-27,56,2026-07-24,2026-07-27,一般,豊中市制９０周年記念競走,平尾 崇典,３３１　３１[２]
12,2026-07-27,56,2026-07-15,2026-07-21,一般,サンケイスポーツ旗争奪第６９回ＧＳＳ競走,片橋 幸貴,３４２　２１１３５２６３[５]
12,2026-07-27,56,2026-06-24,2026-06-29,一般,ＶＳ第７戦大スポ賞第３７回アクアクイーンカップ,池田 奈津美,３　２４５　３２２５２
12,2026-07-27,57,2026-07-24,2026-07-27,一般,豊中市制９０周年記念競走,大西 賢,４　５３１　１５
12,2026-07-27,57,2026-07-15,2026-07-21,一般,サンケイスポーツ旗争奪第６９回ＧＳＳ競走,平田 健之佑,２３１　５１１１１２４４２４
12,2026-07-27,57,2026-07-03,2026-07-08,一般,日刊盾争奪ニッカン・コム杯第６０回しぶき杯競走,秋山 広一,３２３　３１１　２１[３]
12,2026-07-27,58,2026-07-24,2026-07-27,一般,豊中市制９０周年記念競走,浜本 裕己,１２５　１４３２
12,2026-07-27,58,2026-07-03,2026-07-08,一般,日刊盾争奪ニッカン・コム杯第６０回しぶき杯競走,宮嵜 隆太郎,１　３１６　６１６６１１
12,2026-07-27,58,2026-06-24,2026-06-29,一般,ＶＳ第７戦大スポ賞第３７回アクアクイーンカップ,中北 涼,２３２　１４４　５６３４
12,2026-07-27,59,2026-07-24,2026-07-27,一般,豊中市制９０周年記念競走,水摩 敦,１１２２６２[４]
12,2026-07-27,59,2026-07-03,2026-07-08,一般,日刊盾争奪ニッカン・コム杯第６０回しぶき杯競走,高橋 英之,２４４　３４２　３　５１
12,2026-07-27,59,2026-06-24,2026-06-29,一般,ＶＳ第７戦大スポ賞第３７回アクアクイーンカップ,井上 遥妃,２６４　１１１　２３２１
12,2026-07-27,60,2026-07-15,2026-07-21,一般,サンケイスポーツ旗争奪第６９回ＧＳＳ競走,中村 晃朋,１３２４５　２１１５１２２２
12,2026-07-27,60,2026-07-03,2026-07-08,一般,日刊盾争奪ニッカン・コム杯第６０回しぶき杯競走,土屋 実沙希,１　３２３　４５１２５４
12,2026-07-27,60,2026-06-14,2026-06-17,一般,ＭＢ選手会会長杯２０２６ダイスポジャンピーカップ,麻生 慎介,４５１４１　１４
12,2026-07-27,61,2026-07-24,2026-07-27,一般,豊中市制９０周年記念競走,羽野 直也,１１２６１１[１]
12,2026-07-27,61,2026-07-03,2026-07-08,一般,日刊盾争奪ニッカン・コム杯第６０回しぶき杯競走,大瀧 明日香,２２４　４　１落２３１５
12,2026-07-27,61,2026-06-24,2026-06-29,一般,ＶＳ第７戦大スポ賞第３７回アクアクイーンカップ,山崎 小葉音,６５２　１２４　１４３５
12,2026-07-27,62,2026-07-24,2026-07-27,一般,豊中市制９０周年記念競走,山田 竜一,４６５　５　１６
12,2026-07-27,62,2026-07-15,2026-07-21,一般,サンケイスポーツ旗争奪第６９回ＧＳＳ競走,浜本 裕己,２１４　１５４　１６２５４５
12,2026-07-27,62,2026-07-03,2026-07-08,一般,日刊盾争奪ニッカン・コム杯第６０回しぶき杯競走,高濱 芳久,５　沈４３　４６６　３
12,2026-07-27,63,2026-07-15,2026-07-21,一般,サンケイスポーツ旗争奪第６９回ＧＳＳ競走,伊藤 尚汰,２　５６５　６６５　１　２１
12,2026-07-27,63,2026-07-03,2026-07-08,一般,日刊盾争奪ニッカン・コム杯第６０回しぶき杯競走,佐々木 大河,１　欠欠
12,2026-07-27,63,2026-06-24,2026-06-29,一般,ＶＳ第７戦大スポ賞第３７回アクアクイーンカップ,山下 奈緒,３２２　５４１　３１[６]
12,2026-07-27,64,2026-07-24,2026-07-27,一般,豊中市制９０周年記念競走,三苫 晃幸,６　１１１２[５]
12,2026-07-27,64,2026-07-03,2026-07-08,一般,日刊盾争奪ニッカン・コム杯第６０回しぶき杯競走,萩原 丈太朗,６６５　４６５　５　６
12,2026-07-27,64,2026-06-24,2026-06-29,一般,ＶＳ第７戦大スポ賞第３７回アクアクイーンカップ,関野 文,２　１２３　１１３５４１
12,2026-07-27,65,2026-07-15,2026-07-21,一般,サンケイスポーツ旗争奪第６９回ＧＳＳ競走,山田 真聖,４５２　１４２　６５３　１２
12,2026-07-27,65,2026-07-03,2026-07-08,一般,日刊盾争奪ニッカン・コム杯第６０回しぶき杯競走,五反田 忍,２　１６６　６４５　１６
12,2026-07-27,65,2026-06-24,2026-06-29,一般,ＶＳ第７戦大スポ賞第３７回アクアクイーンカップ,嶋田 有里,３　３４２　４２５３６
12,2026-07-27,66,2026-07-15,2026-07-21,一般,サンケイスポーツ旗争奪第６９回ＧＳＳ競走,古賀 繁輝,４　３２３　３５５３１５３１
12,2026-07-27,66,2026-07-03,2026-07-08,一般,日刊盾争奪ニッカン・コム杯第６０回しぶき杯競走,富澤 祐作,２４１　６４６　３５２
12,2026-07-27,66,2026-06-24,2026-06-29,一般,ＶＳ第７戦大スポ賞第３７回アクアクイーンカップ,片岡 恵里,４　１３４　Ｆ５３　５
12,2026-07-27,67,2026-07-24,2026-07-27,一般,豊中市制９０周年記念競走,東 潤樹,４２１５６２[６]
12,2026-07-27,67,2026-07-03,2026-07-08,一般,日刊盾争奪ニッカン・コム杯第６０回しぶき杯競走,倉田 茂将,３５４　１５５　４　２６
12,2026-07-27,67,2026-06-24,2026-06-29,一般,ＶＳ第７戦大スポ賞第３７回アクアクイーンカップ,赤松 咲香,６６５　６６６　４　６
12,2026-07-27,68,2026-07-24,2026-07-27,一般,豊中市制９０周年記念競走,早川 理稀,６　６６６　６
12,2026-07-27,68,2026-07-03,2026-07-08,一般,日刊盾争奪ニッカン・コム杯第６０回しぶき杯競走,武田 信一,３　１４１　２３６３５６
12,2026-07-27,68,2026-06-24,2026-06-29,一般,ＶＳ第７戦大スポ賞第３７回アクアクイーンカップ,西村 歩,２　１６３　２６１６４５
12,2026-07-27,69,2026-07-24,2026-07-27,一般,豊中市制９０周年記念競走,高村 諒,３　６４５　４６
12,2026-07-27,69,2026-07-03,2026-07-08,一般,日刊盾争奪ニッカン・コム杯第６０回しぶき杯競走,杉山 正樹,４２２　４　３３２６２２
12,2026-07-27,69,2026-06-24,2026-06-29,一般,ＶＳ第７戦大スポ賞第３７回アクアクイーンカップ,田口 節子,１１２　１１１２３１[１]
12,2026-07-27,70,2026-07-24,2026-07-27,一般,豊中市制９０周年記念競走,大月 遊雅,６　５５６　４５
12,2026-07-27,70,2026-07-15,2026-07-21,一般,サンケイスポーツ旗争奪第６９回ＧＳＳ競走,藤丸 光一,１　５６５　６２４　２　２４
12,2026-07-27,70,2026-07-03,2026-07-08,一般,日刊盾争奪ニッカン・コム杯第６０回しぶき杯競走,深井 利寿,３　３３１　３２５２[４]
12,2026-07-27,71,2026-07-24,2026-07-27,一般,豊中市制９０周年記念競走,森下 勇,６　４４４　２６
12,2026-07-27,71,2026-07-03,2026-07-08,一般,日刊盾争奪ニッカン・コム杯第６０回しぶき杯競走,片岡 大地,２　２４１３５　１Ｆ３
12,2026-07-27,71,2026-06-14,2026-06-17,一般,ＭＢ選手会会長杯２０２６ダイスポジャンピーカップ,柳瀬 幹太,４１２　６２[６]
12,2026-07-27,72,2026-07-24,2026-07-27,一般,豊中市制９０周年記念競走,山川 雄大,４５４　４　６６
12,2026-07-27,72,2026-07-15,2026-07-21,一般,サンケイスポーツ旗争奪第６９回ＧＳＳ競走,吉原 快誓,６　６　６３６６６　５　５５
12,2026-07-27,72,2026-07-03,2026-07-08,一般,日刊盾争奪ニッカン・コム杯第６０回しぶき杯競走,小山 勉,２　２４１１４　１２[６]
12,2026-07-27,73,2026-07-24,2026-07-27,一般,豊中市制９０周年記念競走,吉村 正明,５　１３６１１
12,2026-07-27,73,2026-07-15,2026-07-21,一般,サンケイスポーツ旗争奪第６９回ＧＳＳ競走,黒野 元基,１５２１１　３２３４１６２３
12,2026-07-27,73,2026-06-24,2026-06-29,一般,ＶＳ第７戦大スポ賞第３７回アクアクイーンカップ,三嶌 さらら,５６３　３２４　４　１５
12,2026-07-27,74,2026-07-24,2026-07-27,一般,豊中市制９０周年記念競走,香川 颯太,２３１　２４３２
12,2026-07-27,74,2026-07-15,2026-07-21,一般,サンケイスポーツ旗争奪第６９回ＧＳＳ競走,吉田 慎二郎,２６２　５５
12,2026-07-27,74,2026-06-24,2026-06-29,一般,ＶＳ第７戦大スポ賞第３７回アクアクイーンカップ,海野 ゆかり,４　２３１２２　１２[３]
12,2026-07-27,75,2026-07-24,2026-07-27,一般,豊中市制９０周年記念競走,伯母 芳恒,４　５６
12,2026-07-27,75,2026-07-03,2026-07-08,一般,日刊盾争奪ニッカン・コム杯第６０回しぶき杯競走,金児 隆太,１４４　２３６　３５４
12,2026-07-27,75,2026-06-24,2026-06-29,一般,ＶＳ第７戦大スポ賞第３７回アクアクイーンカップ,中尾 彩香,１　４５６　４３３　３３
12,2026-07-27,76,2026-07-15,2026-07-21,一般,サンケイスポーツ旗争奪第６９回ＧＳＳ競走,服部 剛,４２４　３４３　４４１６３５
12,2026-07-27,76,2026-07-03,2026-07-08,一般,日刊盾争奪ニッカン・コム杯第６０回しぶき杯競走,土屋 太朗,３６４　３２１　４　２４
12,2026-07-27,76,2026-06-24,2026-06-29,一般,ＶＳ第７戦大スポ賞第３７回アクアクイーンカップ,樫葉 新心,５５４　４５３　５　４５
12,2026-07-27,77,2026-07-15,2026-07-21,一般,サンケイスポーツ旗争奪第６９回ＧＳＳ競走,伏田 裕隆,１１１　２２５　１３２２[２]
12,2026-07-27,77,2026-06-24,2026-06-29,一般,ＶＳ第７戦大スポ賞第３７回アクアクイーンカップ,西岡 育未,２４４　４４４　５　５３
12,2026-07-27,77,2026-06-14,2026-06-17,一般,ＭＢ選手会会長杯２０２６ダイスポジャンピーカップ,白水 勝也,５３１　５５２３
12,2026-07-27,78,2026-07-15,2026-07-21,一般,サンケイスポーツ旗争奪第６９回ＧＳＳ競走,北村 征嗣,４　４３１　５３２５３４４３
12,2026-07-27,78,2026-07-03,2026-07-08,一般,日刊盾争奪ニッカン・コム杯第６０回しぶき杯競走,大谷 健太,４３２　５６３　５　５４
12,2026-07-27,78,2026-06-24,2026-06-29,一般,ＶＳ第７戦大スポ賞第３７回アクアクイーンカップ,志賀 美優,４６６　５６５　６　６
12,2026-07-27,79,2026-07-15,2026-07-21,一般,サンケイスポーツ旗争奪第６９回ＧＳＳ競走,大原 祥昌,転　６３３　５２２　５５１３
12,2026-07-27,79,2026-06-24,2026-06-29,一般,ＶＳ第７戦大スポ賞第３７回アクアクイーンカップ,山本 梨菜,３　１１３　２１２１[５]
12,2026-07-27,79,2026-06-14,2026-06-17,一般,ＭＢ選手会会長杯２０２６ダイスポジャンピーカップ,上條 嘉嗣,３６１　１１[２]
12,2026-07-27,80,2026-07-24,2026-07-27,一般,豊中市制９０周年記念競走,伊藤 将吉,２１４４４５５４
12,2026-07-27,80,2026-07-15,2026-07-21,一般,サンケイスポーツ旗争奪第６９回ＧＳＳ競走,山口 晃朋,１　２２４　１１１１１１[６]
12,2026-07-27,80,2026-06-24,2026-06-29,一般,ＶＳ第７戦大スポ賞第３７回アクアクイーンカップ,白石 有美,１３３　４３２６５５１６
12,2026-07-27,81,2026-07-24,2026-07-27,一般,豊中市制９０周年記念競走,村上 功祐,１　６４５　５
12,2026-07-27,81,2026-07-15,2026-07-21,一般,サンケイスポーツ旗争奪第６９回ＧＳＳ競走,松尾 基成,６　６６４
12,2026-07-27,81,2026-07-03,2026-07-08,一般,日刊盾争奪ニッカン・コム杯第６０回しぶき杯競走,天野 友和,５　３５３　２１３　２５
12,2026-07-27,82,2026-07-24,2026-07-27,一般,豊中市制９０周年記念競走,藤本 元輝,２３１　１６１６
12,2026-07-27,82,2026-07-15,2026-07-21,一般,サンケイスポーツ旗争奪第６９回ＧＳＳ競走,久田 武,２　６４３　４５３
12,2026-07-27,82,2026-06-24,2026-06-29,一般,ＶＳ第７戦大スポ賞第３７回アクアクイーンカップ,細川 裕子,２１３　１　６３１６１２
12,2026-07-27,83,2026-07-24,2026-07-27,一般,豊中市制９０周年記念競走,堀本 翔太,６６５　４　５
12,2026-07-27,83,2026-07-03,2026-07-08,一般,日刊盾争奪ニッカン・コム杯第６０回しぶき杯競走,森 智哉,１　６２１　３３４５６６
12,2026-07-27,83,2026-06-24,2026-06-29,一般,ＶＳ第７戦大スポ賞第３７回アクアクイーンカップ,藤原 早菜,５　５２６　２３２　４６
12,2026-07-27,84,2026-07-24,2026-07-27,一般,豊中市制９０周年記念競走,小林 礼央,２　３６３　３６
12,2026-07-27,84,2026-07-03,2026-07-08,一般,日刊盾争奪ニッカン・コム杯第６０回しぶき杯競走,市川 哲也,３３２　３　２２６Ｆ２
12,2026-07-27,84,2026-06-24,2026-06-29,一般,ＶＳ第７戦大スポ賞第３７回アクアクイーンカップ,清水 愛海,３１５　２１１　４不
12,2026-07-27,85,2026-07-24,2026-07-27,一般,豊中市制９０周年記念競走,小宮 涼雅,６　３３２　１５
12,2026-07-27,85,2026-07-15,2026-07-21,一般,サンケイスポーツ旗争奪第６９回ＧＳＳ競走,古場 輝義,５　５４
12,2026-07-27,85,2026-07-03,2026-07-08,一般,日刊盾争奪ニッカン・コム杯第６０回しぶき杯競走,大澤 普司,１　３３５６２　１４３２
12,2026-07-27,86,2026-03-04,2026-03-09,一般,ＢＰ梅田開設１９周年記念令和スピードレーサー選抜戦,深澤 達徳,４　１２３　４５５エ３４
12,2026-07-27,86,2026-02-22,2026-02-28,一般,ＢＴＳ大和ごせ１２周年記念トランスワードトロフィー,鈴木 賢一,２５２　４３３　３５４　２１
12,2026-07-27,86,2026-02-04,2026-02-09,ＧⅠ,第６９回近畿地区選手権競走,山本 隆幸,１　２２４　１　４　２３
12,2026-07-27,87,2026-03-04,2026-03-09,一般,ＢＰ梅田開設１９周年記念令和スピードレーサー選抜戦,一柳 和孝,５３６　２５５　１　４
12,2026-07-27,87,2026-02-22,2026-02-28,一般,ＢＴＳ大和ごせ１２周年記念トランスワードトロフィー,田中 和也,２２２１２　１　２６２１[１]
12,2026-07-27,87,2026-02-04,2026-02-09,ＧⅠ,第６９回近畿地区選手権競走,高憧 四季,２６６　４６２　３３４
12,2026-07-27,88,2026-01-11,2026-01-16,一般,にっぽん未来プロジェクト競走ｉｎ住之江,中井 俊祐,５５５　３　２３６　１６
12,2026-07-27,88,2026-01-02,2026-01-07,一般,第６４回全大阪王将戦,藤山 翔大,４　４３１　３６１６６
12,2026-07-27,88,2025-12-25,2025-12-30,一般,ＢＴＳりんくう開設１３周年記念住之江ファイナル競走,川口 貴久,３４５　３３４　４　４
12,2026-07-27,89,2026-03-04,2026-03-09,一般,ＢＰ梅田開設１９周年記念令和スピードレーサー選抜戦,大池 佑来,３４４１４６
12,2026-07-27,89,2026-02-22,2026-02-28,一般,ＢＴＳ大和ごせ１２周年記念トランスワードトロフィー,立具 敬司,１３６　３　５１３　６４３５
12,2026-07-27,89,2026-02-04,2026-02-09,ＧⅠ,第６９回近畿地区選手権競走,松井 繁,３　２２２　５３１　[３]
12,2026-07-27,90,2026-03-04,2026-03-09,一般,ＢＰ梅田開設１９周年記念令和スピードレーサー選抜戦,金子 萌,３　１５２　５転４　３３
12,2026-07-27,90,2026-02-22,2026-02-28,一般,ＢＴＳ大和ごせ１２周年記念トランスワードトロフィー,品川 二千翔,４　３５５　６２３２２　１１
12,2026-07-27,90,2026-02-04,2026-02-09,ＧⅠ,第６９回近畿地区選手権競走,藤岡 俊介,５３４　４　２４４５５
14,2026-07-27,10,2026-07-22,2026-07-27,一般,にっぽん未来プロジェクト競走ｉｎ鳴門,竹腰 正樹,５　６５４１５　１４５１
14,2026-07-27,10,2026-07-09,2026-07-13,一般,第１１回サッポロビールカップ競走,横田 茂,５６３　１４５　２４
14,2026-07-27,10,2026-06-10,2026-06-13,一般,第６回鳴門渦潮歌手高瀬豊子杯競走,羽野 諒,３５４　５２３
14,2026-07-27,11,2026-07-22,2026-07-27,一般,にっぽん未来プロジェクト競走ｉｎ鳴門,飯山 晃三,４　２６６　５５４６５
14,2026-07-27,11,2026-06-23,2026-06-28,ＳＧ,第３６回グランドチャンピオン,篠崎 元志,５６２　６　２４４　２
14,2026-07-27,11,2026-06-10,2026-06-13,一般,第６回鳴門渦潮歌手高瀬豊子杯競走,本村 大,５　２５２１４１
14,2026-07-27,12,2026-07-22,2026-07-27,一般,にっぽん未来プロジェクト競走ｉｎ鳴門,藤山 湧太,　　　　　　　　　　６４
14,2026-07-27,12,2026-07-09,2026-07-13,一般,第１１回サッポロビールカップ競走,山浦 槙,４５６　３　６６６４
14,2026-07-27,12,2026-06-23,2026-06-28,ＳＧ,第３６回グランドチャンピオン,赤岩 善生,６　３４１　６４２　３
14,2026-07-27,13,2026-07-22,2026-07-27,一般,にっぽん未来プロジェクト競走ｉｎ鳴門,長谷川 親王,１　４５２５３　３３３３
14,2026-07-27,13,2026-07-09,2026-07-13,一般,第１１回サッポロビールカップ競走,汐崎 正則,６２６　３　１１６２
14,2026-07-27,13,2026-06-10,2026-06-13,一般,第６回鳴門渦潮歌手高瀬豊子杯競走,富田 恕生,妨　５５４　１２
14,2026-07-27,14,2026-07-22,2026-07-27,一般,にっぽん未来プロジェクト競走ｉｎ鳴門,中野 孝二,５２４　３２１　４５３６
14,2026-07-27,14,2026-06-23,2026-06-28,ＳＧ,第３６回グランドチャンピオン,桐生 順平,５　２３３　４１２　[４]
14,2026-07-27,14,2026-06-10,2026-06-13,一般,第６回鳴門渦潮歌手高瀬豊子杯競走,吉田 和仁,２２３５２３４１
14,2026-07-27,15,2026-07-09,2026-07-13,一般,第１１回サッポロビールカップ競走,山本 梨菜,１３１１２　１２[４]
14,2026-07-27,15,2026-06-23,2026-06-28,ＳＧ,第３６回グランドチャンピオン,山崎 郡,２　２　２５転　４４４
14,2026-07-27,15,2026-06-10,2026-06-13,一般,第６回鳴門渦潮歌手高瀬豊子杯競走,山下 昂大,１　３１１１[４]
14,2026-07-27,16,2026-07-09,2026-07-13,一般,第１１回サッポロビールカップ競走,鈴木 孝明,１４２４２６４６５６
14,2026-07-27,16,2026-06-23,2026-06-28,ＳＧ,第３６回グランドチャンピオン,佐藤 隆太郎,２２６　４　５１３２３
14,2026-07-27,16,2026-05-29,2026-06-02,一般,第１７回鳴門商工会議所会頭杯競走,高田 明,１４２３１２５２[５]
14,2026-07-27,17,2026-07-22,2026-07-27,一般,にっぽん未来プロジェクト競走ｉｎ鳴門,岸蔭 亮,６２６　２４６　４６３６
14,2026-07-27,17,2026-06-23,2026-06-28,ＳＧ,第３６回グランドチャンピオン,土屋 智則,４　１４３　５　２６５４
14,2026-07-27,17,2026-06-10,2026-06-13,一般,第６回鳴門渦潮歌手高瀬豊子杯競走,眞鳥 章太,２５２３３１[６]
14,2026-07-27,18,2026-07-22,2026-07-27,一般,にっぽん未来プロジェクト競走ｉｎ鳴門,竹田 辰也,２４１６３　２６
14,2026-07-27,18,2026-07-09,2026-07-13,一般,第１１回サッポロビールカップ競走,島川 海輝,３　１４２２３２[６]
14,2026-07-27,18,2026-06-10,2026-06-13,一般,第６回鳴門渦潮歌手高瀬豊子杯競走,谷川 里江,１　１２４６５６
14,2026-07-27,19,2026-07-22,2026-07-27,一般,にっぽん未来プロジェクト競走ｉｎ鳴門,富永 修一,１１５４３４４　１４２４
14,2026-07-27,19,2026-06-23,2026-06-28,ＳＧ,第３６回グランドチャンピオン,上條 暢嵩,３４１　４　３６１５１
14,2026-07-27,19,2026-06-10,2026-06-13,一般,第６回鳴門渦潮歌手高瀬豊子杯競走,高橋 龍治,３　６４５６１
14,2026-07-27,20,2026-07-22,2026-07-27,一般,にっぽん未来プロジェクト競走ｉｎ鳴門,深川 和仁,３　２５４１３４１５１６
14,2026-07-27,20,2026-06-23,2026-06-28,ＳＧ,第３６回グランドチャンピオン,峰 竜太,２　５３３１３　６　１６
14,2026-07-27,20,2026-06-10,2026-06-13,一般,第６回鳴門渦潮歌手高瀬豊子杯競走,寺田 夢生,６　５５６　６６
14,2026-07-27,21,2026-07-22,2026-07-27,一般,にっぽん未来プロジェクト競走ｉｎ鳴門,富山 弘幸,５　３２４　５６６２１３
14,2026-07-27,21,2026-07-09,2026-07-13,一般,第１１回サッポロビールカップ競走,折下 寛法,４３５　３４３　１５
14,2026-07-27,21,2026-06-10,2026-06-13,一般,第６回鳴門渦潮歌手高瀬豊子杯競走,羽田 妃希,４６４　５　４３
14,2026-07-27,22,2026-07-22,2026-07-27,一般,にっぽん未来プロジェクト競走ｉｎ鳴門,吉永 則雄,２３３３４　１４２　３２
14,2026-07-27,22,2026-06-23,2026-06-28,ＳＧ,第３６回グランドチャンピオン,渡邉 和将,３　１　１６４　４　１４
14,2026-07-27,22,2026-06-10,2026-06-13,一般,第６回鳴門渦潮歌手高瀬豊子杯競走,濱崎 誠,１　３６１６３４
14,2026-07-27,23,2026-07-22,2026-07-27,一般,にっぽん未来プロジェクト競走ｉｎ鳴門,樋口 範政,１４４２５　５２４　５１
14,2026-07-27,23,2026-07-09,2026-07-13,一般,第１１回サッポロビールカップ競走,笹木 香吾,２５４２１　１１[５]
14,2026-07-27,23,2026-06-10,2026-06-13,一般,第６回鳴門渦潮歌手高瀬豊子杯競走,樋口 亮,２５３３４５１３
14,2026-07-27,24,2026-07-22,2026-07-27,一般,にっぽん未来プロジェクト競走ｉｎ鳴門,横田 海人,　　　　　　　　　　６６
14,2026-07-27,24,2026-07-09,2026-07-13,一般,第１１回サッポロビールカップ競走,藤山 湧太,３　５５４　５４４３
14,2026-07-27,24,2026-06-23,2026-06-28,ＳＧ,第３６回グランドチャンピオン,長田 頼宗,４　５　６１３　１５６
14,2026-07-27,25,2026-07-22,2026-07-27,一般,にっぽん未来プロジェクト競走ｉｎ鳴門,松田 祐季,２５１３１４１　２１[２]
14,2026-07-27,25,2026-07-09,2026-07-13,一般,第１１回サッポロビールカップ競走,西岡 成美,３　１３妨４６　３６
14,2026-07-27,25,2026-06-23,2026-06-28,ＳＧ,第３６回グランドチャンピオン,山口 剛,３３１　２１６　５　１３
14,2026-07-27,26,2026-07-22,2026-07-27,一般,にっぽん未来プロジェクト競走ｉｎ鳴門,白神 優,転５２　１５２１１２[３]
14,2026-07-27,26,2026-07-09,2026-07-13,一般,第１１回サッポロビールカップ競走,植竹 玲奈,３　３６４６４　６
14,2026-07-27,26,2026-06-23,2026-06-28,ＳＧ,第３６回グランドチャンピオン,中田 竜太,５　３５１　５　４６３
14,2026-07-27,27,2026-07-22,2026-07-27,一般,にっぽん未来プロジェクト競走ｉｎ鳴門,三木 晴斗,　　　　　　　　　　５２
14,2026-07-27,27,2026-07-09,2026-07-13,一般,第１１回サッポロビールカップ競走,倉富 大誠,６２３　２３１５２４
14,2026-07-27,27,2026-06-23,2026-06-28,ＳＧ,第３６回グランドチャンピオン,磯部 誠,５１４　４　５３２　２２
14,2026-07-27,28,2026-07-22,2026-07-27,一般,にっぽん未来プロジェクト競走ｉｎ鳴門,出畑 孝成,１　５６４２５　３５４４
14,2026-07-27,28,2026-07-09,2026-07-13,一般,第１１回サッポロビールカップ競走,中島 航,３　６４６　２５５５
14,2026-07-27,28,2026-06-10,2026-06-13,一般,第６回鳴門渦潮歌手高瀬豊子杯競走,和田 兼輔,転５
14,2026-07-27,29,2026-07-22,2026-07-27,一般,にっぽん未来プロジェクト競走ｉｎ鳴門,本橋 克洋,４３２　３４３６１　２６
14,2026-07-27,29,2026-07-09,2026-07-13,一般,第１１回サッポロビールカップ競走,大塚 浩二,４　４５１　５３４３
14,2026-07-27,29,2026-06-23,2026-06-28,ＳＧ,第３６回グランドチャンピオン,井口 佳典,４１２　１　転５１　６２
14,2026-07-27,30,2026-07-22,2026-07-27,一般,にっぽん未来プロジェクト競走ｉｎ鳴門,中村 辰也,２　３４５３４５５
14,2026-07-27,30,2026-06-23,2026-06-28,ＳＧ,第３６回グランドチャンピオン,遠藤 エミ,１　４　２６１　１　[２]
14,2026-07-27,30,2026-06-10,2026-06-13,一般,第６回鳴門渦潮歌手高瀬豊子杯競走,出穂 和鼓,６５６　６　６６
14,2026-07-27,31,2026-07-22,2026-07-27,一般,にっぽん未来プロジェクト競走ｉｎ鳴門,谷野 錬志,４３４　２２３１３６１５
14,2026-07-27,31,2026-06-23,2026-06-28,ＳＧ,第３６回グランドチャンピオン,新開 航,５　３６６　４１６　５
14,2026-07-27,31,2026-06-10,2026-06-13,一般,第６回鳴門渦潮歌手高瀬豊子杯競走,池田 雄一,転６３１２　１４
14,2026-07-27,32,2026-07-22,2026-07-27,一般,にっぽん未来プロジェクト競走ｉｎ鳴門,堤 昇,３　２１１３５５６２[４]
14,2026-07-27,32,2026-06-23,2026-06-28,ＳＧ,第３６回グランドチャンピオン,河合 佑樹,５６４　２　２３１　３５
14,2026-07-27,32,2026-06-10,2026-06-13,一般,第６回鳴門渦潮歌手高瀬豊子杯競走,渋谷 明憲,２６
14,2026-07-27,33,2026-07-09,2026-07-13,一般,第１１回サッポロビールカップ競走,上瀧 絢也,５１１　３５６５２６
14,2026-07-27,33,2026-06-23,2026-06-28,ＳＧ,第３６回グランドチャンピオン,塩田 北斗,３　２　１２５　２　[５]
14,2026-07-27,33,2026-05-29,2026-06-02,一般,第１７回鳴門商工会議所会頭杯競走,三浦 洋次朗,１１２　２２６２[３]
14,2026-07-27,34,2026-07-22,2026-07-27,一般,にっぽん未来プロジェクト競走ｉｎ鳴門,増田 進,２４４　６　３２５５６４
14,2026-07-27,34,2026-06-23,2026-06-28,ＳＧ,第３６回グランドチャンピオン,仲谷 颯仁,６２１　４　２３３　２１
14,2026-07-27,34,2026-06-10,2026-06-13,一般,第６回鳴門渦潮歌手高瀬豊子杯競走,下田 哲也,３　５４６５６
14,2026-07-27,35,2026-07-22,2026-07-27,一般,にっぽん未来プロジェクト競走ｉｎ鳴門,有賀 達也,４４３　３５４４３　２２
14,2026-07-27,35,2026-06-23,2026-06-28,ＳＧ,第３６回グランドチャンピオン,関 浩哉,４１３　４３２　５　１４
14,2026-07-27,35,2026-06-10,2026-06-13,一般,第６回鳴門渦潮歌手高瀬豊子杯競走,宗行 治哉,４１２３１２[２]
14,2026-07-27,36,2026-07-22,2026-07-27,一般,にっぽん未来プロジェクト競走ｉｎ鳴門,村岡 賢人,１　１１６３４２３２[５]
14,2026-07-27,36,2026-07-09,2026-07-13,一般,第１１回サッポロビールカップ競走,木田 峰由季,５６１３２１１６４５
14,2026-07-27,36,2026-06-10,2026-06-13,一般,第６回鳴門渦潮歌手高瀬豊子杯競走,高橋 二朗,４４５　３　５４
14,2026-07-27,37,2026-07-09,2026-07-13,一般,第１１回サッポロビールカップ競走,平瀬 城啓,４　５６６　６４５
14,2026-07-27,37,2026-06-23,2026-06-28,ＳＧ,第３６回グランドチャンピオン,吉田 拡郎,３　２１２　２　１　[１]
14,2026-07-27,37,2026-05-29,2026-06-02,一般,第１７回鳴門商工会議所会頭杯競走,柴田 直哉,１６４５５　３　２２
14,2026-07-27,38,2026-07-22,2026-07-27,一般,にっぽん未来プロジェクト競走ｉｎ鳴門,上野 秀和,５　１３３６６４３　４２
14,2026-07-27,38,2026-07-09,2026-07-13,一般,第１１回サッポロビールカップ競走,加藤 翔馬,１１４３転欠
14,2026-07-27,38,2026-06-23,2026-06-28,ＳＧ,第３６回グランドチャンピオン,萩原 秀人,４　６　６４４　１４６
14,2026-07-27,39,2026-07-22,2026-07-27,一般,にっぽん未来プロジェクト競走ｉｎ鳴門,金子 良昭,５６４　５３６　５２４５
14,2026-07-27,39,2026-07-09,2026-07-13,一般,第１１回サッポロビールカップ競走,出穂 和鼓,５　５５５　４６６
14,2026-07-27,39,2026-06-10,2026-06-13,一般,第６回鳴門渦潮歌手高瀬豊子杯競走,小林 孝弘,５６６　３　３５
14,2026-07-27,50,2026-07-09,2026-07-13,一般,第１１回サッポロビールカップ競走,熊本 英一,５　２１２５１６６３
14,2026-07-27,50,2026-06-23,2026-06-28,ＳＧ,第３６回グランドチャンピオン,宮地 元輝,６　２２３　１２３　４１
14,2026-07-27,50,2026-05-29,2026-06-02,一般,第１７回鳴門商工会議所会頭杯競走,野村 羽玖,５６４　６　５３３６
14,2026-07-27,51,2026-07-09,2026-07-13,一般,第１１回サッポロビールカップ競走,金子 龍斗,１１３　６３４　３１
14,2026-07-27,51,2026-06-23,2026-06-28,ＳＧ,第３６回グランドチャンピオン,新田 雄史,２５６　２　１５６１１
14,2026-07-27,51,2026-06-10,2026-06-13,一般,第６回鳴門渦潮歌手高瀬豊子杯競走,近江 翔吾,２１４４２３２１
14,2026-07-27,52,2026-07-09,2026-07-13,一般,第１１回サッポロビールカップ競走,小澤 学,４　４４４６２　２４
14,2026-07-27,52,2026-06-23,2026-06-28,ＳＧ,第３６回グランドチャンピオン,吉田 裕平,２５６　４　１６５１６
14,2026-07-27,52,2026-05-29,2026-06-02,一般,第１７回鳴門商工会議所会頭杯競走,都築 正治,４　３５４６１１３１
14,2026-07-27,53,2026-07-22,2026-07-27,一般,にっぽん未来プロジェクト競走ｉｎ鳴門,松崎 祐太郎,妨１
14,2026-07-27,53,2026-07-09,2026-07-13,一般,第１１回サッポロビールカップ競走,荒木 颯斗,２１２　５２６４１５
14,2026-07-27,53,2026-06-10,2026-06-13,一般,第６回鳴門渦潮歌手高瀬豊子杯競走,吉武 真也,不３３　２３４
14,2026-07-27,54,2026-07-09,2026-07-13,一般,第１１回サッポロビールカップ競走,向後 龍一,１６２　１５２５１３
14,2026-07-27,54,2026-06-23,2026-06-28,ＳＧ,第３６回グランドチャンピオン,片岡 雅裕,５４３　５　４６５　４
14,2026-07-27,54,2026-05-29,2026-06-02,一般,第１７回鳴門商工会議所会頭杯競走,加藤 政彦,２６５２２２２４５５
14,2026-07-27,55,2026-07-22,2026-07-27,一般,にっぽん未来プロジェクト競走ｉｎ鳴門,岡 祐臣,４６３４１　６欠
14,2026-07-27,55,2026-07-09,2026-07-13,一般,第１１回サッポロビールカップ競走,村松 修二,１６１　６３
14,2026-07-27,55,2026-06-23,2026-06-28,ＳＧ,第３６回グランドチャンピオン,佐藤 翼,４３６　５６１　２　４
14,2026-07-27,56,2026-07-22,2026-07-27,一般,にっぽん未来プロジェクト競走ｉｎ鳴門,松本 弓雄,４６５　５４５　２５４５
14,2026-07-27,56,2026-07-09,2026-07-13,一般,第１１回サッポロビールカップ競走,小玉 啓太,５６５　Ｆ　５　５
14,2026-07-27,56,2026-06-23,2026-06-28,ＳＧ,第３６回グランドチャンピオン,原田 幸哉,１　３６４　３　２２６６
14,2026-07-27,57,2026-07-22,2026-07-27,一般,にっぽん未来プロジェクト競走ｉｎ鳴門,森安 弘雅,２６１　６２４１６４１４
14,2026-07-27,57,2026-06-23,2026-06-28,ＳＧ,第３６回グランドチャンピオン,大峯 豊,４２５　２　６２３３４
14,2026-07-27,57,2026-06-10,2026-06-13,一般,第６回鳴門渦潮歌手高瀬豊子杯競走,浜本 裕己,２１３５２４２５
14,2026-07-27,58,2026-07-22,2026-07-27,一般,にっぽん未来プロジェクト競走ｉｎ鳴門,村田 浩司,５　４６６
14,2026-07-27,58,2026-06-23,2026-06-28,ＳＧ,第３６回グランドチャンピオン,松井 繁,１　４５５　４　１３５３
14,2026-07-27,58,2026-06-10,2026-06-13,一般,第６回鳴門渦潮歌手高瀬豊子杯競走,鋤柄 貴俊,３　２４６妨５
14,2026-07-27,59,2026-07-09,2026-07-13,一般,第１１回サッポロビールカップ競走,中渡 修作,５４２　４５２　４２
14,2026-07-27,59,2026-06-23,2026-06-28,ＳＧ,第３６回グランドチャンピオン,上野 真之介,３　２２４　落　２３２６
14,2026-07-27,59,2026-05-29,2026-06-02,一般,第１７回鳴門商工会議所会頭杯競走,大場 恒季,４　１５４３２２[Ｆ]
14,2026-07-27,60,2026-07-22,2026-07-27,一般,にっぽん未来プロジェクト競走ｉｎ鳴門,渡 修平,４　５４
14,2026-07-27,60,2026-06-23,2026-06-28,ＳＧ,第３６回グランドチャンピオン,深谷 知博,３　１５５　５　３５５
14,2026-07-27,60,2026-06-10,2026-06-13,一般,第６回鳴門渦潮歌手高瀬豊子杯競走,佐々木 和伸,１３２１５４３２
14,2026-07-27,61,2026-07-09,2026-07-13,一般,第１１回サッポロビールカップ競走,坪内 実,６　３６４　３５２６
14,2026-07-27,61,2026-06-23,2026-06-28,ＳＧ,第３６回グランドチャンピオン,池田 浩二,１　２４３３４　４　４２
14,2026-07-27,61,2026-06-10,2026-06-13,一般,第６回鳴門渦潮歌手高瀬豊子杯競走,向井田 佑紀,　　　　１１３４
14,2026-07-27,62,2026-07-22,2026-07-27,一般,にっぽん未来プロジェクト競走ｉｎ鳴門,田頭 実,１　１６１４１Ｆ４　１
14,2026-07-27,62,2026-07-09,2026-07-13,一般,第１１回サッポロビールカップ競走,三宅 潤,２５４　４５５　４４
14,2026-07-27,62,2026-06-23,2026-06-28,ＳＧ,第３６回グランドチャンピオン,守田 俊介,１　３　６６１　３　１２
14,2026-07-27,63,2026-07-22,2026-07-27,一般,にっぽん未来プロジェクト競走ｉｎ鳴門,田中 豪,３　１６２６２３１４１３
14,2026-07-27,63,2026-06-23,2026-06-28,ＳＧ,第３６回グランドチャンピオン,西山 貴浩,４　４３３　４５６　２
14,2026-07-27,63,2026-06-10,2026-06-13,一般,第６回鳴門渦潮歌手高瀬豊子杯競走,中島 秀治,４２１１３２[１]
14,2026-07-27,64,2026-07-22,2026-07-27,一般,にっぽん未来プロジェクト競走ｉｎ鳴門,和田 拓也,３６３　１６５１１６１３
14,2026-07-27,64,2026-07-09,2026-07-13,一般,第１１回サッポロビールカップ競走,後藤 美翼,６２５５３　２　３１
14,2026-07-27,64,2026-06-10,2026-06-13,一般,第６回鳴門渦潮歌手高瀬豊子杯競走,田中 きら,６　６６６　６６
14,2026-07-27,65,2026-07-09,2026-07-13,一般,第１１回サッポロビールカップ競走,丸尾 義孝,２５１３３４２４３２
14,2026-07-27,65,2026-06-23,2026-06-28,ＳＧ,第３６回グランドチャンピオン,大上 卓人,１４３　３　３２沈　６
14,2026-07-27,65,2026-05-29,2026-06-02,一般,第１７回鳴門商工会議所会頭杯競走,笠原 亮,２３１１２４４４１１
14,2026-07-27,66,2026-07-09,2026-07-13,一般,第１１回サッポロビールカップ競走,三木 晴斗,３２３６１　３３１１
14,2026-07-27,66,2026-06-23,2026-06-28,ＳＧ,第３６回グランドチャンピオン,平本 真之,５　６２５　６　３３３
14,2026-07-27,66,2026-05-29,2026-06-02,一般,第１７回鳴門商工会議所会頭杯競走,海野 康志郎,１４１３２１１１[２]
14,2026-07-27,67,2026-07-09,2026-07-13,一般,第１１回サッポロビールカップ競走,青木 蓮,１　２１２１１１[１]
14,2026-07-27,67,2026-06-23,2026-06-28,ＳＧ,第３６回グランドチャンピオン,丸野 一樹,１　４５５　１　５１３１
14,2026-07-27,67,2026-05-29,2026-06-02,一般,第１７回鳴門商工会議所会頭杯競走,大澤 大夢,６５４　１　６４６６
14,2026-07-27,68,2026-07-22,2026-07-27,一般,にっぽん未来プロジェクト競走ｉｎ鳴門,松下 直也,４　３５６　２４２４４４
14,2026-07-27,68,2026-07-09,2026-07-13,一般,第１１回サッポロビールカップ競走,深水 慎一郎,３４２　４１４４１２
14,2026-07-27,68,2026-06-10,2026-06-13,一般,第６回鳴門渦潮歌手高瀬豊子杯競走,橋本 明,３　２４４１４４
14,2026-07-27,69,2026-07-22,2026-07-27,一般,にっぽん未来プロジェクト競走ｉｎ鳴門,北野 輝季,５３１２５　１２２３５２
14,2026-07-27,69,2026-07-09,2026-07-13,一般,第１１回サッポロビールカップ競走,稲生 夏季,２６４　３１１３３４
14,2026-07-27,69,2026-06-23,2026-06-28,ＳＧ,第３６回グランドチャンピオン,山田 康二,６２５　１５５　５３２
14,2026-07-27,70,2026-07-09,2026-07-13,一般,第１１回サッポロビールカップ競走,石原 翼,５　２５５１２３１１
14,2026-07-27,70,2026-06-23,2026-06-28,ＳＧ,第３６回グランドチャンピオン,渡辺 浩司,６　６５２　３　４６３
14,2026-07-27,70,2026-05-29,2026-06-02,一般,第１７回鳴門商工会議所会頭杯競走,川辺 郭人,３　３６５　３４２４
14,2026-07-27,71,2026-07-09,2026-07-13,一般,第１１回サッポロビールカップ競走,松本 純平,１３３１３２５１[３]
14,2026-07-27,71,2026-06-23,2026-06-28,ＳＧ,第３６回グランドチャンピオン,茅原 悠紀,３　４１３５５　２　３４
14,2026-07-27,71,2026-05-29,2026-06-02,一般,第１７回鳴門商工会議所会頭杯競走,川上 清人,６　６２５６６　２５
14,2026-07-27,72,2026-07-22,2026-07-27,一般,にっぽん未来プロジェクト競走ｉｎ鳴門,大塚 雅治,６２６　２　４１２３３５
14,2026-07-27,72,2026-07-09,2026-07-13,一般,第１１回サッポロビールカップ競走,古園井 綾南,６　６６６　６６６
14,2026-07-27,72,2026-06-23,2026-06-28,ＳＧ,第３６回グランドチャンピオン,石渡 鉄兵,３　１　４１５　４　４３
14,2026-07-27,73,2026-07-22,2026-07-27,一般,にっぽん未来プロジェクト競走ｉｎ鳴門,田村 慶,２３１　５２４２２転
14,2026-07-27,73,2026-07-09,2026-07-13,一般,第１１回サッポロビールカップ競走,深見 亜由美,４　４６５４４　５３
14,2026-07-27,73,2026-06-10,2026-06-13,一般,第６回鳴門渦潮歌手高瀬豊子杯競走,佐藤 太亮,３４５　１３５
14,2026-07-27,74,2026-07-22,2026-07-27,一般,にっぽん未来プロジェクト競走ｉｎ鳴門,末永 由楽,３５３１２５１　３３２１
14,2026-07-27,74,2026-06-23,2026-06-28,ＳＧ,第３６回グランドチャンピオン,中島 孝平,２５６　３　５２５　５
14,2026-07-27,74,2026-06-10,2026-06-13,一般,第６回鳴門渦潮歌手高瀬豊子杯競走,深川 麻奈美,３２４３４３２３
14,2026-07-27,75,2026-07-22,2026-07-27,一般,にっぽん未来プロジェクト競走ｉｎ鳴門,樋口 喜彦,６６２　６　６３５１６３
14,2026-07-27,75,2026-07-09,2026-07-13,一般,第１１回サッポロビールカップ競走,齊藤 優,６４２　２５５　５２
14,2026-07-27,75,2026-06-10,2026-06-13,一般,第６回鳴門渦潮歌手高瀬豊子杯競走,河野 大,１５１４１４１６
14,2026-07-27,76,2026-07-22,2026-07-27,一般,にっぽん未来プロジェクト競走ｉｎ鳴門,原田 朱理,５６６　６３５　６５６
14,2026-07-27,76,2026-06-23,2026-06-28,ＳＧ,第３６回グランドチャンピオン,海野 康志郎,４　１　１５４　２　[６]
14,2026-07-27,76,2026-06-10,2026-06-13,一般,第６回鳴門渦潮歌手高瀬豊子杯競走,川原 祐明,１３１２６１[３]
14,2026-07-27,77,2026-07-22,2026-07-27,一般,にっぽん未来プロジェクト競走ｉｎ鳴門,宮之原 輝紀,１１５　１１１３１１[１]
14,2026-07-27,77,2026-07-09,2026-07-13,一般,第１１回サッポロビールカップ競走,村松 遥輝,３　６５５　４３６３
14,2026-07-27,77,2026-06-23,2026-06-28,ＳＧ,第３６回グランドチャンピオン,菅 章哉,６　Ｆ　５４６　６　６
14,2026-07-27,78,2026-07-22,2026-07-27,一般,にっぽん未来プロジェクト競走ｉｎ鳴門,鹿島 敏弘,３　５２３５２２４５２５
14,2026-07-27,78,2026-06-23,2026-06-28,ＳＧ,第３６回グランドチャンピオン,定松 勇樹,６　１　４２２　５　２５
14,2026-07-27,78,2026-06-10,2026-06-13,一般,第６回鳴門渦潮歌手高瀬豊子杯競走,松井 賢治,５２２１４　２１
14,2026-07-27,79,2026-07-09,2026-07-13,一般,第１１回サッポロビールカップ競走,森永 隆,２２１２１６２２[２]
14,2026-07-27,79,2026-06-23,2026-06-28,ＳＧ,第３６回グランドチャンピオン,白井 英治,２２４　３　２１６　１５
14,2026-07-27,79,2026-05-29,2026-06-02,一般,第１７回鳴門商工会議所会頭杯競走,三嶌 さらら,４　５３４２４５１
14,2026-07-27,80,2026-07-22,2026-07-27,一般,にっぽん未来プロジェクト競走ｉｎ鳴門,興津 藍,１２５４２　３３５３３１
14,2026-07-27,80,2026-07-09,2026-07-13,一般,第１１回サッポロビールカップ競走,前田 聖文,３２４３１２３３５１
14,2026-07-27,80,2026-06-23,2026-06-28,ＳＧ,第３６回グランドチャンピオン,瓜生 正義,３６４　６　２４５　５
14,2026-07-27,81,2026-07-22,2026-07-27,一般,にっぽん未来プロジェクト競走ｉｎ鳴門,塩嶋 泰空,６　６６１　６６６６５
14,2026-07-27,81,2026-06-23,2026-06-28,ＳＧ,第３６回グランドチャンピオン,石野 貴之,６　１　１Ｆ３　６　５
14,2026-07-27,81,2026-06-10,2026-06-13,一般,第６回鳴門渦潮歌手高瀬豊子杯競走,鈴木 峻佑,１１４５５５５５
14,2026-07-27,82,2026-07-09,2026-07-13,一般,第１１回サッポロビールカップ競走,野相 弘司,４４２６３　３２２
14,2026-07-27,82,2026-06-23,2026-06-28,ＳＧ,第３６回グランドチャンピオン,馬場 貴也,５１３　２２１　１　[３]
14,2026-07-27,82,2026-05-29,2026-06-02,一般,第１７回鳴門商工会議所会頭杯競走,片岡 雅裕,１２２１１２２１[１]
14,2026-07-27,83,2026-07-22,2026-07-27,一般,にっぽん未来プロジェクト競走ｉｎ鳴門,高倉 和士,１２２３４１３　４１[６]
14,2026-07-27,83,2026-06-23,2026-06-28,ＳＧ,第３６回グランドチャンピオン,森高 一真,６　５５５　３　４４５
14,2026-07-27,83,2026-06-10,2026-06-13,一般,第６回鳴門渦潮歌手高瀬豊子杯競走,四宮 与寛,２４１２６転１２
14,2026-07-27,84,2026-07-22,2026-07-27,一般,にっぽん未来プロジェクト競走ｉｎ鳴門,常盤 海心,３　２５５６２３６　２６
14,2026-07-27,84,2026-06-23,2026-06-28,ＳＧ,第３６回グランドチャンピオン,前田 将太,１　６５６　３　６４６
14,2026-07-27,84,2026-06-10,2026-06-13,一般,第６回鳴門渦潮歌手高瀬豊子杯競走,宇土 泰就,３　４６３　３６
02,2026-07-27,1,2026-07-07,2026-07-12,ＧⅡ,第８回全国ボートレース甲子園,河合 佑樹,５５２　５　６３５　２４
02,2026-07-27,1,2026-06-18,2026-06-23,一般,ヴィーナスシリーズ第６戦戸田中央メディックス埼玉杯,南 彩寧,５　２４６　３４５　落６
02,2026-07-27,1,2026-05-28,2026-05-31,一般,本命バトル祭,佐々木 完太,３１１２１２[３]
02,2026-07-27,2,2026-07-24,2026-07-27,一般,第１０回週刊大衆杯,安東 幸治,１　３１２４[４]
02,2026-07-27,2,2026-07-17,2026-07-20,一般,ＵＨＡ味覚糖杯,深川 麻奈美,３２１　６１１１
02,2026-07-27,2,2026-07-07,2026-07-12,ＧⅡ,第８回全国ボートレース甲子園,佐藤 翼,５　１１４　１１１　[２]
02,2026-07-27,3,2026-07-24,2026-07-27,一般,第１０回週刊大衆杯,小野 京平,１　２２６６５６
02,2026-07-27,3,2026-07-17,2026-07-20,一般,ＵＨＡ味覚糖杯,出畑 孝典,３　２３２５１１
02,2026-07-27,3,2026-07-07,2026-07-12,ＧⅡ,第８回全国ボートレース甲子園,池永 太,５２１　１　２３４　３６
02,2026-07-27,4,2026-07-24,2026-07-27,一般,第１０回週刊大衆杯,米本 圭佑,５　３４６５６
02,2026-07-27,4,2026-07-17,2026-07-20,一般,ＵＨＡ味覚糖杯,村上 彰一,３５５　３６６
02,2026-07-27,4,2026-07-07,2026-07-12,ＧⅡ,第８回全国ボートレース甲子園,井口 佳典,２　６２３　１２３　１３
02,2026-07-27,5,2026-07-24,2026-07-27,一般,第１０回週刊大衆杯,鈴木 柊介,５　５６５　３６
02,2026-07-27,5,2026-07-17,2026-07-20,一般,ＵＨＡ味覚糖杯,武田 信一,５４５　６　５４
02,2026-07-27,5,2026-07-07,2026-07-12,ＧⅡ,第８回全国ボートレース甲子園,新田 雄史,４　２３５２３　１５６
02,2026-07-27,6,2026-07-24,2026-07-27,一般,第１０回週刊大衆杯,渡邉 英児,２４３　４２５３
02,2026-07-27,6,2026-07-17,2026-07-20,一般,ＵＨＡ味覚糖杯,板頭 里緒,６　６６６　４６
02,2026-07-27,6,2026-07-07,2026-07-12,ＧⅡ,第８回全国ボートレース甲子園,梅原 祥平,４　６　４２６　６５６
02,2026-07-27,7,2026-07-24,2026-07-27,一般,第１０回週刊大衆杯,鈴木 裕隆,５１５　３６１
02,2026-07-27,7,2026-07-17,2026-07-20,一般,ＵＨＡ味覚糖杯,関野 文,５　１６６５４
02,2026-07-27,7,2026-07-07,2026-07-12,ＧⅡ,第８回全国ボートレース甲子園,島村 隆幸,５５３　１２３　３　４２
02,2026-07-27,8,2026-07-24,2026-07-27,一般,第１０回週刊大衆杯,成貞 琳平,６３６　５　６４
02,2026-07-27,8,2026-07-17,2026-07-20,一般,ＵＨＡ味覚糖杯,仲口 博崇,１６１４２２２１
02,2026-07-27,8,2026-07-07,2026-07-12,ＧⅡ,第８回全国ボートレース甲子園,新開 航,１２５　３　転１１　２５
02,2026-07-27,9,2026-07-24,2026-07-27,一般,第１０回週刊大衆杯,佐藤 大騎,１　５４２６６２
02,2026-07-27,9,2026-07-17,2026-07-20,一般,ＵＨＡ味覚糖杯,今泉 徹,５　３３４３４１
02,2026-07-27,9,2026-07-07,2026-07-12,ＧⅡ,第８回全国ボートレース甲子園,今井 美亜,６　４６１　６　４２２
02,2026-07-27,10,2026-07-24,2026-07-27,一般,第１０回週刊大衆杯,菊池 峰晴,４　３５４５６
02,2026-07-27,10,2026-07-17,2026-07-20,一般,ＵＨＡ味覚糖杯,笠野 友紀恵,２　４６５６３
02,2026-07-27,10,2026-07-07,2026-07-12,ＧⅡ,第８回全国ボートレース甲子園,平本 真之,４２３　３　３１２　[５]
02,2026-07-27,11,2026-07-24,2026-07-27,一般,第１０回週刊大衆杯,丸山 祐也,６　４４３　５５
02,2026-07-27,11,2026-07-17,2026-07-20,一般,ＵＨＡ味覚糖杯,萬 正嗣,５　２３６４６３
02,2026-07-27,11,2026-07-07,2026-07-12,ＧⅡ,第８回全国ボートレース甲子園,太田 和美,６５５　６　４２３　２
02,2026-07-27,12,2026-07-24,2026-07-27,一般,第１０回週刊大衆杯,栗原 謙治,６　５６６　６
02,2026-07-27,12,2026-07-17,2026-07-20,一般,ＵＨＡ味覚糖杯,間嶋 仁志,２４２　１２３３
02,2026-07-27,12,2026-07-07,2026-07-12,ＧⅡ,第８回全国ボートレース甲子園,大峯 豊,３１２　１　２３１　[１]
02,2026-07-27,13,2026-07-24,2026-07-27,一般,第１０回週刊大衆杯,福来 剛,２１１１１１[２]
02,2026-07-27,13,2026-07-17,2026-07-20,一般,ＵＨＡ味覚糖杯,占部 一真,６４５　４　１５
02,2026-07-27,13,2026-07-07,2026-07-12,ＧⅡ,第８回全国ボートレース甲子園,渡邉 俊介,２　４５２　４　２４４
02,2026-07-27,14,2026-07-24,2026-07-27,一般,第１０回週刊大衆杯,伊藤 雄二,６　２５６６４
02,2026-07-27,14,2026-07-17,2026-07-20,一般,ＵＨＡ味覚糖杯,橋本 久和,６４４　３４４２
02,2026-07-27,14,2026-07-07,2026-07-12,ＧⅡ,第８回全国ボートレース甲子園,中田 竜太,１　２２３　４６５　４２
02,2026-07-27,15,2026-07-07,2026-07-12,ＧⅡ,第８回全国ボートレース甲子園,金子 和之,３　３６３　６　２４６
02,2026-07-27,15,2026-06-27,2026-07-01,一般,マクール杯,辻 栄蔵,３２５１２３４４２１
02,2026-07-27,15,2026-06-18,2026-06-23,一般,ヴィーナスシリーズ第６戦戸田中央メディックス埼玉杯,實森 美祐,２２４　２６１６１６１５
02,2026-07-27,16,2026-07-17,2026-07-20,一般,ＵＨＡ味覚糖杯,清水 攻二,２３
02,2026-07-27,16,2026-07-07,2026-07-12,ＧⅡ,第８回全国ボートレース甲子園,櫻本 あゆみ,４　６　５４６　５６５
02,2026-07-27,16,2026-06-27,2026-07-01,一般,マクール杯,川原 正明,１５３　４５１１４４
02,2026-07-27,17,2026-07-24,2026-07-27,一般,第１０回週刊大衆杯,藤原 孝斗,５１５　４４３
02,2026-07-27,17,2026-07-17,2026-07-20,一般,ＵＨＡ味覚糖杯,天野 友和,４２２　３５３６
02,2026-07-27,17,2026-07-07,2026-07-12,ＧⅡ,第８回全国ボートレース甲子園,鹿島 敏弘,６　２　４６５　６３５
02,2026-07-27,18,2026-07-24,2026-07-27,一般,第１０回週刊大衆杯,安藤 瑠希,５　４６６　１４
02,2026-07-27,18,2026-07-17,2026-07-20,一般,ＵＨＡ味覚糖杯,上田 健太,５６２１６　１３
02,2026-07-27,18,2026-07-07,2026-07-12,ＧⅡ,第８回全国ボートレース甲子園,佐竹 友樹,６　５　３６５　５１６
02,2026-07-27,19,2026-07-07,2026-07-12,ＧⅡ,第８回全国ボートレース甲子園,西橋 奈未,４６５　４　５５３　１
02,2026-07-27,19,2026-06-27,2026-07-01,一般,マクール杯,大久保信一郎,１５２　３５４　４２
02,2026-07-27,19,2026-05-28,2026-05-31,一般,本命バトル祭,八木 治樹,６　３３４５５
02,2026-07-27,20,2026-07-24,2026-07-27,一般,第１０回週刊大衆杯,峰重 侑治,５５２　１５２６
02,2026-07-27,20,2026-07-07,2026-07-12,ＧⅡ,第８回全国ボートレース甲子園,山口 剛,５３１　２エ４　３　５１
02,2026-07-27,20,2026-06-18,2026-06-23,一般,ヴィーナスシリーズ第６戦戸田中央メディックス埼玉杯,湯淺 紀香,４６４　３２５　２３４１
02,2026-07-27,21,2026-07-24,2026-07-27,一般,第１０回週刊大衆杯,河野 大,２４１２１２[６]
02,2026-07-27,21,2026-07-17,2026-07-20,一般,ＵＨＡ味覚糖杯,吉川 貴仁,２５１１１２[５]
02,2026-07-27,21,2026-07-07,2026-07-12,ＧⅡ,第８回全国ボートレース甲子園,山田 康二,２　２４２４１　５　１２
02,2026-07-27,22,2026-07-24,2026-07-27,一般,第１０回週刊大衆杯,原田 秀弥,２３３　２５４２
02,2026-07-27,22,2026-07-17,2026-07-20,一般,ＵＨＡ味覚糖杯,佐藤 悠,２１３５３　５２
02,2026-07-27,22,2026-07-07,2026-07-12,ＧⅡ,第８回全国ボートレース甲子園,中村 日向,１　４５２　２　６　１６
02,2026-07-27,23,2026-07-24,2026-07-27,一般,第１０回週刊大衆杯,三品 隆浩,５１４　２１５６
02,2026-07-27,23,2026-07-17,2026-07-20,一般,ＵＨＡ味覚糖杯,鈴木 博,３２２２１２[６]
02,2026-07-27,23,2026-07-07,2026-07-12,ＧⅡ,第８回全国ボートレース甲子園,毒島 誠,１　４４４３２　４　５４
02,2026-07-27,24,2026-07-24,2026-07-27,一般,第１０回週刊大衆杯,片岡 大地,５　３１３４２３
02,2026-07-27,24,2026-07-17,2026-07-20,一般,ＵＨＡ味覚糖杯,河合 三弘,３３２　４４３４
02,2026-07-27,24,2026-07-07,2026-07-12,ＧⅡ,第８回全国ボートレース甲子園,飯山 泰,５　５５４　２　２２５
02,2026-07-27,25,2026-07-24,2026-07-27,一般,第１０回週刊大衆杯,村本 大成,３　６４６６５
02,2026-07-27,25,2026-07-17,2026-07-20,一般,ＵＨＡ味覚糖杯,寺嶋 雄,６１２４３　５６
02,2026-07-27,25,2026-07-07,2026-07-12,ＧⅡ,第８回全国ボートレース甲子園,関 浩哉,３１２　１６１　３　３１
02,2026-07-27,26,2026-07-24,2026-07-27,一般,第１０回週刊大衆杯,吉田 俊彦,３２３４２　２５
02,2026-07-27,26,2026-07-17,2026-07-20,一般,ＵＨＡ味覚糖杯,河野 真也,１　１１３３[３]
02,2026-07-27,26,2026-07-07,2026-07-12,ＧⅡ,第８回全国ボートレース甲子園,田上 凜,６　６　６６５　６６６
02,2026-07-27,27,2026-07-24,2026-07-27,一般,第１０回週刊大衆杯,山下 拓巳,２６６　５　３５
02,2026-07-27,27,2026-07-17,2026-07-20,一般,ＵＨＡ味覚糖杯,池上 隆行,３　４４４５３
02,2026-07-27,27,2026-07-07,2026-07-12,ＧⅡ,第８回全国ボートレース甲子園,村上 奈穂,６　３　４５６　５５３
02,2026-07-27,28,2026-03-07,2026-03-12,一般,スカパー！・ＪＬＣ杯戸田ルーキーシリーズ第５戦,若林 樹蘭,２４３　２４３　４５３４
02,2026-07-27,28,2026-02-25,2026-03-01,一般,戸田巧者Ｎо．１決定戦,鈴木 秀茉,６６３　２６４　６
02,2026-07-27,28,2026-02-06,2026-02-11,一般,にっぽん未来プロジェクト競走ｉｎ戸田,根岸 真優,５５３　１４５　６　２３
02,2026-07-27,29,2026-07-24,2026-07-27,一般,第１０回週刊大衆杯,桐本 康臣,２　２３２４３４
02,2026-07-27,29,2026-07-17,2026-07-20,一般,ＵＨＡ味覚糖杯,前田 紗希,１３６１２１[４]
02,2026-07-27,29,2026-07-07,2026-07-12,ＧⅡ,第８回全国ボートレース甲子園,上原 健次郎,３　５　５４５　４４６
02,2026-07-27,30,2026-07-24,2026-07-27,一般,第１０回週刊大衆杯,福嶋 智之,６４５　１　３４
02,2026-07-27,30,2026-07-07,2026-07-12,ＧⅡ,第８回全国ボートレース甲子園,多田 有佑,４　２　２６４　４２６
02,2026-07-27,30,2026-06-27,2026-07-01,一般,マクール杯,田頭 実,３　１１１１４１[４]
02,2026-07-27,31,2026-07-24,2026-07-27,一般,第１０回週刊大衆杯,谷本 幸司,２６１５３　４６
02,2026-07-27,31,2026-07-17,2026-07-20,一般,ＵＨＡ味覚糖杯,佐藤 世那,４２２　１１２５
02,2026-07-27,31,2026-07-07,2026-07-12,ＧⅡ,第８回全国ボートレース甲子園,松田 祐季,４　４３１　４　１６６
02,2026-07-27,32,2026-06-27,2026-07-01,一般,マクール杯,信濃 由行,６５５　６　４６４
02,2026-07-27,32,2026-05-28,2026-05-31,一般,本命バトル祭,倉富 大誠,転３３　５４３
02,2026-07-27,32,2026-05-14,2026-05-19,一般,第４２回日本モーターボート選手会カップ,三浦 裕貴,３　２６５　２Ｆ４　４
02,2026-07-27,33,2026-06-27,2026-07-01,一般,マクール杯,西村 勝,４　６３６　６６６
02,2026-07-27,33,2026-05-28,2026-05-31,一般,本命バトル祭,下河 誉史,５２６　３　不欠
02,2026-07-27,33,2026-05-14,2026-05-19,一般,第４２回日本モーターボート選手会カップ,川尻 泰輔,４　１２２　４２３６１４
02,2026-07-27,34,2026-03-07,2026-03-12,一般,スカパー！・ＪＬＣ杯戸田ルーキーシリーズ第５戦,福西 広太郎,５　５　４６６４３　３
02,2026-07-27,34,2026-02-06,2026-02-11,一般,にっぽん未来プロジェクト競走ｉｎ戸田,恵良 琴美,３　４５６　３５６　６４
02,2026-07-27,34,2026-01-17,2026-01-22,一般,モーヴィ戸田杯,宇土 泰就,６　６６６３６　６　６
02,2026-07-27,35,2026-04-14,2026-04-19,ＧⅢ,サントリー杯,庄司 孝輔,４４５　６　３６６　３
02,2026-07-27,35,2026-04-05,2026-04-10,一般,にっぽん未来プロジェクト競走ｉｎ戸田,鋤柄 貴俊,３５６　５３４　４　６５
02,2026-07-27,35,2026-03-19,2026-03-24,一般,第７回埼玉新聞社杯,櫻井 優,４　４６５　１３４　３１
02,2026-07-27,36,2026-07-24,2026-07-27,一般,第１０回週刊大衆杯,松井 洪弥,６６１１３　１３
02,2026-07-27,36,2026-07-17,2026-07-20,一般,ＵＨＡ味覚糖杯,畑 和宏,６　５２１４３４
02,2026-07-27,36,2026-07-07,2026-07-12,ＧⅡ,第８回全国ボートレース甲子園,市橋 卓士,６　６６６
02,2026-07-27,37,2026-07-24,2026-07-27,一般,第１０回週刊大衆杯,林 美憲,１５４４１３１２
02,2026-07-27,37,2026-07-17,2026-07-20,一般,ＵＨＡ味覚糖杯,栗城 匠,４４１２２１[１]
02,2026-07-27,37,2026-07-07,2026-07-12,ＧⅡ,第８回全国ボートレース甲子園,桑原 悠,１　５３１　１　３　３１
02,2026-07-27,38,2026-07-24,2026-07-27,一般,第１０回週刊大衆杯,澁川 夏,１２２　１４[１]
02,2026-07-27,38,2026-07-17,2026-07-20,一般,ＵＨＡ味覚糖杯,後藤 美翼,５３３５５　２４
02,2026-07-27,38,2026-07-07,2026-07-12,ＧⅡ,第８回全国ボートレース甲子園,小林 泰,６　１　６５６　５６３
02,2026-07-27,39,2026-07-07,2026-07-12,ＧⅡ,第８回全国ボートレース甲子園,石渡 鉄兵,３　４３４　５　５３５
02,2026-07-27,39,2026-06-27,2026-07-01,一般,マクール杯,後藤 正宗,１３１　４６１　２６
02,2026-07-27,39,2026-05-28,2026-05-31,一般,本命バトル祭,樅山 拓馬,３４２　２４４１
02,2026-07-27,40,2026-07-24,2026-07-27,一般,第１０回週刊大衆杯,野末 智一,４４２　３１１１
02,2026-07-27,40,2026-07-17,2026-07-20,一般,ＵＨＡ味覚糖杯,市川 美宏,３　３３６５２２
02,2026-07-27,40,2026-07-07,2026-07-12,ＧⅡ,第８回全国ボートレース甲子園,吉川 元浩,３３６　１　３４１　４３
02,2026-07-27,41,2026-07-24,2026-07-27,一般,第１０回週刊大衆杯,山崎 聖司,３４５　５４５
02,2026-07-27,41,2026-07-17,2026-07-20,一般,ＵＨＡ味覚糖杯,柳瀬 興志,５５４　３５６５
02,2026-07-27,41,2026-07-07,2026-07-12,ＧⅡ,第８回全国ボートレース甲子園,米丸 乃絵,４　２４５　４　４１４
02,2026-07-27,42,2026-07-24,2026-07-27,一般,第１０回週刊大衆杯,須藤 博倫,４２１６４１２６
02,2026-07-27,42,2026-07-17,2026-07-20,一般,ＵＨＡ味覚糖杯,中村 紋夕梨,４　６６４　５４
02,2026-07-27,42,2026-07-07,2026-07-12,ＧⅡ,第８回全国ボートレース甲子園,益田 啓司,５　６４２　５６２　２
02,2026-07-27,43,2026-07-24,2026-07-27,一般,第１０回週刊大衆杯,関根 彰人,１３６５２　２２
02,2026-07-27,43,2026-07-17,2026-07-20,一般,ＵＨＡ味覚糖杯,松本 浩貴,３　１４３６２６
02,2026-07-27,43,2026-07-07,2026-07-12,ＧⅡ,第８回全国ボートレース甲子園,遠藤 エミ,３　１３１　４５６　２４
02,2026-07-27,44,2026-03-07,2026-03-12,一般,スカパー！・ＪＬＣ杯戸田ルーキーシリーズ第５戦,田中 宏典,転　５６５４６
02,2026-07-27,44,2026-02-06,2026-02-11,一般,にっぽん未来プロジェクト競走ｉｎ戸田,白水 勝也,３２４　５４１２２　２２
02,2026-07-27,44,2026-01-30,2026-02-02,一般,ボートピア栗橋カップ開設１６周年記念,五反田 忍,６５６　６　６５
02,2026-07-27,45,2026-04-05,2026-04-10,一般,にっぽん未来プロジェクト競走ｉｎ戸田,濱本 優一,４５５６６
02,2026-07-27,45,2026-03-28,2026-04-02,一般,日本トーター・ＳＯＤＡカップ,丸岡 正典,３６２４５　２　４５５６
02,2026-07-27,45,2026-03-07,2026-03-12,一般,スカパー！・ＪＬＣ杯戸田ルーキーシリーズ第５戦,瀬川 大地,６　６５６　５６６　６
02,2026-07-27,46,2026-07-17,2026-07-20,一般,ＵＨＡ味覚糖杯,野間 大樹,１２３落
02,2026-07-27,46,2026-07-07,2026-07-12,ＧⅡ,第８回全国ボートレース甲子園,松田 竜馬,転　６　５２５　３２５
02,2026-07-27,46,2026-06-27,2026-07-01,一般,マクール杯,吉原 聖人,５１１　１６２　５５
02,2026-07-27,47,2026-06-27,2026-07-01,一般,マクール杯,菅沼 佳昭,６　３４４　５５３４
02,2026-07-27,47,2026-05-28,2026-05-31,一般,本命バトル祭,広次 修,３６１　３４２３
02,2026-07-27,47,2026-05-14,2026-05-19,一般,第４２回日本モーターボート選手会カップ,入澤 友治,２３４　１４３３５６２５
02,2026-07-27,48,2026-04-14,2026-04-19,ＧⅢ,サントリー杯,鶴田 勇雄,１４６　４４２　５２６６
02,2026-07-27,48,2026-04-05,2026-04-10,一般,にっぽん未来プロジェクト競走ｉｎ戸田,平田 さやか,３　４４４２４２５３５３
02,2026-07-27,48,2026-03-28,2026-04-02,一般,日本トーター・ＳＯＤＡカップ,戸田 海咲音,５　６６６６６　６　５
02,2026-07-27,49,2026-07-24,2026-07-27,一般,第１０回週刊大衆杯,橋本 年光,１４２１２　[３]
02,2026-07-27,49,2026-07-17,2026-07-20,一般,ＵＨＡ味覚糖杯,齋藤 智裕,１　１５４２４５
02,2026-07-27,49,2026-07-07,2026-07-12,ＧⅡ,第８回全国ボートレース甲子園,丸野 一樹,２２１　１　１５４　１３
02,2026-07-27,50,2026-07-24,2026-07-27,一般,第１０回週刊大衆杯,三浦 敬太,４６６６４６３
02,2026-07-27,50,2026-07-17,2026-07-20,一般,ＵＨＡ味覚糖杯,井上 尚悟,４６５　５４６
02,2026-07-27,50,2026-07-07,2026-07-12,ＧⅡ,第８回全国ボートレース甲子園,高橋 直哉,４　４　３５６　６６５
02,2026-07-27,51,2026-07-24,2026-07-27,一般,第１０回週刊大衆杯,近藤 雄一郎,３３３　１５１５
02,2026-07-27,51,2026-07-07,2026-07-12,ＧⅡ,第８回全国ボートレース甲子園,前沢 丈史,１　３６３　３　３１５
02,2026-07-27,51,2026-06-27,2026-07-01,一般,マクール杯,小坂 風太,６　５６６　４４３
02,2026-07-27,52,2026-06-27,2026-07-01,一般,マクール杯,熊倉 幹太,５５５　６　６６６
02,2026-07-27,52,2026-05-28,2026-05-31,一般,本命バトル祭,田中 太一郎,５５５　４　５５
02,2026-07-27,52,2026-05-01,2026-05-06,一般,第３７回ウインビーカップ,滝沢 織寧,６５６　３　５　３３４４
02,2026-07-27,53,2026-07-24,2026-07-27,一般,第１０回週刊大衆杯,森定 晃史,２５１３３　３１
02,2026-07-27,53,2026-07-17,2026-07-20,一般,ＵＨＡ味覚糖杯,石田 貴洋,１１３　３１[２]
02,2026-07-27,53,2026-07-07,2026-07-12,ＧⅡ,第８回全国ボートレース甲子園,磯部 誠,２５１　３　２２５　１４
02,2026-07-27,54,2026-07-24,2026-07-27,一般,第１０回週刊大衆杯,塚田 修二,３　３２５３２１
02,2026-07-27,54,2026-07-17,2026-07-20,一般,ＵＨＡ味覚糖杯,伊達 正利,２６５　１４２４
02,2026-07-27,54,2026-07-07,2026-07-12,ＧⅡ,第８回全国ボートレース甲子園,門間 雄大,５　５　２４３　４２３
02,2026-07-27,55,2026-07-24,2026-07-27,一般,第１０回週刊大衆杯,渡辺 空依,６２６　３　５１
02,2026-07-27,55,2026-07-17,2026-07-20,一般,ＵＨＡ味覚糖杯,長野 未来,６　６６６　６５
02,2026-07-27,55,2026-07-07,2026-07-12,ＧⅡ,第８回全国ボートレース甲子園,濱野谷 憲吾,１３１　５　１３２　[４]
02,2026-07-27,56,2026-05-14,2026-05-19,一般,第４２回日本モーターボート選手会カップ,花本 夏樹,４　３６６　４３６　６５
02,2026-07-27,56,2026-04-14,2026-04-19,ＧⅢ,サントリー杯,西田 靖,６　３　１６５６６　５３
02,2026-07-27,56,2026-04-05,2026-04-10,一般,にっぽん未来プロジェクト競走ｉｎ戸田,一柳 和孝,３２４　３４３　Ｆ４４
02,2026-07-27,57,2026-07-07,2026-07-12,ＧⅡ,第８回全国ボートレース甲子園,上條 暢嵩,３４５　３３２　４　３６
02,2026-07-27,57,2026-06-18,2026-06-23,一般,ヴィーナスシリーズ第６戦戸田中央メディックス埼玉杯,原村 百那,６　１６２　６３５　６５
02,2026-07-27,57,2026-05-28,2026-05-31,一般,本命バトル祭,板倉 敦史,３５１　１エ１５
02,2026-07-27,58,2026-07-24,2026-07-27,一般,第１０回週刊大衆杯,倉尾 大介,３　４３４２２４
02,2026-07-27,58,2026-07-17,2026-07-20,一般,ＵＨＡ味覚糖杯,田村 隆信,５１６５３１６３
02,2026-07-27,58,2026-07-07,2026-07-12,ＧⅡ,第８回全国ボートレース甲子園,馬場 貴也,２６１　２６２　１　４３
02,2026-07-27,59,2026-06-27,2026-07-01,一般,マクール杯,赤坂 俊輔,４５４２５１３　３１
02,2026-07-27,59,2026-05-28,2026-05-31,一般,本命バトル祭,内山 峻輔,２　３転６５４
02,2026-07-27,59,2026-05-14,2026-05-19,一般,第４２回日本モーターボート選手会カップ,田口 節子,３　１２１４２４４３３２
02,2026-07-27,60,2026-07-17,2026-07-20,一般,ＵＨＡ味覚糖杯,寺島 吉彦,１４４４５　３２
02,2026-07-27,60,2026-07-07,2026-07-12,ＧⅡ,第８回全国ボートレース甲子園,白井 英治,６　３３１　４１６　１５
02,2026-07-27,60,2026-06-27,2026-07-01,一般,マクール杯,大澤 風葵,６１４６
02,2026-07-27,61,2026-07-24,2026-07-27,一般,第１０回週刊大衆杯,中村 泰平,３３２１３３[５]
02,2026-07-27,61,2026-07-17,2026-07-20,一般,ＵＨＡ味覚糖杯,小川 知行,６５３　２５１
02,2026-07-27,61,2026-07-07,2026-07-12,ＧⅡ,第８回全国ボートレース甲子園,吉田 拡郎,２１２　１　４２１　[６]
02,2026-07-27,62,2026-07-24,2026-07-27,一般,第１０回週刊大衆杯,佐藤 太亮,４６４　１　４１
02,2026-07-27,62,2026-07-17,2026-07-20,一般,ＵＨＡ味覚糖杯,井芹 大志,４　３５５２５１
02,2026-07-27,62,2026-07-07,2026-07-12,ＧⅡ,第８回全国ボートレース甲子園,仲谷 颯仁,１３４　５　３５１　２４
02,2026-07-27,63,2026-07-24,2026-07-27,一般,第１０回週刊大衆杯,齋藤 達希,４１２　５２３４
02,2026-07-27,63,2026-07-17,2026-07-20,一般,ＵＨＡ味覚糖杯,岩川 仁士,１２４４２　１２
02,2026-07-27,63,2026-07-07,2026-07-12,ＧⅡ,第８回全国ボートレース甲子園,大池 佑来,１２１　６　１４２　[３]
02,2026-07-27,64,2026-07-24,2026-07-27,一般,第１０回週刊大衆杯,黒田 誠司,５　６５５　４
02,2026-07-27,64,2026-07-17,2026-07-20,一般,ＵＨＡ味覚糖杯,塚越 陸斗,６　５６６　６５
02,2026-07-27,64,2026-07-07,2026-07-12,ＧⅡ,第８回全国ボートレース甲子園,菊地 孝平,４４１　５　３６３　１２
02,2026-07-27,65,2026-04-05,2026-04-10,一般,にっぽん未来プロジェクト競走ｉｎ戸田,杉村 賢也,不
02,2026-07-27,65,2026-03-28,2026-04-02,一般,日本トーター・ＳＯＤＡカップ,下河 雅史,４４２　１４５　３３１
02,2026-07-27,65,2026-03-07,2026-03-12,一般,スカパー！・ＪＬＣ杯戸田ルーキーシリーズ第５戦,屋良 龍紀,６５６　６１４　６　３
