レースコード,レース日,レース場コード,レース回,状態,1枠_枠番pt,1枠_寄与_枠番pt,1枠_選手pt,1枠_寄与_選手pt,1枠_モーター2連率pt,1枠_寄与_モーター2連率pt,1枠_展示pt,1枠_寄与_展示pt,1枠_気象pt,1枠_寄与_気象pt,1枠_強さpt,2枠_枠番pt,2枠_寄与_枠番pt,2枠_選手pt,2枠_寄与_選手pt,2枠_モーター2連率pt,2枠_寄与_モーター2連率pt,2枠_展示pt,2枠_寄与_展示pt,2枠_気象pt,2枠_寄与_気象pt,2枠_強さpt,3枠_枠番pt,3枠_寄与_枠番pt,3枠_選手pt,3枠_寄与_選手pt,3枠_モーター2連率pt,3枠_寄与_モーター2連率pt,3枠_展示pt,3枠_寄与_展示pt,3枠_気象pt,3枠_寄与_気象pt,3枠_強さpt,4枠_枠番pt,4枠_寄与_枠番pt,4枠_選手pt,4枠_寄与_選手pt,4枠_モーター2連率pt,4枠_寄与_モーター2連率pt,4枠_展示pt,4枠_寄与_展示pt,4枠_気象pt,4枠_寄与_気象pt,4枠_強さpt,5枠_枠番pt,5枠_寄与_枠番pt,5枠_選手pt,5枠_寄与_選手pt,5枠_モーター2連率pt,5枠_寄与_モーター2連率pt,5枠_展示pt,5枠_寄与_展示pt,5枠_気象pt,5枠_寄与_気象pt,5枠_強さpt,6枠_枠番pt,6枠_寄与_枠番pt,6枠_選手pt,6枠_寄与_選手pt,6枠_モーター2連率pt,6枠_寄与_モーター2連率pt,6枠_展示pt,6枠_寄与_展示pt,6枠_気象pt,6枠_寄与_気象pt,6枠_強さpt
202607020401,2026-07-02,04,1R,daily,67.74,21.25,44.76,13.13,60.81,6.66,50.0,10.95,50.0,3.23,55.21,53.79,16.87,42.31,12.41,36.63,4.01,50.0,10.95,50.0,3.23,47.47,51.51,16.15,47.21,13.85,59.01,6.46,50.0,10.95,50.0,3.23,50.64,50.38,15.8,52.11,15.29,59.01,6.46,50.0,10.95,50.0,3.23,51.72,42.01,13.18,47.21,13.85,10.65,1.17,50.0,10.95,50.0,3.23,42.37,34.13,10.7,37.41,10.98,42.85,4.69,50.0,10.95,50.0,3.23,40.54
202607020402,2026-07-02,04,2R,daily,67.74,21.25,64.36,18.88,59.01,6.46,50.0,10.95,50.0,3.23,60.76,53.79,16.87,49.66,14.57,10.65,1.17,50.0,10.95,50.0,3.23,46.78,51.51,16.15,44.76,13.13,10.65,1.17,50.0,10.95,50.0,3.23,44.63,50.38,15.8,44.76,13.13,88.84,9.73,50.0,10.95,50.0,3.23,52.83,42.01,13.18,44.76,13.13,83.19,9.11,50.0,10.95,50.0,3.23,49.59,34.13,10.7,39.86,11.69,42.85,4.69,50.0,10.95,50.0,3.23,41.26
202607020403,2026-07-02,04,3R,daily,67.74,21.25,44.76,13.13,59.01,6.46,50.0,10.95,50.0,3.23,55.01,53.79,16.87,39.86,11.69,38.89,4.26,50.0,10.95,50.0,3.23,47.0,51.51,16.15,54.56,16.01,59.01,6.46,50.0,10.95,50.0,3.23,52.8,50.38,15.8,42.31,12.41,26.69,2.92,50.0,10.95,50.0,3.23,45.31,42.01,13.18,30.06,8.82,59.01,6.46,50.0,10.95,50.0,3.23,42.63,34.13,10.7,49.66,14.57,75.16,8.23,50.0,10.95,50.0,3.23,47.68
202607020404,2026-07-02,04,4R,daily,67.74,21.25,49.66,14.57,42.85,4.69,50.0,10.95,50.0,3.23,54.68,53.79,16.87,49.66,14.57,10.65,1.17,50.0,10.95,50.0,3.23,46.78,51.51,16.15,83.96,24.63,10.65,1.17,50.0,10.95,50.0,3.23,56.13,50.38,15.8,47.21,13.85,42.85,4.69,50.0,10.95,50.0,3.23,48.52,42.01,13.18,52.11,15.29,48.27,5.29,50.0,10.95,50.0,3.23,47.92,34.13,10.7,42.31,12.41,42.85,4.69,50.0,10.95,50.0,3.23,41.98
202607020405,2026-07-02,04,5R,daily,67.74,21.25,49.66,14.57,54.04,5.92,50.0,10.95,50.0,3.23,55.91,53.79,16.87,47.21,13.85,59.01,6.46,50.0,10.95,50.0,3.23,51.36,51.51,16.15,44.76,13.13,75.16,8.23,50.0,10.95,50.0,3.23,51.69,50.38,15.8,49.66,14.57,59.01,6.46,50.0,10.95,50.0,3.23,51.01,42.01,13.18,101.11,29.66,10.65,1.17,50.0,10.95,50.0,3.23,58.18,34.13,10.7,32.51,9.54,42.85,4.69,50.0,10.95,50.0,3.23,39.11
202607020406,2026-07-02,04,6R,daily,67.74,21.25,47.21,13.85,54.04,5.92,50.0,10.95,50.0,3.23,55.19,53.79,16.87,91.31,26.79,29.4,3.22,50.0,10.95,50.0,3.23,61.05,51.51,16.15,42.31,12.41,36.63,4.01,50.0,10.95,50.0,3.23,46.75,50.38,15.8,39.86,11.69,59.01,6.46,50.0,10.95,50.0,3.23,48.13,42.01,13.18,49.66,14.57,59.01,6.46,50.0,10.95,50.0,3.23,48.38,34.13,10.7,42.31,12.41,10.65,1.17,50.0,10.95,50.0,3.23,38.46
202607020407,2026-07-02,04,7R,daily,67.74,21.25,42.31,12.41,107.48,11.77,50.0,10.95,50.0,3.23,59.6,53.79,16.87,49.66,14.57,42.85,4.69,50.0,10.95,50.0,3.23,50.31,51.51,16.15,39.86,11.69,42.85,4.69,50.0,10.95,50.0,3.23,46.71,50.38,15.8,52.11,15.29,59.01,6.46,50.0,10.95,50.0,3.23,51.72,42.01,13.18,37.41,10.98,42.85,4.69,50.0,10.95,50.0,3.23,43.02,34.13,10.7,54.56,16.01,75.16,8.23,50.0,10.95,50.0,3.23,49.11
202607020408,2026-07-02,04,8R,daily,67.74,21.25,47.21,13.85,33.24,3.64,50.0,10.95,50.0,3.23,52.91,53.79,16.87,44.76,13.13,59.01,6.46,50.0,10.95,50.0,3.23,50.64,51.51,16.15,44.76,13.13,60.81,6.66,50.0,10.95,50.0,3.23,50.12,50.38,15.8,66.81,19.6,29.4,3.22,50.0,10.95,50.0,3.23,52.8,42.01,13.18,49.66,14.57,10.65,1.17,50.0,10.95,50.0,3.23,43.08,34.13,10.7,32.51,9.54,42.85,4.69,50.0,10.95,50.0,3.23,39.11
202607020409,2026-07-02,04,9R,daily,67.74,21.25,52.11,15.29,26.69,2.92,50.0,10.95,50.0,3.23,53.63,53.79,16.87,54.56,16.01,59.01,6.46,50.0,10.95,50.0,3.23,53.51,51.51,16.15,49.66,14.57,42.85,4.69,50.0,10.95,50.0,3.23,49.59,50.38,15.8,44.76,13.13,10.65,1.17,50.0,10.95,50.0,3.23,44.27,42.01,13.18,49.66,14.57,10.65,1.17,50.0,10.95,50.0,3.23,43.08,34.13,10.7,52.11,15.29,59.01,6.46,50.0,10.95,50.0,3.23,46.63
202607020410,2026-07-02,04,10R,daily,67.74,21.25,52.11,15.29,48.27,5.29,50.0,10.95,50.0,3.23,55.99,53.79,16.87,61.91,18.16,59.01,6.46,50.0,10.95,50.0,3.23,55.67,51.51,16.15,54.56,16.01,42.85,4.69,50.0,10.95,50.0,3.23,51.03,50.38,15.8,47.21,13.85,59.01,6.46,50.0,10.95,50.0,3.23,50.29,42.01,13.18,49.66,14.57,75.16,8.23,50.0,10.95,50.0,3.23,50.15,34.13,10.7,47.21,13.85,59.01,6.46,50.0,10.95,50.0,3.23,45.19
202607020411,2026-07-02,04,11R,daily,67.74,21.25,52.11,15.29,42.85,4.69,50.0,10.95,50.0,3.23,55.4,53.79,16.87,52.11,15.29,59.01,6.46,50.0,10.95,50.0,3.23,52.79,51.51,16.15,49.66,14.57,59.01,6.46,50.0,10.95,50.0,3.23,51.36,50.38,15.8,49.66,14.57,42.85,4.69,50.0,10.95,50.0,3.23,49.24,42.01,13.18,42.31,12.41,26.69,2.92,50.0,10.95,50.0,3.23,42.69,34.13,10.7,49.66,14.57,59.01,6.46,50.0,10.95,50.0,3.23,45.91
202607020412,2026-07-02,04,12R,daily,67.74,21.25,91.31,26.79,29.4,3.22,50.0,10.95,50.0,3.23,65.43,53.79,16.87,54.56,16.01,75.16,8.23,50.0,10.95,50.0,3.23,55.28,51.51,16.15,101.11,29.66,10.65,1.17,50.0,10.95,50.0,3.23,61.16,50.38,15.8,64.36,18.88,59.01,6.46,50.0,10.95,50.0,3.23,55.32,42.01,13.18,66.81,19.6,29.4,3.22,50.0,10.95,50.0,3.23,50.17,34.13,10.7,83.96,24.63,10.65,1.17,50.0,10.95,50.0,3.23,50.67
202607020501,2026-07-02,05,1R,daily,68.07,24.11,44.49,10.58,52.4,4.35,50.0,11.97,50.0,4.29,55.29,52.29,18.52,42.14,10.02,41.5,3.44,50.0,11.97,50.0,4.29,48.24,51.64,18.29,44.49,10.58,38.22,3.17,50.0,11.97,50.0,4.29,48.3,48.08,17.03,56.26,13.37,51.91,4.3,50.0,11.97,50.0,4.29,50.97,44.14,15.63,42.14,10.02,48.96,4.06,50.0,11.97,50.0,4.29,45.97,35.55,12.59,44.49,10.58,57.72,4.79,50.0,11.97,50.0,4.29,44.21
202607020502,2026-07-02,05,2R,daily,68.07,24.11,49.2,11.69,33.71,2.8,50.0,11.97,50.0,4.29,54.86,52.29,18.52,44.49,10.58,47.64,3.95,50.0,11.97,50.0,4.29,49.31,51.64,18.29,53.91,12.81,55.43,4.6,50.0,11.97,50.0,4.29,51.96,48.08,17.03,37.43,8.9,55.76,4.62,50.0,11.97,50.0,4.29,46.81,44.14,15.63,42.14,10.02,49.04,4.07,50.0,11.97,50.0,4.29,45.98,35.55,12.59,44.49,10.58,48.79,4.05,50.0,11.97,50.0,4.29,43.47
202607020503,2026-07-02,05,3R,daily,68.07,24.11,46.85,11.13,52.23,4.33,50.0,11.97,50.0,4.29,55.83,52.29,18.52,51.55,12.25,44.94,3.73,50.0,11.97,50.0,4.29,50.76,51.64,18.29,42.14,10.02,54.61,4.53,50.0,11.97,50.0,4.29,49.1,48.08,17.03,42.14,10.02,49.61,4.11,50.0,11.97,50.0,4.29,47.42,44.14,15.63,49.2,11.69,53.46,4.43,50.0,11.97,50.0,4.29,48.02,35.55,12.59,46.85,11.13,55.1,4.57,50.0,11.97,50.0,4.29,44.56
202607020504,2026-07-02,05,4R,daily,68.07,24.11,49.2,11.69,36.83,3.05,50.0,11.97,50.0,4.29,55.12,52.29,18.52,44.49,10.58,54.69,4.54,50.0,11.97,50.0,4.29,49.89,51.64,18.29,44.49,10.58,60.67,5.03,50.0,11.97,50.0,4.29,50.16,48.08,17.03,51.55,12.25,57.4,4.76,50.0,11.97,50.0,4.29,50.3,44.14,15.63,49.2,11.69,66.25,5.49,50.0,11.97,50.0,4.29,49.08,35.55,12.59,42.14,10.02,47.4,3.93,50.0,11.97,50.0,4.29,42.8
202607020505,2026-07-02,05,5R,daily,68.07,24.11,49.2,11.69,51.74,4.29,50.0,11.97,50.0,4.29,56.35,52.29,18.52,51.55,12.25,48.14,3.99,50.0,11.97,50.0,4.29,51.03,51.64,18.29,44.49,10.58,39.53,3.28,50.0,11.97,50.0,4.29,48.41,48.08,17.03,42.14,10.02,41.5,3.44,50.0,11.97,50.0,4.29,46.75,44.14,15.63,32.72,7.78,55.51,4.6,50.0,11.97,50.0,4.29,44.28,35.55,12.59,49.2,11.69,37.98,3.15,50.0,11.97,50.0,4.29,43.7
202607020506,2026-07-02,05,6R,daily,68.07,24.11,53.91,12.81,49.61,4.11,50.0,11.97,50.0,4.29,57.3,52.29,18.52,42.14,10.02,49.04,4.07,50.0,11.97,50.0,4.29,48.86,51.64,18.29,49.2,11.69,42.81,3.55,50.0,11.97,50.0,4.29,49.8,48.08,17.03,56.26,13.37,41.5,3.44,50.0,11.97,50.0,4.29,50.1,44.14,15.63,44.49,10.58,38.22,3.17,50.0,11.97,50.0,4.29,45.64,35.55,12.59,51.55,12.25,52.48,4.35,50.0,11.97,50.0,4.29,45.46
202607020507,2026-07-02,05,7R,daily,68.07,24.11,42.14,10.02,48.96,4.06,50.0,11.97,50.0,4.29,54.44,52.29,18.52,49.2,11.69,33.71,2.8,50.0,11.97,50.0,4.29,49.27,51.64,18.29,44.49,10.58,48.79,4.05,50.0,11.97,50.0,4.29,49.17,48.08,17.03,46.85,11.13,48.87,4.05,50.0,11.97,50.0,4.29,48.48,44.14,15.63,46.85,11.13,52.23,4.33,50.0,11.97,50.0,4.29,47.36,35.55,12.59,51.55,12.25,37.98,3.15,50.0,11.97,50.0,4.29,44.25
202607020508,2026-07-02,05,8R,daily,68.07,24.11,49.2,11.69,66.25,5.49,50.0,11.97,50.0,4.29,57.56,52.29,18.52,44.49,10.58,57.72,4.79,50.0,11.97,50.0,4.29,50.14,51.64,18.29,44.49,10.58,47.64,3.95,50.0,11.97,50.0,4.29,49.08,48.08,17.03,42.14,10.02,54.61,4.53,50.0,11.97,50.0,4.29,47.84,44.14,15.63,44.49,10.58,52.4,4.35,50.0,11.97,50.0,4.29,46.81,35.55,12.59,37.43,8.9,55.76,4.62,50.0,11.97,50.0,4.29,42.37
202607020509,2026-07-02,05,9R,daily,68.07,24.11,51.55,12.25,57.4,4.76,50.0,11.97,50.0,4.29,57.38,52.29,18.52,42.14,10.02,49.61,4.11,50.0,11.97,50.0,4.29,48.91,51.64,18.29,56.26,13.37,51.91,4.3,50.0,11.97,50.0,4.29,52.23,48.08,17.03,46.85,11.13,55.1,4.57,50.0,11.97,50.0,4.29,48.99,44.14,15.63,49.2,11.69,36.83,3.05,50.0,11.97,50.0,4.29,46.64,35.55,12.59,44.49,10.58,39.53,3.28,50.0,11.97,50.0,4.29,42.71
202607020510,2026-07-02,05,10R,daily,68.07,24.11,49.2,11.69,37.98,3.15,50.0,11.97,50.0,4.29,55.21,52.29,18.52,49.2,11.69,53.46,4.43,50.0,11.97,50.0,4.29,50.91,51.64,18.29,56.26,13.37,41.5,3.44,50.0,11.97,50.0,4.29,51.37,48.08,17.03,44.49,10.58,60.67,5.03,50.0,11.97,50.0,4.29,48.9,44.14,15.63,51.55,12.25,44.94,3.73,50.0,11.97,50.0,4.29,47.87,35.55,12.59,49.2,11.69,51.74,4.29,50.0,11.97,50.0,4.29,44.84
202607020511,2026-07-02,05,11R,daily,68.07,24.11,51.55,12.25,37.98,3.15,50.0,11.97,50.0,4.29,55.77,52.29,18.52,49.2,11.69,42.81,3.55,50.0,11.97,50.0,4.29,50.02,51.64,18.29,46.85,11.13,48.87,4.05,50.0,11.97,50.0,4.29,49.74,48.08,17.03,53.91,12.81,55.43,4.6,50.0,11.97,50.0,4.29,50.7,44.14,15.63,44.49,10.58,54.69,4.54,50.0,11.97,50.0,4.29,47.0,35.55,12.59,53.91,12.81,49.61,4.11,50.0,11.97,50.0,4.29,45.78
202607020512,2026-07-02,05,12R,daily,68.07,24.11,82.15,19.53,68.87,5.71,50.0,11.97,50.0,4.29,65.61,52.29,18.52,46.85,11.13,47.24,3.92,50.0,11.97,50.0,4.29,49.83,51.64,18.29,51.55,12.25,40.76,3.38,50.0,11.97,50.0,4.29,50.19,48.08,17.03,49.2,11.69,51.09,4.24,50.0,11.97,50.0,4.29,49.22,44.14,15.63,49.2,11.69,63.3,5.25,50.0,11.97,50.0,4.29,48.84,35.55,12.59,58.61,13.93,45.92,3.81,50.0,11.97,50.0,4.29,46.59
202607020601,2026-07-02,06,1R,daily,65.26,25.28,48.43,9.57,62.59,5.21,50.0,12.61,50.0,3.98,56.65,51.73,20.04,42.41,8.38,49.76,4.14,50.0,12.61,50.0,3.98,49.15,52.9,20.49,44.42,8.78,42.93,3.57,50.0,12.61,50.0,3.98,49.43,49.61,19.22,46.43,9.17,49.76,4.14,50.0,12.61,50.0,3.98,49.12,44.6,17.28,44.42,8.78,36.77,3.06,50.0,12.61,50.0,3.98,45.7,34.84,13.5,60.47,11.95,56.84,4.73,50.0,12.61,50.0,3.98,46.76
202607020602,2026-07-02,06,2R,daily,65.26,25.28,42.41,8.38,43.43,3.61,50.0,12.61,50.0,3.98,53.87,51.73,20.04,42.41,8.38,41.44,3.45,50.0,12.61,50.0,3.98,48.46,52.9,20.49,44.42,8.78,61.92,5.15,50.0,12.61,50.0,3.98,51.01,49.61,19.22,58.47,11.55,58.51,4.87,50.0,12.61,50.0,3.98,52.23,44.6,17.28,44.42,8.78,44.27,3.68,50.0,12.61,50.0,3.98,46.33,34.84,13.5,34.39,6.79,48.76,4.06,50.0,12.61,50.0,3.98,40.94
202607020603,2026-07-02,06,3R,daily,65.26,25.28,54.45,10.76,44.18,3.68,50.0,12.61,50.0,3.98,56.31,51.73,20.04,46.43,9.17,56.18,4.67,50.0,12.61,50.0,3.98,50.48,52.9,20.49,42.41,8.38,45.1,3.75,50.0,12.61,50.0,3.98,49.22,49.61,19.22,42.41,8.38,58.01,4.83,50.0,12.61,50.0,3.98,49.02,44.6,17.28,46.43,9.17,42.19,3.51,50.0,12.61,50.0,3.98,46.55,34.84,13.5,46.43,9.17,52.6,4.38,50.0,12.61,50.0,3.98,43.64
202607020604,2026-07-02,06,4R,daily,65.26,25.28,48.43,9.57,53.85,4.48,50.0,12.61,50.0,3.98,55.92,51.73,20.04,68.5,13.53,41.94,3.49,50.0,12.61,50.0,3.98,53.65,52.9,20.49,42.41,8.38,53.85,4.48,50.0,12.61,50.0,3.98,49.94,49.61,19.22,46.43,9.17,62.59,5.21,50.0,12.61,50.0,3.98,50.19,44.6,17.28,48.43,9.57,38.52,3.21,50.0,12.61,50.0,3.98,46.64,34.84,13.5,46.43,9.17,56.26,4.68,50.0,12.61,50.0,3.98,43.94
202607020605,2026-07-02,06,5R,daily,65.26,25.28,48.43,9.57,58.09,4.83,50.0,12.61,50.0,3.98,56.27,51.73,20.04,42.41,8.38,51.51,4.29,50.0,12.61,50.0,3.98,49.3,52.9,20.49,46.43,9.17,41.69,3.47,50.0,12.61,50.0,3.98,49.72,49.61,19.22,56.46,11.15,57.84,4.81,50.0,12.61,50.0,3.98,51.78,44.6,17.28,44.42,8.78,42.93,3.57,50.0,12.61,50.0,3.98,46.22,34.84,13.5,44.42,8.78,63.42,5.28,50.0,12.61,50.0,3.98,44.14
202607020606,2026-07-02,06,6R,daily,65.26,25.28,44.42,8.78,45.1,3.75,50.0,12.61,50.0,3.98,54.4,51.73,20.04,46.43,9.17,57.18,4.76,50.0,12.61,50.0,3.98,50.56,52.9,20.49,46.43,9.17,34.94,2.91,50.0,12.61,50.0,3.98,49.16,49.61,19.22,44.42,8.78,53.01,4.41,50.0,12.61,50.0,3.98,49.0,44.6,17.28,64.48,12.74,61.01,5.08,50.0,12.61,50.0,3.98,51.68,34.84,13.5,46.43,9.17,49.76,4.14,50.0,12.61,50.0,3.98,43.4
202607020607,2026-07-02,06,7R,daily,65.26,25.28,46.43,9.17,54.01,4.49,50.0,12.61,50.0,3.98,55.54,51.73,20.04,44.42,8.78,53.85,4.48,50.0,12.61,50.0,3.98,49.89,52.9,20.49,48.43,9.57,49.26,4.1,50.0,12.61,50.0,3.98,50.75,49.61,19.22,48.43,9.57,62.59,5.21,50.0,12.61,50.0,3.98,50.59,44.6,17.28,44.42,8.78,60.18,5.01,50.0,12.61,50.0,3.98,47.65,34.84,13.5,58.47,11.55,58.51,4.87,50.0,12.61,50.0,3.98,46.51
202607020608,2026-07-02,06,8R,daily,65.26,25.28,44.42,8.78,36.77,3.06,50.0,12.61,50.0,3.98,53.71,51.73,20.04,44.42,8.78,70.92,5.9,50.0,12.61,50.0,3.98,51.31,52.9,20.49,48.43,9.57,38.52,3.21,50.0,12.61,50.0,3.98,49.86,49.61,19.22,52.45,10.36,43.43,3.61,50.0,12.61,50.0,3.98,49.79,44.6,17.28,42.41,8.38,43.43,3.61,50.0,12.61,50.0,3.98,45.86,34.84,13.5,46.43,9.17,51.43,4.28,50.0,12.61,50.0,3.98,43.54
202607020609,2026-07-02,06,9R,daily,65.26,25.28,46.43,9.17,51.43,4.28,50.0,12.61,50.0,3.98,55.32,51.73,20.04,48.43,9.57,44.27,3.68,50.0,12.61,50.0,3.98,49.88,52.9,20.49,56.46,11.15,57.84,4.81,50.0,12.61,50.0,3.98,53.05,49.61,19.22,42.41,8.38,53.85,4.48,50.0,12.61,50.0,3.98,48.67,44.6,17.28,42.41,8.38,58.01,4.83,50.0,12.61,50.0,3.98,47.07,34.84,13.5,44.42,8.78,44.27,3.68,50.0,12.61,50.0,3.98,42.55
202607020610,2026-07-02,06,10R,daily,65.26,25.28,46.43,9.17,42.19,3.51,50.0,12.61,50.0,3.98,54.55,51.73,20.04,46.43,9.17,37.69,3.14,50.0,12.61,50.0,3.98,48.94,52.9,20.49,48.43,9.57,53.85,4.48,50.0,12.61,50.0,3.98,51.13,49.61,19.22,46.43,9.17,41.69,3.47,50.0,12.61,50.0,3.98,48.45,44.6,17.28,44.42,8.78,46.1,3.84,50.0,12.61,50.0,3.98,46.48,34.84,13.5,64.48,12.74,61.01,5.08,50.0,12.61,50.0,3.98,47.9
202607020611,2026-07-02,06,11R,daily,65.26,25.28,46.43,9.17,57.18,4.76,50.0,12.61,50.0,3.98,55.8,51.73,20.04,48.43,9.57,49.26,4.1,50.0,12.61,50.0,3.98,50.3,52.9,20.49,60.47,11.95,56.84,4.73,50.0,12.61,50.0,3.98,53.76,49.61,19.22,44.42,8.78,63.42,5.28,50.0,12.61,50.0,3.98,49.86,44.6,17.28,42.41,8.38,41.44,3.45,50.0,12.61,50.0,3.98,45.69,34.84,13.5,46.43,9.17,62.67,5.21,50.0,12.61,50.0,3.98,44.47
202607020612,2026-07-02,06,12R,daily,65.26,25.28,60.47,11.95,54.26,4.51,50.0,12.61,50.0,3.98,58.33,51.73,20.04,46.43,9.17,56.26,4.68,50.0,12.61,50.0,3.98,50.48,52.9,20.49,44.42,8.78,53.01,4.41,50.0,12.61,50.0,3.98,50.27,49.61,19.22,46.43,9.17,56.18,4.67,50.0,12.61,50.0,3.98,49.66,44.6,17.28,44.42,8.78,70.92,5.9,50.0,12.61,50.0,3.98,48.54,34.84,13.5,42.41,8.38,51.51,4.29,50.0,12.61,50.0,3.98,42.75
202607020701,2026-07-02,07,1R,daily,67.16,25.81,41.1,10.36,59.71,3.4,50.0,11.09,50.0,4.24,54.9,51.25,19.69,50.93,12.84,44.94,2.56,50.0,11.09,50.0,4.24,50.43,53.58,20.59,50.93,12.84,40.27,2.29,50.0,11.09,50.0,4.24,51.06,50.73,19.5,41.1,10.36,40.42,2.3,50.0,11.09,50.0,4.24,47.49,44.04,16.93,27.32,6.89,41.63,2.37,50.0,11.09,50.0,4.24,41.52,32.76,12.59,33.23,8.38,46.45,2.64,50.0,11.09,50.0,4.24,38.94
202607020702,2026-07-02,07,2R,daily,67.16,25.81,39.13,9.87,46.15,2.63,50.0,11.09,50.0,4.24,53.63,51.25,19.69,47.0,11.85,59.11,3.36,50.0,11.09,50.0,4.24,50.24,53.58,20.59,62.74,15.82,58.05,3.3,50.0,11.09,50.0,4.24,55.05,50.73,19.5,60.77,15.32,62.12,3.54,50.0,11.09,50.0,4.24,53.69,44.04,16.93,58.8,14.83,43.28,2.46,50.0,11.09,50.0,4.24,49.55,32.76,12.59,35.19,8.87,62.12,3.54,50.0,11.09,50.0,4.24,40.33
202607020703,2026-07-02,07,3R,daily,67.16,25.81,39.13,9.87,53.38,3.04,50.0,11.09,50.0,4.24,54.05,51.25,19.69,50.93,12.84,53.23,3.03,50.0,11.09,50.0,4.24,50.9,53.58,20.59,48.96,12.35,39.06,2.22,50.0,11.09,50.0,4.24,50.49,50.73,19.5,37.16,9.37,72.97,4.15,50.0,11.09,50.0,4.24,48.35,44.04,16.93,52.9,13.34,41.63,2.37,50.0,11.09,50.0,4.24,47.97,32.76,12.59,45.03,11.35,41.33,2.35,50.0,11.09,50.0,4.24,41.63
202607020704,2026-07-02,07,4R,daily,67.16,25.81,54.87,13.83,39.67,2.26,50.0,11.09,50.0,4.24,57.23,51.25,19.69,62.74,15.82,41.48,2.36,50.0,11.09,50.0,4.24,53.21,53.58,20.59,56.83,14.33,49.91,2.84,50.0,11.09,50.0,4.24,53.09,50.73,19.5,45.03,11.35,69.05,3.93,50.0,11.09,50.0,4.24,50.11,44.04,16.93,35.19,8.87,47.8,2.72,50.0,11.09,50.0,4.24,43.85,32.76,12.59,58.8,14.83,53.08,3.02,50.0,11.09,50.0,4.24,45.77
202607020705,2026-07-02,07,5R,daily,67.16,25.81,47.0,11.85,57.6,3.28,50.0,11.09,50.0,4.24,56.27,51.25,19.69,39.13,9.87,54.13,3.08,50.0,11.09,50.0,4.24,47.97,53.58,20.59,41.1,10.36,40.42,2.3,50.0,11.09,50.0,4.24,48.59,50.73,19.5,56.83,14.33,48.86,2.78,50.0,11.09,50.0,4.24,51.94,44.04,16.93,47.0,11.85,67.84,3.86,50.0,11.09,50.0,4.24,47.97,32.76,12.59,35.19,8.87,51.72,2.94,50.0,11.09,50.0,4.24,39.74
202607020706,2026-07-02,07,6R,daily,67.16,25.81,43.06,10.86,50.37,2.87,50.0,11.09,50.0,4.24,54.87,51.25,19.69,45.03,11.35,41.02,2.34,50.0,11.09,50.0,4.24,48.71,53.58,20.59,52.9,13.34,57.3,3.26,50.0,11.09,50.0,4.24,52.52,50.73,19.5,31.26,7.88,55.94,3.18,50.0,11.09,50.0,4.24,45.89,44.04,16.93,33.23,8.38,46.45,2.64,50.0,11.09,50.0,4.24,43.28,32.76,12.59,50.93,12.84,39.97,2.28,50.0,11.09,50.0,4.24,43.04
202607020707,2026-07-02,07,7R,daily,67.16,25.81,50.93,12.84,53.23,3.03,50.0,11.09,50.0,4.24,57.01,51.25,19.69,41.1,10.36,37.41,2.13,50.0,11.09,50.0,4.24,47.52,53.58,20.59,39.13,9.87,54.13,3.08,50.0,11.09,50.0,4.24,48.87,50.73,19.5,35.19,8.87,62.12,3.54,50.0,11.09,50.0,4.24,47.24,44.04,16.93,48.96,12.35,57.15,3.25,50.0,11.09,50.0,4.24,47.86,32.76,12.59,50.93,12.84,50.22,2.86,50.0,11.09,50.0,4.24,43.62
202607020708,2026-07-02,07,8R,daily,67.16,25.81,54.87,13.83,45.39,2.58,50.0,11.09,50.0,4.24,57.56,51.25,19.69,39.13,9.87,46.15,2.63,50.0,11.09,50.0,4.24,47.52,53.58,20.59,58.8,14.83,53.08,3.02,50.0,11.09,50.0,4.24,53.77,50.73,19.5,39.13,9.87,53.38,3.04,50.0,11.09,50.0,4.24,47.73,44.04,16.93,43.06,10.86,35.9,2.04,50.0,11.09,50.0,4.24,45.16,32.76,12.59,27.32,6.89,41.63,2.37,50.0,11.09,50.0,4.24,37.18
202607020709,2026-07-02,07,9R,daily,67.16,25.81,52.9,13.34,56.54,3.22,50.0,11.09,50.0,4.24,57.7,51.25,19.69,52.9,13.34,41.63,2.37,50.0,11.09,50.0,4.24,50.73,53.58,20.59,41.1,10.36,59.71,3.4,50.0,11.09,50.0,4.24,49.68,50.73,19.5,35.19,8.87,47.8,2.72,50.0,11.09,50.0,4.24,46.42,44.04,16.93,52.9,13.34,39.97,2.28,50.0,11.09,50.0,4.24,47.87,32.76,12.59,58.8,14.83,43.28,2.46,50.0,11.09,50.0,4.24,45.21
202607020710,2026-07-02,07,10R,daily,67.16,25.81,62.74,15.82,58.05,3.3,50.0,11.09,50.0,4.24,60.26,51.25,19.69,56.83,14.33,49.91,2.84,50.0,11.09,50.0,4.24,52.2,53.58,20.59,54.87,13.83,39.67,2.26,50.0,11.09,50.0,4.24,52.02,50.73,19.5,43.06,10.86,60.46,3.44,50.0,11.09,50.0,4.24,49.13,44.04,16.93,37.16,9.37,72.97,4.15,50.0,11.09,50.0,4.24,45.78,32.76,12.59,50.93,12.84,44.94,2.56,50.0,11.09,50.0,4.24,43.32
202607020711,2026-07-02,07,11R,daily,67.16,25.81,50.93,12.84,40.27,2.29,50.0,11.09,50.0,4.24,56.28,51.25,19.69,45.03,11.35,41.33,2.35,50.0,11.09,50.0,4.24,48.73,53.58,20.59,41.1,10.36,51.57,2.94,50.0,11.09,50.0,4.24,49.22,50.73,19.5,48.96,12.35,53.83,3.06,50.0,11.09,50.0,4.24,50.24,44.04,16.93,45.03,11.35,69.05,3.93,50.0,11.09,50.0,4.24,47.54,32.76,12.59,47.0,11.85,59.11,3.36,50.0,11.09,50.0,4.24,43.14
202607020712,2026-07-02,07,12R,daily,67.16,25.81,62.74,15.82,41.48,2.36,50.0,11.09,50.0,4.24,59.32,51.25,19.69,60.77,15.32,62.12,3.54,50.0,11.09,50.0,4.24,53.88,53.58,20.59,56.83,14.33,49.16,2.8,50.0,11.09,50.0,4.24,53.05,50.73,19.5,48.96,12.35,39.06,2.22,50.0,11.09,50.0,4.24,49.4,44.04,16.93,50.93,12.84,56.24,3.2,50.0,11.09,50.0,4.24,48.3,32.76,12.59,41.1,10.36,44.49,2.53,50.0,11.09,50.0,4.24,40.82
202607020801,2026-07-02,08,1R,daily,68.66,26.13,46.08,9.46,51.5,3.19,50.0,12.7,50.0,4.91,56.39,51.41,19.57,42.27,8.67,41.85,2.59,50.0,12.7,50.0,4.91,48.44,50.19,19.11,40.36,8.28,45.54,2.82,50.0,12.7,50.0,4.91,47.82,48.07,18.3,44.17,9.06,55.07,3.41,50.0,12.7,50.0,4.91,48.38,44.2,16.82,44.17,9.06,59.47,3.68,50.0,12.7,50.0,4.91,47.18,36.98,14.08,44.17,9.06,58.52,3.63,50.0,12.7,50.0,4.91,44.38
202607020801,2026-07-02,08,1R,realtime,68.66,26.13,46.08,9.46,51.5,3.19,45.88,11.66,43.19,4.24,54.67,50.19,19.11,42.27,8.67,41.85,2.59,60.51,15.37,48.25,4.73,50.48,48.07,18.3,40.36,8.28,45.54,2.82,63.96,16.25,50.0,4.91,50.56,44.2,16.82,44.17,9.06,55.07,3.41,32.56,8.27,53.12,5.21,42.79,36.98,14.08,44.17,9.06,59.47,3.68,54.98,13.97,46.34,4.55,45.34,51.41,19.57,44.17,9.06,58.52,3.63,42.22,10.73,59.03,5.79,48.78
202607020802,2026-07-02,08,2R,daily,68.66,26.13,42.27,8.67,57.21,3.54,50.0,12.7,50.0,4.91,55.96,51.41,19.57,44.17,9.06,47.68,2.95,50.0,12.7,50.0,4.91,49.2,50.19,19.11,42.27,8.67,49.47,3.07,50.0,12.7,50.0,4.91,48.45,48.07,18.3,47.98,9.85,64.83,4.02,50.0,12.7,50.0,4.91,49.77,44.2,16.82,67.05,13.76,67.81,4.2,50.0,12.7,50.0,4.91,52.39,36.98,14.08,34.64,7.11,47.33,2.93,50.0,12.7,50.0,4.91,41.73
202607020802,2026-07-02,08,2R,realtime,68.66,26.13,42.27,8.67,57.21,3.54,38.07,9.67,45.26,4.44,52.47,51.41,19.57,44.17,9.06,47.68,2.95,53.42,13.57,69.75,6.84,52.0,50.19,19.11,42.27,8.67,49.47,3.07,39.2,9.96,65.61,6.44,47.24,48.07,18.3,47.98,9.85,64.83,4.02,48.05,12.21,47.54,4.66,49.03,44.2,16.82,67.05,13.76,67.81,4.2,75.45,19.17,39.62,3.89,57.84,36.98,14.08,34.64,7.11,47.33,2.93,45.91,11.66,32.14,3.15,38.93
202607020803,2026-07-02,08,3R,daily,68.66,26.13,36.55,7.5,50.66,3.14,50.0,12.7,50.0,4.91,54.38,51.41,19.57,49.89,10.24,59.95,3.71,50.0,12.7,50.0,4.91,51.13,50.19,19.11,42.27,8.67,48.99,3.04,50.0,12.7,50.0,4.91,48.42,48.07,18.3,53.7,11.02,44.23,2.74,50.0,12.7,50.0,4.91,49.67,44.2,16.82,38.45,7.89,54.0,3.35,50.0,12.7,50.0,4.91,45.67,36.98,14.08,47.98,9.85,48.16,2.98,50.0,12.7,50.0,4.91,44.52
202607020804,2026-07-02,08,4R,daily,68.66,26.13,44.17,9.06,45.07,2.79,50.0,12.7,50.0,4.91,55.6,51.41,19.57,46.08,9.46,54.23,3.36,50.0,12.7,50.0,4.91,49.99,50.19,19.11,44.17,9.06,63.28,3.92,50.0,12.7,50.0,4.91,49.7,48.07,18.3,42.27,8.67,49.23,3.05,50.0,12.7,50.0,4.91,47.63,44.2,16.82,59.42,12.19,48.04,2.98,50.0,12.7,50.0,4.91,49.6,36.98,14.08,46.08,9.46,64.95,4.02,50.0,12.7,50.0,4.91,45.17
202607020805,2026-07-02,08,5R,daily,68.66,26.13,44.17,9.06,55.07,3.41,50.0,12.7,50.0,4.91,56.22,51.41,19.57,47.98,9.85,47.33,2.93,50.0,12.7,50.0,4.91,49.96,50.19,19.11,47.98,9.85,40.9,2.53,50.0,12.7,50.0,4.91,49.1,48.07,18.3,44.17,9.06,47.09,2.92,50.0,12.7,50.0,4.91,47.89,44.2,16.82,49.89,10.24,44.83,2.78,50.0,12.7,50.0,4.91,47.45,36.98,14.08,32.73,6.72,53.28,3.3,50.0,12.7,50.0,4.91,41.7
202607020806,2026-07-02,08,6R,daily,68.66,26.13,59.42,12.19,53.64,3.32,50.0,12.7,50.0,4.91,59.26,51.41,19.57,46.08,9.46,44.83,2.78,50.0,12.7,50.0,4.91,49.41,50.19,19.11,38.45,7.89,49.23,3.05,50.0,12.7,50.0,4.91,47.66,48.07,18.3,42.27,8.67,57.21,3.54,50.0,12.7,50.0,4.91,48.12,44.2,16.82,46.08,9.46,59.59,3.69,50.0,12.7,50.0,4.91,47.58,36.98,14.08,49.89,10.24,42.21,2.62,50.0,12.7,50.0,4.91,44.54
202607020807,2026-07-02,08,7R,daily,68.66,26.13,47.98,9.85,52.69,3.26,50.0,12.7,50.0,4.91,56.86,51.41,19.57,44.17,9.06,44.83,2.78,50.0,12.7,50.0,4.91,49.02,50.19,19.11,38.45,7.89,54.0,3.35,50.0,12.7,50.0,4.91,47.95,48.07,18.3,40.36,8.28,45.54,2.82,50.0,12.7,50.0,4.91,47.01,44.2,16.82,59.42,12.19,48.16,2.98,50.0,12.7,50.0,4.91,49.61,36.98,14.08,40.36,8.28,51.38,3.18,50.0,12.7,50.0,4.91,43.15
202607020808,2026-07-02,08,8R,daily,68.66,26.13,44.17,9.06,44.83,2.78,50.0,12.7,50.0,4.91,55.59,51.41,19.57,53.7,11.02,44.23,2.74,50.0,12.7,50.0,4.91,50.94,50.19,19.11,44.17,9.06,45.07,2.79,50.0,12.7,50.0,4.91,48.57,48.07,18.3,53.7,11.02,57.21,3.54,50.0,12.7,50.0,4.91,50.47,44.2,16.82,34.64,7.11,47.33,2.93,50.0,12.7,50.0,4.91,44.47,36.98,14.08,42.27,8.67,58.16,3.6,50.0,12.7,50.0,4.91,43.96
202607020809,2026-07-02,08,9R,daily,68.66,26.13,44.17,9.06,63.05,3.91,50.0,12.7,50.0,4.91,56.71,51.41,19.57,47.98,9.85,48.16,2.98,50.0,12.7,50.0,4.91,50.01,50.19,19.11,67.05,13.76,67.81,4.2,50.0,12.7,50.0,4.91,54.68,48.07,18.3,46.08,9.46,51.5,3.19,50.0,12.7,50.0,4.91,48.55,44.2,16.82,44.17,9.06,47.09,2.92,50.0,12.7,50.0,4.91,46.42,36.98,14.08,44.17,9.06,50.9,3.15,50.0,12.7,50.0,4.91,43.9
202607020810,2026-07-02,08,10R,daily,68.66,26.13,49.89,10.24,44.83,2.78,50.0,12.7,50.0,4.91,56.76,51.41,19.57,44.17,9.06,58.52,3.63,50.0,12.7,50.0,4.91,49.87,50.19,19.11,44.17,9.06,47.68,2.95,50.0,12.7,50.0,4.91,48.73,48.07,18.3,46.08,9.46,44.83,2.78,50.0,12.7,50.0,4.91,48.14,44.2,16.82,44.17,9.06,63.28,3.92,50.0,12.7,50.0,4.91,47.42,36.98,14.08,49.89,10.24,59.95,3.71,50.0,12.7,50.0,4.91,45.64
202607020811,2026-07-02,08,11R,daily,68.66,26.13,59.42,12.19,48.04,2.98,50.0,12.7,50.0,4.91,58.91,51.41,19.57,51.8,10.63,56.14,3.48,50.0,12.7,50.0,4.91,51.29,50.19,19.11,46.08,9.46,59.59,3.69,50.0,12.7,50.0,4.91,49.86,48.07,18.3,47.98,9.85,52.69,3.26,50.0,12.7,50.0,4.91,49.02,44.2,16.82,47.98,9.85,47.33,2.93,50.0,12.7,50.0,4.91,47.21,36.98,14.08,47.98,9.85,64.83,4.02,50.0,12.7,50.0,4.91,45.55
202607020812,2026-07-02,08,12R,daily,68.66,26.13,59.42,12.19,48.16,2.98,50.0,12.7,50.0,4.91,58.92,51.41,19.57,42.27,8.67,49.47,3.07,50.0,12.7,50.0,4.91,48.92,50.19,19.11,46.08,9.46,64.95,4.02,50.0,12.7,50.0,4.91,50.2,48.07,18.3,42.27,8.67,48.99,3.04,50.0,12.7,50.0,4.91,47.61,44.2,16.82,59.42,12.19,53.64,3.32,50.0,12.7,50.0,4.91,49.95,36.98,14.08,53.7,11.02,57.21,3.54,50.0,12.7,50.0,4.91,46.25
202607021101,2026-07-02,11,1R,daily,68.08,28.11,44.12,10.67,50.61,3.54,50.0,9.56,50.0,4.21,56.08,52.8,21.8,44.12,10.67,50.02,3.5,50.0,9.56,50.0,4.21,49.74,51.23,21.15,44.12,10.67,51.77,3.62,50.0,9.56,50.0,4.21,49.21,49.76,20.54,39.27,9.5,50.61,3.54,50.0,9.56,50.0,4.21,47.35,44.2,18.25,41.69,10.08,42.7,2.99,50.0,9.56,50.0,4.21,45.09,33.3,13.75,44.12,10.67,54.18,3.79,50.0,9.56,50.0,4.21,41.98
202607021101,2026-07-02,11,1R,realtime,68.08,28.11,44.12,10.67,50.61,3.54,74.34,14.22,35.85,3.02,59.55,52.8,21.8,44.12,10.67,50.02,3.5,50.47,9.65,62.04,5.22,50.84,51.23,21.15,44.12,10.67,51.77,3.62,39.7,7.59,56.26,4.73,47.77,49.76,20.54,39.27,9.5,50.61,3.54,55.9,10.69,40.5,3.41,47.68,44.2,18.25,41.69,10.08,42.7,2.99,45.36,8.67,52.02,4.38,44.37,33.3,13.75,44.12,10.67,54.18,3.79,34.22,6.54,53.23,4.48,39.23
202607021102,2026-07-02,11,2R,daily,68.08,28.11,41.69,10.08,47.61,3.33,50.0,9.56,50.0,4.21,55.29,52.8,21.8,41.69,10.08,63.08,4.41,50.0,9.56,50.0,4.21,50.06,51.23,21.15,41.69,10.08,38.63,2.7,50.0,9.56,50.0,4.21,47.7,49.76,20.54,70.79,17.12,45.62,3.19,50.0,9.56,50.0,4.21,54.62,44.2,18.25,51.39,12.43,61.0,4.27,50.0,9.56,50.0,4.21,48.71,33.3,13.75,22.29,5.39,50.52,3.53,50.0,9.56,50.0,4.21,36.44
202607021102,2026-07-02,11,2R,realtime,68.08,28.11,41.69,10.08,47.61,3.33,67.41,12.89,38.59,3.25,57.66,52.8,21.8,41.69,10.08,63.08,4.41,59.96,11.47,61.36,5.16,52.92,51.23,21.15,41.69,10.08,38.63,2.7,34.94,6.68,57.19,4.81,45.43,49.76,20.54,70.79,17.12,45.62,3.19,52.5,10.04,40.95,3.45,54.34,44.2,18.25,51.39,12.43,61.0,4.27,50.57,9.67,50.37,4.24,48.85,33.3,13.75,22.29,5.39,50.52,3.53,34.61,6.62,51.47,4.33,33.62
202607021103,2026-07-02,11,3R,daily,68.08,28.11,46.54,11.26,55.18,3.86,50.0,9.56,50.0,4.21,56.99,52.8,21.8,46.54,11.26,49.52,3.46,50.0,9.56,50.0,4.21,50.29,51.23,21.15,58.66,14.19,45.12,3.16,50.0,9.56,50.0,4.21,52.26,49.76,20.54,53.82,13.02,59.92,4.19,50.0,9.56,50.0,4.21,51.52,44.2,18.25,46.54,11.26,59.09,4.13,50.0,9.56,50.0,4.21,47.41,33.3,13.75,44.12,10.67,50.61,3.54,50.0,9.56,50.0,4.21,41.73
202607021103,2026-07-02,11,3R,realtime,68.08,28.11,46.54,11.26,55.18,3.86,56.05,10.72,66.62,5.61,59.55,52.8,21.8,46.54,11.26,49.52,3.46,51.61,9.87,36.05,3.03,49.42,51.23,21.15,58.66,14.19,45.12,3.16,37.04,7.08,65.2,5.49,51.06,49.76,20.54,53.82,13.02,59.92,4.19,57.16,10.93,40.81,3.43,52.11,44.2,18.25,46.54,11.26,59.09,4.13,51.31,9.81,46.68,3.93,47.38,33.3,13.75,44.12,10.67,50.61,3.54,46.82,8.95,44.57,3.75,40.66
202607021104,2026-07-02,11,4R,daily,68.08,28.11,46.54,11.26,41.37,2.89,50.0,9.56,50.0,4.21,56.03,52.8,21.8,53.82,13.02,52.68,3.69,50.0,9.56,50.0,4.21,52.27,51.23,21.15,48.97,11.84,25.24,1.77,50.0,9.56,50.0,4.21,48.53,49.76,20.54,41.69,10.08,29.23,2.04,50.0,9.56,50.0,4.21,46.44,44.2,18.25,41.69,10.08,34.97,2.45,50.0,9.56,50.0,4.21,44.55,33.3,13.75,53.82,13.02,59.42,4.16,50.0,9.56,50.0,4.21,44.69
202607021105,2026-07-02,11,5R,daily,68.08,28.11,31.99,7.74,50.02,3.5,50.0,9.56,50.0,4.21,53.11,52.8,21.8,51.39,12.43,56.51,3.95,50.0,9.56,50.0,4.21,51.95,51.23,21.15,41.69,10.08,42.7,2.99,50.0,9.56,50.0,4.21,47.99,49.76,20.54,61.09,14.78,41.37,2.89,50.0,9.56,50.0,4.21,51.98,44.2,18.25,53.82,13.02,39.54,2.77,50.0,9.56,50.0,4.21,47.8,33.3,13.75,44.12,10.67,38.05,2.66,50.0,9.56,50.0,4.21,40.85
202607021106,2026-07-02,11,6R,daily,68.08,28.11,39.27,9.5,54.93,3.84,50.0,9.56,50.0,4.21,55.21,52.8,21.8,46.54,11.26,62.5,4.37,50.0,9.56,50.0,4.21,51.19,51.23,21.15,53.82,13.02,47.44,3.32,50.0,9.56,50.0,4.21,51.25,49.76,20.54,44.12,10.67,51.77,3.62,50.0,9.56,50.0,4.21,48.6,44.2,18.25,53.82,13.02,52.68,3.69,50.0,9.56,50.0,4.21,48.72,33.3,13.75,31.99,7.74,51.6,3.61,50.0,9.56,50.0,4.21,38.86
202607021107,2026-07-02,11,7R,daily,68.08,28.11,51.39,12.43,46.28,3.24,50.0,9.56,50.0,4.21,57.54,52.8,21.8,46.54,11.26,44.7,3.13,50.0,9.56,50.0,4.21,49.95,51.23,21.15,46.54,11.26,55.18,3.86,50.0,9.56,50.0,4.21,50.04,49.76,20.54,48.97,11.84,40.29,2.82,50.0,9.56,50.0,4.21,48.97,44.2,18.25,41.69,10.08,47.61,3.33,50.0,9.56,50.0,4.21,45.43,33.3,13.75,51.39,12.43,46.95,3.28,50.0,9.56,50.0,4.21,43.23
202607021108,2026-07-02,11,8R,daily,68.08,28.11,46.54,11.26,47.61,3.33,50.0,9.56,50.0,4.21,56.46,52.8,21.8,39.27,9.5,50.61,3.54,50.0,9.56,50.0,4.21,48.6,51.23,21.15,46.54,11.26,41.37,2.89,50.0,9.56,50.0,4.21,49.07,49.76,20.54,51.39,12.43,46.53,3.26,50.0,9.56,50.0,4.21,49.99,44.2,18.25,48.97,11.84,50.61,3.54,50.0,9.56,50.0,4.21,47.4,33.3,13.75,46.54,11.26,59.09,4.13,50.0,9.56,50.0,4.21,42.91
202607021109,2026-07-02,11,9R,daily,68.08,28.11,41.69,10.08,29.23,2.04,50.0,9.56,50.0,4.21,54.0,52.8,21.8,44.12,10.67,54.18,3.79,50.0,9.56,50.0,4.21,50.03,51.23,21.15,46.54,11.26,49.52,3.46,50.0,9.56,50.0,4.21,49.64,49.76,20.54,31.99,7.74,50.02,3.5,50.0,9.56,50.0,4.21,45.55,44.2,18.25,53.82,13.02,45.78,3.2,50.0,9.56,50.0,4.21,48.23,33.3,13.75,44.12,10.67,53.52,3.74,50.0,9.56,50.0,4.21,41.93
202607021110,2026-07-02,11,10R,daily,68.08,28.11,53.82,13.02,59.42,4.16,50.0,9.56,50.0,4.21,59.05,52.8,21.8,53.82,13.02,39.54,2.77,50.0,9.56,50.0,4.21,51.35,51.23,21.15,53.82,13.02,59.92,4.19,50.0,9.56,50.0,4.21,52.13,49.76,20.54,53.82,13.02,47.44,3.32,50.0,9.56,50.0,4.21,50.65,44.2,18.25,41.69,10.08,63.08,4.41,50.0,9.56,50.0,4.21,46.51,33.3,13.75,44.12,10.67,50.61,3.54,50.0,9.56,50.0,4.21,41.73
202607021111,2026-07-02,11,11R,daily,68.08,28.11,44.12,10.67,50.61,3.54,50.0,9.56,50.0,4.21,56.08,52.8,21.8,53.82,13.02,52.68,3.69,50.0,9.56,50.0,4.21,52.27,51.23,21.15,70.79,17.12,45.62,3.19,50.0,9.56,50.0,4.21,55.23,49.76,20.54,48.97,11.84,25.24,1.77,50.0,9.56,50.0,4.21,47.92,44.2,18.25,51.39,12.43,56.51,3.95,50.0,9.56,50.0,4.21,48.4,33.3,13.75,51.39,12.43,46.28,3.24,50.0,9.56,50.0,4.21,43.18
202607021112,2026-07-02,11,12R,daily,68.08,28.11,51.39,12.43,46.95,3.28,50.0,9.56,50.0,4.21,57.59,52.8,21.8,51.39,12.43,61.0,4.27,50.0,9.56,50.0,4.21,52.26,51.23,21.15,61.09,14.78,41.37,2.89,50.0,9.56,50.0,4.21,52.59,49.76,20.54,58.66,14.19,45.12,3.16,50.0,9.56,50.0,4.21,51.66,44.2,18.25,53.82,13.02,52.68,3.69,50.0,9.56,50.0,4.21,48.72,33.3,13.75,46.54,11.26,47.61,3.33,50.0,9.56,50.0,4.21,42.1
202607021601,2026-07-02,16,1R,daily,69.08,28.98,55.8,12.44,54.95,3.26,50.0,9.46,50.0,5.45,59.59,50.89,21.35,49.07,10.94,50.37,2.99,50.0,9.46,50.0,5.45,50.19,51.29,21.52,55.8,12.44,48.49,2.88,50.0,9.46,50.0,5.45,51.75,48.14,20.2,71.51,15.94,51.72,3.07,50.0,9.46,50.0,5.45,54.12,42.93,18.01,51.32,11.44,49.22,2.92,50.0,9.46,50.0,5.45,47.28,37.19,15.6,49.07,10.94,68.7,4.08,50.0,9.46,50.0,5.45,45.53
202607021601,2026-07-02,16,1R,realtime,69.08,28.98,55.8,12.44,54.95,3.26,69.42,13.13,54.14,5.9,63.71,50.89,21.35,49.07,10.94,50.37,2.99,49.31,9.33,56.94,6.2,50.81,51.29,21.52,55.8,12.44,48.49,2.88,48.42,9.16,43.76,4.77,50.77,48.14,20.2,71.51,15.94,51.72,3.07,53.99,10.21,34.61,3.77,53.2,42.93,18.01,51.32,11.44,49.22,2.92,32.85,6.21,59.48,6.48,45.07,37.19,15.6,49.07,10.94,68.7,4.08,46.08,8.72,51.12,5.57,44.91
202607021602,2026-07-02,16,2R,daily,69.08,28.98,49.07,10.94,54.12,3.21,50.0,9.46,50.0,5.45,58.04,50.89,21.35,44.59,9.94,49.22,2.92,50.0,9.46,50.0,5.45,49.12,51.29,21.52,62.53,13.94,49.01,2.91,50.0,9.46,50.0,5.45,53.28,48.14,20.2,62.53,13.94,58.49,3.47,50.0,9.46,50.0,5.45,52.52,42.93,18.01,58.05,12.94,52.66,3.13,50.0,9.46,50.0,5.45,48.99,37.19,15.6,51.32,11.44,54.32,3.23,50.0,9.46,50.0,5.45,45.18
202607021602,2026-07-02,16,2R,realtime,69.08,28.98,49.07,10.94,54.12,3.21,41.91,7.93,50.39,5.49,56.55,50.89,21.35,44.59,9.94,49.22,2.92,55.75,10.55,54.12,5.9,50.66,51.29,21.52,62.53,13.94,49.01,2.91,41.35,7.82,44.66,4.87,51.06,48.14,20.2,62.53,13.94,58.49,3.47,53.0,10.03,38.95,4.24,51.88,42.93,18.01,58.05,12.94,52.66,3.13,54.24,10.26,62.61,6.82,51.16,37.19,15.6,51.32,11.44,54.32,3.23,53.81,10.18,49.31,5.37,45.82
202607021603,2026-07-02,16,3R,daily,69.08,28.98,53.56,11.94,54.95,3.26,50.0,9.46,50.0,5.45,59.09,50.89,21.35,51.32,11.44,43.8,2.6,50.0,9.46,50.0,5.45,50.3,51.29,21.52,55.8,12.44,49.53,2.94,50.0,9.46,50.0,5.45,51.81,48.14,20.2,49.07,10.94,45.26,2.69,50.0,9.46,50.0,5.45,48.73,42.93,18.01,51.32,11.44,61.3,3.64,50.0,9.46,50.0,5.45,48.0,37.19,15.6,58.05,12.94,42.66,2.53,50.0,9.46,50.0,5.45,45.98
202607021604,2026-07-02,16,4R,daily,69.08,28.98,53.56,11.94,48.49,2.88,50.0,9.46,50.0,5.45,58.71,50.89,21.35,71.51,15.94,53.18,3.16,50.0,9.46,50.0,5.45,55.36,51.29,21.52,64.78,14.44,66.2,3.93,50.0,9.46,50.0,5.45,54.8,48.14,20.2,62.53,13.94,41.1,2.44,50.0,9.46,50.0,5.45,51.49,42.93,18.01,55.8,12.44,59.53,3.53,50.0,9.46,50.0,5.45,48.89,37.19,15.6,53.56,11.94,52.66,3.13,50.0,9.46,50.0,5.45,45.58
202607021605,2026-07-02,16,5R,daily,69.08,28.98,60.29,13.44,47.76,2.84,50.0,9.46,50.0,5.45,60.16,50.89,21.35,69.26,15.44,54.84,3.26,50.0,9.46,50.0,5.45,54.96,51.29,21.52,51.32,11.44,50.57,3.0,50.0,9.46,50.0,5.45,50.87,48.14,20.2,58.05,12.94,45.26,2.69,50.0,9.46,50.0,5.45,50.73,42.93,18.01,53.56,11.94,43.18,2.56,50.0,9.46,50.0,5.45,47.42,37.19,15.6,51.32,11.44,54.74,3.25,50.0,9.46,50.0,5.45,45.2
202607021606,2026-07-02,16,6R,daily,69.08,28.98,51.32,11.44,52.55,3.12,50.0,9.46,50.0,5.45,58.45,50.89,21.35,55.8,12.44,56.72,3.37,50.0,9.46,50.0,5.45,52.07,51.29,21.52,58.05,12.94,44.53,2.64,50.0,9.46,50.0,5.45,52.01,48.14,20.2,67.02,14.94,58.7,3.48,50.0,9.46,50.0,5.45,53.53,42.93,18.01,73.75,16.44,46.3,2.75,50.0,9.46,50.0,5.45,52.11,37.19,15.6,51.32,11.44,49.22,2.92,50.0,9.46,50.0,5.45,44.87
202607021607,2026-07-02,16,7R,daily,69.08,28.98,53.56,11.94,51.82,3.08,50.0,9.46,50.0,5.45,58.9,50.89,21.35,71.51,15.94,51.72,3.07,50.0,9.46,50.0,5.45,55.27,51.29,21.52,67.02,14.94,45.57,2.71,50.0,9.46,50.0,5.45,54.07,48.14,20.2,55.8,12.44,48.6,2.89,50.0,9.46,50.0,5.45,50.43,42.93,18.01,53.56,11.94,50.89,3.02,50.0,9.46,50.0,5.45,47.88,37.19,15.6,44.59,9.94,49.22,2.92,50.0,9.46,50.0,5.45,43.37
202607021608,2026-07-02,16,8R,daily,69.08,28.98,58.05,12.94,52.66,3.13,50.0,9.46,50.0,5.45,59.95,50.89,21.35,53.56,11.94,54.95,3.26,50.0,9.46,50.0,5.45,51.46,51.29,21.52,67.02,14.94,56.3,3.34,50.0,9.46,50.0,5.45,54.71,48.14,20.2,82.72,18.44,53.6,3.18,50.0,9.46,50.0,5.45,56.73,42.93,18.01,62.53,13.94,49.53,2.94,50.0,9.46,50.0,5.45,49.8,37.19,15.6,49.07,10.94,50.37,2.99,50.0,9.46,50.0,5.45,44.44
202607021609,2026-07-02,16,9R,daily,69.08,28.98,64.78,14.44,66.2,3.93,50.0,9.46,50.0,5.45,62.26,50.89,21.35,49.07,10.94,68.7,4.08,50.0,9.46,50.0,5.45,51.28,51.29,21.52,49.07,10.94,54.12,3.21,50.0,9.46,50.0,5.45,50.58,48.14,20.2,51.32,11.44,61.3,3.64,50.0,9.46,50.0,5.45,50.19,42.93,18.01,64.78,14.44,48.6,2.89,50.0,9.46,50.0,5.45,50.25,37.19,15.6,67.02,14.94,53.07,3.15,50.0,9.46,50.0,5.45,48.6
202607021610,2026-07-02,16,10R,daily,69.08,28.98,55.8,12.44,48.49,2.88,50.0,9.46,50.0,5.45,59.21,50.89,21.35,58.05,12.94,42.66,2.53,50.0,9.46,50.0,5.45,51.73,51.29,21.52,60.29,13.44,47.76,2.84,50.0,9.46,50.0,5.45,52.7,48.14,20.2,58.05,12.94,43.6,2.59,50.0,9.46,50.0,5.45,50.63,42.93,18.01,51.32,11.44,54.32,3.23,50.0,9.46,50.0,5.45,47.59,37.19,15.6,55.8,12.44,50.57,3.0,50.0,9.46,50.0,5.45,45.95
202607021611,2026-07-02,16,11R,daily,69.08,28.98,71.51,15.94,53.18,3.16,50.0,9.46,50.0,5.45,62.99,50.89,21.35,67.02,14.94,58.7,3.48,50.0,9.46,50.0,5.45,54.68,51.29,21.52,46.83,10.44,66.61,3.95,50.0,9.46,50.0,5.45,50.82,48.14,20.2,58.05,12.94,46.2,2.74,50.0,9.46,50.0,5.45,50.79,42.93,18.01,51.32,11.44,54.74,3.25,50.0,9.46,50.0,5.45,47.61,37.19,15.6,51.32,11.44,43.8,2.6,50.0,9.46,50.0,5.45,44.55
202607021612,2026-07-02,16,12R,daily,69.08,28.98,67.02,14.94,45.57,2.71,50.0,9.46,50.0,5.45,61.53,50.89,21.35,51.32,11.44,50.16,2.98,50.0,9.46,50.0,5.45,50.68,51.29,21.52,58.05,12.94,48.8,2.9,50.0,9.46,50.0,5.45,52.27,48.14,20.2,58.05,12.94,44.53,2.64,50.0,9.46,50.0,5.45,50.69,42.93,18.01,62.53,13.94,52.87,3.14,50.0,9.46,50.0,5.45,50.0,37.19,15.6,53.56,11.94,52.45,3.11,50.0,9.46,50.0,5.45,45.57
202607021901,2026-07-02,19,1R,daily,68.04,29.6,44.58,9.95,52.71,2.4,50.0,10.09,50.0,4.72,56.76,51.05,22.21,40.04,8.94,58.92,2.68,50.0,10.09,50.0,4.72,48.64,52.69,22.92,40.04,8.94,48.69,2.22,50.0,10.09,50.0,4.72,48.89,47.59,20.7,40.04,8.94,64.2,2.92,50.0,10.09,50.0,4.72,47.37,43.81,19.06,42.31,9.45,51.96,2.37,50.0,10.09,50.0,4.72,45.68,36.42,15.85,49.13,10.97,53.13,2.42,50.0,10.09,50.0,4.72,44.04
202607021902,2026-07-02,19,2R,daily,68.04,29.6,46.86,10.46,48.44,2.21,50.0,10.09,50.0,4.72,57.08,51.05,22.21,44.58,9.95,54.31,2.47,50.0,10.09,50.0,4.72,49.44,52.69,22.92,49.13,10.97,55.82,2.54,50.0,10.09,50.0,4.72,51.24,47.59,20.7,42.31,9.45,40.56,1.85,50.0,10.09,50.0,4.72,46.81,43.81,19.06,46.86,10.46,47.69,2.17,50.0,10.09,50.0,4.72,46.5,36.42,15.85,46.86,10.46,36.54,1.66,50.0,10.09,50.0,4.72,42.78
202607021903,2026-07-02,19,3R,daily,68.04,29.6,46.86,10.46,41.99,1.91,50.0,10.09,50.0,4.72,56.78,51.05,22.21,46.86,10.46,47.69,2.17,50.0,10.09,50.0,4.72,49.65,52.69,22.92,53.67,11.98,49.28,2.24,50.0,10.09,50.0,4.72,51.96,47.59,20.7,44.58,9.95,37.96,1.73,50.0,10.09,50.0,4.72,47.19,43.81,19.06,55.94,12.49,61.93,2.82,50.0,10.09,50.0,4.72,49.18,36.42,15.85,42.31,9.45,51.12,2.33,50.0,10.09,50.0,4.72,42.43
202607021904,2026-07-02,19,4R,daily,68.04,29.6,40.04,8.94,55.82,2.54,50.0,10.09,50.0,4.72,55.89,51.05,22.21,53.67,11.98,65.54,2.99,50.0,10.09,50.0,4.72,51.98,52.69,22.92,60.49,13.5,48.61,2.21,50.0,10.09,50.0,4.72,53.45,47.59,20.7,46.86,10.46,55.82,2.54,50.0,10.09,50.0,4.72,48.51,43.81,19.06,53.67,11.98,60.09,2.74,50.0,10.09,50.0,4.72,48.59,36.42,15.85,44.58,9.95,62.77,2.86,50.0,10.09,50.0,4.72,43.47
202607021905,2026-07-02,19,5R,daily,68.04,29.6,51.4,11.47,77.27,3.52,50.0,10.09,50.0,4.72,59.4,51.05,22.21,44.58,9.95,54.06,2.46,50.0,10.09,50.0,4.72,49.43,52.69,22.92,46.86,10.46,57.16,2.6,50.0,10.09,50.0,4.72,50.79,47.59,20.7,55.94,12.49,61.51,2.8,50.0,10.09,50.0,4.72,50.8,43.81,19.06,58.22,13.0,46.6,2.12,50.0,10.09,50.0,4.72,48.99,36.42,15.85,44.58,9.95,57.83,2.63,50.0,10.09,50.0,4.72,43.24
202607021906,2026-07-02,19,6R,daily,68.04,29.6,49.13,10.97,60.09,2.74,50.0,10.09,50.0,4.72,58.11,51.05,22.21,67.3,15.02,38.47,1.75,50.0,10.09,50.0,4.72,53.79,52.69,22.92,42.31,9.45,70.48,3.21,50.0,10.09,50.0,4.72,50.39,47.59,20.7,49.13,10.97,57.83,2.63,50.0,10.09,50.0,4.72,49.11,43.81,19.06,40.04,8.94,58.92,2.68,50.0,10.09,50.0,4.72,45.49,36.42,15.85,44.58,9.95,42.57,1.94,50.0,10.09,50.0,4.72,42.55
202607021907,2026-07-02,19,7R,daily,68.04,29.6,49.13,10.97,48.61,2.21,50.0,10.09,50.0,4.72,57.59,51.05,22.21,55.94,12.49,56.74,2.58,50.0,10.09,50.0,4.72,52.09,52.69,22.92,42.31,9.45,51.12,2.33,50.0,10.09,50.0,4.72,49.5,47.59,20.7,35.49,7.92,59.25,2.7,50.0,10.09,50.0,4.72,46.14,43.81,19.06,46.86,10.46,48.44,2.21,50.0,10.09,50.0,4.72,46.53,36.42,15.85,33.22,7.42,51.71,2.36,50.0,10.09,50.0,4.72,40.43
202607021908,2026-07-02,19,8R,daily,68.04,29.6,55.94,12.49,61.93,2.82,50.0,10.09,50.0,4.72,59.72,51.05,22.21,44.58,9.95,62.77,2.86,50.0,10.09,50.0,4.72,49.83,52.69,22.92,60.49,13.5,40.06,1.82,50.0,10.09,50.0,4.72,53.06,47.59,20.7,49.13,10.97,53.13,2.42,50.0,10.09,50.0,4.72,48.9,43.81,19.06,44.58,9.95,54.31,2.47,50.0,10.09,50.0,4.72,46.29,36.42,15.85,44.58,9.95,29.67,1.35,50.0,10.09,50.0,4.72,41.96
202607021909,2026-07-02,19,9R,daily,68.04,29.6,53.67,11.98,60.09,2.74,50.0,10.09,50.0,4.72,59.13,51.05,22.21,53.67,11.98,48.44,2.21,50.0,10.09,50.0,4.72,51.2,52.69,22.92,44.58,9.95,57.83,2.63,50.0,10.09,50.0,4.72,50.32,47.59,20.7,46.86,10.46,36.54,1.66,50.0,10.09,50.0,4.72,47.64,43.81,19.06,46.86,10.46,41.99,1.91,50.0,10.09,50.0,4.72,46.24,36.42,15.85,40.04,8.94,48.69,2.22,50.0,10.09,50.0,4.72,41.81
202607021910,2026-07-02,19,10R,daily,68.04,29.6,60.49,13.5,48.61,2.21,50.0,10.09,50.0,4.72,60.13,51.05,22.21,49.13,10.97,60.09,2.74,50.0,10.09,50.0,4.72,50.72,52.69,22.92,42.31,9.45,51.96,2.37,50.0,10.09,50.0,4.72,49.54,47.59,20.7,46.86,10.46,57.16,2.6,50.0,10.09,50.0,4.72,48.58,43.81,19.06,53.67,11.98,49.28,2.24,50.0,10.09,50.0,4.72,48.09,36.42,15.85,42.31,9.45,40.56,1.85,50.0,10.09,50.0,4.72,41.95
202607021911,2026-07-02,19,11R,daily,68.04,29.6,67.3,15.02,38.47,1.75,50.0,10.09,50.0,4.72,61.19,51.05,22.21,44.58,9.95,52.71,2.4,50.0,10.09,50.0,4.72,49.37,52.69,22.92,55.94,12.49,61.51,2.8,50.0,10.09,50.0,4.72,53.02,47.59,20.7,55.94,12.49,56.74,2.58,50.0,10.09,50.0,4.72,50.59,43.81,19.06,49.13,10.97,55.82,2.54,50.0,10.09,50.0,4.72,47.38,36.42,15.85,46.86,10.46,47.69,2.17,50.0,10.09,50.0,4.72,43.29
202607021912,2026-07-02,19,12R,daily,68.04,29.6,58.22,13.0,46.6,2.12,50.0,10.09,50.0,4.72,59.53,51.05,22.21,44.58,9.95,37.96,1.73,50.0,10.09,50.0,4.72,48.7,52.69,22.92,46.86,10.46,55.82,2.54,50.0,10.09,50.0,4.72,50.73,47.59,20.7,49.13,10.97,48.61,2.21,50.0,10.09,50.0,4.72,48.69,43.81,19.06,60.49,13.5,40.06,1.82,50.0,10.09,50.0,4.72,49.2,36.42,15.85,46.86,10.46,47.69,2.17,50.0,10.09,50.0,4.72,43.29
202607022001,2026-07-02,20,1R,daily,68.12,27.34,44.33,9.96,61.91,3.63,50.0,11.16,50.0,4.61,56.69,50.58,20.3,46.3,10.41,55.42,3.25,50.0,11.16,50.0,4.61,49.72,50.67,20.34,44.33,9.96,46.8,2.74,50.0,11.16,50.0,4.61,48.81,46.8,18.78,48.27,10.85,63.32,3.71,50.0,11.16,50.0,4.61,49.11,45.02,18.07,46.3,10.41,44.92,2.63,50.0,11.16,50.0,4.61,46.87,38.0,15.25,34.5,7.75,42.32,2.48,50.0,11.16,50.0,4.61,41.25
202607022002,2026-07-02,20,2R,daily,68.12,27.34,40.4,9.08,50.34,2.95,50.0,11.16,50.0,4.61,55.13,50.58,20.3,40.4,9.08,48.57,2.85,50.0,11.16,50.0,4.61,47.99,50.67,20.34,46.3,10.41,51.64,3.03,50.0,11.16,50.0,4.61,49.54,46.8,18.78,44.33,9.96,54.12,3.17,50.0,11.16,50.0,4.61,47.69,45.02,18.07,44.33,9.96,43.38,2.54,50.0,11.16,50.0,4.61,46.34,38.0,15.25,54.17,12.17,47.28,2.77,50.0,11.16,50.0,4.61,45.96
202607022003,2026-07-02,20,3R,daily,68.12,27.34,44.33,9.96,47.63,2.79,50.0,11.16,50.0,4.61,55.86,50.58,20.3,56.13,12.62,39.61,2.32,50.0,11.16,50.0,4.61,51.0,50.67,20.34,42.37,9.52,56.6,3.32,50.0,11.16,50.0,4.61,48.94,46.8,18.78,81.7,18.36,47.75,2.8,50.0,11.16,50.0,4.61,55.71,45.02,18.07,40.4,9.08,50.11,2.94,50.0,11.16,50.0,4.61,45.85,38.0,15.25,54.17,12.17,46.21,2.71,50.0,11.16,50.0,4.61,45.9
202607022004,2026-07-02,20,4R,daily,68.12,27.34,48.27,10.85,38.66,2.27,50.0,11.16,50.0,4.61,56.22,50.58,20.3,44.33,9.96,61.55,3.61,50.0,11.16,50.0,4.61,49.63,50.67,20.34,62.03,13.94,43.5,2.55,50.0,11.16,50.0,4.61,52.59,46.8,18.78,50.23,11.29,47.75,2.8,50.0,11.16,50.0,4.61,48.64,45.02,18.07,44.33,9.96,49.16,2.88,50.0,11.16,50.0,4.61,46.68,38.0,15.25,32.53,7.31,49.16,2.88,50.0,11.16,50.0,4.61,41.21
202607022005,2026-07-02,20,5R,daily,68.12,27.34,46.3,10.41,58.84,3.45,50.0,11.16,50.0,4.61,56.96,50.58,20.3,50.23,11.29,46.21,2.71,50.0,11.16,50.0,4.61,50.06,50.67,20.34,44.33,9.96,49.75,2.92,50.0,11.16,50.0,4.61,48.98,46.8,18.78,48.27,10.85,40.08,2.35,50.0,11.16,50.0,4.61,47.75,45.02,18.07,36.47,8.2,51.76,3.03,50.0,11.16,50.0,4.61,45.06,38.0,15.25,38.43,8.64,56.36,3.3,50.0,11.16,50.0,4.61,42.96
202607022006,2026-07-02,20,6R,daily,68.12,27.34,50.23,11.29,55.42,3.25,50.0,11.16,50.0,4.61,57.64,50.58,20.3,44.33,9.96,52.23,3.06,50.0,11.16,50.0,4.61,49.09,50.67,20.34,52.2,11.73,51.76,3.03,50.0,11.16,50.0,4.61,50.87,46.8,18.78,46.3,10.41,38.54,2.26,50.0,11.16,50.0,4.61,47.21,45.02,18.07,44.33,9.96,48.57,2.85,50.0,11.16,50.0,4.61,46.64,38.0,15.25,52.2,11.73,61.55,3.61,50.0,11.16,50.0,4.61,46.36
202607022007,2026-07-02,20,7R,daily,68.12,27.34,44.33,9.96,46.57,2.73,50.0,11.16,50.0,4.61,55.8,50.58,20.3,46.3,10.41,50.7,2.97,50.0,11.16,50.0,4.61,49.44,50.67,20.34,44.33,9.96,45.86,2.69,50.0,11.16,50.0,4.61,48.75,46.8,18.78,48.27,10.85,44.56,2.61,50.0,11.16,50.0,4.61,48.01,45.02,18.07,46.3,10.41,48.81,2.86,50.0,11.16,50.0,4.61,47.1,38.0,15.25,34.5,7.75,33.0,1.93,50.0,11.16,50.0,4.61,40.71
202607022008,2026-07-02,20,8R,daily,68.12,27.34,48.27,10.85,46.8,2.74,50.0,11.16,50.0,4.61,56.69,50.58,20.3,46.3,10.41,45.51,2.67,50.0,11.16,50.0,4.61,49.14,50.67,20.34,40.4,9.08,42.91,2.52,50.0,11.16,50.0,4.61,47.7,46.8,18.78,46.3,10.41,49.52,2.9,50.0,11.16,50.0,4.61,47.86,45.02,18.07,34.5,7.75,42.32,2.48,50.0,11.16,50.0,4.61,44.07,38.0,15.25,42.37,9.52,43.15,2.53,50.0,11.16,50.0,4.61,43.07
202607022009,2026-07-02,20,9R,daily,68.12,27.34,54.17,12.17,46.21,2.71,50.0,11.16,50.0,4.61,57.98,50.58,20.3,81.7,18.36,47.75,2.8,50.0,11.16,50.0,4.61,57.22,50.67,20.34,44.33,9.96,54.12,3.17,50.0,11.16,50.0,4.61,49.24,46.8,18.78,62.03,13.94,43.5,2.55,50.0,11.16,50.0,4.61,51.04,45.02,18.07,46.3,10.41,58.84,3.45,50.0,11.16,50.0,4.61,47.69,38.0,15.25,48.27,10.85,38.66,2.27,50.0,11.16,50.0,4.61,44.13
202607022010,2026-07-02,20,10R,daily,68.12,27.34,54.17,12.17,47.28,2.77,50.0,11.16,50.0,4.61,58.05,50.58,20.3,44.33,9.96,49.16,2.88,50.0,11.16,50.0,4.61,48.91,50.67,20.34,50.23,11.29,47.75,2.8,50.0,11.16,50.0,4.61,50.19,46.8,18.78,50.23,11.29,46.21,2.71,50.0,11.16,50.0,4.61,48.55,45.02,18.07,48.27,10.85,40.08,2.35,50.0,11.16,50.0,4.61,47.03,38.0,15.25,52.2,11.73,51.76,3.03,50.0,11.16,50.0,4.61,45.78
202607022011,2026-07-02,20,11R,daily,68.12,27.34,52.2,11.73,61.55,3.61,50.0,11.16,50.0,4.61,58.44,50.58,20.3,48.27,10.85,44.56,2.61,50.0,11.16,50.0,4.61,49.52,50.67,20.34,44.33,9.96,47.63,2.79,50.0,11.16,50.0,4.61,48.86,46.8,18.78,50.23,11.29,55.42,3.25,50.0,11.16,50.0,4.61,49.09,45.02,18.07,56.13,12.62,39.61,2.32,50.0,11.16,50.0,4.61,48.77,38.0,15.25,44.33,9.96,46.57,2.73,50.0,11.16,50.0,4.61,43.71
202607022012,2026-07-02,20,12R,daily,68.12,27.34,46.3,10.41,45.51,2.67,50.0,11.16,50.0,4.61,56.18,50.58,20.3,46.3,10.41,49.52,2.9,50.0,11.16,50.0,4.61,49.37,50.67,20.34,46.3,10.41,44.92,2.63,50.0,11.16,50.0,4.61,49.14,46.8,18.78,46.3,10.41,51.64,3.03,50.0,11.16,50.0,4.61,47.98,45.02,18.07,44.33,9.96,46.8,2.74,50.0,11.16,50.0,4.61,46.54,38.0,15.25,46.3,10.41,38.54,2.26,50.0,11.16,50.0,4.61,43.68
202607022101,2026-07-02,21,1R,daily,67.55,31.59,51.68,7.39,42.63,2.91,50.0,10.53,50.0,5.53,57.94,50.7,23.71,38.66,5.53,58.94,4.03,50.0,10.53,50.0,5.53,49.32,49.79,23.28,43.54,6.22,47.43,3.24,50.0,10.53,50.0,5.53,48.8,49.19,23.0,37.04,5.29,43.04,2.94,50.0,10.53,50.0,5.53,47.29,45.75,21.39,43.54,6.22,36.66,2.5,50.0,10.53,50.0,5.53,46.18,36.85,17.23,45.17,6.46,42.21,2.88,50.0,10.53,50.0,5.53,42.63
202607022101,2026-07-02,21,1R,realtime,67.55,31.59,51.68,7.39,42.63,2.91,61.85,13.03,52.65,5.82,60.73,50.7,23.71,38.66,5.53,58.94,4.03,50.75,10.69,45.46,5.02,48.97,49.79,23.28,43.54,6.22,47.43,3.24,50.37,10.61,47.99,5.3,48.66,49.19,23.0,37.04,5.29,43.04,2.94,48.16,10.15,37.53,4.15,45.53,45.75,21.39,43.54,6.22,36.66,2.5,40.04,8.44,60.98,6.74,45.29,36.85,17.23,45.17,6.46,42.21,2.88,48.9,10.3,55.5,6.13,43.0
202607022102,2026-07-02,21,2R,daily,67.55,31.59,50.05,7.15,41.63,2.84,50.0,10.53,50.0,5.53,57.64,50.7,23.71,40.29,5.76,55.46,3.79,50.0,10.53,50.0,5.53,49.31,49.79,23.28,43.54,6.22,41.05,2.8,50.0,10.53,50.0,5.53,48.37,49.19,23.0,64.69,9.25,48.92,3.34,50.0,10.53,50.0,5.53,51.65,45.75,21.39,37.04,5.29,48.34,3.3,50.0,10.53,50.0,5.53,46.05,36.85,17.23,45.17,6.46,55.13,3.77,50.0,10.53,50.0,5.53,43.51
202607022102,2026-07-02,21,2R,realtime,67.55,31.59,50.05,7.15,41.63,2.84,65.15,13.73,52.54,5.81,61.11,50.7,23.71,40.29,5.76,55.46,3.79,44.43,9.36,45.84,5.07,47.68,49.79,23.28,43.54,6.22,41.05,2.8,50.43,10.63,48.65,5.38,48.31,49.19,23.0,64.69,9.25,48.92,3.34,49.88,10.51,36.69,4.05,50.15,45.75,21.39,37.04,5.29,48.34,3.3,35.87,7.56,60.55,6.69,44.23,36.85,17.23,45.17,6.46,55.13,3.77,54.29,11.44,55.84,6.17,45.06
202607022103,2026-07-02,21,3R,daily,67.55,31.59,64.69,9.25,60.1,4.1,50.0,10.53,50.0,5.53,61.0,50.7,23.71,48.42,6.92,49.33,3.37,50.0,10.53,50.0,5.53,50.06,49.79,23.28,48.42,6.92,59.27,4.05,50.0,10.53,50.0,5.53,50.31,49.19,23.0,40.29,5.76,68.14,4.65,50.0,10.53,50.0,5.53,49.47,45.75,21.39,43.54,6.22,49.33,3.37,50.0,10.53,50.0,5.53,47.04,36.85,17.23,35.41,5.06,37.91,2.59,50.0,10.53,50.0,5.53,40.94
202607022103,2026-07-02,21,3R,realtime,67.55,31.59,64.69,9.25,60.1,4.1,62.91,13.25,52.48,5.8,63.99,50.7,23.71,48.42,6.92,49.33,3.37,59.72,12.58,46.04,5.09,51.67,49.79,23.28,48.42,6.92,59.27,4.05,45.35,9.55,48.98,5.41,49.22,49.19,23.0,40.29,5.76,68.14,4.65,47.36,9.98,36.27,4.01,47.4,45.75,21.39,43.54,6.22,49.33,3.37,48.6,10.24,60.34,6.67,47.89,36.85,17.23,35.41,5.06,37.91,2.59,36.11,7.61,56.01,6.19,38.68
202607022104,2026-07-02,21,4R,daily,67.55,31.59,51.68,7.39,46.35,3.17,50.0,10.53,50.0,5.53,58.2,50.7,23.71,43.54,6.22,48.34,3.3,50.0,10.53,50.0,5.53,49.29,49.79,23.28,43.54,6.22,46.19,3.15,50.0,10.53,50.0,5.53,48.72,49.19,23.0,43.54,6.22,45.28,3.09,50.0,10.53,50.0,5.53,48.38,45.75,21.39,46.8,6.69,50.83,3.47,50.0,10.53,50.0,5.53,47.61,36.85,17.23,30.53,4.36,60.68,4.14,50.0,10.53,50.0,5.53,41.8
202607022104,2026-07-02,21,4R,realtime,67.55,31.59,51.68,7.39,46.35,3.17,61.81,13.02,46.45,5.13,60.29,50.7,23.71,43.54,6.22,48.34,3.3,37.57,7.92,47.81,5.28,46.43,49.79,23.28,43.54,6.22,46.19,3.15,48.87,10.3,50.71,5.6,48.56,49.19,23.0,43.54,6.22,45.28,3.09,37.53,7.91,49.93,5.52,45.74,45.75,21.39,46.8,6.69,50.83,3.47,63.82,13.45,52.89,5.84,50.84,36.85,17.23,30.53,4.36,60.68,4.14,50.44,10.63,52.34,5.78,42.15
202607022105,2026-07-02,21,5R,daily,67.55,31.59,54.93,7.85,51.99,3.55,50.0,10.53,50.0,5.53,59.05,50.7,23.71,41.92,5.99,58.28,3.98,50.0,10.53,50.0,5.53,49.74,49.79,23.28,48.42,6.92,50.91,3.48,50.0,10.53,50.0,5.53,49.74,49.19,23.0,45.17,6.46,47.76,3.26,50.0,10.53,50.0,5.53,48.78,45.75,21.39,32.16,4.6,62.17,4.25,50.0,10.53,50.0,5.53,46.29,36.85,17.23,48.42,6.92,57.78,3.95,50.0,10.53,50.0,5.53,44.16
202607022105,2026-07-02,21,5R,realtime,67.55,31.59,54.93,7.85,51.99,3.55,65.78,13.86,42.74,4.72,61.57,49.79,23.28,41.92,5.99,58.28,3.98,44.81,9.44,52.16,5.76,48.46,50.7,23.71,48.42,6.92,50.91,3.48,33.6,7.08,46.04,5.09,46.27,49.19,23.0,45.17,6.46,47.76,3.26,65.08,13.71,48.85,5.4,51.83,45.75,21.39,32.16,4.6,62.17,4.25,52.89,11.14,55.26,6.11,47.48,36.85,17.23,48.42,6.92,57.78,3.95,37.88,7.98,55.06,6.08,42.16
202607022106,2026-07-02,21,6R,daily,67.55,31.59,45.17,6.46,32.69,2.23,50.0,10.53,50.0,5.53,56.33,50.7,23.71,46.8,6.69,55.05,3.76,50.0,10.53,50.0,5.53,50.21,49.79,23.28,41.92,5.99,43.87,3.0,50.0,10.53,50.0,5.53,48.33,49.19,23.0,41.92,5.99,67.31,4.6,50.0,10.53,50.0,5.53,49.65,45.75,21.39,37.04,5.29,43.04,2.94,50.0,10.53,50.0,5.53,45.68,36.85,17.23,56.56,8.08,54.8,3.74,50.0,10.53,50.0,5.53,45.12
202607022106,2026-07-02,21,6R,realtime,67.55,31.59,45.17,6.46,32.69,2.23,60.95,12.84,42.82,4.73,57.85,50.7,23.71,46.8,6.69,55.05,3.76,42.87,9.03,45.78,5.06,48.24,49.79,23.28,41.92,5.99,43.87,3.0,43.81,9.23,51.73,5.72,47.22,49.19,23.0,41.92,5.99,67.31,4.6,38.81,8.18,49.41,5.46,47.23,45.75,21.39,37.04,5.29,43.04,2.94,50.67,10.68,55.55,6.14,46.44,36.85,17.23,56.56,8.08,54.8,3.74,62.92,13.26,54.83,6.06,48.37
202607022107,2026-07-02,21,7R,daily,67.55,31.59,43.54,6.22,55.71,3.8,50.0,10.53,50.0,5.53,57.67,50.7,23.71,43.54,6.22,36.66,2.5,50.0,10.53,50.0,5.53,48.49,49.79,23.28,41.92,5.99,45.94,3.14,50.0,10.53,50.0,5.53,48.47,49.19,23.0,43.54,6.22,57.37,3.92,50.0,10.53,50.0,5.53,49.2,45.75,21.39,41.92,5.99,57.12,3.9,50.0,10.53,50.0,5.53,47.34,36.85,17.23,37.04,5.29,48.34,3.3,50.0,10.53,50.0,5.53,41.88
202607022107,2026-07-02,21,7R,realtime,67.55,31.59,43.54,6.22,55.71,3.8,48.29,10.17,42.91,4.74,56.53,50.7,23.71,43.54,6.22,36.66,2.5,41.59,8.76,45.45,5.02,46.22,49.79,23.28,41.92,5.99,45.94,3.14,32.93,6.94,51.18,5.66,45.0,49.19,23.0,43.54,6.22,57.37,3.92,49.21,10.37,50.11,5.54,49.05,45.75,21.39,41.92,5.99,57.12,3.9,65.57,13.81,55.9,6.18,51.28,36.85,17.23,37.04,5.29,48.34,3.3,62.48,13.16,54.55,6.03,45.02
202607022108,2026-07-02,21,8R,daily,67.55,31.59,43.54,6.22,41.05,2.8,50.0,10.53,50.0,5.53,56.67,50.7,23.71,48.42,6.92,57.78,3.95,50.0,10.53,50.0,5.53,50.63,49.79,23.28,40.29,5.76,68.14,4.65,50.0,10.53,50.0,5.53,49.75,49.19,23.0,45.17,6.46,42.21,2.88,50.0,10.53,50.0,5.53,48.4,45.75,21.39,43.54,6.22,46.19,3.15,50.0,10.53,50.0,5.53,46.83,36.85,17.23,46.8,6.69,43.04,2.94,50.0,10.53,50.0,5.53,42.92
202607022109,2026-07-02,21,9R,daily,67.55,31.59,50.05,7.15,48.42,3.31,50.0,10.53,50.0,5.53,58.11,50.7,23.71,41.92,5.99,40.06,2.74,50.0,10.53,50.0,5.53,48.49,49.79,23.28,48.42,6.92,49.33,3.37,50.0,10.53,50.0,5.53,49.63,49.19,23.0,50.05,7.15,41.63,2.84,50.0,10.53,50.0,5.53,49.06,45.75,21.39,43.54,6.22,48.34,3.3,50.0,10.53,50.0,5.53,46.98,36.85,17.23,46.8,6.69,51.9,3.54,50.0,10.53,50.0,5.53,43.52
202607022110,2026-07-02,21,10R,daily,67.55,31.59,48.42,6.92,50.91,3.48,50.0,10.53,50.0,5.53,58.04,50.7,23.71,45.17,6.46,55.13,3.77,50.0,10.53,50.0,5.53,49.99,49.79,23.28,43.54,6.22,45.28,3.09,50.0,10.53,50.0,5.53,48.66,49.19,23.0,43.54,6.22,49.33,3.37,50.0,10.53,50.0,5.53,48.65,45.75,21.39,43.54,6.22,47.43,3.24,50.0,10.53,50.0,5.53,46.91,36.85,17.23,46.8,6.69,55.05,3.76,50.0,10.53,50.0,5.53,43.74
202607022111,2026-07-02,21,11R,daily,67.55,31.59,46.8,6.69,50.83,3.47,50.0,10.53,50.0,5.53,57.81,50.7,23.71,48.42,6.92,57.78,3.95,50.0,10.53,50.0,5.53,50.63,49.79,23.28,43.54,6.22,57.37,3.92,50.0,10.53,50.0,5.53,49.48,49.19,23.0,51.68,7.39,42.63,2.91,50.0,10.53,50.0,5.53,49.36,45.75,21.39,45.17,6.46,32.69,2.23,50.0,10.53,50.0,5.53,46.14,36.85,17.23,48.42,6.92,59.27,4.05,50.0,10.53,50.0,5.53,44.26
202607022112,2026-07-02,21,12R,daily,67.55,31.59,64.69,9.25,48.92,3.34,50.0,10.53,50.0,5.53,60.23,50.7,23.71,56.56,8.08,54.8,3.74,50.0,10.53,50.0,5.53,51.59,49.79,23.28,64.69,9.25,60.1,4.1,50.0,10.53,50.0,5.53,52.69,49.19,23.0,54.93,7.85,51.99,3.55,50.0,10.53,50.0,5.53,50.46,45.75,21.39,51.68,7.39,46.35,3.17,50.0,10.53,50.0,5.53,48.0,36.85,17.23,48.42,6.92,57.78,3.95,50.0,10.53,50.0,5.53,44.16
202607022201,2026-07-02,22,1R,daily,65.79,28.8,59.43,11.96,51.36,3.33,50.0,12.99,50.0,1.82,58.9,53.89,23.6,44.35,8.92,48.52,3.15,50.0,12.99,50.0,1.82,50.47,53.67,23.5,42.46,8.55,47.72,3.09,50.0,12.99,50.0,1.82,49.94,47.42,20.76,40.58,8.17,56.24,3.65,50.0,12.99,50.0,1.82,47.38,43.61,19.09,42.46,8.55,43.57,2.82,50.0,12.99,50.0,1.82,45.27,35.17,15.4,36.81,7.41,52.16,3.38,50.0,12.99,50.0,1.82,40.99
202607022202,2026-07-02,22,2R,daily,65.79,28.8,44.35,8.92,52.6,3.41,50.0,12.99,50.0,1.82,55.94,53.89,23.6,40.58,8.17,59.73,3.87,50.0,12.99,50.0,1.82,50.44,53.67,23.5,48.12,9.68,48.95,3.17,50.0,12.99,50.0,1.82,51.16,47.42,20.76,36.81,7.41,43.42,2.82,50.0,12.99,50.0,1.82,45.79,43.61,19.09,42.46,8.55,54.56,3.54,50.0,12.99,50.0,1.82,45.98,35.17,15.4,51.89,10.44,45.82,2.97,50.0,12.99,50.0,1.82,43.62
202607022203,2026-07-02,22,3R,daily,65.79,28.8,44.35,8.92,54.42,3.53,50.0,12.99,50.0,1.82,56.06,53.89,23.6,44.35,8.92,49.83,3.23,50.0,12.99,50.0,1.82,50.56,53.67,23.5,55.66,11.2,54.71,3.55,50.0,12.99,50.0,1.82,53.05,47.42,20.76,44.35,8.92,45.09,2.92,50.0,12.99,50.0,1.82,47.41,43.61,19.09,42.46,8.55,53.33,3.46,50.0,12.99,50.0,1.82,45.9,35.17,15.4,38.69,7.79,54.71,3.55,50.0,12.99,50.0,1.82,41.54
202607022204,2026-07-02,22,4R,daily,65.79,28.8,46.24,9.3,55.36,3.59,50.0,12.99,50.0,1.82,56.5,53.89,23.6,53.78,10.82,60.39,3.92,50.0,12.99,50.0,1.82,53.14,53.67,23.5,57.55,11.58,56.24,3.65,50.0,12.99,50.0,1.82,53.53,47.42,20.76,48.12,9.68,54.93,3.56,50.0,12.99,50.0,1.82,48.81,43.61,19.09,34.92,7.03,63.52,4.12,50.0,12.99,50.0,1.82,45.04,35.17,15.4,34.92,7.03,68.4,4.44,50.0,12.99,50.0,1.82,41.67
202607022205,2026-07-02,22,5R,daily,65.79,28.8,44.35,8.92,46.62,3.02,50.0,12.99,50.0,1.82,55.56,53.89,23.6,50.01,10.06,55.36,3.59,50.0,12.99,50.0,1.82,52.05,53.67,23.5,42.46,8.55,58.57,3.8,50.0,12.99,50.0,1.82,50.65,47.42,20.76,42.46,8.55,47.72,3.09,50.0,12.99,50.0,1.82,47.21,43.61,19.09,38.69,7.79,57.48,3.73,50.0,12.99,50.0,1.82,45.41,35.17,15.4,51.89,10.44,61.48,3.99,50.0,12.99,50.0,1.82,44.63
202607022206,2026-07-02,22,6R,daily,65.79,28.8,44.35,8.92,56.6,3.67,50.0,12.99,50.0,1.82,56.2,53.89,23.6,42.46,8.55,54.56,3.54,50.0,12.99,50.0,1.82,50.48,53.67,23.5,50.01,10.06,48.08,3.12,50.0,12.99,50.0,1.82,51.49,47.42,20.76,44.35,8.92,50.63,3.28,50.0,12.99,50.0,1.82,47.77,43.61,19.09,36.81,7.41,52.16,3.38,50.0,12.99,50.0,1.82,44.69,35.17,15.4,51.89,10.44,70.37,4.56,50.0,12.99,50.0,1.82,45.21
202607022207,2026-07-02,22,7R,daily,65.79,28.8,44.35,8.92,47.06,3.05,50.0,12.99,50.0,1.82,55.58,53.89,23.6,44.35,8.92,45.09,2.92,50.0,12.99,50.0,1.82,50.25,53.67,23.5,42.46,8.55,43.57,2.82,50.0,12.99,50.0,1.82,49.68,47.42,20.76,34.92,7.03,45.02,2.92,50.0,12.99,50.0,1.82,45.51,43.61,19.09,36.81,7.41,43.42,2.82,50.0,12.99,50.0,1.82,44.12,35.17,15.4,63.2,12.72,61.56,3.99,50.0,12.99,50.0,1.82,46.91
202607022208,2026-07-02,22,8R,daily,65.79,28.8,53.78,10.82,57.33,3.72,50.0,12.99,50.0,1.82,58.15,53.89,23.6,46.24,9.3,54.64,3.54,50.0,12.99,50.0,1.82,51.25,53.67,23.5,40.58,8.17,59.73,3.87,50.0,12.99,50.0,1.82,50.34,47.42,20.76,44.35,8.92,48.52,3.15,50.0,12.99,50.0,1.82,47.64,43.61,19.09,44.35,8.92,48.52,3.15,50.0,12.99,50.0,1.82,45.97,35.17,15.4,34.92,7.03,63.52,4.12,50.0,12.99,50.0,1.82,41.35
202607022209,2026-07-02,22,9R,daily,65.79,28.8,51.89,10.44,55.36,3.59,50.0,12.99,50.0,1.82,57.64,53.89,23.6,40.58,8.17,56.24,3.65,50.0,12.99,50.0,1.82,50.21,53.67,23.5,44.35,8.92,49.83,3.23,50.0,12.99,50.0,1.82,50.46,47.42,20.76,51.89,10.44,61.48,3.99,50.0,12.99,50.0,1.82,49.99,43.61,19.09,57.55,11.58,56.24,3.65,50.0,12.99,50.0,1.82,49.12,35.17,15.4,48.12,9.68,59.73,3.87,50.0,12.99,50.0,1.82,43.76
202607022210,2026-07-02,22,10R,daily,65.79,28.8,55.66,11.2,57.19,3.71,50.0,12.99,50.0,1.82,58.52,53.89,23.6,59.43,11.96,51.36,3.33,50.0,12.99,50.0,1.82,53.69,53.67,23.5,44.35,8.92,54.42,3.53,50.0,12.99,50.0,1.82,50.76,47.42,20.76,50.01,10.06,55.36,3.59,50.0,12.99,50.0,1.82,49.22,43.61,19.09,42.46,8.55,56.24,3.65,50.0,12.99,50.0,1.82,46.09,35.17,15.4,53.78,10.82,60.39,3.92,50.0,12.99,50.0,1.82,44.94
202607022211,2026-07-02,22,11R,daily,65.79,28.8,51.89,10.44,42.47,2.75,50.0,12.99,50.0,1.82,56.8,53.89,23.6,42.46,8.55,58.57,3.8,50.0,12.99,50.0,1.82,50.74,53.67,23.5,44.35,8.92,47.06,3.05,50.0,12.99,50.0,1.82,50.28,47.42,20.76,51.89,10.44,70.37,4.56,50.0,12.99,50.0,1.82,50.57,43.61,19.09,48.12,9.68,48.95,3.17,50.0,12.99,50.0,1.82,46.76,35.17,15.4,50.01,10.06,57.4,3.72,50.0,12.99,50.0,1.82,43.99
202607022212,2026-07-02,22,12R,daily,65.79,28.8,55.66,11.2,54.71,3.55,50.0,12.99,50.0,1.82,58.36,53.89,23.6,53.78,10.82,57.33,3.72,50.0,12.99,50.0,1.82,52.94,53.67,23.5,51.89,10.44,45.82,2.97,50.0,12.99,50.0,1.82,51.72,47.42,20.76,63.2,12.72,61.56,3.99,50.0,12.99,50.0,1.82,52.28,43.61,19.09,50.01,10.06,48.08,3.12,50.0,12.99,50.0,1.82,47.08,35.17,15.4,48.12,9.68,54.93,3.56,50.0,12.99,50.0,1.82,43.45
202607022301,2026-07-02,23,1R,daily,66.77,30.07,60.61,13.78,44.77,3.14,50.0,9.03,50.0,3.57,59.6,53.1,23.92,48.43,11.01,54.52,3.82,50.0,9.03,50.0,3.57,51.36,51.08,23.01,48.43,11.01,49.84,3.5,50.0,9.03,50.0,3.57,50.12,49.09,22.11,46.4,10.55,54.52,3.82,50.0,9.03,50.0,3.57,49.09,44.61,20.09,44.38,10.09,59.2,4.15,50.0,9.03,50.0,3.57,46.94,34.64,15.6,46.4,10.55,67.52,4.74,50.0,9.03,50.0,3.57,43.49
202607022301,2026-07-02,23,1R,realtime,66.77,30.07,60.61,13.78,44.77,3.14,57.21,10.34,32.97,2.35,59.68,53.1,23.92,48.43,11.01,54.52,3.82,64.92,11.73,46.59,3.33,53.81,51.08,23.01,48.43,11.01,49.84,3.5,33.83,6.11,59.95,4.28,47.91,49.09,22.11,46.4,10.55,54.52,3.82,51.85,9.37,58.63,4.19,50.04,44.61,20.09,44.38,10.09,59.2,4.15,51.09,9.23,41.25,2.94,46.51,34.64,15.6,46.4,10.55,67.52,4.74,41.15,7.44,60.72,4.33,42.66
202607022302,2026-07-02,23,2R,daily,66.77,30.07,48.43,11.01,50.36,3.53,50.0,9.03,50.0,3.57,57.22,53.1,23.92,46.4,10.55,50.36,3.53,50.0,9.03,50.0,3.57,50.6,51.08,23.01,50.46,11.48,47.5,3.33,50.0,9.03,50.0,3.57,50.42,49.09,22.11,34.23,7.78,51.79,3.63,50.0,9.03,50.0,3.57,46.13,44.61,20.09,46.4,10.55,68.43,4.8,50.0,9.03,50.0,3.57,48.05,34.64,15.6,46.4,10.55,44.38,3.11,50.0,9.03,50.0,3.57,41.87
202607022302,2026-07-02,23,2R,realtime,66.77,30.07,48.43,11.01,50.36,3.53,68.41,12.36,38.4,2.74,59.72,53.1,23.92,46.4,10.55,50.36,3.53,38.05,6.87,45.68,3.26,48.14,51.08,23.01,50.46,11.48,47.5,3.33,46.09,8.33,61.01,4.35,50.5,34.64,15.6,34.23,7.78,51.79,3.63,61.16,11.05,57.71,4.12,42.19,49.09,22.11,46.4,10.55,68.43,4.8,37.49,6.77,57.1,4.08,48.31,44.61,20.09,46.4,10.55,44.38,3.11,48.86,8.83,40.2,2.87,45.46
202607022303,2026-07-02,23,3R,daily,66.77,30.07,50.46,11.48,50.75,3.56,50.0,9.03,50.0,3.57,57.71,53.1,23.92,46.4,10.55,59.07,4.14,50.0,9.03,50.0,3.57,51.21,51.08,23.01,52.49,11.94,46.98,3.3,50.0,9.03,50.0,3.57,50.84,49.09,22.11,42.35,9.63,56.21,3.94,50.0,9.03,50.0,3.57,48.29,44.61,20.09,44.38,10.09,48.02,3.37,50.0,9.03,50.0,3.57,46.16,34.64,15.6,42.35,9.63,56.47,3.96,50.0,9.03,50.0,3.57,41.8
202607022303,2026-07-02,23,3R,realtime,66.77,30.07,50.46,11.48,50.75,3.56,67.9,12.27,45.98,3.28,60.66,53.1,23.92,46.4,10.55,59.07,4.14,51.95,9.39,55.98,4.0,51.99,51.08,23.01,52.49,11.94,46.98,3.3,58.15,10.51,56.57,4.04,52.79,49.09,22.11,42.35,9.63,56.21,3.94,29.4,5.31,55.1,3.93,44.93,44.61,20.09,44.38,10.09,48.02,3.37,47.44,8.57,42.18,3.01,45.14,34.64,15.6,42.35,9.63,56.47,3.96,45.22,8.17,44.3,3.16,40.53
202607022304,2026-07-02,23,4R,daily,66.77,30.07,46.4,10.55,36.71,2.57,50.0,9.03,50.0,3.57,55.8,53.1,23.92,56.55,12.86,47.5,3.33,50.0,9.03,50.0,3.57,52.71,51.08,23.01,40.32,9.17,58.29,4.09,50.0,9.03,50.0,3.57,48.87,49.09,22.11,50.46,11.48,46.07,3.23,50.0,9.03,50.0,3.57,49.42,44.61,20.09,52.49,11.94,53.61,3.76,50.0,9.03,50.0,3.57,48.39,34.64,15.6,30.17,6.86,65.31,4.58,50.0,9.03,50.0,3.57,39.65
202607022304,2026-07-02,23,4R,realtime,66.77,30.07,46.4,10.55,36.71,2.57,40.51,7.32,46.14,3.29,53.81,53.1,23.92,56.55,12.86,47.5,3.33,50.77,9.17,54.18,3.87,53.15,51.08,23.01,40.32,9.17,58.29,4.09,43.08,7.78,55.36,3.95,48.0,49.09,22.11,50.46,11.48,46.07,3.23,53.23,9.62,56.27,4.02,50.45,44.61,20.09,52.49,11.94,53.61,3.76,56.67,10.24,42.38,3.03,49.06,34.64,15.6,30.17,6.86,65.31,4.58,55.81,10.08,45.76,3.27,40.39
202607022305,2026-07-02,23,5R,daily,66.77,30.07,50.46,11.48,33.72,2.36,50.0,9.03,50.0,3.57,56.51,53.1,23.92,42.35,9.63,46.07,3.23,50.0,9.03,50.0,3.57,49.38,51.08,23.01,54.52,12.4,57.25,4.02,50.0,9.03,50.0,3.57,52.03,49.09,22.11,56.55,12.86,52.7,3.7,50.0,9.03,50.0,3.57,51.27,44.61,20.09,38.29,8.71,60.37,4.23,50.0,9.03,50.0,3.57,45.64,34.64,15.6,50.46,11.48,49.32,3.46,50.0,9.03,50.0,3.57,43.14
202607022305,2026-07-02,23,5R,realtime,66.77,30.07,50.46,11.48,33.72,2.36,58.83,10.63,46.14,3.29,57.83,53.1,23.92,42.35,9.63,46.07,3.23,27.81,5.02,54.18,3.87,45.67,51.08,23.01,54.52,12.4,57.25,4.02,53.65,9.69,55.36,3.95,53.07,49.09,22.11,56.55,12.86,52.7,3.7,53.48,9.66,56.27,4.02,52.35,44.61,20.09,38.29,8.71,60.37,4.23,47.33,8.55,42.38,3.03,44.61,34.64,15.6,50.46,11.48,49.32,3.46,58.93,10.65,45.76,3.27,44.45
202607022306,2026-07-02,23,6R,daily,66.77,30.07,42.35,9.63,52.44,3.68,50.0,9.03,50.0,3.57,55.98,53.1,23.92,60.61,13.78,64.66,4.54,50.0,9.03,50.0,3.57,54.84,51.08,23.01,52.49,11.94,46.33,3.25,50.0,9.03,50.0,3.57,50.8,49.09,22.11,46.4,10.55,55.69,3.91,50.0,9.03,50.0,3.57,49.17,44.61,20.09,46.4,10.55,50.36,3.53,50.0,9.03,50.0,3.57,46.78,34.64,15.6,46.4,10.55,54.52,3.82,50.0,9.03,50.0,3.57,42.58
202607022306,2026-07-02,23,6R,realtime,66.77,30.07,42.35,9.63,52.44,3.68,46.03,8.32,51.73,3.69,55.39,53.1,23.92,60.61,13.78,64.66,4.54,71.39,12.9,51.49,3.67,58.81,51.08,23.01,52.49,11.94,46.33,3.25,39.33,7.11,55.22,3.94,49.24,49.09,22.11,46.4,10.55,55.69,3.91,54.14,9.78,55.91,3.99,50.34,34.64,15.6,46.4,10.55,50.36,3.53,40.17,7.26,44.21,3.16,40.1,44.61,20.09,46.4,10.55,54.52,3.82,49.0,8.85,41.55,2.97,46.29
202607022307,2026-07-02,23,7R,daily,66.77,30.07,44.38,10.09,48.02,3.37,50.0,9.03,50.0,3.57,56.13,53.1,23.92,38.29,8.71,50.1,3.51,50.0,9.03,50.0,3.57,48.74,51.08,23.01,46.4,10.55,44.38,3.11,50.0,9.03,50.0,3.57,49.28,49.09,22.11,52.49,11.94,56.73,3.98,50.0,9.03,50.0,3.57,50.63,44.61,20.09,56.55,12.86,45.81,3.21,50.0,9.03,50.0,3.57,48.77,34.64,15.6,44.38,10.09,46.07,3.23,50.0,9.03,50.0,3.57,41.53
202607022307,2026-07-02,23,7R,realtime,66.77,30.07,44.38,10.09,48.02,3.37,65.39,11.81,46.46,3.32,58.66,53.1,23.92,38.29,8.71,50.1,3.51,56.48,10.21,50.59,3.61,49.95,51.08,23.01,46.4,10.55,44.38,3.11,39.57,7.15,52.95,3.78,47.6,49.09,22.11,52.49,11.94,56.73,3.98,44.44,8.03,58.61,4.18,50.24,44.61,20.09,56.55,12.86,45.81,3.21,50.68,9.16,42.8,3.05,48.38,34.64,15.6,44.38,10.09,46.07,3.23,43.48,7.86,48.69,3.47,40.26
202607022308,2026-07-02,23,8R,daily,66.77,30.07,48.43,11.01,49.84,3.5,50.0,9.03,50.0,3.57,57.18,53.1,23.92,42.35,9.63,56.47,3.96,50.0,9.03,50.0,3.57,50.11,51.08,23.01,42.35,9.63,47.76,3.35,50.0,9.03,50.0,3.57,48.59,49.09,22.11,58.58,13.32,43.73,3.07,50.0,9.03,50.0,3.57,51.1,44.61,20.09,46.4,10.55,36.71,2.57,50.0,9.03,50.0,3.57,45.82,34.64,15.6,34.23,7.78,51.79,3.63,50.0,9.03,50.0,3.57,39.62
202607022309,2026-07-02,23,9R,daily,66.77,30.07,40.32,9.17,58.29,4.09,50.0,9.03,50.0,3.57,55.93,53.1,23.92,58.58,13.32,57.9,4.06,50.0,9.03,50.0,3.57,53.9,51.08,23.01,50.46,11.48,50.75,3.56,50.0,9.03,50.0,3.57,50.65,49.09,22.11,42.35,9.63,46.07,3.23,50.0,9.03,50.0,3.57,47.57,44.61,20.09,48.43,11.01,50.36,3.53,50.0,9.03,50.0,3.57,47.24,34.64,15.6,44.38,10.09,55.56,3.9,50.0,9.03,50.0,3.57,42.19
202607022310,2026-07-02,23,10R,daily,66.77,30.07,52.49,11.94,46.98,3.3,50.0,9.03,50.0,3.57,57.91,53.1,23.92,50.46,11.48,35.15,2.47,50.0,9.03,50.0,3.57,50.46,51.08,23.01,46.4,10.55,55.69,3.91,50.0,9.03,50.0,3.57,50.07,49.09,22.11,48.43,11.01,54.52,3.82,50.0,9.03,50.0,3.57,49.55,44.61,20.09,54.52,12.4,57.25,4.02,50.0,9.03,50.0,3.57,49.11,34.64,15.6,50.46,11.48,46.07,3.23,50.0,9.03,50.0,3.57,42.91
202607022311,2026-07-02,23,11R,daily,66.77,30.07,50.46,11.48,47.5,3.33,50.0,9.03,50.0,3.57,57.48,53.1,23.92,50.46,11.48,33.72,2.36,50.0,9.03,50.0,3.57,50.36,51.08,23.01,46.4,10.55,59.07,4.14,50.0,9.03,50.0,3.57,50.31,49.09,22.11,60.61,13.78,44.77,3.14,50.0,9.03,50.0,3.57,51.64,44.61,20.09,44.38,10.09,46.07,3.23,50.0,9.03,50.0,3.57,46.02,34.64,15.6,52.49,11.94,46.33,3.25,50.0,9.03,50.0,3.57,43.39
202607022312,2026-07-02,23,12R,daily,66.77,30.07,56.55,12.86,52.7,3.7,50.0,9.03,50.0,3.57,59.23,53.1,23.92,46.4,10.55,68.43,4.8,50.0,9.03,50.0,3.57,51.87,51.08,23.01,52.49,11.94,53.61,3.76,50.0,9.03,50.0,3.57,51.31,49.09,22.11,60.61,13.78,64.66,4.54,50.0,9.03,50.0,3.57,53.03,44.61,20.09,42.35,9.63,56.21,3.94,50.0,9.03,50.0,3.57,46.27,34.64,15.6,52.49,11.94,56.73,3.98,50.0,9.03,50.0,3.57,44.12
202607022401,2026-07-02,24,1R,daily,67.79,32.26,48.61,9.24,19.57,0.87,50.0,10.09,50.0,4.38,56.84,52.1,24.8,38.53,7.33,56.55,2.52,50.0,10.09,50.0,4.38,49.11,51.28,24.41,48.61,9.24,38.92,1.74,50.0,10.09,50.0,4.38,49.85,47.6,22.65,44.58,8.48,44.16,1.97,50.0,10.09,50.0,4.38,47.57,44.52,21.19,46.59,8.86,27.07,1.21,50.0,10.09,50.0,4.38,45.72,36.26,17.25,46.59,8.86,34.58,1.54,50.0,10.09,50.0,4.38,42.12
202607022402,2026-07-02,24,2R,daily,67.79,32.26,42.56,8.09,41.09,1.83,50.0,10.09,50.0,4.38,56.65,52.1,24.8,44.58,8.48,32.41,1.44,50.0,10.09,50.0,4.38,49.18,51.28,24.41,42.56,8.09,25.99,1.16,50.0,10.09,50.0,4.38,48.13,47.6,22.65,48.61,9.24,46.15,2.06,50.0,10.09,50.0,4.38,48.42,44.52,21.19,42.56,8.09,52.39,2.34,50.0,10.09,50.0,4.38,46.08,36.26,17.25,46.59,8.86,68.48,3.05,50.0,10.09,50.0,4.38,43.64
202607022403,2026-07-02,24,3R,daily,67.79,32.26,46.59,8.86,50.94,2.27,50.0,10.09,50.0,4.38,57.86,52.1,24.8,50.63,9.63,81.14,3.62,50.0,10.09,50.0,4.38,52.51,51.28,24.41,42.56,8.09,49.68,2.21,50.0,10.09,50.0,4.38,49.18,47.6,22.65,48.61,9.24,51.39,2.29,50.0,10.09,50.0,4.38,48.66,44.52,21.19,38.53,7.33,19.57,0.87,50.0,10.09,50.0,4.38,43.85,36.26,17.25,32.48,6.17,25.99,1.16,50.0,10.09,50.0,4.38,39.06
202607022404,2026-07-02,24,4R,daily,67.79,32.26,46.59,8.86,54.02,2.41,50.0,10.09,50.0,4.38,58.0,52.1,24.8,42.56,8.09,35.48,1.58,50.0,10.09,50.0,4.38,48.94,51.28,24.41,56.68,10.78,48.32,2.15,50.0,10.09,50.0,4.38,51.81,47.6,22.65,44.58,8.48,52.39,2.34,50.0,10.09,50.0,4.38,47.93,44.52,21.19,38.53,7.33,41.09,1.83,50.0,10.09,50.0,4.38,44.81,36.26,17.25,52.64,10.01,38.92,1.74,50.0,10.09,50.0,4.38,43.47
202607022405,2026-07-02,24,5R,daily,67.79,32.26,48.61,9.24,38.92,1.74,50.0,10.09,50.0,4.38,57.71,52.1,24.8,46.59,8.86,19.57,0.87,50.0,10.09,50.0,4.38,49.0,51.28,24.41,44.58,8.48,44.16,1.97,50.0,10.09,50.0,4.38,49.32,47.6,22.65,42.56,8.09,64.78,2.89,50.0,10.09,50.0,4.38,48.1,44.52,21.19,50.63,9.63,48.32,2.15,50.0,10.09,50.0,4.38,47.44,36.26,17.25,40.54,7.71,62.79,2.8,50.0,10.09,50.0,4.38,42.23
202607022406,2026-07-02,24,6R,daily,67.79,32.26,52.64,10.01,58.81,2.62,50.0,10.09,50.0,4.38,59.36,52.1,24.8,46.59,8.86,34.58,1.54,50.0,10.09,50.0,4.38,49.66,51.28,24.41,46.59,8.86,27.07,1.21,50.0,10.09,50.0,4.38,48.94,47.6,22.65,42.56,8.09,25.99,1.16,50.0,10.09,50.0,4.38,46.37,44.52,21.19,48.61,9.24,38.92,1.74,50.0,10.09,50.0,4.38,46.63,36.26,17.25,58.7,11.16,32.41,1.44,50.0,10.09,50.0,4.38,44.33
202607022407,2026-07-02,24,7R,daily,67.79,32.26,46.59,8.86,57.18,2.55,50.0,10.09,50.0,4.38,58.14,52.1,24.8,44.58,8.48,68.21,3.04,50.0,10.09,50.0,4.38,50.78,51.28,24.41,38.53,7.33,56.55,2.52,50.0,10.09,50.0,4.38,48.72,47.6,22.65,42.56,8.09,49.68,2.21,50.0,10.09,50.0,4.38,47.43,44.52,21.19,42.56,8.09,41.09,1.83,50.0,10.09,50.0,4.38,45.58,36.26,17.25,32.48,6.17,54.02,2.41,50.0,10.09,50.0,4.38,40.31
202607022408,2026-07-02,24,8R,daily,67.79,32.26,46.59,8.86,34.58,1.54,50.0,10.09,50.0,4.38,57.13,52.1,24.8,42.56,8.09,52.39,2.34,50.0,10.09,50.0,4.38,49.69,51.28,24.41,38.53,7.33,41.09,1.83,50.0,10.09,50.0,4.38,48.03,47.6,22.65,38.53,7.33,19.57,0.87,50.0,10.09,50.0,4.38,45.32,44.52,21.19,32.48,6.17,25.99,1.16,50.0,10.09,50.0,4.38,42.99,36.26,17.25,46.59,8.86,50.94,2.27,50.0,10.09,50.0,4.38,42.85
202607022409,2026-07-02,24,9R,daily,67.79,32.26,48.61,9.24,46.15,2.06,50.0,10.09,50.0,4.38,58.03,52.1,24.8,52.64,10.01,38.92,1.74,50.0,10.09,50.0,4.38,51.01,51.28,24.41,42.56,8.09,64.78,2.89,50.0,10.09,50.0,4.38,49.85,47.6,22.65,46.59,8.86,68.48,3.05,50.0,10.09,50.0,4.38,49.03,44.52,21.19,50.63,9.63,81.14,3.62,50.0,10.09,50.0,4.38,48.9,36.26,17.25,42.56,8.09,35.48,1.58,50.0,10.09,50.0,4.38,41.4
202607022410,2026-07-02,24,10R,daily,67.79,32.26,50.63,9.63,48.32,2.15,50.0,10.09,50.0,4.38,58.51,52.1,24.8,48.61,9.24,51.39,2.29,50.0,10.09,50.0,4.38,50.8,51.28,24.41,46.59,8.86,19.57,0.87,50.0,10.09,50.0,4.38,48.61,47.6,22.65,56.68,10.78,48.32,2.15,50.0,10.09,50.0,4.38,50.05,44.52,21.19,48.61,9.24,19.57,0.87,50.0,10.09,50.0,4.38,45.77,36.26,17.25,46.59,8.86,34.58,1.54,50.0,10.09,50.0,4.38,42.12
202607022411,2026-07-02,24,11R,daily,67.79,32.26,40.54,7.71,62.79,2.8,50.0,10.09,50.0,4.38,57.24,52.1,24.8,58.7,11.16,32.41,1.44,50.0,10.09,50.0,4.38,51.87,51.28,24.41,44.58,8.48,32.41,1.44,50.0,10.09,50.0,4.38,48.79,47.6,22.65,46.59,8.86,57.18,2.55,50.0,10.09,50.0,4.38,48.53,44.52,21.19,46.59,8.86,54.02,2.41,50.0,10.09,50.0,4.38,46.92,36.26,17.25,52.64,10.01,58.81,2.62,50.0,10.09,50.0,4.38,44.36
202607022412,2026-07-02,24,12R,daily,67.79,32.26,62.73,11.93,30.87,1.38,50.0,10.09,50.0,4.38,60.03,52.1,24.8,60.71,11.54,19.57,0.87,50.0,10.09,50.0,4.38,51.68,51.28,24.41,44.58,8.48,37.65,1.68,50.0,10.09,50.0,4.38,49.03,47.6,22.65,72.81,13.84,45.34,2.02,50.0,10.09,50.0,4.38,52.99,44.52,21.19,50.63,9.63,62.61,2.79,50.0,10.09,50.0,4.38,48.07,36.26,17.25,52.64,10.01,43.07,1.92,50.0,10.09,50.0,4.38,43.65
