レースコード,レース日,レース場コード,レース回,状態,1枠_枠番pt,1枠_寄与_枠番pt,1枠_選手pt,1枠_寄与_選手pt,1枠_モーター2連率pt,1枠_寄与_モーター2連率pt,1枠_展示pt,1枠_寄与_展示pt,1枠_気象pt,1枠_寄与_気象pt,1枠_強さpt,2枠_枠番pt,2枠_寄与_枠番pt,2枠_選手pt,2枠_寄与_選手pt,2枠_モーター2連率pt,2枠_寄与_モーター2連率pt,2枠_展示pt,2枠_寄与_展示pt,2枠_気象pt,2枠_寄与_気象pt,2枠_強さpt,3枠_枠番pt,3枠_寄与_枠番pt,3枠_選手pt,3枠_寄与_選手pt,3枠_モーター2連率pt,3枠_寄与_モーター2連率pt,3枠_展示pt,3枠_寄与_展示pt,3枠_気象pt,3枠_寄与_気象pt,3枠_強さpt,4枠_枠番pt,4枠_寄与_枠番pt,4枠_選手pt,4枠_寄与_選手pt,4枠_モーター2連率pt,4枠_寄与_モーター2連率pt,4枠_展示pt,4枠_寄与_展示pt,4枠_気象pt,4枠_寄与_気象pt,4枠_強さpt,5枠_枠番pt,5枠_寄与_枠番pt,5枠_選手pt,5枠_寄与_選手pt,5枠_モーター2連率pt,5枠_寄与_モーター2連率pt,5枠_展示pt,5枠_寄与_展示pt,5枠_気象pt,5枠_寄与_気象pt,5枠_強さpt,6枠_枠番pt,6枠_寄与_枠番pt,6枠_選手pt,6枠_寄与_選手pt,6枠_モーター2連率pt,6枠_寄与_モーター2連率pt,6枠_展示pt,6枠_寄与_展示pt,6枠_気象pt,6枠_寄与_気象pt,6枠_強さpt
202607190101,2026-07-19,01,1R,daily,67.18,24.53,46.24,10.65,49.02,4.36,50.0,10.88,50.0,4.89,55.32,48.68,17.78,44.28,10.2,58.69,5.22,50.0,10.88,50.0,4.89,48.98,50.87,18.58,44.28,10.2,49.19,4.38,50.0,10.88,50.0,4.89,48.93,50.2,18.33,42.32,9.75,52.38,4.66,50.0,10.88,50.0,4.89,48.52,46.88,17.12,40.36,9.3,61.07,5.43,50.0,10.88,50.0,4.89,47.62,35.49,12.96,42.32,9.75,54.92,4.89,50.0,10.88,50.0,4.89,43.37
202607190102,2026-07-19,01,2R,daily,67.18,24.53,44.28,10.2,53.78,4.79,50.0,10.88,50.0,4.89,55.29,48.68,17.78,48.2,11.1,56.56,5.03,50.0,10.88,50.0,4.89,49.69,50.87,18.58,42.32,9.75,54.43,4.84,50.0,10.88,50.0,4.89,48.95,50.2,18.33,38.4,8.84,50.82,4.52,50.0,10.88,50.0,4.89,47.47,46.88,17.12,40.36,9.3,48.28,4.3,50.0,10.88,50.0,4.89,46.49,35.49,12.96,54.08,12.46,55.25,4.92,50.0,10.88,50.0,4.89,46.11
202607190103,2026-07-19,01,3R,daily,67.18,24.53,44.28,10.2,57.55,5.12,50.0,10.88,50.0,4.89,55.63,48.68,17.78,50.16,11.55,54.35,4.84,50.0,10.88,50.0,4.89,49.94,50.87,18.58,36.44,8.39,49.1,4.37,50.0,10.88,50.0,4.89,47.12,50.2,18.33,46.24,10.65,60.25,5.36,50.0,10.88,50.0,4.89,50.12,46.88,17.12,42.32,9.75,61.15,5.44,50.0,10.88,50.0,4.89,48.08,35.49,12.96,48.2,11.1,52.63,4.68,50.0,10.88,50.0,4.89,44.52
202607190104,2026-07-19,01,4R,daily,67.18,24.53,48.2,11.1,55.09,4.9,50.0,10.88,50.0,4.89,56.31,48.68,17.78,40.36,9.3,51.56,4.59,50.0,10.88,50.0,4.89,47.44,50.87,18.58,44.28,10.2,57.38,5.11,50.0,10.88,50.0,4.89,49.66,50.2,18.33,48.2,11.1,53.04,4.72,50.0,10.88,50.0,4.89,49.93,46.88,17.12,44.28,10.2,58.61,5.22,50.0,10.88,50.0,4.89,48.31,35.49,12.96,52.12,12.0,53.78,4.79,50.0,10.88,50.0,4.89,45.53
202607190105,2026-07-19,01,5R,daily,67.18,24.53,50.16,11.55,47.96,4.27,50.0,10.88,50.0,4.89,56.13,48.68,17.78,42.32,9.75,54.92,4.89,50.0,10.88,50.0,4.89,48.19,50.87,18.58,42.32,9.75,55.42,4.93,50.0,10.88,50.0,4.89,49.03,50.2,18.33,58.0,13.36,64.51,5.74,50.0,10.88,50.0,4.89,53.21,46.88,17.12,46.24,10.65,58.28,5.19,50.0,10.88,50.0,4.89,48.73,35.49,12.96,50.16,11.55,47.71,4.25,50.0,10.88,50.0,4.89,44.53
202607190106,2026-07-19,01,6R,daily,67.18,24.53,54.08,12.46,49.92,4.44,50.0,10.88,50.0,4.89,57.21,48.68,17.78,38.4,8.84,50.82,4.52,50.0,10.88,50.0,4.89,46.92,50.87,18.58,42.32,9.75,52.87,4.71,50.0,10.88,50.0,4.89,48.81,50.2,18.33,40.36,9.3,61.07,5.43,50.0,10.88,50.0,4.89,48.84,46.88,17.12,44.28,10.2,58.69,5.22,50.0,10.88,50.0,4.89,48.32,35.49,12.96,38.4,8.84,59.27,5.27,50.0,10.88,50.0,4.89,42.85
202607190107,2026-07-19,01,7R,daily,67.18,24.53,50.16,11.55,49.27,4.38,50.0,10.88,50.0,4.89,56.25,48.68,17.78,40.36,9.3,48.28,4.3,50.0,10.88,50.0,4.89,47.15,50.87,18.58,44.28,10.2,57.55,5.12,50.0,10.88,50.0,4.89,49.67,50.2,18.33,42.32,9.75,61.15,5.44,50.0,10.88,50.0,4.89,49.3,46.88,17.12,42.32,9.75,52.38,4.66,50.0,10.88,50.0,4.89,47.3,35.49,12.96,46.24,10.65,49.02,4.36,50.0,10.88,50.0,4.89,43.75
202607190108,2026-07-19,01,8R,daily,67.18,24.53,48.2,11.1,53.04,4.72,50.0,10.88,50.0,4.89,56.13,48.68,17.78,42.32,9.75,49.35,4.39,50.0,10.88,50.0,4.89,47.69,50.87,18.58,40.36,9.3,51.56,4.59,50.0,10.88,50.0,4.89,48.24,50.2,18.33,36.44,8.39,49.1,4.37,50.0,10.88,50.0,4.89,46.87,46.88,17.12,48.2,11.1,43.69,3.89,50.0,10.88,50.0,4.89,47.88,35.49,12.96,32.52,7.49,50.33,4.48,50.0,10.88,50.0,4.89,40.7
202607190109,2026-07-19,01,9R,daily,67.18,24.53,44.28,10.2,51.97,4.62,50.0,10.88,50.0,4.89,55.13,48.68,17.78,46.24,10.65,58.28,5.19,50.0,10.88,50.0,4.89,49.39,50.87,18.58,48.2,11.1,47.96,4.27,50.0,10.88,50.0,4.89,49.72,50.2,18.33,42.32,9.75,54.43,4.84,50.0,10.88,50.0,4.89,48.7,46.88,17.12,48.2,11.1,50.01,4.45,50.0,10.88,50.0,4.89,48.45,35.49,12.96,34.48,7.94,45.58,4.06,50.0,10.88,50.0,4.89,40.73
202607190110,2026-07-19,01,10R,daily,67.18,24.53,52.12,12.0,53.78,4.79,50.0,10.88,50.0,4.89,57.1,48.68,17.78,48.2,11.1,55.09,4.9,50.0,10.88,50.0,4.89,49.56,50.87,18.58,46.24,10.65,60.25,5.36,50.0,10.88,50.0,4.89,50.37,50.2,18.33,44.28,10.2,53.78,4.79,50.0,10.88,50.0,4.89,49.09,46.88,17.12,50.16,11.55,54.35,4.84,50.0,10.88,50.0,4.89,49.28,35.49,12.96,50.16,11.55,47.96,4.27,50.0,10.88,50.0,4.89,44.56
202607190111,2026-07-19,01,11R,daily,67.18,24.53,48.2,11.1,52.63,4.68,50.0,10.88,50.0,4.89,56.1,48.68,17.78,54.08,12.46,55.25,4.92,50.0,10.88,50.0,4.89,50.93,50.87,18.58,58.0,13.36,64.51,5.74,50.0,10.88,50.0,4.89,53.45,50.2,18.33,44.28,10.2,57.38,5.11,50.0,10.88,50.0,4.89,49.41,46.88,17.12,54.08,12.46,49.92,4.44,50.0,10.88,50.0,4.89,49.79,35.49,12.96,48.2,11.1,56.56,5.03,50.0,10.88,50.0,4.89,44.87
202607190112,2026-07-19,01,12R,daily,67.18,24.53,83.48,19.23,45.5,4.05,50.0,10.88,50.0,4.89,63.59,48.68,17.78,54.08,12.46,58.86,5.24,50.0,10.88,50.0,4.89,51.25,50.87,18.58,48.2,11.1,54.51,4.85,50.0,10.88,50.0,4.89,50.31,50.2,18.33,58.0,13.36,61.65,5.49,50.0,10.88,50.0,4.89,52.95,46.88,17.12,48.2,11.1,39.51,3.52,50.0,10.88,50.0,4.89,47.51,35.49,12.96,48.2,11.1,48.37,4.3,50.0,10.88,50.0,4.89,44.14
202607190201,2026-07-19,02,1R,daily,67.6,19.75,42.47,13.36,44.82,3.73,50.0,10.95,50.0,4.56,52.34,53.26,15.56,44.9,14.12,58.15,4.84,50.0,10.95,50.0,4.56,50.03,50.25,14.68,47.34,14.89,50.81,4.23,50.0,10.95,50.0,4.56,49.3,49.61,14.49,44.9,14.12,52.16,4.34,50.0,10.95,50.0,4.56,48.46,44.82,13.09,44.9,14.12,51.71,4.31,50.0,10.95,50.0,4.56,47.03,33.57,9.81,30.29,9.53,53.35,4.44,50.0,10.95,50.0,4.56,39.28
202607190202,2026-07-19,02,2R,daily,67.6,19.75,40.03,12.59,50.96,4.24,50.0,10.95,50.0,4.56,52.08,53.26,15.56,49.77,15.66,52.31,4.36,50.0,10.95,50.0,4.56,51.07,50.25,14.68,44.9,14.12,51.26,4.27,50.0,10.95,50.0,4.56,48.58,49.61,14.49,52.21,16.42,55.75,4.64,50.0,10.95,50.0,4.56,51.06,44.82,13.09,52.21,16.42,54.25,4.52,50.0,10.95,50.0,4.56,49.54,33.57,9.81,47.34,14.89,59.35,4.94,50.0,10.95,50.0,4.56,45.14
202607190203,2026-07-19,02,3R,daily,67.6,19.75,35.16,11.06,47.81,3.98,50.0,10.95,50.0,4.56,50.29,53.26,15.56,47.34,14.89,47.96,3.99,50.0,10.95,50.0,4.56,49.95,50.25,14.68,44.9,14.12,49.46,4.12,50.0,10.95,50.0,4.56,48.43,49.61,14.49,42.47,13.36,50.66,4.22,50.0,10.95,50.0,4.56,47.57,44.82,13.09,57.08,17.96,48.71,4.06,50.0,10.95,50.0,4.56,50.61,33.57,9.81,44.9,14.12,61.14,5.09,50.0,10.95,50.0,4.56,44.52
202607190204,2026-07-19,02,4R,daily,67.6,19.75,42.47,13.36,60.99,5.08,50.0,10.95,50.0,4.56,53.69,53.26,15.56,52.21,16.42,46.76,3.89,50.0,10.95,50.0,4.56,51.38,50.25,14.68,47.34,14.89,41.22,3.43,50.0,10.95,50.0,4.56,48.51,49.61,14.49,49.77,15.66,60.55,5.04,50.0,10.95,50.0,4.56,50.69,44.82,13.09,74.13,23.32,52.91,4.41,50.0,10.95,50.0,4.56,56.32,33.57,9.81,30.29,9.53,61.89,5.15,50.0,10.95,50.0,4.56,39.99
202607190205,2026-07-19,02,5R,daily,67.6,19.75,52.21,16.42,45.57,3.79,50.0,10.95,50.0,4.56,55.47,53.26,15.56,42.47,13.36,57.25,4.77,50.0,10.95,50.0,4.56,49.19,50.25,14.68,42.47,13.36,70.58,5.88,50.0,10.95,50.0,4.56,49.42,49.61,14.49,61.95,19.49,49.46,4.12,50.0,10.95,50.0,4.56,53.6,44.82,13.09,49.77,15.66,60.99,5.08,50.0,10.95,50.0,4.56,49.33,33.57,9.81,44.9,14.12,58.15,4.84,50.0,10.95,50.0,4.56,44.28
202607190206,2026-07-19,02,6R,daily,67.6,19.75,42.47,13.36,49.61,4.13,50.0,10.95,50.0,4.56,52.74,53.26,15.56,40.03,12.59,50.96,4.24,50.0,10.95,50.0,4.56,47.9,50.25,14.68,54.65,17.19,58.3,4.86,50.0,10.95,50.0,4.56,52.23,49.61,14.49,52.21,16.42,53.06,4.42,50.0,10.95,50.0,4.56,50.84,44.82,13.09,42.47,13.36,44.82,3.73,50.0,10.95,50.0,4.56,45.69,33.57,9.81,52.21,16.42,66.54,5.54,50.0,10.95,50.0,4.56,47.27
202607190207,2026-07-19,02,7R,daily,67.6,19.75,54.65,17.19,46.46,3.87,50.0,10.95,50.0,4.56,56.31,53.26,15.56,42.47,13.36,51.86,4.32,50.0,10.95,50.0,4.56,48.74,50.25,14.68,42.47,13.36,50.66,4.22,50.0,10.95,50.0,4.56,47.76,49.61,14.49,44.9,14.12,51.26,4.27,50.0,10.95,50.0,4.56,48.39,44.82,13.09,42.47,13.36,53.65,4.47,50.0,10.95,50.0,4.56,46.42,33.57,9.81,44.9,14.12,52.16,4.34,50.0,10.95,50.0,4.56,43.78
202607190208,2026-07-19,02,8R,daily,67.6,19.75,49.77,15.66,60.55,5.04,50.0,10.95,50.0,4.56,55.95,53.26,15.56,52.21,16.42,55.75,4.64,50.0,10.95,50.0,4.56,52.13,50.25,14.68,49.77,15.66,52.31,4.36,50.0,10.95,50.0,4.56,50.2,49.61,14.49,44.9,14.12,51.71,4.31,50.0,10.95,50.0,4.56,48.43,44.82,13.09,52.21,16.42,45.72,3.81,50.0,10.95,50.0,4.56,48.83,33.57,9.81,44.9,14.12,49.46,4.12,50.0,10.95,50.0,4.56,43.55
202607190209,2026-07-19,02,9R,daily,67.6,19.75,44.9,14.12,50.51,4.21,50.0,10.95,50.0,4.56,53.58,53.26,15.56,47.34,14.89,59.35,4.94,50.0,10.95,50.0,4.56,50.89,50.25,14.68,74.13,23.32,52.91,4.41,50.0,10.95,50.0,4.56,57.91,49.61,14.49,49.77,15.66,52.46,4.37,50.0,10.95,50.0,4.56,50.02,44.82,13.09,42.47,13.36,57.25,4.77,50.0,10.95,50.0,4.56,46.72,33.57,9.81,49.77,15.66,45.12,3.76,50.0,10.95,50.0,4.56,44.72
202607190210,2026-07-19,02,10R,daily,67.6,19.75,52.21,16.42,46.76,3.89,50.0,10.95,50.0,4.56,55.57,53.26,15.56,52.21,16.42,66.54,5.54,50.0,10.95,50.0,4.56,53.02,50.25,14.68,61.95,19.49,49.46,4.12,50.0,10.95,50.0,4.56,53.79,49.61,14.49,52.21,16.42,42.72,3.56,50.0,10.95,50.0,4.56,49.98,44.82,13.09,44.9,14.12,61.14,5.09,50.0,10.95,50.0,4.56,47.81,33.57,9.81,27.85,8.76,52.76,4.39,50.0,10.95,50.0,4.56,38.46
202607190211,2026-07-19,02,11R,daily,67.6,19.75,52.21,16.42,53.06,4.42,50.0,10.95,50.0,4.56,56.09,53.26,15.56,52.21,16.42,45.57,3.79,50.0,10.95,50.0,4.56,51.28,50.25,14.68,57.08,17.96,48.71,4.06,50.0,10.95,50.0,4.56,52.19,49.61,14.49,47.34,14.89,50.81,4.23,50.0,10.95,50.0,4.56,49.12,44.82,13.09,42.47,13.36,51.86,4.32,50.0,10.95,50.0,4.56,46.27,33.57,9.81,52.21,16.42,54.25,4.52,50.0,10.95,50.0,4.56,46.25
202607190212,2026-07-19,02,12R,daily,67.6,19.75,54.65,17.19,58.3,4.86,50.0,10.95,50.0,4.56,57.29,53.26,15.56,52.21,16.42,45.72,3.81,50.0,10.95,50.0,4.56,51.29,50.25,14.68,42.47,13.36,60.99,5.08,50.0,10.95,50.0,4.56,48.62,49.61,14.49,54.65,17.19,46.46,3.87,50.0,10.95,50.0,4.56,51.05,44.82,13.09,47.34,14.89,47.96,3.99,50.0,10.95,50.0,4.56,47.48,33.57,9.81,42.47,13.36,70.58,5.88,50.0,10.95,50.0,4.56,44.54
202607190401,2026-07-19,04,1R,daily,67.74,21.25,47.21,13.85,50.42,5.52,50.0,10.95,50.0,3.23,54.79,53.79,16.87,47.21,13.85,21.38,2.34,50.0,10.95,50.0,3.23,47.24,51.51,16.15,47.21,13.85,41.95,4.59,50.0,10.95,50.0,3.23,48.77,50.38,15.8,47.21,13.85,28.39,3.11,50.0,10.95,50.0,3.23,46.93,42.01,13.18,96.21,28.23,37.2,4.07,50.0,10.95,50.0,3.23,59.65,34.13,10.7,44.76,13.13,17.65,1.93,50.0,10.95,50.0,3.23,39.94
202607190402,2026-07-19,04,2R,daily,67.74,21.25,61.91,18.16,59.01,6.46,50.0,10.95,50.0,3.23,60.05,53.79,16.87,47.21,13.85,38.89,4.26,50.0,10.95,50.0,3.23,49.15,51.51,16.15,44.76,13.13,74.49,8.16,50.0,10.95,50.0,3.23,51.62,50.38,15.8,32.51,9.54,59.69,6.54,50.0,10.95,50.0,3.23,46.05,42.01,13.18,47.21,13.85,61.94,6.78,50.0,10.95,50.0,3.23,47.98,34.13,10.7,47.21,13.85,69.52,7.61,50.0,10.95,50.0,3.23,46.34
202607190403,2026-07-19,04,3R,daily,67.74,21.25,44.76,13.13,50.42,5.52,50.0,10.95,50.0,3.23,54.07,53.79,16.87,47.21,13.85,50.42,5.52,50.0,10.95,50.0,3.23,50.42,51.51,16.15,39.86,11.69,27.6,3.02,50.0,10.95,50.0,3.23,45.04,50.38,15.8,44.76,13.13,38.89,4.26,50.0,10.95,50.0,3.23,47.37,42.01,13.18,61.91,18.16,50.19,5.5,50.0,10.95,50.0,3.23,51.01,34.13,10.7,83.96,24.63,60.81,6.66,50.0,10.95,50.0,3.23,56.17
202607190404,2026-07-19,04,4R,daily,67.74,21.25,44.76,13.13,57.09,6.25,50.0,10.95,50.0,3.23,54.8,53.79,16.87,59.46,17.44,55.84,6.11,50.0,10.95,50.0,3.23,54.6,51.51,16.15,49.66,14.57,42.85,4.69,50.0,10.95,50.0,3.23,49.59,50.38,15.8,39.86,11.69,33.24,3.64,50.0,10.95,50.0,3.23,45.31,42.01,13.18,52.11,15.29,30.53,3.34,50.0,10.95,50.0,3.23,45.98,34.13,10.7,47.21,13.85,45.9,5.03,50.0,10.95,50.0,3.23,43.75
202607190405,2026-07-19,04,5R,daily,67.74,21.25,39.86,11.69,84.09,9.21,50.0,10.95,50.0,3.23,56.32,53.79,16.87,39.86,11.69,46.58,5.1,50.0,10.95,50.0,3.23,47.84,51.51,16.15,54.56,16.01,45.9,5.03,50.0,10.95,50.0,3.23,51.36,50.38,15.8,42.31,12.41,73.36,8.03,50.0,10.95,50.0,3.23,50.42,42.01,13.18,49.66,14.57,67.14,7.35,50.0,10.95,50.0,3.23,49.27,34.13,10.7,74.16,21.76,53.02,5.81,50.0,10.95,50.0,3.23,52.44
202607190406,2026-07-19,04,6R,daily,67.74,21.25,44.76,13.13,76.52,8.38,50.0,10.95,50.0,3.23,56.93,53.79,16.87,96.21,28.23,37.2,4.07,50.0,10.95,50.0,3.23,63.34,51.51,16.15,47.21,13.85,45.9,5.03,50.0,10.95,50.0,3.23,49.2,50.38,15.8,49.66,14.57,54.49,5.97,50.0,10.95,50.0,3.23,50.51,42.01,13.18,49.66,14.57,41.38,4.53,50.0,10.95,50.0,3.23,46.45,34.13,10.7,54.56,16.01,59.69,6.54,50.0,10.95,50.0,3.23,47.42
202607190407,2026-07-19,04,7R,daily,67.74,21.25,44.76,13.13,54.04,5.92,50.0,10.95,50.0,3.23,54.47,53.79,16.87,42.31,12.41,44.54,4.88,50.0,10.95,50.0,3.23,48.33,51.51,16.15,44.76,13.13,17.65,1.93,50.0,10.95,50.0,3.23,45.39,50.38,15.8,61.91,18.16,59.01,6.46,50.0,10.95,50.0,3.23,54.6,42.01,13.18,47.21,13.85,26.01,2.85,50.0,10.95,50.0,3.23,44.05,34.13,10.7,47.21,13.85,50.42,5.52,50.0,10.95,50.0,3.23,44.25
202607190408,2026-07-19,04,8R,daily,67.74,21.25,47.21,13.85,34.37,3.76,50.0,10.95,50.0,3.23,53.04,53.79,16.87,47.21,13.85,61.94,6.78,50.0,10.95,50.0,3.23,51.68,51.51,16.15,44.76,13.13,50.42,5.52,50.0,10.95,50.0,3.23,48.98,50.38,15.8,91.31,26.79,63.75,6.98,50.0,10.95,50.0,3.23,63.74,42.01,13.18,49.66,14.57,42.85,4.69,50.0,10.95,50.0,3.23,46.61,34.13,10.7,47.21,13.85,41.95,4.59,50.0,10.95,50.0,3.23,43.32
202607190409,2026-07-19,04,9R,daily,67.74,21.25,42.31,12.41,73.36,8.03,50.0,10.95,50.0,3.23,55.87,53.79,16.87,61.91,18.16,50.19,5.5,50.0,10.95,50.0,3.23,54.7,51.51,16.15,59.46,17.44,29.4,3.22,50.0,10.95,50.0,3.23,50.99,50.38,15.8,44.76,13.13,74.49,8.16,50.0,10.95,50.0,3.23,51.26,42.01,13.18,59.46,17.44,55.84,6.11,50.0,10.95,50.0,3.23,50.91,34.13,10.7,47.21,13.85,21.38,2.34,50.0,10.95,50.0,3.23,41.07
202607190410,2026-07-19,04,10R,daily,67.74,21.25,49.66,14.57,54.49,5.97,50.0,10.95,50.0,3.23,55.96,53.79,16.87,52.11,15.29,63.3,6.93,50.0,10.95,50.0,3.23,53.26,51.51,16.15,74.16,21.76,53.02,5.81,50.0,10.95,50.0,3.23,57.89,50.38,15.8,39.86,11.69,27.6,3.02,50.0,10.95,50.0,3.23,44.69,42.01,13.18,32.51,9.54,59.69,6.54,50.0,10.95,50.0,3.23,43.42,34.13,10.7,47.21,13.85,28.39,3.11,50.0,10.95,50.0,3.23,41.84
202607190411,2026-07-19,04,11R,daily,67.74,21.25,52.11,15.29,30.53,3.34,50.0,10.95,50.0,3.23,54.05,53.79,16.87,47.21,13.85,26.01,2.85,50.0,10.95,50.0,3.23,47.74,51.51,16.15,83.96,24.63,60.81,6.66,50.0,10.95,50.0,3.23,61.62,50.38,15.8,39.86,11.69,46.58,5.1,50.0,10.95,50.0,3.23,46.77,42.01,13.18,47.21,13.85,38.89,4.26,50.0,10.95,50.0,3.23,45.46,34.13,10.7,52.11,15.29,67.14,7.35,50.0,10.95,50.0,3.23,47.52
202607190412,2026-07-19,04,12R,daily,67.74,21.25,91.31,26.79,63.75,6.98,50.0,10.95,50.0,3.23,69.19,53.79,16.87,47.21,13.85,45.9,5.03,50.0,10.95,50.0,3.23,49.92,51.51,16.15,54.56,16.01,59.69,6.54,50.0,10.95,50.0,3.23,52.87,50.38,15.8,49.66,14.57,67.14,7.35,50.0,10.95,50.0,3.23,51.9,42.01,13.18,42.31,12.41,44.54,4.88,50.0,10.95,50.0,3.23,44.64,34.13,10.7,44.76,13.13,38.89,4.26,50.0,10.95,50.0,3.23,42.27
202607190501,2026-07-19,05,1R,daily,68.07,24.11,39.79,9.46,50.1,4.16,50.0,11.97,50.0,4.29,53.98,52.29,18.52,37.43,8.9,53.71,4.45,50.0,11.97,50.0,4.29,48.13,51.64,18.29,53.91,12.81,47.4,3.93,50.0,11.97,50.0,4.29,51.3,48.08,17.03,44.49,10.58,53.05,4.4,50.0,11.97,50.0,4.29,48.27,44.14,15.63,44.49,10.58,36.75,3.05,50.0,11.97,50.0,4.29,45.52,35.55,12.59,46.85,11.13,49.61,4.11,50.0,11.97,50.0,4.29,44.1
202607190502,2026-07-19,05,2R,daily,68.07,24.11,46.85,11.13,56.82,4.71,50.0,11.97,50.0,4.29,56.22,52.29,18.52,46.85,11.13,53.05,4.4,50.0,11.97,50.0,4.29,50.31,51.64,18.29,46.85,11.13,51.66,4.28,50.0,11.97,50.0,4.29,49.97,48.08,17.03,44.49,10.58,44.78,3.71,50.0,11.97,50.0,4.29,47.58,44.14,15.63,49.2,11.69,51.33,4.26,50.0,11.97,50.0,4.29,47.84,35.55,12.59,46.85,11.13,42.81,3.55,50.0,11.97,50.0,4.29,43.54
202607190503,2026-07-19,05,3R,daily,68.07,24.11,46.85,11.13,49.61,4.11,50.0,11.97,50.0,4.29,55.62,52.29,18.52,44.49,10.58,44.04,3.65,50.0,11.97,50.0,4.29,49.01,51.64,18.29,58.61,13.93,44.78,3.71,50.0,11.97,50.0,4.29,52.2,48.08,17.03,42.14,10.02,40.52,3.36,50.0,11.97,50.0,4.29,46.67,44.14,15.63,56.26,13.37,57.72,4.79,50.0,11.97,50.0,4.29,50.05,35.55,12.59,49.2,11.69,51.25,4.25,50.0,11.97,50.0,4.29,44.8
202607190504,2026-07-19,05,4R,daily,68.07,24.11,44.49,10.58,50.02,4.15,50.0,11.97,50.0,4.29,55.09,52.29,18.52,44.49,10.58,49.61,4.11,50.0,11.97,50.0,4.29,49.47,51.64,18.29,65.68,15.61,54.53,4.52,50.0,11.97,50.0,4.29,54.68,48.08,17.03,42.14,10.02,58.22,4.83,50.0,11.97,50.0,4.29,48.13,44.14,15.63,46.85,11.13,44.86,3.72,50.0,11.97,50.0,4.29,46.75,35.55,12.59,46.85,11.13,45.1,3.74,50.0,11.97,50.0,4.29,43.73
202607190505,2026-07-19,05,5R,daily,68.07,24.11,46.85,11.13,58.95,4.89,50.0,11.97,50.0,4.29,56.39,52.29,18.52,46.85,11.13,48.3,4.01,50.0,11.97,50.0,4.29,49.92,51.64,18.29,58.61,13.93,39.2,3.25,50.0,11.97,50.0,4.29,51.73,48.08,17.03,44.49,10.58,50.59,4.2,50.0,11.97,50.0,4.29,48.06,44.14,15.63,32.72,7.78,47.73,3.96,50.0,11.97,50.0,4.29,43.63,35.55,12.59,56.26,13.37,51.09,4.24,50.0,11.97,50.0,4.29,46.46
202607190506,2026-07-19,05,6R,daily,68.07,24.11,42.14,10.02,57.07,4.73,50.0,11.97,50.0,4.29,55.12,52.29,18.52,39.79,9.46,37.32,3.09,50.0,11.97,50.0,4.29,47.33,51.64,18.29,49.2,11.69,65.35,5.42,50.0,11.97,50.0,4.29,51.67,48.08,17.03,75.09,17.85,52.56,4.36,50.0,11.97,50.0,4.29,55.5,44.14,15.63,37.43,8.9,53.71,4.45,50.0,11.97,50.0,4.29,45.24,35.55,12.59,44.49,10.58,44.78,3.71,50.0,11.97,50.0,4.29,43.14
202607190507,2026-07-19,05,7R,daily,68.07,24.11,46.85,11.13,48.05,3.99,50.0,11.97,50.0,4.29,55.49,52.29,18.52,46.85,11.13,42.81,3.55,50.0,11.97,50.0,4.29,49.46,51.64,18.29,44.49,10.58,44.04,3.65,50.0,11.97,50.0,4.29,48.78,48.08,17.03,51.55,12.25,49.61,4.11,50.0,11.97,50.0,4.29,49.66,44.14,15.63,89.21,21.2,70.51,5.85,50.0,11.97,50.0,4.29,58.95,35.55,12.59,28.02,6.66,49.2,4.08,50.0,11.97,50.0,4.29,39.59
202607190508,2026-07-19,05,8R,daily,68.07,24.11,46.85,11.13,44.86,3.72,50.0,11.97,50.0,4.29,55.22,52.29,18.52,37.43,8.9,52.23,4.33,50.0,11.97,50.0,4.29,48.01,51.64,18.29,44.49,10.58,53.05,4.4,50.0,11.97,50.0,4.29,49.53,48.08,17.03,70.38,16.73,52.23,4.33,50.0,11.97,50.0,4.29,54.35,44.14,15.63,46.85,11.13,56.82,4.71,50.0,11.97,50.0,4.29,47.74,35.55,12.59,58.61,13.93,44.78,3.71,50.0,11.97,50.0,4.29,46.5
202607190509,2026-07-19,05,9R,daily,68.07,24.11,49.2,11.69,51.33,4.26,50.0,11.97,50.0,4.29,56.32,52.29,18.52,46.85,11.13,53.54,4.44,50.0,11.97,50.0,4.29,50.36,51.64,18.29,44.49,10.58,36.75,3.05,50.0,11.97,50.0,4.29,48.17,48.08,17.03,44.49,10.58,50.02,4.15,50.0,11.97,50.0,4.29,48.01,44.14,15.63,44.49,10.58,55.1,4.57,50.0,11.97,50.0,4.29,47.04,35.55,12.59,42.14,10.02,40.52,3.36,50.0,11.97,50.0,4.29,42.23
202607190510,2026-07-19,05,10R,daily,68.07,24.11,46.85,11.13,50.02,4.15,50.0,11.97,50.0,4.29,55.65,52.29,18.52,46.85,11.13,38.96,3.23,50.0,11.97,50.0,4.29,49.15,51.64,18.29,49.2,11.69,51.25,4.25,50.0,11.97,50.0,4.29,50.5,48.08,17.03,53.91,12.81,47.4,3.93,50.0,11.97,50.0,4.29,50.03,44.14,15.63,46.85,11.13,58.95,4.89,50.0,11.97,50.0,4.29,47.92,35.55,12.59,46.85,11.13,51.66,4.28,50.0,11.97,50.0,4.29,44.27
202607190511,2026-07-19,05,11R,daily,68.07,24.11,51.55,12.25,49.61,4.11,50.0,11.97,50.0,4.29,56.74,52.29,18.52,46.85,11.13,49.61,4.11,50.0,11.97,50.0,4.29,50.03,51.64,18.29,56.26,13.37,51.09,4.24,50.0,11.97,50.0,4.29,52.16,48.08,17.03,46.85,11.13,45.1,3.74,50.0,11.97,50.0,4.29,48.17,44.14,15.63,46.85,11.13,49.61,4.11,50.0,11.97,50.0,4.29,47.14,35.55,12.59,49.2,11.69,65.35,5.42,50.0,11.97,50.0,4.29,45.96
202607190512,2026-07-19,05,12R,daily,68.07,24.11,75.09,17.85,52.56,4.36,50.0,11.97,50.0,4.29,62.58,52.29,18.52,70.38,16.73,52.23,4.33,50.0,11.97,50.0,4.29,55.84,51.64,18.29,56.26,13.37,57.72,4.79,50.0,11.97,50.0,4.29,52.71,48.08,17.03,89.21,21.2,70.51,5.85,50.0,11.97,50.0,4.29,60.34,44.14,15.63,65.68,15.61,54.53,4.52,50.0,11.97,50.0,4.29,52.03,35.55,12.59,58.61,13.93,39.2,3.25,50.0,11.97,50.0,4.29,46.03
202607190801,2026-07-19,08,1R,daily,68.66,26.13,47.98,9.85,41.26,2.56,50.0,12.7,50.0,4.91,56.15,51.41,19.57,40.36,8.28,42.56,2.64,50.0,12.7,50.0,4.91,48.1,50.19,19.11,32.73,6.72,41.85,2.59,50.0,12.7,50.0,4.91,46.03,48.07,18.3,46.08,9.46,51.02,3.16,50.0,12.7,50.0,4.91,48.52,44.2,16.82,46.08,9.46,50.78,3.15,50.0,12.7,50.0,4.91,47.04,36.98,14.08,34.64,7.11,43.16,2.67,50.0,12.7,50.0,4.91,41.47
202607190802,2026-07-19,08,2R,daily,68.66,26.13,42.27,8.67,56.26,3.49,50.0,12.7,50.0,4.91,55.9,51.41,19.57,44.17,9.06,46.26,2.87,50.0,12.7,50.0,4.91,49.11,50.19,19.11,49.89,10.24,49.47,3.07,50.0,12.7,50.0,4.91,50.02,48.07,18.3,46.08,9.46,52.69,3.26,50.0,12.7,50.0,4.91,48.63,44.2,16.82,42.27,8.67,59.23,3.67,50.0,12.7,50.0,4.91,46.78,36.98,14.08,40.36,8.28,48.16,2.98,50.0,12.7,50.0,4.91,42.95
202607190803,2026-07-19,08,3R,daily,68.66,26.13,46.08,9.46,44.71,2.77,50.0,12.7,50.0,4.91,55.97,51.41,19.57,46.08,9.46,47.92,2.97,50.0,12.7,50.0,4.91,49.6,50.19,19.11,38.45,7.89,50.66,3.14,50.0,12.7,50.0,4.91,47.75,48.07,18.3,42.27,8.67,51.02,3.16,50.0,12.7,50.0,4.91,47.74,44.2,16.82,44.17,9.06,41.02,2.54,50.0,12.7,50.0,4.91,46.04,36.98,14.08,44.17,9.06,47.57,2.95,50.0,12.7,50.0,4.91,43.7
202607190804,2026-07-19,08,4R,daily,68.66,26.13,38.45,7.89,51.02,3.16,50.0,12.7,50.0,4.91,54.8,51.41,19.57,42.27,8.67,48.88,3.03,50.0,12.7,50.0,4.91,48.88,50.19,19.11,42.27,8.67,50.19,3.11,50.0,12.7,50.0,4.91,48.5,48.07,18.3,47.98,9.85,66.74,4.13,50.0,12.7,50.0,4.91,49.89,44.2,16.82,59.42,12.19,54.0,3.35,50.0,12.7,50.0,4.91,49.97,36.98,14.08,46.08,9.46,45.54,2.82,50.0,12.7,50.0,4.91,43.96
202607190805,2026-07-19,08,5R,daily,68.66,26.13,49.89,10.24,44.95,2.78,50.0,12.7,50.0,4.91,56.77,51.41,19.57,44.17,9.06,62.93,3.9,50.0,12.7,50.0,4.91,50.14,50.19,19.11,46.08,9.46,51.02,3.16,50.0,12.7,50.0,4.91,49.33,48.07,18.3,53.7,11.02,56.85,3.52,50.0,12.7,50.0,4.91,50.45,44.2,16.82,44.17,9.06,50.78,3.15,50.0,12.7,50.0,4.91,46.64,36.98,14.08,47.98,9.85,56.02,3.47,50.0,12.7,50.0,4.91,45.0
202607190806,2026-07-19,08,6R,daily,68.66,26.13,55.61,11.41,46.85,2.9,50.0,12.7,50.0,4.91,58.06,51.41,19.57,42.27,8.67,47.92,2.97,50.0,12.7,50.0,4.91,48.82,50.19,19.11,40.36,8.28,42.56,2.64,50.0,12.7,50.0,4.91,47.63,48.07,18.3,44.17,9.06,64.71,4.01,50.0,12.7,50.0,4.91,48.98,44.2,16.82,34.64,7.11,43.16,2.67,50.0,12.7,50.0,4.91,44.22,36.98,14.08,49.89,10.24,60.9,3.77,50.0,12.7,50.0,4.91,45.7
202607190807,2026-07-19,08,7R,daily,68.66,26.13,38.45,7.89,50.66,3.14,50.0,12.7,50.0,4.91,54.77,51.41,19.57,42.27,8.67,59.23,3.67,50.0,12.7,50.0,4.91,49.52,50.19,19.11,46.08,9.46,46.02,2.85,50.0,12.7,50.0,4.91,49.02,48.07,18.3,44.17,9.06,47.57,2.95,50.0,12.7,50.0,4.91,47.92,44.2,16.82,44.17,9.06,46.26,2.87,50.0,12.7,50.0,4.91,46.36,36.98,14.08,51.8,10.63,52.33,3.24,50.0,12.7,50.0,4.91,45.56
202607190808,2026-07-19,08,8R,daily,68.66,26.13,36.55,7.5,55.78,3.46,50.0,12.7,50.0,4.91,54.7,51.41,19.57,46.08,9.46,50.78,3.15,50.0,12.7,50.0,4.91,49.78,50.19,19.11,44.17,9.06,41.02,2.54,50.0,12.7,50.0,4.91,48.32,48.07,18.3,40.36,8.28,48.16,2.98,50.0,12.7,50.0,4.91,47.17,44.2,16.82,46.08,9.46,44.71,2.77,50.0,12.7,50.0,4.91,46.66,36.98,14.08,32.73,6.72,41.85,2.59,50.0,12.7,50.0,4.91,41.0
202607190809,2026-07-19,08,9R,daily,68.66,26.13,49.89,10.24,49.47,3.07,50.0,12.7,50.0,4.91,57.05,51.41,19.57,44.17,9.06,59.83,3.71,50.0,12.7,50.0,4.91,49.95,50.19,19.11,44.17,9.06,62.93,3.9,50.0,12.7,50.0,4.91,49.68,48.07,18.3,38.45,7.89,51.02,3.16,50.0,12.7,50.0,4.91,46.96,44.2,16.82,46.08,9.46,47.92,2.97,50.0,12.7,50.0,4.91,46.86,36.98,14.08,42.27,8.67,50.19,3.11,50.0,12.7,50.0,4.91,43.47
202607190810,2026-07-19,08,10R,daily,68.66,26.13,49.89,10.24,60.9,3.77,50.0,12.7,50.0,4.91,57.76,51.41,19.57,47.98,9.85,56.02,3.47,50.0,12.7,50.0,4.91,50.5,50.19,19.11,59.42,12.19,54.0,3.35,50.0,12.7,50.0,4.91,52.25,48.07,18.3,42.27,8.67,56.26,3.49,50.0,12.7,50.0,4.91,48.06,44.2,16.82,55.61,11.41,46.85,2.9,50.0,12.7,50.0,4.91,48.75,36.98,14.08,42.27,8.67,48.88,3.03,50.0,12.7,50.0,4.91,43.39
202607190811,2026-07-19,08,11R,daily,68.66,26.13,44.17,9.06,64.71,4.01,50.0,12.7,50.0,4.91,56.82,51.41,19.57,51.8,10.63,52.33,3.24,50.0,12.7,50.0,4.91,51.05,50.19,19.11,53.7,11.02,56.85,3.52,50.0,12.7,50.0,4.91,51.26,48.07,18.3,46.08,9.46,46.02,2.85,50.0,12.7,50.0,4.91,48.21,44.2,16.82,42.27,8.67,47.92,2.97,50.0,12.7,50.0,4.91,46.08,36.98,14.08,49.89,10.24,44.95,2.78,50.0,12.7,50.0,4.91,44.71
202607190812,2026-07-19,08,12R,daily,68.66,26.13,59.42,12.19,57.21,3.54,50.0,12.7,50.0,4.91,59.48,51.41,19.57,49.89,10.24,47.92,2.97,50.0,12.7,50.0,4.91,50.39,50.19,19.11,51.8,10.63,47.45,2.94,50.0,12.7,50.0,4.91,50.28,48.07,18.3,49.89,10.24,51.02,3.16,50.0,12.7,50.0,4.91,49.3,44.2,16.82,47.98,9.85,50.3,3.12,50.0,12.7,50.0,4.91,47.4,36.98,14.08,46.08,9.46,49.47,3.07,50.0,12.7,50.0,4.91,44.21
202607190901,2026-07-19,09,1R,daily,65.69,27.92,48.46,10.8,48.87,2.38,50.0,11.65,50.0,3.52,56.27,53.06,22.55,46.56,10.37,52.1,2.54,50.0,11.65,50.0,3.52,50.64,51.23,21.78,40.86,9.1,53.75,2.62,50.0,11.65,50.0,3.52,48.67,48.49,20.61,54.17,12.07,52.51,2.56,50.0,11.65,50.0,3.52,50.41,45.16,19.2,48.46,10.8,49.04,2.39,50.0,11.65,50.0,3.52,47.55,36.13,15.36,48.46,10.8,52.34,2.55,50.0,11.65,50.0,3.52,43.88
202607190902,2026-07-19,09,2R,daily,65.69,27.92,46.56,10.37,57.22,2.79,50.0,11.65,50.0,3.52,56.25,53.06,22.55,54.17,12.07,58.96,2.88,50.0,11.65,50.0,3.52,52.66,51.23,21.78,44.66,9.95,61.52,3.0,50.0,11.65,50.0,3.52,49.89,48.49,20.61,48.46,10.8,48.95,2.39,50.0,11.65,50.0,3.52,48.96,45.16,19.2,50.36,11.22,52.43,2.56,50.0,11.65,50.0,3.52,48.14,36.13,15.36,48.46,10.8,60.28,2.94,50.0,11.65,50.0,3.52,44.26
202607190903,2026-07-19,09,3R,daily,65.69,27.92,40.86,9.1,57.55,2.81,50.0,11.65,50.0,3.52,55.0,53.06,22.55,54.17,12.07,57.14,2.79,50.0,11.65,50.0,3.52,52.58,51.23,21.78,44.66,9.95,47.96,2.34,50.0,11.65,50.0,3.52,49.23,48.49,20.61,48.46,10.8,51.27,2.5,50.0,11.65,50.0,3.52,49.08,45.16,19.2,46.56,10.37,54.33,2.65,50.0,11.65,50.0,3.52,47.39,36.13,15.36,44.66,9.95,49.86,2.43,50.0,11.65,50.0,3.52,42.91
202607190904,2026-07-19,09,4R,daily,65.69,27.92,46.56,10.37,52.51,2.56,50.0,11.65,50.0,3.52,56.02,53.06,22.55,48.46,10.8,56.15,2.74,50.0,11.65,50.0,3.52,51.26,51.23,21.78,48.46,10.8,54.25,2.65,50.0,11.65,50.0,3.52,50.39,48.49,20.61,50.36,11.22,59.46,2.9,50.0,11.65,50.0,3.52,49.9,45.16,19.2,48.46,10.8,51.52,2.51,50.0,11.65,50.0,3.52,47.67,36.13,15.36,75.09,16.73,50.52,2.46,50.0,11.65,50.0,3.52,49.72
202607190905,2026-07-19,09,5R,daily,65.69,27.92,46.56,10.37,58.88,2.87,50.0,11.65,50.0,3.52,56.33,53.06,22.55,48.46,10.8,50.52,2.46,50.0,11.65,50.0,3.52,50.98,51.23,21.78,44.66,9.95,46.39,2.26,50.0,11.65,50.0,3.52,49.16,48.49,20.61,52.27,11.64,50.94,2.48,50.0,11.65,50.0,3.52,49.91,45.16,19.2,59.87,13.34,51.43,2.51,50.0,11.65,50.0,3.52,50.21,36.13,15.36,52.27,11.64,53.58,2.61,50.0,11.65,50.0,3.52,44.78
202607190906,2026-07-19,09,6R,daily,65.69,27.92,52.27,11.64,47.38,2.31,50.0,11.65,50.0,3.52,57.04,53.06,22.55,46.56,10.37,53.0,2.59,50.0,11.65,50.0,3.52,50.68,51.23,21.78,50.36,11.22,58.05,2.83,50.0,11.65,50.0,3.52,51.0,48.49,20.61,46.56,10.37,49.53,2.42,50.0,11.65,50.0,3.52,48.57,45.16,19.2,48.46,10.8,48.87,2.38,50.0,11.65,50.0,3.52,47.55,36.13,15.36,46.56,10.37,49.78,2.43,50.0,11.65,50.0,3.52,43.33
202607190907,2026-07-19,09,7R,daily,65.69,27.92,50.36,11.22,54.91,2.68,50.0,11.65,50.0,3.52,56.99,53.06,22.55,46.56,10.37,57.22,2.79,50.0,11.65,50.0,3.52,50.89,51.23,21.78,57.97,12.91,54.49,2.66,50.0,11.65,50.0,3.52,52.52,48.49,20.61,56.07,12.49,56.89,2.78,50.0,11.65,50.0,3.52,51.05,45.16,19.2,56.07,12.49,49.86,2.43,50.0,11.65,50.0,3.52,49.29,36.13,15.36,44.66,9.95,47.96,2.34,50.0,11.65,50.0,3.52,42.81
202607190908,2026-07-19,09,8R,daily,65.69,27.92,52.27,11.64,50.94,2.48,50.0,11.65,50.0,3.52,57.22,53.06,22.55,52.27,11.64,57.06,2.78,50.0,11.65,50.0,3.52,52.15,51.23,21.78,46.56,10.37,51.27,2.5,50.0,11.65,50.0,3.52,49.82,48.49,20.61,40.86,9.1,57.55,2.81,50.0,11.65,50.0,3.52,47.69,45.16,19.2,48.46,10.8,53.91,2.63,50.0,11.65,50.0,3.52,47.79,36.13,15.36,54.17,12.07,58.96,2.88,50.0,11.65,50.0,3.52,45.47
202607190909,2026-07-19,09,9R,daily,65.69,27.92,50.36,11.22,46.22,2.25,50.0,11.65,50.0,3.52,56.56,53.06,22.55,40.86,9.1,46.88,2.29,50.0,11.65,50.0,3.52,49.11,51.23,21.78,54.17,12.07,57.14,2.79,50.0,11.65,50.0,3.52,51.8,48.49,20.61,46.56,10.37,52.1,2.54,50.0,11.65,50.0,3.52,48.69,45.16,19.2,52.27,11.64,51.52,2.51,50.0,11.65,50.0,3.52,48.52,36.13,15.36,48.46,10.8,56.15,2.74,50.0,11.65,50.0,3.52,44.06
202607190910,2026-07-19,09,10R,daily,65.69,27.92,56.07,12.49,46.64,2.28,50.0,11.65,50.0,3.52,57.86,53.06,22.55,44.66,9.95,49.86,2.43,50.0,11.65,50.0,3.52,50.1,51.23,21.78,57.97,12.91,51.02,2.49,50.0,11.65,50.0,3.52,52.35,48.49,20.61,46.56,10.37,58.88,2.87,50.0,11.65,50.0,3.52,49.02,45.16,19.2,75.09,16.73,50.52,2.46,50.0,11.65,50.0,3.52,53.56,36.13,15.36,46.56,10.37,49.53,2.42,50.0,11.65,50.0,3.52,43.31
202607190911,2026-07-19,09,11R,daily,65.69,27.92,46.56,10.37,53.0,2.59,50.0,11.65,50.0,3.52,56.05,53.06,22.55,48.46,10.8,51.27,2.5,50.0,11.65,50.0,3.52,51.02,51.23,21.78,48.46,10.8,55.07,2.69,50.0,11.65,50.0,3.52,50.43,48.49,20.61,59.87,13.34,51.43,2.51,50.0,11.65,50.0,3.52,51.63,45.16,19.2,50.36,11.22,47.96,2.34,50.0,11.65,50.0,3.52,47.92,36.13,15.36,40.86,9.1,53.75,2.62,50.0,11.65,50.0,3.52,42.25
202607190912,2026-07-19,09,12R,daily,65.69,27.92,56.07,12.49,49.86,2.43,50.0,11.65,50.0,3.52,58.01,53.06,22.55,52.27,11.64,47.38,2.31,50.0,11.65,50.0,3.52,51.68,51.23,21.78,48.46,10.8,48.95,2.39,50.0,11.65,50.0,3.52,50.13,48.49,20.61,48.46,10.8,51.52,2.51,50.0,11.65,50.0,3.52,49.09,45.16,19.2,46.56,10.37,51.27,2.5,50.0,11.65,50.0,3.52,47.24,36.13,15.36,44.66,9.95,46.39,2.26,50.0,11.65,50.0,3.52,42.74
202607191001,2026-07-19,10,1R,daily,67.54,26.04,56.19,16.3,37.43,3.08,50.0,8.37,50.0,3.74,57.53,52.66,20.3,50.57,14.67,35.0,2.88,50.0,8.37,50.0,3.74,49.96,50.78,19.58,47.75,13.85,42.3,3.48,50.0,8.37,50.0,3.74,49.02,47.83,18.44,30.88,8.96,40.63,3.34,50.0,8.37,50.0,3.74,42.84,43.93,16.94,42.13,12.22,53.05,4.36,50.0,8.37,50.0,3.74,45.63,36.87,14.21,25.25,7.32,46.5,3.82,50.0,8.37,50.0,3.74,37.47
202607191001,2026-07-19,10,1R,realtime,67.54,26.04,56.19,16.3,37.43,3.08,34.95,5.85,41.38,3.1,54.36,52.66,20.3,50.57,14.67,35.0,2.88,69.26,11.59,54.19,4.05,53.49,50.78,19.58,47.75,13.85,42.3,3.48,46.25,7.74,49.02,3.67,48.32,47.83,18.44,30.88,8.96,40.63,3.34,52.11,8.72,46.88,3.51,42.96,43.93,16.94,42.13,12.22,53.05,4.36,44.12,7.38,52.41,3.92,44.82,36.87,14.21,25.25,7.32,46.5,3.82,53.38,8.93,56.26,4.21,38.5
202607191002,2026-07-19,10,2R,daily,67.54,26.04,47.75,13.85,39.62,3.26,50.0,8.37,50.0,3.74,55.26,52.66,20.3,53.38,15.48,58.93,4.84,50.0,8.37,50.0,3.74,52.74,50.78,19.58,42.13,12.22,55.99,4.6,50.0,8.37,50.0,3.74,48.51,47.83,18.44,44.94,13.03,50.03,4.11,50.0,8.37,50.0,3.74,47.7,43.93,16.94,47.75,13.85,38.02,3.12,50.0,8.37,50.0,3.74,46.02,36.87,14.21,47.75,13.85,56.16,4.62,50.0,8.37,50.0,3.74,44.79
202607191002,2026-07-19,10,2R,realtime,67.54,26.04,47.75,13.85,39.62,3.26,65.6,10.98,39.21,2.93,57.06,52.66,20.3,53.38,15.48,58.93,4.84,53.5,8.95,55.5,4.15,53.74,50.78,19.58,42.13,12.22,55.99,4.6,48.99,8.2,49.76,3.72,48.32,47.83,18.44,44.94,13.03,50.03,4.11,32.67,5.47,45.02,3.37,44.42,43.93,16.94,47.75,13.85,38.02,3.12,41.36,6.92,52.56,3.93,44.77,36.87,14.21,47.75,13.85,56.16,4.62,57.91,9.69,58.07,4.35,46.72
202607191003,2026-07-19,10,3R,daily,67.54,26.04,56.19,16.3,48.02,3.95,50.0,8.37,50.0,3.74,58.4,52.66,20.3,53.38,15.48,47.6,3.91,50.0,8.37,50.0,3.74,51.81,50.78,19.58,87.13,25.27,56.92,4.68,50.0,8.37,50.0,3.74,61.64,47.83,18.44,44.94,13.03,59.27,4.87,50.0,8.37,50.0,3.74,48.46,43.93,16.94,47.75,13.85,53.39,4.39,50.0,8.37,50.0,3.74,47.29,36.87,14.21,44.94,13.03,47.43,3.9,50.0,8.37,50.0,3.74,43.26
202607191003,2026-07-19,10,3R,realtime,67.54,26.04,56.19,16.3,48.02,3.95,49.92,8.36,38.14,2.85,57.5,52.66,20.3,53.38,15.48,47.6,3.91,41.86,7.01,55.61,4.16,50.87,50.78,19.58,87.13,25.27,56.92,4.68,62.18,10.41,48.15,3.6,63.54,36.87,14.21,44.94,13.03,59.27,4.87,54.0,9.04,58.47,4.38,45.53,47.83,18.44,47.75,13.85,53.39,4.39,41.01,6.86,46.23,3.46,47.0,43.93,16.94,44.94,13.03,47.43,3.9,51.07,8.55,53.53,4.01,46.42
202607191004,2026-07-19,10,4R,daily,67.54,26.04,56.19,16.3,55.32,4.55,50.0,8.37,50.0,3.74,59.0,52.66,20.3,47.75,13.85,55.32,4.55,50.0,8.37,50.0,3.74,50.81,50.78,19.58,44.94,13.03,62.88,5.17,50.0,8.37,50.0,3.74,49.89,47.83,18.44,73.07,21.19,46.08,3.79,50.0,8.37,50.0,3.74,55.53,43.93,16.94,30.88,8.96,32.48,2.67,50.0,8.37,50.0,3.74,40.67,36.87,14.21,53.38,15.48,52.63,4.33,50.0,8.37,50.0,3.74,46.13
202607191004,2026-07-19,10,4R,realtime,67.54,26.04,56.19,16.3,55.32,4.55,56.77,9.5,33.81,2.53,58.92,52.66,20.3,47.75,13.85,55.32,4.55,42.39,7.09,58.24,4.36,50.15,50.78,19.58,44.94,13.03,62.88,5.17,63.61,10.65,49.63,3.71,52.14,47.83,18.44,73.07,21.19,46.08,3.79,57.95,9.7,42.53,3.18,56.3,43.93,16.94,30.88,8.96,32.48,2.67,44.98,7.53,53.82,4.03,40.12,36.87,14.21,53.38,15.48,52.63,4.33,34.33,5.75,62.1,4.65,44.42
202607191005,2026-07-19,10,5R,daily,67.54,26.04,61.82,17.93,38.19,3.14,50.0,8.37,50.0,3.74,59.22,52.66,20.3,42.13,12.22,53.05,4.36,50.0,8.37,50.0,3.74,48.99,50.78,19.58,53.38,15.48,51.12,4.2,50.0,8.37,50.0,3.74,51.37,47.83,18.44,42.13,12.22,53.89,4.43,50.0,8.37,50.0,3.74,47.2,43.93,16.94,92.76,26.9,41.05,3.37,50.0,8.37,50.0,3.74,59.33,36.87,14.21,44.94,13.03,49.7,4.08,50.0,8.37,50.0,3.74,43.44
202607191006,2026-07-19,10,6R,daily,67.54,26.04,42.13,12.22,53.22,4.37,50.0,8.37,50.0,3.74,54.74,52.66,20.3,59.0,17.11,47.26,3.88,50.0,8.37,50.0,3.74,53.41,50.78,19.58,53.38,15.48,51.37,4.22,50.0,8.37,50.0,3.74,51.39,47.83,18.44,112.45,32.62,42.14,3.46,50.0,8.37,50.0,3.74,66.63,43.93,16.94,30.88,8.96,40.63,3.34,50.0,8.37,50.0,3.74,41.34,36.87,14.21,50.57,14.67,62.38,5.13,50.0,8.37,50.0,3.74,46.12
202607191007,2026-07-19,10,7R,daily,67.54,26.04,50.57,14.67,35.0,2.88,50.0,8.37,50.0,3.74,55.69,52.66,20.3,50.57,14.67,47.93,3.94,50.0,8.37,50.0,3.74,51.02,50.78,19.58,56.19,16.3,48.02,3.95,50.0,8.37,50.0,3.74,51.93,47.83,18.44,47.75,13.85,56.16,4.62,50.0,8.37,50.0,3.74,49.02,43.93,16.94,87.13,25.27,55.74,4.58,50.0,8.37,50.0,3.74,58.9,36.87,14.21,53.38,15.48,49.28,4.05,50.0,8.37,50.0,3.74,45.86
202607191008,2026-07-19,10,8R,daily,67.54,26.04,42.13,12.22,55.99,4.6,50.0,8.37,50.0,3.74,54.97,52.66,20.3,53.38,15.48,51.63,4.24,50.0,8.37,50.0,3.74,52.14,50.78,19.58,44.94,13.03,46.08,3.79,50.0,8.37,50.0,3.74,48.51,47.83,18.44,87.13,25.27,56.92,4.68,50.0,8.37,50.0,3.74,60.5,43.93,16.94,47.75,13.85,55.32,4.55,50.0,8.37,50.0,3.74,47.45,36.87,14.21,36.5,10.59,51.63,4.24,50.0,8.37,50.0,3.74,41.15
202607191009,2026-07-19,10,9R,daily,67.54,26.04,44.94,13.03,53.98,4.44,50.0,8.37,50.0,3.74,55.62,52.66,20.3,47.75,13.85,42.3,3.48,50.0,8.37,50.0,3.74,49.74,50.78,19.58,59.0,17.11,45.58,3.75,50.0,8.37,50.0,3.74,52.55,47.83,18.44,47.75,13.85,53.39,4.39,50.0,8.37,50.0,3.74,48.79,43.93,16.94,73.07,21.19,46.08,3.79,50.0,8.37,50.0,3.74,54.03,36.87,14.21,47.75,13.85,47.68,3.92,50.0,8.37,50.0,3.74,44.09
202607191010,2026-07-19,10,10R,daily,67.54,26.04,44.94,13.03,44.91,3.69,50.0,8.37,50.0,3.74,54.88,52.66,20.3,44.94,13.03,50.03,4.11,50.0,8.37,50.0,3.74,49.56,50.78,19.58,56.19,16.3,37.43,3.08,50.0,8.37,50.0,3.74,51.06,47.83,18.44,61.82,17.93,38.19,3.14,50.0,8.37,50.0,3.74,51.62,43.93,16.94,42.13,12.22,53.89,4.43,50.0,8.37,50.0,3.74,45.7,36.87,14.21,59.0,17.11,47.26,3.88,50.0,8.37,50.0,3.74,47.32
202607191011,2026-07-19,10,11R,daily,67.54,26.04,47.75,13.85,38.02,3.12,50.0,8.37,50.0,3.74,55.13,52.66,20.3,112.45,32.62,42.14,3.46,50.0,8.37,50.0,3.74,68.49,50.78,19.58,56.19,16.3,55.32,4.55,50.0,8.37,50.0,3.74,52.53,47.83,18.44,53.38,15.48,47.6,3.91,50.0,8.37,50.0,3.74,49.94,43.93,16.94,53.38,15.48,51.12,4.2,50.0,8.37,50.0,3.74,48.73,36.87,14.21,50.57,14.67,47.93,3.94,50.0,8.37,50.0,3.74,44.93
202607191012,2026-07-19,10,12R,daily,67.54,26.04,87.13,25.27,55.74,4.58,50.0,8.37,50.0,3.74,68.01,52.66,20.3,92.76,26.9,41.05,3.37,50.0,8.37,50.0,3.74,62.69,50.78,19.58,44.94,13.03,59.27,4.87,50.0,8.37,50.0,3.74,49.59,47.83,18.44,44.94,13.03,62.88,5.17,50.0,8.37,50.0,3.74,48.75,43.93,16.94,53.38,15.48,58.93,4.84,50.0,8.37,50.0,3.74,49.37,36.87,14.21,53.38,15.48,51.63,4.24,50.0,8.37,50.0,3.74,46.05
202607191101,2026-07-19,11,1R,daily,68.08,28.11,48.97,11.84,45.12,3.16,50.0,9.56,50.0,4.21,56.87,52.8,21.8,46.54,11.26,42.45,2.97,50.0,9.56,50.0,4.21,49.79,51.23,21.15,41.69,10.08,47.61,3.33,50.0,9.56,50.0,4.21,48.33,49.76,20.54,44.12,10.67,48.03,3.36,50.0,9.56,50.0,4.21,48.34,44.2,18.25,39.27,9.5,52.52,3.67,50.0,9.56,50.0,4.21,45.19,33.3,13.75,44.12,10.67,48.11,3.37,50.0,9.56,50.0,4.21,41.55
202607191102,2026-07-19,11,2R,daily,68.08,28.11,41.69,10.08,50.94,3.56,50.0,9.56,50.0,4.21,55.52,52.8,21.8,51.39,12.43,47.69,3.34,50.0,9.56,50.0,4.21,51.33,51.23,21.15,41.69,10.08,44.03,3.08,50.0,9.56,50.0,4.21,48.08,49.76,20.54,31.99,7.74,48.28,3.38,50.0,9.56,50.0,4.21,45.42,44.2,18.25,36.84,8.91,50.52,3.53,50.0,9.56,50.0,4.21,44.46,33.3,13.75,61.09,14.78,33.22,2.32,50.0,9.56,50.0,4.21,44.62
202607191103,2026-07-19,11,3R,daily,68.08,28.11,48.97,11.84,46.78,3.27,50.0,9.56,50.0,4.21,56.99,52.8,21.8,44.12,10.67,43.7,3.06,50.0,9.56,50.0,4.21,49.29,51.23,21.15,44.12,10.67,47.28,3.31,50.0,9.56,50.0,4.21,48.9,49.76,20.54,44.12,10.67,60.34,4.22,50.0,9.56,50.0,4.21,49.2,44.2,18.25,39.27,9.5,44.87,3.14,50.0,9.56,50.0,4.21,44.65,33.3,13.75,44.12,10.67,51.77,3.62,50.0,9.56,50.0,4.21,41.81
202607191104,2026-07-19,11,4R,daily,68.08,28.11,46.54,11.26,52.19,3.65,50.0,9.56,50.0,4.21,56.78,52.8,21.8,56.24,13.6,48.03,3.36,50.0,9.56,50.0,4.21,52.53,51.23,21.15,61.09,14.78,44.95,3.14,50.0,9.56,50.0,4.21,52.84,49.76,20.54,48.97,11.84,54.68,3.83,50.0,9.56,50.0,4.21,49.98,44.2,18.25,39.27,9.5,53.77,3.76,50.0,9.56,50.0,4.21,45.27,33.3,13.75,46.54,11.26,36.38,2.55,50.0,9.56,50.0,4.21,41.32
202607191105,2026-07-19,11,5R,daily,68.08,28.11,56.24,13.6,52.52,3.67,50.0,9.56,50.0,4.21,59.15,52.8,21.8,51.39,12.43,50.44,3.53,50.0,9.56,50.0,4.21,51.52,51.23,21.15,39.27,9.5,52.52,3.67,50.0,9.56,50.0,4.21,48.09,49.76,20.54,48.97,11.84,47.11,3.3,50.0,9.56,50.0,4.21,49.45,44.2,18.25,46.54,11.26,49.61,3.47,50.0,9.56,50.0,4.21,46.74,33.3,13.75,48.97,11.84,49.03,3.43,50.0,9.56,50.0,4.21,42.79
202607191106,2026-07-19,11,6R,daily,68.08,28.11,41.69,10.08,47.61,3.33,50.0,9.56,50.0,4.21,55.29,52.8,21.8,51.39,12.43,36.47,2.55,50.0,9.56,50.0,4.21,50.55,51.23,21.15,44.12,10.67,47.78,3.34,50.0,9.56,50.0,4.21,48.93,49.76,20.54,46.54,11.26,46.86,3.28,50.0,9.56,50.0,4.21,48.84,44.2,18.25,53.82,13.02,47.86,3.35,50.0,9.56,50.0,4.21,48.38,33.3,13.75,31.99,7.74,48.28,3.38,50.0,9.56,50.0,4.21,38.63
202607191107,2026-07-19,11,7R,daily,68.08,28.11,36.84,8.91,50.02,3.5,50.0,9.56,50.0,4.21,54.28,52.8,21.8,78.06,18.88,37.8,2.64,50.0,9.56,50.0,4.21,57.09,51.23,21.15,51.39,12.43,50.44,3.53,50.0,9.56,50.0,4.21,50.88,49.76,20.54,46.54,11.26,42.45,2.97,50.0,9.56,50.0,4.21,48.54,44.2,18.25,44.12,10.67,48.69,3.41,50.0,9.56,50.0,4.21,46.09,33.3,13.75,44.12,10.67,43.7,3.06,50.0,9.56,50.0,4.21,41.24
202607191108,2026-07-19,11,8R,daily,68.08,28.11,48.97,11.84,50.44,3.53,50.0,9.56,50.0,4.21,57.25,52.8,21.8,48.97,11.84,46.61,3.26,50.0,9.56,50.0,4.21,50.67,51.23,21.15,36.84,8.91,50.52,3.53,50.0,9.56,50.0,4.21,47.36,49.76,20.54,46.54,11.26,36.38,2.55,50.0,9.56,50.0,4.21,48.11,44.2,18.25,48.97,11.84,45.12,3.16,50.0,9.56,50.0,4.21,47.01,33.3,13.75,44.12,10.67,60.34,4.22,50.0,9.56,50.0,4.21,42.41
202607191109,2026-07-19,11,9R,daily,68.08,28.11,53.82,13.02,56.09,3.92,50.0,9.56,50.0,4.21,58.81,52.8,21.8,44.12,10.67,48.11,3.37,50.0,9.56,50.0,4.21,49.6,51.23,21.15,39.27,9.5,53.77,3.76,50.0,9.56,50.0,4.21,48.18,49.76,20.54,44.12,10.67,51.77,3.62,50.0,9.56,50.0,4.21,48.6,44.2,18.25,48.97,11.84,47.28,3.31,50.0,9.56,50.0,4.21,47.17,33.3,13.75,48.97,11.84,47.11,3.3,50.0,9.56,50.0,4.21,42.65
202607191110,2026-07-19,11,10R,daily,68.08,28.11,53.82,13.02,46.45,3.25,50.0,9.56,50.0,4.21,58.14,52.8,21.8,44.12,10.67,59.25,4.15,50.0,9.56,50.0,4.21,50.38,51.23,21.15,39.27,9.5,44.87,3.14,50.0,9.56,50.0,4.21,47.55,49.76,20.54,51.39,12.43,47.69,3.34,50.0,9.56,50.0,4.21,50.08,44.2,18.25,44.12,10.67,47.78,3.34,50.0,9.56,50.0,4.21,46.03,33.3,13.75,48.97,11.84,54.68,3.83,50.0,9.56,50.0,4.21,43.18
202607191111,2026-07-19,11,11R,daily,68.08,28.11,61.09,14.78,44.95,3.14,50.0,9.56,50.0,4.21,59.79,52.8,21.8,46.54,11.26,46.86,3.28,50.0,9.56,50.0,4.21,50.1,51.23,21.15,48.97,11.84,46.78,3.27,50.0,9.56,50.0,4.21,50.03,49.76,20.54,51.39,12.43,50.44,3.53,50.0,9.56,50.0,4.21,50.27,44.2,18.25,41.69,10.08,50.94,3.56,50.0,9.56,50.0,4.21,45.66,33.3,13.75,51.39,12.43,50.44,3.53,50.0,9.56,50.0,4.21,43.47
202607191112,2026-07-19,11,12R,daily,68.08,28.11,53.82,13.02,47.86,3.35,50.0,9.56,50.0,4.21,58.24,52.8,21.8,46.54,11.26,49.61,3.47,50.0,9.56,50.0,4.21,50.29,51.23,21.15,78.06,18.88,37.8,2.64,50.0,9.56,50.0,4.21,56.44,49.76,20.54,48.97,11.84,50.44,3.53,50.0,9.56,50.0,4.21,49.68,44.2,18.25,44.12,10.67,47.28,3.31,50.0,9.56,50.0,4.21,45.99,33.3,13.75,56.24,13.6,48.03,3.36,50.0,9.56,50.0,4.21,44.48
202607191201,2026-07-19,12,1R,daily,65.01,28.31,44.9,8.46,44.52,4.01,50.0,11.31,50.0,3.0,55.08,51.91,22.6,44.9,8.46,59.64,5.37,50.0,11.31,50.0,3.0,50.74,51.08,22.24,41.58,7.83,39.91,3.59,50.0,11.31,50.0,3.0,47.98,49.8,21.68,43.24,8.15,62.52,5.62,50.0,11.31,50.0,3.0,49.76,44.19,19.24,39.92,7.52,61.86,5.57,50.0,11.31,50.0,3.0,46.64,37.78,16.45,28.29,5.33,57.18,5.14,50.0,11.31,50.0,3.0,41.24
202607191202,2026-07-19,12,2R,daily,65.01,28.31,51.55,9.71,45.42,4.09,50.0,11.31,50.0,3.0,56.41,51.91,22.6,43.24,8.15,58.66,5.28,50.0,11.31,50.0,3.0,50.34,51.08,22.24,43.24,8.15,51.09,4.6,50.0,11.31,50.0,3.0,49.3,49.8,21.68,46.56,8.77,51.09,4.6,50.0,11.31,50.0,3.0,49.36,44.19,19.24,44.9,8.46,60.55,5.45,50.0,11.31,50.0,3.0,47.46,37.78,16.45,36.59,6.89,55.37,4.98,50.0,11.31,50.0,3.0,42.64
202607191203,2026-07-19,12,3R,daily,65.01,28.31,53.21,10.02,59.81,5.38,50.0,11.31,50.0,3.0,58.02,51.91,22.6,49.89,9.4,49.04,4.41,50.0,11.31,50.0,3.0,50.72,51.08,22.24,39.92,7.52,45.09,4.06,50.0,11.31,50.0,3.0,48.13,49.8,21.68,44.9,8.46,52.41,4.72,50.0,11.31,50.0,3.0,49.17,44.19,19.24,38.26,7.21,34.16,3.07,50.0,11.31,50.0,3.0,43.83,37.78,16.45,46.56,8.77,60.3,5.43,50.0,11.31,50.0,3.0,44.96
202607191204,2026-07-19,12,4R,daily,65.01,28.31,49.89,9.4,30.46,2.74,50.0,11.31,50.0,3.0,54.76,51.91,22.6,46.56,8.77,37.86,3.41,50.0,11.31,50.0,3.0,49.09,51.08,22.24,39.92,7.52,52.82,4.75,50.0,11.31,50.0,3.0,48.82,49.8,21.68,43.24,8.15,57.92,5.21,50.0,11.31,50.0,3.0,49.35,44.19,19.24,46.56,8.77,53.64,4.83,50.0,11.31,50.0,3.0,47.15,37.78,16.45,48.22,9.08,48.46,4.36,50.0,11.31,50.0,3.0,44.21
202607191205,2026-07-19,12,5R,daily,65.01,28.31,44.9,8.46,63.67,5.73,50.0,11.31,50.0,3.0,56.8,51.91,22.6,41.58,7.83,39.75,3.58,50.0,11.31,50.0,3.0,48.32,51.08,22.24,39.92,7.52,54.38,4.89,50.0,11.31,50.0,3.0,48.97,49.8,21.68,36.59,6.89,49.78,4.48,50.0,11.31,50.0,3.0,47.37,44.19,19.24,44.9,8.46,41.23,3.71,50.0,11.31,50.0,3.0,45.72,37.78,16.45,58.19,10.96,54.38,4.89,50.0,11.31,50.0,3.0,46.62
202607191206,2026-07-19,12,6R,daily,65.01,28.31,53.21,10.02,39.25,3.53,50.0,11.31,50.0,3.0,56.17,51.91,22.6,43.24,8.15,46.0,4.14,50.0,11.31,50.0,3.0,49.2,51.08,22.24,41.58,7.83,49.04,4.41,50.0,11.31,50.0,3.0,48.8,49.8,21.68,59.85,11.28,53.31,4.8,50.0,11.31,50.0,3.0,52.07,44.19,19.24,44.9,8.46,43.53,3.92,50.0,11.31,50.0,3.0,45.93,37.78,16.45,36.59,6.89,40.49,3.64,50.0,11.31,50.0,3.0,41.3
202607191207,2026-07-19,12,7R,daily,65.01,28.31,56.53,10.65,46.74,4.2,50.0,11.31,50.0,3.0,57.47,51.91,22.6,46.56,8.77,55.2,4.97,50.0,11.31,50.0,3.0,50.65,51.08,22.24,41.58,7.83,42.87,3.86,50.0,11.31,50.0,3.0,48.24,49.8,21.68,43.24,8.15,51.09,4.6,50.0,11.31,50.0,3.0,48.74,44.19,19.24,41.58,7.83,55.61,5.0,50.0,11.31,50.0,3.0,46.39,37.78,16.45,63.18,11.9,63.75,5.74,50.0,11.31,50.0,3.0,48.4
202607191208,2026-07-19,12,8R,daily,65.01,28.31,44.9,8.46,49.04,4.41,50.0,11.31,50.0,3.0,55.49,51.91,22.6,51.55,9.71,52.0,4.68,50.0,11.31,50.0,3.0,51.3,51.08,22.24,43.24,8.15,57.92,5.21,50.0,11.31,50.0,3.0,49.91,49.8,21.68,44.9,8.46,44.52,4.01,50.0,11.31,50.0,3.0,48.46,44.19,19.24,44.9,8.46,59.64,5.37,50.0,11.31,50.0,3.0,47.38,37.78,16.45,46.56,8.77,37.86,3.41,50.0,11.31,50.0,3.0,42.94
202607191209,2026-07-19,12,9R,daily,65.01,28.31,44.9,8.46,60.55,5.45,50.0,11.31,50.0,3.0,56.52,51.91,22.6,53.21,10.02,59.81,5.38,50.0,11.31,50.0,3.0,52.32,51.08,22.24,44.9,8.46,52.41,4.72,50.0,11.31,50.0,3.0,49.73,49.8,21.68,44.9,8.46,63.67,5.73,50.0,11.31,50.0,3.0,50.18,44.19,19.24,39.92,7.52,54.38,4.89,50.0,11.31,50.0,3.0,45.96,37.78,16.45,49.89,9.4,30.46,2.74,50.0,11.31,50.0,3.0,42.9
202607191210,2026-07-19,12,10R,daily,65.01,28.31,59.85,11.28,53.31,4.8,50.0,11.31,50.0,3.0,58.69,51.91,22.6,48.22,9.08,48.46,4.36,50.0,11.31,50.0,3.0,50.36,51.08,22.24,58.19,10.96,54.38,4.89,50.0,11.31,50.0,3.0,52.41,49.8,21.68,41.58,7.83,49.04,4.41,50.0,11.31,50.0,3.0,48.24,44.19,19.24,51.55,9.71,45.42,4.09,50.0,11.31,50.0,3.0,47.35,37.78,16.45,49.89,9.4,49.04,4.41,50.0,11.31,50.0,3.0,44.57
202607191211,2026-07-19,12,11R,daily,65.01,28.31,63.18,11.9,63.75,5.74,50.0,11.31,50.0,3.0,60.25,51.91,22.6,56.53,10.65,46.74,4.2,50.0,11.31,50.0,3.0,51.77,51.08,22.24,53.21,10.02,39.25,3.53,50.0,11.31,50.0,3.0,50.11,49.8,21.68,39.92,7.52,45.09,4.06,50.0,11.31,50.0,3.0,47.57,44.19,19.24,43.24,8.15,46.0,4.14,50.0,11.31,50.0,3.0,45.83,37.78,16.45,43.24,8.15,51.09,4.6,50.0,11.31,50.0,3.0,43.51
202607191212,2026-07-19,12,12R,daily,65.01,28.31,46.56,8.77,60.3,5.43,50.0,11.31,50.0,3.0,56.81,51.91,22.6,44.9,8.46,41.23,3.71,50.0,11.31,50.0,3.0,49.08,51.08,22.24,44.9,8.46,49.04,4.41,50.0,11.31,50.0,3.0,49.42,49.8,21.68,39.92,7.52,52.82,4.75,50.0,11.31,50.0,3.0,48.27,44.19,19.24,41.58,7.83,39.75,3.58,50.0,11.31,50.0,3.0,44.96,37.78,16.45,51.55,9.71,52.0,4.68,50.0,11.31,50.0,3.0,45.15
202607191601,2026-07-19,16,1R,daily,69.08,28.98,49.07,10.94,45.47,2.7,50.0,9.46,50.0,5.45,57.53,50.89,21.35,49.07,10.94,46.82,2.78,50.0,9.46,50.0,5.45,49.98,51.29,21.52,44.59,9.94,48.91,2.9,50.0,9.46,50.0,5.45,49.27,48.14,20.2,46.83,10.44,48.7,2.89,50.0,9.46,50.0,5.45,48.44,42.93,18.01,46.83,10.44,55.37,3.29,50.0,9.46,50.0,5.45,46.65,37.19,15.6,46.83,10.44,58.7,3.48,50.0,9.46,50.0,5.45,44.44
202607191602,2026-07-19,16,2R,daily,69.08,28.98,42.34,9.44,64.74,3.84,50.0,9.46,50.0,5.45,57.17,50.89,21.35,46.83,10.44,54.01,3.21,50.0,9.46,50.0,5.45,49.9,51.29,21.52,44.59,9.94,52.66,3.13,50.0,9.46,50.0,5.45,49.49,48.14,20.2,49.07,10.94,46.1,2.74,50.0,9.46,50.0,5.45,48.78,42.93,18.01,55.8,12.44,43.08,2.56,50.0,9.46,50.0,5.45,47.92,37.19,15.6,40.1,8.94,47.97,2.85,50.0,9.46,50.0,5.45,42.3
202607191603,2026-07-19,16,3R,daily,69.08,28.98,37.86,8.44,50.99,3.03,50.0,9.46,50.0,5.45,55.35,50.89,21.35,46.83,10.44,57.14,3.39,50.0,9.46,50.0,5.45,50.09,51.29,21.52,42.34,9.44,50.99,3.03,50.0,9.46,50.0,5.45,48.89,48.14,20.2,42.34,9.44,41.3,2.45,50.0,9.46,50.0,5.45,47.0,42.93,18.01,46.83,10.44,53.18,3.16,50.0,9.46,50.0,5.45,46.52,37.19,15.6,58.05,12.94,48.91,2.9,50.0,9.46,50.0,5.45,46.36
202607191604,2026-07-19,16,4R,daily,69.08,28.98,46.83,10.44,53.18,3.16,50.0,9.46,50.0,5.45,57.48,50.89,21.35,51.32,11.44,52.97,3.14,50.0,9.46,50.0,5.45,50.84,51.29,21.52,46.83,10.44,54.53,3.24,50.0,9.46,50.0,5.45,50.1,48.14,20.2,49.07,10.94,56.51,3.36,50.0,9.46,50.0,5.45,49.4,42.93,18.01,49.07,10.94,51.62,3.06,50.0,9.46,50.0,5.45,46.92,37.19,15.6,49.07,10.94,47.14,2.8,50.0,9.46,50.0,5.45,44.25
202607191605,2026-07-19,16,5R,daily,69.08,28.98,49.07,10.94,47.76,2.84,50.0,9.46,50.0,5.45,57.66,50.89,21.35,44.59,9.94,52.14,3.1,50.0,9.46,50.0,5.45,49.29,51.29,21.52,33.37,7.44,56.2,3.34,50.0,9.46,50.0,5.45,47.2,48.14,20.2,53.56,11.94,51.41,3.05,50.0,9.46,50.0,5.45,50.1,42.93,18.01,53.56,11.94,54.12,3.21,50.0,9.46,50.0,5.45,48.07,37.19,15.6,51.32,11.44,54.01,3.21,50.0,9.46,50.0,5.45,45.16
202607191606,2026-07-19,16,6R,daily,69.08,28.98,44.59,9.94,60.68,3.6,50.0,9.46,50.0,5.45,57.43,50.89,21.35,46.83,10.44,58.7,3.48,50.0,9.46,50.0,5.45,50.18,51.29,21.52,46.83,10.44,54.95,3.26,50.0,9.46,50.0,5.45,50.13,48.14,20.2,71.51,15.94,46.82,2.78,50.0,9.46,50.0,5.45,53.83,42.93,18.01,49.07,10.94,50.37,2.99,50.0,9.46,50.0,5.45,46.85,37.19,15.6,51.32,11.44,51.62,3.06,50.0,9.46,50.0,5.45,45.02
202607191607,2026-07-19,16,7R,daily,69.08,28.98,46.83,10.44,65.78,3.91,50.0,9.46,50.0,5.45,58.23,50.89,21.35,46.83,10.44,51.62,3.06,50.0,9.46,50.0,5.45,49.76,51.29,21.52,46.83,10.44,48.49,2.88,50.0,9.46,50.0,5.45,49.75,48.14,20.2,46.83,10.44,55.37,3.29,50.0,9.46,50.0,5.45,48.83,42.93,18.01,44.59,9.94,52.66,3.13,50.0,9.46,50.0,5.45,45.99,37.19,15.6,75.99,16.94,52.03,3.09,50.0,9.46,50.0,5.45,50.54
202607191608,2026-07-19,16,8R,daily,69.08,28.98,42.34,9.44,41.3,2.45,50.0,9.46,50.0,5.45,55.78,50.89,21.35,44.59,9.94,51.62,3.06,50.0,9.46,50.0,5.45,49.26,51.29,21.52,78.24,17.44,51.2,3.04,50.0,9.46,50.0,5.45,56.91,48.14,20.2,44.59,9.94,48.91,2.9,50.0,9.46,50.0,5.45,47.95,42.93,18.01,42.34,9.44,64.74,3.84,50.0,9.46,50.0,5.45,46.2,37.19,15.6,49.07,10.94,47.24,2.8,50.0,9.46,50.0,5.45,44.26
202607191609,2026-07-19,16,9R,daily,69.08,28.98,42.34,9.44,60.68,3.6,50.0,9.46,50.0,5.45,56.93,50.89,21.35,49.07,10.94,47.14,2.8,50.0,9.46,50.0,5.45,50.0,51.29,21.52,55.8,12.44,43.08,2.56,50.0,9.46,50.0,5.45,51.43,48.14,20.2,46.83,10.44,53.18,3.16,50.0,9.46,50.0,5.45,48.7,42.93,18.01,71.51,15.94,49.95,2.97,50.0,9.46,50.0,5.45,51.83,37.19,15.6,46.83,10.44,48.7,2.89,50.0,9.46,50.0,5.45,43.84
202607191610,2026-07-19,16,10R,daily,69.08,28.98,53.56,11.94,54.12,3.21,50.0,9.46,50.0,5.45,59.04,50.89,21.35,49.07,10.94,46.1,2.74,50.0,9.46,50.0,5.45,49.93,51.29,21.52,53.56,11.94,69.22,4.11,50.0,9.46,50.0,5.45,52.48,48.14,20.2,46.83,10.44,54.32,3.23,50.0,9.46,50.0,5.45,48.77,42.93,18.01,51.32,11.44,51.62,3.06,50.0,9.46,50.0,5.45,47.42,37.19,15.6,51.32,11.44,52.97,3.14,50.0,9.46,50.0,5.45,45.1
202607191611,2026-07-19,16,11R,daily,69.08,28.98,71.51,15.94,46.82,2.78,50.0,9.46,50.0,5.45,62.61,50.89,21.35,58.05,12.94,48.91,2.9,50.0,9.46,50.0,5.45,52.1,51.29,21.52,46.83,10.44,51.62,3.06,50.0,9.46,50.0,5.45,49.93,48.14,20.2,46.83,10.44,54.01,3.21,50.0,9.46,50.0,5.45,48.75,42.93,18.01,53.56,11.94,51.41,3.05,50.0,9.46,50.0,5.45,47.91,37.19,15.6,49.07,10.94,56.51,3.36,50.0,9.46,50.0,5.45,44.81
202607191612,2026-07-19,16,12R,daily,69.08,28.98,78.24,17.44,51.2,3.04,50.0,9.46,50.0,5.45,64.37,50.89,21.35,49.07,10.94,47.76,2.84,50.0,9.46,50.0,5.45,50.03,51.29,21.52,75.99,16.94,52.03,3.09,50.0,9.46,50.0,5.45,56.46,48.14,20.2,46.83,10.44,53.18,3.16,50.0,9.46,50.0,5.45,48.7,42.93,18.01,46.83,10.44,57.14,3.39,50.0,9.46,50.0,5.45,46.75,37.19,15.6,46.83,10.44,54.95,3.26,50.0,9.46,50.0,5.45,44.21
202607191701,2026-07-19,17,1R,daily,68.04,31.42,32.73,6.31,42.5,3.25,50.0,9.54,50.0,3.91,54.43,51.76,23.9,46.12,8.9,43.58,3.33,50.0,9.54,50.0,3.91,49.57,50.75,23.43,42.29,8.16,54.77,4.18,50.0,9.54,50.0,3.91,49.22,47.79,22.07,40.38,7.79,48.43,3.7,50.0,9.54,50.0,3.91,47.0,45.27,20.9,40.38,7.79,45.06,3.44,50.0,9.54,50.0,3.91,45.58,35.42,16.35,32.73,6.31,57.6,4.4,50.0,9.54,50.0,3.91,40.52
202607191702,2026-07-19,17,2R,daily,68.04,31.42,48.03,9.27,60.16,4.6,50.0,9.54,50.0,3.91,58.73,51.76,23.9,44.21,8.53,38.72,2.96,50.0,9.54,50.0,3.91,48.83,50.75,23.43,48.03,9.27,53.01,4.05,50.0,9.54,50.0,3.91,50.2,47.79,22.07,42.29,8.16,43.31,3.31,50.0,9.54,50.0,3.91,46.98,45.27,20.9,46.12,8.9,47.49,3.63,50.0,9.54,50.0,3.91,46.87,35.42,16.35,34.64,6.68,48.3,3.69,50.0,9.54,50.0,3.91,40.17
202607191703,2026-07-19,17,3R,daily,68.04,31.42,44.21,8.53,48.97,3.74,50.0,9.54,50.0,3.91,57.14,51.76,23.9,46.12,8.9,51.67,3.95,50.0,9.54,50.0,3.91,50.19,50.75,23.43,42.29,8.16,40.74,3.11,50.0,9.54,50.0,3.91,48.15,47.79,22.07,42.29,8.16,42.77,3.27,50.0,9.54,50.0,3.91,46.94,45.27,20.9,44.21,8.53,40.74,3.11,50.0,9.54,50.0,3.91,45.99,35.42,16.35,48.03,9.27,49.78,3.8,50.0,9.54,50.0,3.91,42.87
202607191704,2026-07-19,17,4R,daily,68.04,31.42,44.21,8.53,38.59,2.95,50.0,9.54,50.0,3.91,56.34,51.76,23.9,48.03,9.27,60.7,4.64,50.0,9.54,50.0,3.91,51.25,50.75,23.43,44.21,8.53,52.88,4.04,50.0,9.54,50.0,3.91,49.45,47.79,22.07,44.21,8.53,48.7,3.72,50.0,9.54,50.0,3.91,47.76,45.27,20.9,42.29,8.16,50.72,3.87,50.0,9.54,50.0,3.91,46.38,35.42,16.35,44.21,8.53,41.28,3.15,50.0,9.54,50.0,3.91,41.48
202607191705,2026-07-19,17,5R,daily,68.04,31.42,48.03,9.27,66.64,5.09,50.0,9.54,50.0,3.91,59.22,51.76,23.9,48.03,9.27,47.89,3.66,50.0,9.54,50.0,3.91,50.27,50.75,23.43,46.12,8.9,53.96,4.12,50.0,9.54,50.0,3.91,49.9,47.79,22.07,32.73,6.31,42.5,3.25,50.0,9.54,50.0,3.91,45.07,45.27,20.9,32.73,6.31,57.6,4.4,50.0,9.54,50.0,3.91,45.06,35.42,16.35,53.77,10.37,55.85,4.27,50.0,9.54,50.0,3.91,44.44
202607191706,2026-07-19,17,6R,daily,68.04,31.42,48.03,9.27,48.7,3.72,50.0,9.54,50.0,3.91,57.85,51.76,23.9,46.12,8.9,45.06,3.44,50.0,9.54,50.0,3.91,49.68,50.75,23.43,44.21,8.53,38.72,2.96,50.0,9.54,50.0,3.91,48.37,47.79,22.07,40.38,7.79,45.06,3.44,50.0,9.54,50.0,3.91,46.75,45.27,20.9,42.29,8.16,43.31,3.31,50.0,9.54,50.0,3.91,45.82,35.42,16.35,48.03,9.27,46.41,3.55,50.0,9.54,50.0,3.91,42.61
202607191707,2026-07-19,17,7R,daily,68.04,31.42,48.03,9.27,50.05,3.82,50.0,9.54,50.0,3.91,57.96,51.76,23.9,44.21,8.53,40.74,3.11,50.0,9.54,50.0,3.91,48.99,50.75,23.43,46.12,8.9,47.49,3.63,50.0,9.54,50.0,3.91,49.41,47.79,22.07,44.21,8.53,48.97,3.74,50.0,9.54,50.0,3.91,47.78,45.27,20.9,46.12,8.9,43.58,3.33,50.0,9.54,50.0,3.91,46.58,35.42,16.35,32.73,6.31,58.68,4.48,50.0,9.54,50.0,3.91,40.6
202607191708,2026-07-19,17,8R,daily,68.04,31.42,53.77,10.37,63.8,4.87,50.0,9.54,50.0,3.91,60.11,51.76,23.9,42.29,8.16,50.72,3.87,50.0,9.54,50.0,3.91,49.38,50.75,23.43,40.38,7.79,48.43,3.7,50.0,9.54,50.0,3.91,48.37,47.79,22.07,44.21,8.53,52.88,4.04,50.0,9.54,50.0,3.91,48.08,45.27,20.9,42.29,8.16,40.74,3.11,50.0,9.54,50.0,3.91,45.62,35.42,16.35,34.64,6.68,53.96,4.12,50.0,9.54,50.0,3.91,40.61
202607191709,2026-07-19,17,9R,daily,68.04,31.42,48.03,9.27,62.59,4.78,50.0,9.54,50.0,3.91,58.91,51.76,23.9,42.29,8.16,54.77,4.18,50.0,9.54,50.0,3.91,49.69,50.75,23.43,44.21,8.53,48.7,3.72,50.0,9.54,50.0,3.91,49.13,47.79,22.07,53.77,10.37,55.85,4.27,50.0,9.54,50.0,3.91,50.15,45.27,20.9,46.12,8.9,53.96,4.12,50.0,9.54,50.0,3.91,47.37,35.42,16.35,46.12,8.9,49.24,3.76,50.0,9.54,50.0,3.91,42.46
202607191710,2026-07-19,17,10R,daily,68.04,31.42,48.03,9.27,49.78,3.8,50.0,9.54,50.0,3.91,57.94,51.76,23.9,48.03,9.27,60.16,4.6,50.0,9.54,50.0,3.91,51.21,50.75,23.43,48.03,9.27,66.64,5.09,50.0,9.54,50.0,3.91,51.24,47.79,22.07,46.12,8.9,45.06,3.44,50.0,9.54,50.0,3.91,47.85,45.27,20.9,48.03,9.27,60.7,4.64,50.0,9.54,50.0,3.91,48.25,35.42,16.35,48.03,9.27,47.89,3.66,50.0,9.54,50.0,3.91,42.73
202607191711,2026-07-19,17,11R,daily,68.04,31.42,48.03,9.27,46.41,3.55,50.0,9.54,50.0,3.91,57.68,51.76,23.9,48.03,9.27,50.05,3.82,50.0,9.54,50.0,3.91,50.44,50.75,23.43,46.12,8.9,51.67,3.95,50.0,9.54,50.0,3.91,49.72,47.79,22.07,44.21,8.53,38.59,2.95,50.0,9.54,50.0,3.91,46.99,45.27,20.9,48.03,9.27,53.01,4.05,50.0,9.54,50.0,3.91,47.67,35.42,16.35,53.77,10.37,63.8,4.87,50.0,9.54,50.0,3.91,45.05
202607191712,2026-07-19,17,12R,daily,68.04,31.42,59.52,11.48,55.98,4.28,50.0,9.54,50.0,3.91,60.62,51.76,23.9,51.86,10.0,51.4,3.93,50.0,9.54,50.0,3.91,51.28,50.75,23.43,65.26,12.59,38.32,2.93,50.0,9.54,50.0,3.91,52.4,47.79,22.07,48.03,9.27,41.01,3.13,50.0,9.54,50.0,3.91,47.91,45.27,20.9,55.69,10.74,50.72,3.87,50.0,9.54,50.0,3.91,48.97,35.42,16.35,48.03,9.27,70.82,5.41,50.0,9.54,50.0,3.91,44.48
202607191801,2026-07-19,18,1R,daily,69.02,30.5,52.22,13.17,46.28,2.32,50.0,9.77,50.0,3.02,58.78,53.65,23.71,42.43,10.7,52.78,2.64,50.0,9.77,50.0,3.02,49.84,50.66,22.38,44.88,11.32,47.27,2.36,50.0,9.77,50.0,3.02,48.86,47.71,21.08,44.88,11.32,49.41,2.47,50.0,9.77,50.0,3.02,47.67,44.32,19.58,49.77,12.55,56.89,2.85,50.0,9.77,50.0,3.02,47.78,34.18,15.1,30.2,7.62,44.56,2.23,50.0,9.77,50.0,3.02,37.75
202607191801,2026-07-19,18,1R,realtime,69.02,30.5,52.22,13.17,46.28,2.32,66.39,12.97,37.55,2.27,61.23,53.65,23.71,42.43,10.7,52.78,2.64,55.23,10.79,55.13,3.34,51.18,50.66,22.38,44.88,11.32,47.27,2.36,55.56,10.86,72.46,4.38,51.31,47.71,21.08,44.88,11.32,49.41,2.47,42.52,8.31,29.89,1.81,44.99,44.32,19.58,49.77,12.55,56.89,2.85,37.95,7.42,71.21,4.31,46.71,34.18,15.1,30.2,7.62,44.56,2.23,42.19,8.24,33.74,2.04,35.24
202607191802,2026-07-19,18,2R,daily,69.02,30.5,49.77,12.55,46.04,2.3,50.0,9.77,50.0,3.02,58.15,53.65,23.71,49.77,12.55,42.34,2.12,50.0,9.77,50.0,3.02,51.17,50.66,22.38,57.11,14.41,49.49,2.48,50.0,9.77,50.0,3.02,52.06,47.71,21.08,52.22,13.17,38.06,1.9,50.0,9.77,50.0,3.02,48.95,44.32,19.58,47.33,11.94,49.0,2.45,50.0,9.77,50.0,3.02,46.77,34.18,15.1,37.54,9.47,37.57,1.88,50.0,9.77,50.0,3.02,39.25
202607191802,2026-07-19,18,2R,realtime,69.02,30.5,49.77,12.55,46.04,2.3,60.65,11.85,37.55,2.27,59.48,53.65,23.71,49.77,12.55,42.34,2.12,56.33,11.01,55.13,3.34,52.72,50.66,22.38,57.11,14.41,49.49,2.48,61.51,12.02,72.46,4.38,55.67,47.71,21.08,52.22,13.17,38.06,1.9,32.52,6.36,29.89,1.81,44.32,44.32,19.58,47.33,11.94,49.0,2.45,35.01,6.84,71.21,4.31,45.12,34.18,15.1,37.54,9.47,37.57,1.88,53.83,10.52,33.74,2.04,39.01
202607191803,2026-07-19,18,3R,daily,69.02,30.5,52.22,13.17,55.9,2.8,50.0,9.77,50.0,3.02,59.26,53.65,23.71,44.88,11.32,38.55,1.93,50.0,9.77,50.0,3.02,49.75,50.66,22.38,54.67,13.79,51.46,2.57,50.0,9.77,50.0,3.02,51.54,47.71,21.08,44.88,11.32,51.63,2.58,50.0,9.77,50.0,3.02,47.78,44.32,19.58,35.09,8.85,47.27,2.36,50.0,9.77,50.0,3.02,43.59,34.18,15.1,81.58,20.58,40.94,2.05,50.0,9.77,50.0,3.02,50.52
202607191803,2026-07-19,18,3R,realtime,69.02,30.5,52.22,13.17,55.9,2.8,61.37,11.99,37.37,2.26,60.72,53.65,23.71,44.88,11.32,38.55,1.93,45.83,8.96,46.94,2.84,48.75,50.66,22.38,54.67,13.79,51.46,2.57,61.09,11.94,58.65,3.55,54.23,47.71,21.08,44.88,11.32,51.63,2.58,44.73,8.74,43.24,2.62,46.34,34.18,15.1,35.09,8.85,47.27,2.36,42.34,8.27,45.12,2.73,37.32,44.32,19.58,81.58,20.58,40.94,2.05,44.47,8.69,68.64,4.15,55.05
202607191804,2026-07-19,18,4R,daily,69.02,30.5,52.22,13.17,45.96,2.3,50.0,9.77,50.0,3.02,58.76,53.65,23.71,52.22,13.17,48.26,2.41,50.0,9.77,50.0,3.02,52.09,50.66,22.38,42.43,10.7,40.69,2.04,50.0,9.77,50.0,3.02,47.92,47.71,21.08,42.43,10.7,50.4,2.52,50.0,9.77,50.0,3.02,47.1,44.32,19.58,52.22,13.17,46.45,2.32,50.0,9.77,50.0,3.02,47.87,34.18,15.1,35.09,8.85,38.06,1.9,50.0,9.77,50.0,3.02,38.66
202607191804,2026-07-19,18,4R,realtime,69.02,30.5,52.22,13.17,45.96,2.3,50.0,9.77,37.37,2.26,58.0,53.65,23.71,52.22,13.17,48.26,2.41,50.0,9.77,46.94,2.84,51.9,50.66,22.38,42.43,10.7,40.69,2.04,50.0,9.77,58.65,3.55,48.44,47.71,21.08,42.43,10.7,50.4,2.52,50.0,9.77,43.24,2.62,46.69,44.32,19.58,52.22,13.17,46.45,2.32,50.0,9.77,68.64,4.15,49.0,34.18,15.1,35.09,8.85,38.06,1.9,50.0,9.77,45.12,2.73,38.36
202607191805,2026-07-19,18,5R,daily,69.02,30.5,62.01,15.64,47.93,2.4,50.0,9.77,50.0,3.02,61.33,53.65,23.71,42.43,10.7,59.77,2.99,50.0,9.77,50.0,3.02,50.19,50.66,22.38,52.22,13.17,48.42,2.42,50.0,9.77,50.0,3.02,50.77,47.71,21.08,49.77,12.55,68.49,3.43,50.0,9.77,50.0,3.02,49.86,44.32,19.58,30.2,7.62,44.56,2.23,50.0,9.77,50.0,3.02,42.22,34.18,15.1,59.56,15.02,48.59,2.43,50.0,9.77,50.0,3.02,45.35
202607191806,2026-07-19,18,6R,daily,69.02,30.5,42.43,10.7,54.01,2.7,50.0,9.77,50.0,3.02,56.7,53.65,23.71,44.88,11.32,49.41,2.47,50.0,9.77,50.0,3.02,50.29,50.66,22.38,57.11,14.41,53.93,2.7,50.0,9.77,50.0,3.02,52.28,47.71,21.08,54.67,13.79,52.45,2.62,50.0,9.77,50.0,3.02,50.29,44.32,19.58,37.54,9.47,37.57,1.88,50.0,9.77,50.0,3.02,43.73,34.18,15.1,59.56,15.02,44.97,2.25,50.0,9.77,50.0,3.02,45.17
202607191807,2026-07-19,18,7R,daily,69.02,30.5,44.88,11.32,53.36,2.67,50.0,9.77,50.0,3.02,57.28,53.65,23.71,39.99,10.09,51.22,2.56,50.0,9.77,50.0,3.02,49.15,50.66,22.38,52.22,13.17,38.06,1.9,50.0,9.77,50.0,3.02,50.25,47.71,21.08,44.88,11.32,58.04,2.9,50.0,9.77,50.0,3.02,48.1,44.32,19.58,49.77,12.55,42.34,2.12,50.0,9.77,50.0,3.02,47.05,34.18,15.1,44.88,11.32,47.27,2.36,50.0,9.77,50.0,3.02,41.58
202607191808,2026-07-19,18,8R,daily,69.02,30.5,32.65,8.23,43.57,2.18,50.0,9.77,50.0,3.02,53.71,53.65,23.71,52.22,13.17,46.28,2.32,50.0,9.77,50.0,3.02,51.99,50.66,22.38,44.88,11.32,67.5,3.38,50.0,9.77,50.0,3.02,49.88,47.71,21.08,54.67,13.79,42.5,2.13,50.0,9.77,50.0,3.02,49.79,44.32,19.58,35.09,8.85,38.06,1.9,50.0,9.77,50.0,3.02,43.13,34.18,15.1,62.01,15.64,57.22,2.86,50.0,9.77,50.0,3.02,46.4
202607191809,2026-07-19,18,9R,daily,69.02,30.5,54.67,13.79,51.46,2.57,50.0,9.77,50.0,3.02,59.66,53.65,23.71,49.77,12.55,56.89,2.85,50.0,9.77,50.0,3.02,51.9,50.66,22.38,52.22,13.17,43.08,2.15,50.0,9.77,50.0,3.02,50.51,47.71,21.08,44.88,11.32,47.27,2.36,50.0,9.77,50.0,3.02,47.56,44.32,19.58,57.11,14.41,54.01,2.7,50.0,9.77,50.0,3.02,49.48,34.18,15.1,32.65,8.23,47.68,2.39,50.0,9.77,50.0,3.02,38.52
202607191810,2026-07-19,18,10R,daily,69.02,30.5,59.56,15.02,48.59,2.43,50.0,9.77,50.0,3.02,60.75,53.65,23.71,54.67,13.79,52.45,2.62,50.0,9.77,50.0,3.02,52.91,50.66,22.38,42.43,10.7,50.4,2.52,50.0,9.77,50.0,3.02,48.4,47.71,21.08,44.88,11.32,38.55,1.93,50.0,9.77,50.0,3.02,47.13,44.32,19.58,57.11,14.41,49.49,2.48,50.0,9.77,50.0,3.02,49.26,34.18,15.1,42.43,10.7,54.01,2.7,50.0,9.77,50.0,3.02,41.3
202607191811,2026-07-19,18,11R,daily,69.02,30.5,81.58,20.58,40.94,2.05,50.0,9.77,50.0,3.02,65.92,53.65,23.71,62.01,15.64,47.93,2.4,50.0,9.77,50.0,3.02,54.54,50.66,22.38,49.77,12.55,68.49,3.43,50.0,9.77,50.0,3.02,51.16,47.71,21.08,52.22,13.17,46.45,2.32,50.0,9.77,50.0,3.02,49.37,44.32,19.58,44.88,11.32,58.04,2.9,50.0,9.77,50.0,3.02,46.6,34.18,15.1,49.77,12.55,46.04,2.3,50.0,9.77,50.0,3.02,42.76
202607191812,2026-07-19,18,12R,daily,69.02,30.5,62.01,15.64,57.22,2.86,50.0,9.77,50.0,3.02,61.79,53.65,23.71,57.11,14.41,53.93,2.7,50.0,9.77,50.0,3.02,53.6,50.66,22.38,47.33,11.94,49.0,2.45,50.0,9.77,50.0,3.02,49.57,47.71,21.08,52.22,13.17,55.9,2.8,50.0,9.77,50.0,3.02,49.85,44.32,19.58,52.22,13.17,45.96,2.3,50.0,9.77,50.0,3.02,47.85,34.18,15.1,44.88,11.32,53.36,2.67,50.0,9.77,50.0,3.02,41.89
202607191901,2026-07-19,19,1R,daily,68.04,29.6,42.31,9.45,53.72,2.45,50.0,10.09,50.0,4.72,56.3,51.05,22.21,37.77,8.43,60.01,2.73,50.0,10.09,50.0,4.72,48.18,52.69,22.92,40.04,8.94,49.03,2.23,50.0,10.09,50.0,4.72,48.9,47.59,20.7,35.49,7.92,52.88,2.41,50.0,10.09,50.0,4.72,45.85,43.81,19.06,40.04,8.94,49.11,2.24,50.0,10.09,50.0,4.72,45.04,36.42,15.85,33.22,7.42,55.06,2.51,50.0,10.09,50.0,4.72,40.58
202607191902,2026-07-19,19,2R,daily,68.04,29.6,44.58,9.95,41.9,1.91,50.0,10.09,50.0,4.72,56.27,51.05,22.21,44.58,9.95,69.06,3.15,50.0,10.09,50.0,4.72,50.12,52.69,22.92,42.31,9.45,51.62,2.35,50.0,10.09,50.0,4.72,49.53,47.59,20.7,40.04,8.94,45.34,2.07,50.0,10.09,50.0,4.72,46.52,43.81,19.06,37.77,8.43,43.75,1.99,50.0,10.09,50.0,4.72,44.29,36.42,15.85,53.67,11.98,48.86,2.23,50.0,10.09,50.0,4.72,44.86
202607191903,2026-07-19,19,3R,daily,68.04,29.6,44.58,9.95,59.17,2.7,50.0,10.09,50.0,4.72,57.06,51.05,22.21,58.22,13.0,61.6,2.81,50.0,10.09,50.0,4.72,52.82,52.69,22.92,33.22,7.42,58.41,2.66,50.0,10.09,50.0,4.72,47.81,47.59,20.7,35.49,7.92,51.62,2.35,50.0,10.09,50.0,4.72,45.79,43.81,19.06,53.67,11.98,43.24,1.97,50.0,10.09,50.0,4.72,47.82,36.42,15.85,49.13,10.97,57.91,2.64,50.0,10.09,50.0,4.72,44.26
202607191904,2026-07-19,19,4R,daily,68.04,29.6,46.86,10.46,48.94,2.23,50.0,10.09,50.0,4.72,57.1,51.05,22.21,37.77,8.43,45.93,2.09,50.0,10.09,50.0,4.72,47.54,52.69,22.92,53.67,11.98,53.47,2.44,50.0,10.09,50.0,4.72,52.15,47.59,20.7,40.04,8.94,52.04,2.37,50.0,10.09,50.0,4.72,46.82,43.81,19.06,60.49,13.5,51.71,2.36,50.0,10.09,50.0,4.72,49.73,36.42,15.85,33.22,7.42,46.51,2.12,50.0,10.09,50.0,4.72,40.19
202607191905,2026-07-19,19,5R,daily,68.04,29.6,51.4,11.47,49.61,2.26,50.0,10.09,50.0,4.72,58.14,51.05,22.21,42.31,9.45,51.29,2.34,50.0,10.09,50.0,4.72,48.8,52.69,22.92,53.67,11.98,41.57,1.89,50.0,10.09,50.0,4.72,51.6,47.59,20.7,42.31,9.45,50.2,2.29,50.0,10.09,50.0,4.72,47.24,43.81,19.06,37.77,8.43,54.98,2.5,50.0,10.09,50.0,4.72,44.8,36.42,15.85,46.86,10.46,38.3,1.74,50.0,10.09,50.0,4.72,42.86
202607191906,2026-07-19,19,6R,daily,68.04,29.6,44.58,9.95,65.2,2.97,50.0,10.09,50.0,4.72,57.33,51.05,22.21,44.58,9.95,57.49,2.62,50.0,10.09,50.0,4.72,49.59,52.69,22.92,62.76,14.01,52.88,2.41,50.0,10.09,50.0,4.72,54.15,47.59,20.7,46.86,10.46,37.63,1.71,50.0,10.09,50.0,4.72,47.69,43.81,19.06,51.4,11.47,73.33,3.34,50.0,10.09,50.0,4.72,48.68,36.42,15.85,37.77,8.43,60.01,2.73,50.0,10.09,50.0,4.72,41.82
202607191907,2026-07-19,19,7R,daily,68.04,29.6,40.04,8.94,49.11,2.24,50.0,10.09,50.0,4.72,55.58,51.05,22.21,58.22,13.0,62.52,2.85,50.0,10.09,50.0,4.72,52.86,52.69,22.92,83.21,18.58,45.42,2.07,50.0,10.09,50.0,4.72,58.37,47.59,20.7,49.13,10.97,58.75,2.68,50.0,10.09,50.0,4.72,49.16,43.81,19.06,33.22,7.42,58.41,2.66,50.0,10.09,50.0,4.72,43.95,36.42,15.85,40.04,8.94,45.34,2.07,50.0,10.09,50.0,4.72,41.66
202607191908,2026-07-19,19,8R,daily,68.04,29.6,65.03,14.52,30.25,1.38,50.0,10.09,50.0,4.72,60.3,51.05,22.21,46.86,10.46,40.64,1.85,50.0,10.09,50.0,4.72,49.33,52.69,22.92,44.58,9.95,41.9,1.91,50.0,10.09,50.0,4.72,49.59,47.59,20.7,49.13,10.97,51.37,2.34,50.0,10.09,50.0,4.72,48.82,43.81,19.06,35.49,7.92,52.88,2.41,50.0,10.09,50.0,4.72,44.2,36.42,15.85,33.22,7.42,47.52,2.16,50.0,10.09,50.0,4.72,40.23
202607191909,2026-07-19,19,9R,daily,68.04,29.6,51.4,11.47,50.2,2.29,50.0,10.09,50.0,4.72,58.17,51.05,22.21,46.86,10.46,50.2,2.29,50.0,10.09,50.0,4.72,49.76,52.69,22.92,49.13,10.97,69.56,3.17,50.0,10.09,50.0,4.72,51.86,47.59,20.7,33.22,7.42,55.06,2.51,50.0,10.09,50.0,4.72,45.44,43.81,19.06,44.58,9.95,69.06,3.15,50.0,10.09,50.0,4.72,46.97,36.42,15.85,42.31,9.45,50.2,2.29,50.0,10.09,50.0,4.72,42.39
202607191910,2026-07-19,19,10R,daily,68.04,29.6,46.86,10.46,58.75,2.68,50.0,10.09,50.0,4.72,57.54,51.05,22.21,53.67,11.98,48.86,2.23,50.0,10.09,50.0,4.72,51.22,52.69,22.92,37.77,8.43,45.93,2.09,50.0,10.09,50.0,4.72,48.25,47.59,20.7,40.04,8.94,49.03,2.23,50.0,10.09,50.0,4.72,46.68,43.81,19.06,53.67,11.98,41.57,1.89,50.0,10.09,50.0,4.72,47.74,36.42,15.85,35.49,7.92,51.62,2.35,50.0,10.09,50.0,4.72,40.93
202607191911,2026-07-19,19,11R,daily,68.04,29.6,51.4,11.47,73.33,3.34,50.0,10.09,50.0,4.72,59.22,51.05,22.21,60.49,13.5,51.71,2.36,50.0,10.09,50.0,4.72,52.88,52.69,22.92,46.86,10.46,38.3,1.74,50.0,10.09,50.0,4.72,49.93,47.59,20.7,58.22,13.0,61.6,2.81,50.0,10.09,50.0,4.72,51.31,43.81,19.06,42.31,9.45,53.72,2.45,50.0,10.09,50.0,4.72,45.76,36.42,15.85,42.31,9.45,51.62,2.35,50.0,10.09,50.0,4.72,42.45
202607191912,2026-07-19,19,12R,daily,68.04,29.6,83.21,18.58,45.42,2.07,50.0,10.09,50.0,4.72,65.05,51.05,22.21,65.03,14.52,30.25,1.38,50.0,10.09,50.0,4.72,52.91,52.69,22.92,53.67,11.98,43.24,1.97,50.0,10.09,50.0,4.72,51.68,47.59,20.7,51.4,11.47,49.61,2.26,50.0,10.09,50.0,4.72,49.25,43.81,19.06,62.76,14.01,52.88,2.41,50.0,10.09,50.0,4.72,50.29,36.42,15.85,53.67,11.98,53.47,2.44,50.0,10.09,50.0,4.72,45.07
202607192001,2026-07-19,20,1R,daily,68.12,27.34,44.33,9.96,51.64,3.03,50.0,11.16,50.0,4.61,56.09,50.58,20.3,40.4,9.08,41.97,2.46,50.0,11.16,50.0,4.61,47.6,50.67,20.34,46.3,10.41,44.56,2.61,50.0,11.16,50.0,4.61,49.12,46.8,18.78,42.37,9.52,46.69,2.74,50.0,11.16,50.0,4.61,46.81,45.02,18.07,28.6,6.43,49.16,2.88,50.0,11.16,50.0,4.61,43.14,38.0,15.25,50.23,11.29,50.11,2.94,50.0,11.16,50.0,4.61,45.24
202607192002,2026-07-19,20,2R,daily,68.12,27.34,52.2,11.73,48.1,2.82,50.0,11.16,50.0,4.61,57.65,50.58,20.3,54.17,12.17,47.63,2.79,50.0,11.16,50.0,4.61,51.03,50.67,20.34,44.33,9.96,55.06,3.23,50.0,11.16,50.0,4.61,49.29,46.8,18.78,67.93,15.27,40.9,2.4,50.0,11.16,50.0,4.61,52.21,45.02,18.07,38.43,8.64,52.0,3.05,50.0,11.16,50.0,4.61,45.52,38.0,15.25,44.33,9.96,40.9,2.4,50.0,11.16,50.0,4.61,43.38
202607192003,2026-07-19,20,3R,daily,68.12,27.34,50.23,11.29,49.16,2.88,50.0,11.16,50.0,4.61,57.27,50.58,20.3,42.37,9.52,53.41,3.13,50.0,11.16,50.0,4.61,48.72,50.67,20.34,93.49,21.01,41.85,2.45,50.0,11.16,50.0,4.61,59.57,46.8,18.78,48.27,10.85,50.34,2.95,50.0,11.16,50.0,4.61,48.35,45.02,18.07,40.4,9.08,52.11,3.05,50.0,11.16,50.0,4.61,45.97,38.0,15.25,48.27,10.85,41.61,2.44,50.0,11.16,50.0,4.61,44.3
202607192004,2026-07-19,20,4R,daily,68.12,27.34,65.96,14.83,49.52,2.9,50.0,11.16,50.0,4.61,60.83,50.58,20.3,52.2,11.73,40.31,2.36,50.0,11.16,50.0,4.61,50.16,50.67,20.34,46.3,10.41,67.45,3.95,50.0,11.16,50.0,4.61,50.46,46.8,18.78,38.43,8.64,43.85,2.57,50.0,11.16,50.0,4.61,45.76,45.02,18.07,46.3,10.41,54.36,3.19,50.0,11.16,50.0,4.61,47.42,38.0,15.25,56.13,12.62,55.89,3.28,50.0,11.16,50.0,4.61,46.91
202607192005,2026-07-19,20,5R,daily,68.12,27.34,50.23,11.29,59.31,3.48,50.0,11.16,50.0,4.61,57.87,50.58,20.3,75.8,17.04,49.52,2.9,50.0,11.16,50.0,4.61,56.0,50.67,20.34,42.37,9.52,48.57,2.85,50.0,11.16,50.0,4.61,48.47,46.8,18.78,50.23,11.29,57.07,3.35,50.0,11.16,50.0,4.61,49.18,45.02,18.07,42.37,9.52,44.33,2.6,50.0,11.16,50.0,4.61,45.95,38.0,15.25,32.53,7.31,48.46,2.84,50.0,11.16,50.0,4.61,41.17
202607192006,2026-07-19,20,6R,daily,68.12,27.34,46.3,10.41,47.39,2.78,50.0,11.16,50.0,4.61,56.29,50.58,20.3,44.33,9.96,47.16,2.76,50.0,11.16,50.0,4.61,48.79,50.67,20.34,60.06,13.5,45.86,2.69,50.0,11.16,50.0,4.61,52.29,46.8,18.78,38.43,8.64,52.0,3.05,50.0,11.16,50.0,4.61,46.23,45.02,18.07,42.37,9.52,46.69,2.74,50.0,11.16,50.0,4.61,46.09,38.0,15.25,58.1,13.06,38.43,2.25,50.0,11.16,50.0,4.61,46.33
202607192007,2026-07-19,20,7R,daily,68.12,27.34,83.66,18.8,68.4,4.01,50.0,11.16,50.0,4.61,65.91,50.58,20.3,44.33,9.96,51.64,3.03,50.0,11.16,50.0,4.61,49.05,50.67,20.34,50.23,11.29,49.16,2.88,50.0,11.16,50.0,4.61,50.27,46.8,18.78,34.5,7.75,46.21,2.71,50.0,11.16,50.0,4.61,45.01,45.02,18.07,44.33,9.96,52.35,3.07,50.0,11.16,50.0,4.61,46.87,38.0,15.25,54.17,12.17,47.63,2.79,50.0,11.16,50.0,4.61,45.98
202607192008,2026-07-19,20,8R,daily,68.12,27.34,50.23,11.29,43.03,2.52,50.0,11.16,50.0,4.61,56.91,50.58,20.3,65.96,14.83,49.52,2.9,50.0,11.16,50.0,4.61,53.79,50.67,20.34,48.27,10.85,41.61,2.44,50.0,11.16,50.0,4.61,49.39,46.8,18.78,44.33,9.96,45.51,2.67,50.0,11.16,50.0,4.61,47.18,45.02,18.07,44.33,9.96,55.06,3.23,50.0,11.16,50.0,4.61,47.02,38.0,15.25,28.6,6.43,49.16,2.88,50.0,11.16,50.0,4.61,40.33
202607192009,2026-07-19,20,9R,daily,68.12,27.34,50.23,11.29,57.07,3.35,50.0,11.16,50.0,4.61,57.74,50.58,20.3,46.3,10.41,54.36,3.19,50.0,11.16,50.0,4.61,49.65,50.67,20.34,67.93,15.27,40.9,2.4,50.0,11.16,50.0,4.61,53.77,46.8,18.78,42.37,9.52,54.36,3.19,50.0,11.16,50.0,4.61,47.26,45.02,18.07,40.4,9.08,41.97,2.46,50.0,11.16,50.0,4.61,45.37,38.0,15.25,46.3,10.41,53.88,3.16,50.0,11.16,50.0,4.61,44.58
202607192010,2026-07-19,20,10R,daily,68.12,27.34,75.8,17.04,49.52,2.9,50.0,11.16,50.0,4.61,63.04,50.58,20.3,40.4,9.08,52.11,3.05,50.0,11.16,50.0,4.61,48.2,50.67,20.34,50.23,11.29,50.11,2.94,50.0,11.16,50.0,4.61,50.33,46.8,18.78,52.2,11.73,48.1,2.82,50.0,11.16,50.0,4.61,49.1,45.02,18.07,46.3,10.41,47.39,2.78,50.0,11.16,50.0,4.61,47.02,38.0,15.25,52.2,11.73,40.31,2.36,50.0,11.16,50.0,4.61,45.11
202607192011,2026-07-19,20,11R,daily,68.12,27.34,93.49,21.01,41.85,2.45,50.0,11.16,50.0,4.61,66.57,50.58,20.3,50.23,11.29,59.31,3.48,50.0,11.16,50.0,4.61,50.83,50.67,20.34,58.1,13.06,38.43,2.25,50.0,11.16,50.0,4.61,51.41,46.8,18.78,83.66,18.8,68.4,4.01,50.0,11.16,50.0,4.61,57.36,45.02,18.07,56.13,12.62,55.89,3.28,50.0,11.16,50.0,4.61,49.72,38.0,15.25,46.3,10.41,44.56,2.61,50.0,11.16,50.0,4.61,44.03
202607192012,2026-07-19,20,12R,daily,68.12,27.34,60.06,13.5,45.86,2.69,50.0,11.16,50.0,4.61,59.29,50.58,20.3,44.33,9.96,40.9,2.4,50.0,11.16,50.0,4.61,48.42,50.67,20.34,44.33,9.96,45.51,2.67,50.0,11.16,50.0,4.61,48.73,46.8,18.78,42.37,9.52,53.41,3.13,50.0,11.16,50.0,4.61,47.2,45.02,18.07,38.43,8.64,43.85,2.57,50.0,11.16,50.0,4.61,45.04,38.0,15.25,34.5,7.75,46.21,2.71,50.0,11.16,50.0,4.61,41.48
202607192101,2026-07-19,21,1R,daily,67.55,31.59,48.42,6.92,52.65,3.6,50.0,10.53,50.0,5.53,58.16,50.7,23.71,43.54,6.22,43.7,2.98,50.0,10.53,50.0,5.53,48.97,49.79,23.28,41.92,5.99,60.52,4.13,50.0,10.53,50.0,5.53,49.47,49.19,23.0,48.42,6.92,57.78,3.95,50.0,10.53,50.0,5.53,49.93,45.75,21.39,45.17,6.46,65.65,4.48,50.0,10.53,50.0,5.53,48.39,36.85,17.23,45.17,6.46,45.94,3.14,50.0,10.53,50.0,5.53,42.88
202607192101,2026-07-19,21,1R,realtime,67.55,31.59,48.42,6.92,52.65,3.6,65.43,13.79,45.8,5.06,60.95,50.7,23.71,43.54,6.22,43.7,2.98,40.85,8.61,56.88,6.29,47.81,49.79,23.28,41.92,5.99,60.52,4.13,46.97,9.9,50.91,5.63,48.93,49.19,23.0,48.42,6.92,57.78,3.95,49.99,10.53,44.14,4.88,49.28,45.75,21.39,45.17,6.46,65.65,4.48,45.49,9.58,48.67,5.38,47.29,36.85,17.23,45.17,6.46,45.94,3.14,51.32,10.81,53.73,5.94,43.57
202607192102,2026-07-19,21,2R,daily,67.55,31.59,51.68,7.39,50.49,3.45,50.0,10.53,50.0,5.53,58.48,50.7,23.71,54.93,7.85,46.77,3.19,50.0,10.53,50.0,5.53,50.81,49.79,23.28,46.8,6.69,45.11,3.08,50.0,10.53,50.0,5.53,49.11,49.19,23.0,40.29,5.76,52.07,3.56,50.0,10.53,50.0,5.53,48.38,45.75,21.39,46.8,6.69,58.53,4.0,50.0,10.53,50.0,5.53,48.14,36.85,17.23,41.92,5.99,37.99,2.59,50.0,10.53,50.0,5.53,41.88
202607192102,2026-07-19,21,2R,realtime,67.55,31.59,51.68,7.39,50.49,3.45,71.29,15.02,45.67,5.05,62.49,50.7,23.71,54.93,7.85,46.77,3.19,47.04,9.91,57.34,6.34,51.0,49.79,23.28,46.8,6.69,45.11,3.08,49.5,10.43,51.67,5.71,49.19,49.19,23.0,40.29,5.76,52.07,3.56,49.97,10.53,43.15,4.77,47.61,45.75,21.39,46.8,6.69,58.53,4.0,44.76,9.43,48.17,5.32,46.83,36.85,17.23,41.92,5.99,37.99,2.59,37.5,7.9,54.13,5.98,39.7
202607192103,2026-07-19,21,3R,daily,67.55,31.59,46.8,6.69,42.63,2.91,50.0,10.53,50.0,5.53,57.25,50.7,23.71,41.92,5.99,46.77,3.19,50.0,10.53,50.0,5.53,48.95,49.79,23.28,51.68,7.39,36.08,2.46,50.0,10.53,50.0,5.53,49.19,49.19,23.0,43.54,6.22,56.21,3.84,50.0,10.53,50.0,5.53,49.12,45.75,21.39,50.05,7.15,46.77,3.19,50.0,10.53,50.0,5.53,47.8,36.85,17.23,51.68,7.39,37.91,2.59,50.0,10.53,50.0,5.53,43.26
202607192103,2026-07-19,21,3R,realtime,67.55,31.59,46.8,6.69,42.63,2.91,63.77,13.43,45.59,5.04,59.66,50.7,23.71,41.92,5.99,46.77,3.19,39.04,8.22,57.6,6.36,47.48,49.79,23.28,51.68,7.39,36.08,2.46,55.47,11.69,52.11,5.76,50.58,49.19,23.0,43.54,6.22,56.21,3.84,49.16,10.36,42.59,4.71,48.13,45.75,21.39,50.05,7.15,46.77,3.19,56.2,11.84,47.88,5.29,48.87,36.85,17.23,51.68,7.39,37.91,2.59,36.42,7.67,54.35,6.01,40.88
202607192104,2026-07-19,21,4R,daily,67.55,31.59,48.42,6.92,58.2,3.97,50.0,10.53,50.0,5.53,58.54,50.7,23.71,45.17,6.46,51.16,3.49,50.0,10.53,50.0,5.53,49.72,49.79,23.28,46.8,6.69,37.49,2.56,50.0,10.53,50.0,5.53,48.59,49.19,23.0,43.54,6.22,54.47,3.72,50.0,10.53,50.0,5.53,49.0,45.75,21.39,50.05,7.15,48.67,3.32,50.0,10.53,50.0,5.53,47.93,36.85,17.23,33.78,4.83,45.61,3.11,50.0,10.53,50.0,5.53,41.23
202607192104,2026-07-19,21,4R,realtime,67.55,31.59,48.42,6.92,58.2,3.97,64.57,13.6,47.61,5.26,61.35,50.7,23.71,45.17,6.46,51.16,3.49,49.02,10.33,54.49,6.02,50.01,49.79,23.28,46.8,6.69,37.49,2.56,44.42,9.36,52.21,5.77,47.66,49.19,23.0,43.54,6.22,54.47,3.72,40.97,8.63,44.83,4.95,46.53,45.75,21.39,50.05,7.15,48.67,3.32,45.76,9.64,48.2,5.33,46.83,36.85,17.23,33.78,4.83,45.61,3.11,55.3,11.65,52.79,5.83,42.66
202607192105,2026-07-19,21,5R,daily,67.55,31.59,48.42,6.92,63.75,4.35,50.0,10.53,50.0,5.53,58.92,50.7,23.71,43.54,6.22,53.89,3.68,50.0,10.53,50.0,5.53,49.67,49.79,23.28,48.42,6.92,52.65,3.6,50.0,10.53,50.0,5.53,49.86,49.19,23.0,40.29,5.76,53.89,3.68,50.0,10.53,50.0,5.53,48.5,45.75,21.39,40.29,5.76,61.01,4.17,50.0,10.53,50.0,5.53,47.38,36.85,17.23,53.3,7.62,42.63,2.91,50.0,10.53,50.0,5.53,43.82
202607192106,2026-07-19,21,6R,daily,67.55,31.59,41.92,5.99,60.52,4.13,50.0,10.53,50.0,5.53,57.77,50.7,23.71,40.29,5.76,52.07,3.56,50.0,10.53,50.0,5.53,49.08,49.79,23.28,45.17,6.46,50.41,3.44,50.0,10.53,50.0,5.53,49.24,49.19,23.0,37.04,5.29,40.56,2.77,50.0,10.53,50.0,5.53,47.12,45.75,21.39,45.17,6.46,44.45,3.04,50.0,10.53,50.0,5.53,46.94,36.85,17.23,46.8,6.69,55.96,3.82,50.0,10.53,50.0,5.53,43.8
202607192107,2026-07-19,21,7R,daily,67.55,31.59,45.17,6.46,65.65,4.48,50.0,10.53,50.0,5.53,58.59,50.7,23.71,41.92,5.99,41.05,2.8,50.0,10.53,50.0,5.53,48.56,49.79,23.28,46.8,6.69,37.66,2.57,50.0,10.53,50.0,5.53,48.6,49.19,23.0,41.92,5.99,42.63,2.91,50.0,10.53,50.0,5.53,47.96,45.75,21.39,43.54,6.22,43.7,2.98,50.0,10.53,50.0,5.53,46.66,36.85,17.23,45.17,6.46,45.94,3.14,50.0,10.53,50.0,5.53,42.88
202607192108,2026-07-19,21,8R,daily,67.55,31.59,48.42,6.92,57.78,3.95,50.0,10.53,50.0,5.53,58.51,50.7,23.71,46.8,6.69,45.11,3.08,50.0,10.53,50.0,5.53,49.53,49.79,23.28,50.05,7.15,48.67,3.32,50.0,10.53,50.0,5.53,49.82,49.19,23.0,41.92,5.99,46.77,3.19,50.0,10.53,50.0,5.53,48.25,45.75,21.39,45.17,6.46,45.94,3.14,50.0,10.53,50.0,5.53,47.04,36.85,17.23,51.68,7.39,50.49,3.45,50.0,10.53,50.0,5.53,44.12
202607192109,2026-07-19,21,9R,daily,67.55,31.59,50.05,7.15,46.77,3.19,50.0,10.53,50.0,5.53,57.99,50.7,23.71,43.54,6.22,56.21,3.84,50.0,10.53,50.0,5.53,49.83,49.79,23.28,48.42,6.92,63.75,4.35,50.0,10.53,50.0,5.53,50.62,49.19,23.0,54.93,7.85,46.77,3.19,50.0,10.53,50.0,5.53,50.11,45.75,21.39,45.17,6.46,51.16,3.49,50.0,10.53,50.0,5.53,47.4,36.85,17.23,48.42,6.92,58.2,3.97,50.0,10.53,50.0,5.53,44.19
202607192110,2026-07-19,21,10R,daily,67.55,31.59,46.8,6.69,58.53,4.0,50.0,10.53,50.0,5.53,58.33,50.7,23.71,46.8,6.69,55.96,3.82,50.0,10.53,50.0,5.53,50.28,49.79,23.28,46.8,6.69,42.63,2.91,50.0,10.53,50.0,5.53,48.94,49.19,23.0,46.8,6.69,37.49,2.56,50.0,10.53,50.0,5.53,48.31,45.75,21.39,48.42,6.92,52.65,3.6,50.0,10.53,50.0,5.53,47.97,36.85,17.23,43.54,6.22,53.89,3.68,50.0,10.53,50.0,5.53,43.19
202607192111,2026-07-19,21,11R,daily,67.55,31.59,53.3,7.62,42.63,2.91,50.0,10.53,50.0,5.53,58.17,50.7,23.71,40.29,5.76,61.01,4.17,50.0,10.53,50.0,5.53,49.69,49.79,23.28,45.17,6.46,44.45,3.04,50.0,10.53,50.0,5.53,48.83,49.19,23.0,51.68,7.39,36.08,2.46,50.0,10.53,50.0,5.53,48.91,45.75,21.39,45.17,6.46,45.94,3.14,50.0,10.53,50.0,5.53,47.04,36.85,17.23,48.42,6.92,52.65,3.6,50.0,10.53,50.0,5.53,43.81
202607192112,2026-07-19,21,12R,daily,67.55,31.59,54.93,7.85,58.28,3.98,50.0,10.53,50.0,5.53,59.48,50.7,23.71,63.06,9.01,46.6,3.18,50.0,10.53,50.0,5.53,51.96,49.79,23.28,45.17,6.46,37.49,2.56,50.0,10.53,50.0,5.53,48.36,49.19,23.0,56.56,8.08,42.3,2.89,50.0,10.53,50.0,5.53,50.03,45.75,21.39,67.94,9.71,51.16,3.49,50.0,10.53,50.0,5.53,50.65,36.85,17.23,46.8,6.69,52.57,3.59,50.0,10.53,50.0,5.53,43.57
202607192201,2026-07-19,22,1R,daily,65.79,28.8,53.78,10.82,58.57,3.8,50.0,12.99,50.0,1.82,58.23,53.89,23.6,48.12,9.68,55.07,3.57,50.0,12.99,50.0,1.82,51.66,53.67,23.5,46.24,9.3,61.34,3.98,50.0,12.99,50.0,1.82,51.59,47.42,20.76,53.78,10.82,64.25,4.17,50.0,12.99,50.0,1.82,50.55,43.61,19.09,50.01,10.06,57.33,3.72,50.0,12.99,50.0,1.82,47.68,35.17,15.4,48.12,9.68,49.61,3.22,50.0,12.99,50.0,1.82,43.1
202607192202,2026-07-19,22,2R,daily,65.79,28.8,55.66,11.2,59.73,3.87,50.0,12.99,50.0,1.82,58.68,53.89,23.6,50.01,10.06,50.05,3.24,50.0,12.99,50.0,1.82,51.71,53.67,23.5,55.66,11.2,52.31,3.39,50.0,12.99,50.0,1.82,52.9,47.42,20.76,66.98,13.48,54.05,3.5,50.0,12.99,50.0,1.82,52.55,43.61,19.09,48.12,9.68,58.72,3.81,50.0,12.99,50.0,1.82,47.39,35.17,15.4,48.12,9.68,47.43,3.07,50.0,12.99,50.0,1.82,42.96
202607192203,2026-07-19,22,3R,daily,65.79,28.8,50.01,10.06,49.25,3.19,50.0,12.99,50.0,1.82,56.86,53.89,23.6,59.43,11.96,51.87,3.36,50.0,12.99,50.0,1.82,53.72,53.67,23.5,55.66,11.2,55.58,3.6,50.0,12.99,50.0,1.82,53.11,47.42,20.76,51.89,10.44,47.57,3.08,50.0,12.99,50.0,1.82,49.09,43.61,19.09,50.01,10.06,56.68,3.67,50.0,12.99,50.0,1.82,47.64,35.17,15.4,46.24,9.3,54.85,3.56,50.0,12.99,50.0,1.82,43.06
202607192204,2026-07-19,22,4R,daily,65.79,28.8,51.89,10.44,54.93,3.56,50.0,12.99,50.0,1.82,57.61,53.89,23.6,48.12,9.68,54.05,3.5,50.0,12.99,50.0,1.82,51.59,53.67,23.5,48.12,9.68,46.55,3.02,50.0,12.99,50.0,1.82,51.01,47.42,20.76,57.55,11.58,59.22,3.84,50.0,12.99,50.0,1.82,50.99,43.61,19.09,48.12,9.68,46.11,2.99,50.0,12.99,50.0,1.82,46.57,35.17,15.4,50.01,10.06,52.16,3.38,50.0,12.99,50.0,1.82,43.65
202607192205,2026-07-19,22,5R,daily,65.79,28.8,51.89,10.44,53.98,3.5,50.0,12.99,50.0,1.82,57.55,53.89,23.6,55.66,11.2,58.86,3.82,50.0,12.99,50.0,1.82,53.42,53.67,23.5,46.24,9.3,56.24,3.65,50.0,12.99,50.0,1.82,51.26,47.42,20.76,46.24,9.3,59.44,3.85,50.0,12.99,50.0,1.82,48.72,43.61,19.09,48.12,9.68,46.11,2.99,50.0,12.99,50.0,1.82,46.57,35.17,15.4,51.89,10.44,57.77,3.75,50.0,12.99,50.0,1.82,44.39
202607192206,2026-07-19,22,6R,daily,65.79,28.8,48.12,9.68,64.4,4.18,50.0,12.99,50.0,1.82,57.47,53.89,23.6,42.46,8.55,49.61,3.22,50.0,12.99,50.0,1.82,50.16,53.67,23.5,57.55,11.58,72.26,4.69,50.0,12.99,50.0,1.82,54.57,47.42,20.76,46.24,9.3,61.34,3.98,50.0,12.99,50.0,1.82,48.85,43.61,19.09,42.46,8.55,46.55,3.02,50.0,12.99,50.0,1.82,45.46,35.17,15.4,50.01,10.06,59.22,3.84,50.0,12.99,50.0,1.82,44.11
202607192207,2026-07-19,22,7R,daily,65.79,28.8,46.24,9.3,49.76,3.23,50.0,12.99,50.0,1.82,56.14,53.89,23.6,50.01,10.06,57.33,3.72,50.0,12.99,50.0,1.82,52.18,53.67,23.5,55.66,11.2,59.73,3.87,50.0,12.99,50.0,1.82,53.38,47.42,20.76,48.12,9.68,49.25,3.19,50.0,12.99,50.0,1.82,48.44,43.61,19.09,44.35,8.92,50.19,3.25,50.0,12.99,50.0,1.82,46.08,35.17,15.4,50.01,10.06,53.33,3.46,50.0,12.99,50.0,1.82,43.72
202607192208,2026-07-19,22,8R,daily,65.79,28.8,55.66,11.2,55.58,3.6,50.0,12.99,50.0,1.82,58.41,53.89,23.6,46.24,9.3,49.9,3.24,50.0,12.99,50.0,1.82,50.94,53.67,23.5,42.46,8.55,45.97,2.98,50.0,12.99,50.0,1.82,49.83,47.42,20.76,48.12,9.68,46.55,3.02,50.0,12.99,50.0,1.82,48.27,43.61,19.09,48.12,9.68,55.07,3.57,50.0,12.99,50.0,1.82,47.15,35.17,15.4,66.98,13.48,54.05,3.5,50.0,12.99,50.0,1.82,47.19
202607192209,2026-07-19,22,9R,daily,65.79,28.8,55.66,11.2,52.31,3.39,50.0,12.99,50.0,1.82,58.2,53.89,23.6,50.01,10.06,53.4,3.46,50.0,12.99,50.0,1.82,51.93,53.67,23.5,51.89,10.44,54.93,3.56,50.0,12.99,50.0,1.82,52.31,47.42,20.76,53.78,10.82,58.57,3.8,50.0,12.99,50.0,1.82,50.19,43.61,19.09,50.01,10.06,49.25,3.19,50.0,12.99,50.0,1.82,47.15,35.17,15.4,44.35,8.92,52.89,3.43,50.0,12.99,50.0,1.82,42.56
202607192210,2026-07-19,22,10R,daily,65.79,28.8,53.78,10.82,64.25,4.17,50.0,12.99,50.0,1.82,58.6,53.89,23.6,50.01,10.06,56.68,3.67,50.0,12.99,50.0,1.82,52.14,53.67,23.5,50.01,10.06,52.16,3.38,50.0,12.99,50.0,1.82,51.75,47.42,20.76,48.12,9.68,49.39,3.2,50.0,12.99,50.0,1.82,48.45,43.61,19.09,50.01,10.06,50.05,3.24,50.0,12.99,50.0,1.82,47.21,35.17,15.4,55.66,11.2,58.86,3.82,50.0,12.99,50.0,1.82,45.22
202607192211,2026-07-19,22,11R,daily,65.79,28.8,57.55,11.58,59.22,3.84,50.0,12.99,50.0,1.82,59.03,53.89,23.6,48.12,9.68,58.72,3.81,50.0,12.99,50.0,1.82,51.89,53.67,23.5,48.12,9.68,49.61,3.22,50.0,12.99,50.0,1.82,51.21,47.42,20.76,51.89,10.44,57.77,3.75,50.0,12.99,50.0,1.82,49.75,43.61,19.09,59.43,11.96,51.87,3.36,50.0,12.99,50.0,1.82,49.22,35.17,15.4,57.55,11.58,72.26,4.69,50.0,12.99,50.0,1.82,46.47
202607192212,2026-07-19,22,12R,daily,65.79,28.8,70.75,14.24,52.6,3.41,50.0,12.99,50.0,1.82,61.25,53.89,23.6,61.32,12.34,53.47,3.47,50.0,12.99,50.0,1.82,54.21,53.67,23.5,59.43,11.96,55.66,3.61,50.0,12.99,50.0,1.82,53.87,47.42,20.76,68.86,13.86,52.23,3.39,50.0,12.99,50.0,1.82,52.81,43.61,19.09,57.55,11.58,55.66,3.61,50.0,12.99,50.0,1.82,49.09,35.17,15.4,51.89,10.44,47.86,3.1,50.0,12.99,50.0,1.82,43.75
