レースコード,レース日,レース場コード,レース回,状態,1着コース,1着艇番,買い目1,買い目2,買い目3,買い目4,買い目5,決まり手1,決まり手2,決まり手3,決まり手4,決まり手5
202608140101,2026-08-14,01,1R,daily,3,3,3-1-4,3-1-2,3-1-5,3-2-4,3-1-6,まくり差し,まくり差し,まくり差し,まくり,まくり差し
202608140102,2026-08-14,01,2R,daily,4,4,4-1-5,4-1-2,4-5-1,4-2-1,4-1-3,まくり,まくり,まくり,まくり,差し
202608140103,2026-08-14,01,3R,daily,4,4,4-1-5,4-1-2,4-5-1,4-2-1,4-1-3,まくり,まくり,まくり,まくり,差し
202608140104,2026-08-14,01,4R,daily,2,2,2-1-3,2-1-4,2-1-5,2-3-1,2-3-4,差し,差し,差し,差し,まくり
202608140105,2026-08-14,01,5R,daily,2,2,2-1-3,2-1-4,2-1-5,2-3-1,2-3-4,差し,差し,差し,差し,まくり
202608140106,2026-08-14,01,6R,daily,3,3,3-1-4,3-1-2,3-1-5,3-2-4,3-1-6,まくり差し,まくり差し,まくり差し,まくり,まくり差し
202608140107,2026-08-14,01,7R,daily,3,3,3-1-4,3-1-2,3-1-5,3-2-4,3-1-6,まくり差し,まくり差し,まくり差し,まくり,まくり差し
202608140108,2026-08-14,01,8R,daily,3,3,3-1-4,3-1-2,3-1-5,3-2-4,3-1-6,まくり差し,まくり差し,まくり差し,まくり,まくり差し
202608140109,2026-08-14,01,9R,daily,4,4,4-1-5,4-1-2,4-5-1,4-2-1,4-1-3,まくり,まくり,まくり,まくり,差し
202608140110,2026-08-14,01,10R,daily,2,2,2-1-3,2-1-4,2-1-5,2-3-1,2-3-4,差し,差し,差し,差し,まくり
202608140111,2026-08-14,01,11R,daily,2,2,2-1-3,2-1-4,2-1-5,2-3-1,2-3-4,差し,差し,差し,差し,まくり
202608140112,2026-08-14,01,12R,daily,2,2,2-1-3,2-1-4,2-1-5,2-3-1,2-3-4,差し,差し,差し,差し,まくり
202608140201,2026-08-14,02,1R,daily,3,3,3-1-4,3-1-2,3-1-5,3-2-4,3-1-6,まくり差し,まくり差し,まくり差し,まくり,まくり差し
202608140201,2026-08-14,02,1R,realtime,3,3,3-1-4,3-1-2,3-1-5,3-2-4,3-1-6,まくり差し,まくり差し,まくり差し,まくり,まくり差し
202608140202,2026-08-14,02,2R,daily,6,6,6-1-2,6-1-4,6-1-3,6-2-1,6-3-1,まくり差し,まくり差し,まくり差し,まくり差し,まくり差し
202608140202,2026-08-14,02,2R,realtime,3,3,3-1-4,3-1-2,3-1-5,3-2-4,3-1-6,まくり差し,まくり差し,まくり差し,まくり,まくり差し
202608140203,2026-08-14,02,3R,daily,3,3,3-1-4,3-1-2,3-1-5,3-2-4,3-1-6,まくり差し,まくり差し,まくり差し,まくり,まくり差し
202608140203,2026-08-14,02,3R,realtime,2,2,2-1-3,2-1-4,2-1-5,2-3-1,2-3-4,差し,差し,差し,差し,まくり
202608140204,2026-08-14,02,4R,daily,4,4,4-1-5,4-1-2,4-5-1,4-2-1,4-1-3,まくり,まくり,まくり,まくり,差し
202608140204,2026-08-14,02,4R,realtime,4,4,4-1-5,4-1-2,4-5-1,4-2-1,4-1-3,まくり,まくり,まくり,まくり,差し
202608140205,2026-08-14,02,5R,daily,4,4,4-1-5,4-1-2,4-5-1,4-2-1,4-1-3,まくり,まくり,まくり,まくり,差し
202608140205,2026-08-14,02,5R,realtime,4,4,4-1-5,4-1-2,4-5-1,4-2-1,4-1-3,まくり,まくり,まくり,まくり,差し
202608140206,2026-08-14,02,6R,daily,2,2,2-1-3,2-1-4,2-1-5,2-3-1,2-3-4,差し,差し,差し,差し,まくり
202608140206,2026-08-14,02,6R,realtime,2,2,2-1-3,2-1-4,2-1-5,2-3-1,2-3-4,差し,差し,差し,差し,まくり
202608140207,2026-08-14,02,7R,daily,2,2,2-1-3,2-1-4,2-1-5,2-3-1,2-3-4,差し,差し,差し,差し,まくり
202608140207,2026-08-14,02,7R,realtime,3,3,3-1-4,3-1-2,3-1-5,3-2-4,3-1-6,まくり差し,まくり差し,まくり差し,まくり,まくり差し
202608140208,2026-08-14,02,8R,daily,2,2,2-1-3,2-1-4,2-1-5,2-3-1,2-3-4,差し,差し,差し,差し,まくり
202608140209,2026-08-14,02,9R,daily,2,2,2-1-3,2-1-4,2-1-5,2-3-1,2-3-4,差し,差し,差し,差し,まくり
202608140210,2026-08-14,02,10R,daily,2,2,2-1-3,2-1-4,2-1-5,2-3-1,2-3-4,差し,差し,差し,差し,まくり
202608140211,2026-08-14,02,11R,daily,2,2,2-1-3,2-1-4,2-1-5,2-3-1,2-3-4,差し,差し,差し,差し,まくり
202608140212,2026-08-14,02,12R,daily,3,3,3-1-4,3-1-2,3-1-5,3-2-4,3-1-6,まくり差し,まくり差し,まくり差し,まくり,まくり差し
202608140301,2026-08-14,03,1R,daily,2,2,2-1-3,2-1-4,2-1-5,2-3-1,2-3-4,差し,差し,差し,差し,まくり
202608140301,2026-08-14,03,1R,realtime,2,2,2-1-3,2-1-4,2-1-5,2-3-1,2-3-4,差し,差し,差し,差し,まくり
202608140302,2026-08-14,03,2R,daily,3,3,3-1-4,3-1-2,3-1-5,3-2-4,3-1-6,まくり差し,まくり差し,まくり差し,まくり,まくり差し
202608140302,2026-08-14,03,2R,realtime,3,3,3-1-4,3-1-2,3-1-5,3-2-4,3-1-6,まくり差し,まくり差し,まくり差し,まくり,まくり差し
202608140303,2026-08-14,03,3R,daily,2,2,2-1-3,2-1-4,2-1-5,2-3-1,2-3-4,差し,差し,差し,差し,まくり
202608140303,2026-08-14,03,3R,realtime,5,5,5-1-2,5-1-4,5-1-3,5-1-6,5-2-1,まくり差し,まくり差し,まくり差し,まくり差し,まくり差し
202608140304,2026-08-14,03,4R,daily,2,2,2-1-3,2-1-4,2-1-5,2-3-1,2-3-4,差し,差し,差し,差し,まくり
202608140304,2026-08-14,03,4R,realtime,2,2,2-1-3,2-1-4,2-1-5,2-3-1,2-3-4,差し,差し,差し,差し,まくり
202608140305,2026-08-14,03,5R,daily,2,2,2-1-3,2-1-4,2-1-5,2-3-1,2-3-4,差し,差し,差し,差し,まくり
202608140305,2026-08-14,03,5R,realtime,2,2,2-1-3,2-1-4,2-1-5,2-3-1,2-3-4,差し,差し,差し,差し,まくり
202608140306,2026-08-14,03,6R,daily,2,2,2-1-3,2-1-4,2-1-5,2-3-1,2-3-4,差し,差し,差し,差し,まくり
202608140306,2026-08-14,03,6R,realtime,2,2,2-1-3,2-1-4,2-1-5,2-3-1,2-3-4,差し,差し,差し,差し,まくり
202608140307,2026-08-14,03,7R,daily,2,2,2-1-3,2-1-4,2-1-5,2-3-1,2-3-4,差し,差し,差し,差し,まくり
202608140308,2026-08-14,03,8R,daily,2,2,2-1-3,2-1-4,2-1-5,2-3-1,2-3-4,差し,差し,差し,差し,まくり
202608140309,2026-08-14,03,9R,daily,2,2,2-1-3,2-1-4,2-1-5,2-3-1,2-3-4,差し,差し,差し,差し,まくり
202608140310,2026-08-14,03,10R,daily,2,2,2-1-3,2-1-4,2-1-5,2-3-1,2-3-4,差し,差し,差し,差し,まくり
202608140311,2026-08-14,03,11R,daily,2,2,2-1-3,2-1-4,2-1-5,2-3-1,2-3-4,差し,差し,差し,差し,まくり
202608140312,2026-08-14,03,12R,daily,3,3,3-1-4,3-1-2,3-1-5,3-2-4,3-1-6,まくり差し,まくり差し,まくり差し,まくり,まくり差し
202608140401,2026-08-14,04,1R,daily,2,2,2-1-3,2-1-4,2-1-5,2-3-1,2-3-4,差し,差し,差し,差し,まくり
202608140401,2026-08-14,04,1R,realtime,3,3,3-1-4,3-1-2,3-1-5,3-2-4,3-1-6,まくり差し,まくり差し,まくり差し,まくり,まくり差し
202608140402,2026-08-14,04,2R,daily,4,4,4-1-5,4-1-2,4-5-1,4-2-1,4-1-3,まくり,まくり,まくり,まくり,差し
202608140402,2026-08-14,04,2R,realtime,4,4,4-1-5,4-1-2,4-5-1,4-2-1,4-1-3,まくり,まくり,まくり,まくり,差し
202608140403,2026-08-14,04,3R,daily,3,3,3-1-4,3-1-2,3-1-5,3-2-4,3-1-6,まくり差し,まくり差し,まくり差し,まくり,まくり差し
202608140403,2026-08-14,04,3R,realtime,2,2,2-1-3,2-1-4,2-1-5,2-3-1,2-3-4,差し,差し,差し,差し,まくり
202608140404,2026-08-14,04,4R,daily,4,4,4-1-5,4-1-2,4-5-1,4-2-1,4-1-3,まくり,まくり,まくり,まくり,差し
202608140404,2026-08-14,04,4R,realtime,4,4,4-1-5,4-1-2,4-5-1,4-2-1,4-1-3,まくり,まくり,まくり,まくり,差し
202608140405,2026-08-14,04,5R,daily,3,3,3-1-4,3-1-2,3-1-5,3-2-4,3-1-6,まくり差し,まくり差し,まくり差し,まくり,まくり差し
202608140406,2026-08-14,04,6R,daily,3,3,3-1-4,3-1-2,3-1-5,3-2-4,3-1-6,まくり差し,まくり差し,まくり差し,まくり,まくり差し
202608140407,2026-08-14,04,7R,daily,3,3,3-1-4,3-1-2,3-1-5,3-2-4,3-1-6,まくり差し,まくり差し,まくり差し,まくり,まくり差し
202608140408,2026-08-14,04,8R,daily,4,4,4-1-5,4-1-2,4-5-1,4-2-1,4-1-3,まくり,まくり,まくり,まくり,差し
202608140409,2026-08-14,04,9R,daily,2,2,2-1-3,2-1-4,2-1-5,2-3-1,2-3-4,差し,差し,差し,差し,まくり
202608140410,2026-08-14,04,10R,daily,4,4,4-1-5,4-1-2,4-5-1,4-2-1,4-1-3,まくり,まくり,まくり,まくり,差し
202608140411,2026-08-14,04,11R,daily,4,4,4-1-5,4-1-2,4-5-1,4-2-1,4-1-3,まくり,まくり,まくり,まくり,差し
202608140412,2026-08-14,04,12R,daily,3,3,3-1-4,3-1-2,3-1-5,3-2-4,3-1-6,まくり差し,まくり差し,まくり差し,まくり,まくり差し
202608140601,2026-08-14,06,1R,daily,3,3,3-1-4,3-1-2,3-1-5,3-2-4,3-1-6,まくり差し,まくり差し,まくり差し,まくり,まくり差し
202608140601,2026-08-14,06,1R,realtime,3,3,3-1-4,3-1-2,3-1-5,3-2-4,3-1-6,まくり差し,まくり差し,まくり差し,まくり,まくり差し
202608140602,2026-08-14,06,2R,daily,4,4,4-1-5,4-1-2,4-5-1,4-2-1,4-1-3,まくり,まくり,まくり,まくり,差し
202608140602,2026-08-14,06,2R,realtime,4,3,3-1-4,3-1-5,3-4-1,3-5-1,3-1-2,まくり,まくり,まくり,まくり,差し
202608140603,2026-08-14,06,3R,daily,2,2,2-1-3,2-1-4,2-1-5,2-3-1,2-3-4,差し,差し,差し,差し,まくり
202608140603,2026-08-14,06,3R,realtime,2,2,2-1-3,2-1-4,2-1-5,2-3-1,2-3-4,差し,差し,差し,差し,まくり
202608140604,2026-08-14,06,4R,daily,3,3,3-1-4,3-1-2,3-1-5,3-2-4,3-1-6,まくり差し,まくり差し,まくり差し,まくり,まくり差し
202608140604,2026-08-14,06,4R,realtime,2,2,2-1-3,2-1-4,2-1-5,2-3-1,2-3-4,差し,差し,差し,差し,まくり
202608140605,2026-08-14,06,5R,daily,3,3,3-1-4,3-1-2,3-1-5,3-2-4,3-1-6,まくり差し,まくり差し,まくり差し,まくり,まくり差し
202608140605,2026-08-14,06,5R,realtime,3,3,3-1-4,3-1-2,3-1-5,3-2-4,3-1-6,まくり差し,まくり差し,まくり差し,まくり,まくり差し
202608140606,2026-08-14,06,6R,daily,4,4,4-1-5,4-1-2,4-5-1,4-2-1,4-1-3,まくり,まくり,まくり,まくり,差し
202608140607,2026-08-14,06,7R,daily,5,5,5-1-2,5-1-4,5-1-3,5-1-6,5-2-1,まくり差し,まくり差し,まくり差し,まくり差し,まくり差し
202608140608,2026-08-14,06,8R,daily,3,3,3-1-4,3-1-2,3-1-5,3-2-4,3-1-6,まくり差し,まくり差し,まくり差し,まくり,まくり差し
202608140609,2026-08-14,06,9R,daily,3,3,3-1-4,3-1-2,3-1-5,3-2-4,3-1-6,まくり差し,まくり差し,まくり差し,まくり,まくり差し
202608140610,2026-08-14,06,10R,daily,3,3,3-1-4,3-1-2,3-1-5,3-2-4,3-1-6,まくり差し,まくり差し,まくり差し,まくり,まくり差し
202608140611,2026-08-14,06,11R,daily,2,2,2-1-3,2-1-4,2-1-5,2-3-1,2-3-4,差し,差し,差し,差し,まくり
202608140612,2026-08-14,06,12R,daily,3,3,3-1-4,3-1-2,3-1-5,3-2-4,3-1-6,まくり差し,まくり差し,まくり差し,まくり,まくり差し
202608140701,2026-08-14,07,1R,daily,3,3,3-1-4,3-1-2,3-1-5,3-2-4,3-1-6,まくり差し,まくり差し,まくり差し,まくり,まくり差し
202608140702,2026-08-14,07,2R,daily,3,3,3-1-4,3-1-2,3-1-5,3-2-4,3-1-6,まくり差し,まくり差し,まくり差し,まくり,まくり差し
202608140703,2026-08-14,07,3R,daily,2,2,2-1-3,2-1-4,2-1-5,2-3-1,2-3-4,差し,差し,差し,差し,まくり
202608140704,2026-08-14,07,4R,daily,5,5,5-1-2,5-1-4,5-1-3,5-1-6,5-2-1,まくり差し,まくり差し,まくり差し,まくり差し,まくり差し
202608140705,2026-08-14,07,5R,daily,3,3,3-1-4,3-1-2,3-1-5,3-2-4,3-1-6,まくり差し,まくり差し,まくり差し,まくり,まくり差し
202608140706,2026-08-14,07,6R,daily,3,3,3-1-4,3-1-2,3-1-5,3-2-4,3-1-6,まくり差し,まくり差し,まくり差し,まくり,まくり差し
202608140707,2026-08-14,07,7R,daily,3,3,3-1-4,3-1-2,3-1-5,3-2-4,3-1-6,まくり差し,まくり差し,まくり差し,まくり,まくり差し
202608140708,2026-08-14,07,8R,daily,2,2,2-1-3,2-1-4,2-1-5,2-3-1,2-3-4,差し,差し,差し,差し,まくり
202608140709,2026-08-14,07,9R,daily,4,4,4-1-5,4-1-2,4-5-1,4-2-1,4-1-3,まくり,まくり,まくり,まくり,差し
202608140710,2026-08-14,07,10R,daily,4,4,4-1-5,4-1-2,4-5-1,4-2-1,4-1-3,まくり,まくり,まくり,まくり,差し
202608140711,2026-08-14,07,11R,daily,4,4,4-1-5,4-1-2,4-5-1,4-2-1,4-1-3,まくり,まくり,まくり,まくり,差し
202608140712,2026-08-14,07,12R,daily,4,4,4-1-5,4-1-2,4-5-1,4-2-1,4-1-3,まくり,まくり,まくり,まくり,差し
202608140801,2026-08-14,08,1R,daily,4,4,4-1-5,4-1-2,4-5-1,4-2-1,4-1-3,まくり,まくり,まくり,まくり,差し
202608140801,2026-08-14,08,1R,realtime,2,2,2-1-3,2-1-4,2-1-5,2-3-1,2-3-4,差し,差し,差し,差し,まくり
202608140802,2026-08-14,08,2R,daily,3,3,3-1-4,3-1-2,3-1-5,3-2-4,3-1-6,まくり差し,まくり差し,まくり差し,まくり,まくり差し
202608140802,2026-08-14,08,2R,realtime,4,4,4-1-5,4-1-2,4-5-1,4-2-1,4-1-3,まくり,まくり,まくり,まくり,差し
202608140803,2026-08-14,08,3R,daily,2,2,2-1-3,2-1-4,2-1-5,2-3-1,2-3-4,差し,差し,差し,差し,まくり
202608140803,2026-08-14,08,3R,realtime,2,2,2-1-3,2-1-4,2-1-5,2-3-1,2-3-4,差し,差し,差し,差し,まくり
202608140804,2026-08-14,08,4R,daily,2,2,2-1-3,2-1-4,2-1-5,2-3-1,2-3-4,差し,差し,差し,差し,まくり
202608140804,2026-08-14,08,4R,realtime,5,6,6-1-2,6-1-5,6-1-3,6-1-4,6-2-1,まくり差し,まくり差し,まくり差し,まくり差し,まくり差し
202608140805,2026-08-14,08,5R,daily,2,2,2-1-3,2-1-4,2-1-5,2-3-1,2-3-4,差し,差し,差し,差し,まくり
202608140805,2026-08-14,08,5R,realtime,3,6,6-1-2,6-1-3,6-1-4,6-3-2,6-1-5,まくり差し,まくり差し,まくり差し,まくり,まくり差し
202608140806,2026-08-14,08,6R,daily,2,2,2-1-3,2-1-4,2-1-5,2-3-1,2-3-4,差し,差し,差し,差し,まくり
202608140806,2026-08-14,08,6R,realtime,6,6,6-1-2,6-1-4,6-1-3,6-2-1,6-3-1,まくり差し,まくり差し,まくり差し,まくり差し,まくり差し
202608140807,2026-08-14,08,7R,daily,2,2,2-1-3,2-1-4,2-1-5,2-3-1,2-3-4,差し,差し,差し,差し,まくり
202608140807,2026-08-14,08,7R,realtime,4,4,4-1-5,4-1-2,4-5-1,4-2-1,4-1-3,まくり,まくり,まくり,まくり,差し
202608140808,2026-08-14,08,8R,daily,6,6,6-1-2,6-1-4,6-1-3,6-2-1,6-3-1,まくり差し,まくり差し,まくり差し,まくり差し,まくり差し
202608140809,2026-08-14,08,9R,daily,3,3,3-1-4,3-1-2,3-1-5,3-2-4,3-1-6,まくり差し,まくり差し,まくり差し,まくり,まくり差し
202608140810,2026-08-14,08,10R,daily,3,3,3-1-4,3-1-2,3-1-5,3-2-4,3-1-6,まくり差し,まくり差し,まくり差し,まくり,まくり差し
202608140811,2026-08-14,08,11R,daily,2,2,2-1-3,2-1-4,2-1-5,2-3-1,2-3-4,差し,差し,差し,差し,まくり
202608140812,2026-08-14,08,12R,daily,2,2,2-1-3,2-1-4,2-1-5,2-3-1,2-3-4,差し,差し,差し,差し,まくり
202608141001,2026-08-14,10,1R,daily,2,2,2-1-3,2-1-4,2-1-5,2-3-1,2-3-4,差し,差し,差し,差し,まくり
202608141001,2026-08-14,10,1R,realtime,2,2,2-1-3,2-1-4,2-1-5,2-3-1,2-3-4,差し,差し,差し,差し,まくり
202608141002,2026-08-14,10,2R,daily,2,2,2-1-3,2-1-4,2-1-5,2-3-1,2-3-4,差し,差し,差し,差し,まくり
202608141002,2026-08-14,10,2R,realtime,3,3,3-1-4,3-1-2,3-1-5,3-2-4,3-1-6,まくり差し,まくり差し,まくり差し,まくり,まくり差し
202608141003,2026-08-14,10,3R,daily,3,3,3-1-4,3-1-2,3-1-5,3-2-4,3-1-6,まくり差し,まくり差し,まくり差し,まくり,まくり差し
202608141003,2026-08-14,10,3R,realtime,3,3,3-1-4,3-1-2,3-1-5,3-2-4,3-1-6,まくり差し,まくり差し,まくり差し,まくり,まくり差し
202608141004,2026-08-14,10,4R,daily,4,4,4-1-5,4-1-2,4-5-1,4-2-1,4-1-3,まくり,まくり,まくり,まくり,差し
202608141004,2026-08-14,10,4R,realtime,4,4,4-1-5,4-1-2,4-5-1,4-2-1,4-1-3,まくり,まくり,まくり,まくり,差し
202608141005,2026-08-14,10,5R,daily,3,3,3-1-4,3-1-2,3-1-5,3-2-4,3-1-6,まくり差し,まくり差し,まくり差し,まくり,まくり差し
202608141005,2026-08-14,10,5R,realtime,3,3,3-1-4,3-1-2,3-1-5,3-2-4,3-1-6,まくり差し,まくり差し,まくり差し,まくり,まくり差し
202608141006,2026-08-14,10,6R,daily,5,5,5-1-2,5-1-4,5-1-3,5-1-6,5-2-1,まくり差し,まくり差し,まくり差し,まくり差し,まくり差し
202608141006,2026-08-14,10,6R,realtime,5,5,5-1-2,5-1-4,5-1-3,5-1-6,5-2-1,まくり差し,まくり差し,まくり差し,まくり差し,まくり差し
202608141007,2026-08-14,10,7R,daily,3,3,3-1-4,3-1-2,3-1-5,3-2-4,3-1-6,まくり差し,まくり差し,まくり差し,まくり,まくり差し
202608141007,2026-08-14,10,7R,realtime,2,2,2-1-3,2-1-4,2-1-5,2-3-1,2-3-4,差し,差し,差し,差し,まくり
202608141008,2026-08-14,10,8R,daily,2,2,2-1-3,2-1-4,2-1-5,2-3-1,2-3-4,差し,差し,差し,差し,まくり
202608141008,2026-08-14,10,8R,realtime,2,1,1-5-2,1-5-3,1-5-4,1-2-5,1-2-3,差し,差し,差し,差し,まくり
202608141009,2026-08-14,10,9R,daily,2,2,2-1-3,2-1-4,2-1-5,2-3-1,2-3-4,差し,差し,差し,差し,まくり
202608141009,2026-08-14,10,9R,realtime,6,6,6-1-2,6-1-4,6-1-3,6-2-1,6-3-1,まくり差し,まくり差し,まくり差し,まくり差し,まくり差し
202608141010,2026-08-14,10,10R,daily,2,2,2-1-3,2-1-4,2-1-5,2-3-1,2-3-4,差し,差し,差し,差し,まくり
202608141010,2026-08-14,10,10R,realtime,2,2,2-1-3,2-1-4,2-1-5,2-3-1,2-3-4,差し,差し,差し,差し,まくり
202608141011,2026-08-14,10,11R,daily,3,3,3-1-4,3-1-2,3-1-5,3-2-4,3-1-6,まくり差し,まくり差し,まくり差し,まくり,まくり差し
202608141011,2026-08-14,10,11R,realtime,2,2,2-1-3,2-1-4,2-1-5,2-3-1,2-3-4,差し,差し,差し,差し,まくり
202608141012,2026-08-14,10,12R,daily,2,2,2-1-3,2-1-4,2-1-5,2-3-1,2-3-4,差し,差し,差し,差し,まくり
202608141201,2026-08-14,12,1R,daily,3,3,3-1-4,3-1-2,3-1-5,3-2-4,3-1-6,まくり差し,まくり差し,まくり差し,まくり,まくり差し
202608141202,2026-08-14,12,2R,daily,3,3,3-1-4,3-1-2,3-1-5,3-2-4,3-1-6,まくり差し,まくり差し,まくり差し,まくり,まくり差し
202608141203,2026-08-14,12,3R,daily,3,3,3-1-4,3-1-2,3-1-5,3-2-4,3-1-6,まくり差し,まくり差し,まくり差し,まくり,まくり差し
202608141204,2026-08-14,12,4R,daily,2,2,2-1-3,2-1-4,2-1-5,2-3-1,2-3-4,差し,差し,差し,差し,まくり
202608141205,2026-08-14,12,5R,daily,4,4,4-1-5,4-1-2,4-5-1,4-2-1,4-1-3,まくり,まくり,まくり,まくり,差し
202608141206,2026-08-14,12,6R,daily,4,4,4-1-5,4-1-2,4-5-1,4-2-1,4-1-3,まくり,まくり,まくり,まくり,差し
202608141207,2026-08-14,12,7R,daily,2,2,2-1-3,2-1-4,2-1-5,2-3-1,2-3-4,差し,差し,差し,差し,まくり
202608141208,2026-08-14,12,8R,daily,2,2,2-1-3,2-1-4,2-1-5,2-3-1,2-3-4,差し,差し,差し,差し,まくり
202608141209,2026-08-14,12,9R,daily,3,3,3-1-4,3-1-2,3-1-5,3-2-4,3-1-6,まくり差し,まくり差し,まくり差し,まくり,まくり差し
202608141210,2026-08-14,12,10R,daily,4,4,4-1-5,4-1-2,4-5-1,4-2-1,4-1-3,まくり,まくり,まくり,まくり,差し
202608141211,2026-08-14,12,11R,daily,2,2,2-1-3,2-1-4,2-1-5,2-3-1,2-3-4,差し,差し,差し,差し,まくり
202608141212,2026-08-14,12,12R,daily,2,2,2-1-3,2-1-4,2-1-5,2-3-1,2-3-4,差し,差し,差し,差し,まくり
202608141301,2026-08-14,13,1R,daily,4,4,4-1-5,4-1-2,4-5-1,4-2-1,4-1-3,まくり,まくり,まくり,まくり,差し
202608141301,2026-08-14,13,1R,realtime,2,2,2-1-3,2-1-4,2-1-5,2-3-1,2-3-4,差し,差し,差し,差し,まくり
202608141302,2026-08-14,13,2R,daily,4,4,4-1-5,4-1-2,4-5-1,4-2-1,4-1-3,まくり,まくり,まくり,まくり,差し
202608141302,2026-08-14,13,2R,realtime,2,2,2-1-3,2-1-4,2-1-5,2-3-1,2-3-4,差し,差し,差し,差し,まくり
202608141303,2026-08-14,13,3R,daily,2,2,2-1-3,2-1-4,2-1-5,2-3-1,2-3-4,差し,差し,差し,差し,まくり
202608141303,2026-08-14,13,3R,realtime,2,2,2-1-3,2-1-4,2-1-5,2-3-1,2-3-4,差し,差し,差し,差し,まくり
202608141304,2026-08-14,13,4R,daily,2,2,2-1-3,2-1-4,2-1-5,2-3-1,2-3-4,差し,差し,差し,差し,まくり
202608141304,2026-08-14,13,4R,realtime,2,2,2-1-3,2-1-4,2-1-5,2-3-1,2-3-4,差し,差し,差し,差し,まくり
202608141305,2026-08-14,13,5R,daily,5,5,5-1-2,5-1-4,5-1-3,5-1-6,5-2-1,まくり差し,まくり差し,まくり差し,まくり差し,まくり差し
202608141305,2026-08-14,13,5R,realtime,5,5,5-1-2,5-1-4,5-1-3,5-1-6,5-2-1,まくり差し,まくり差し,まくり差し,まくり差し,まくり差し
202608141306,2026-08-14,13,6R,daily,2,2,2-1-3,2-1-4,2-1-5,2-3-1,2-3-4,差し,差し,差し,差し,まくり
202608141306,2026-08-14,13,6R,realtime,2,2,2-1-3,2-1-4,2-1-5,2-3-1,2-3-4,差し,差し,差し,差し,まくり
202608141307,2026-08-14,13,7R,daily,2,2,2-1-3,2-1-4,2-1-5,2-3-1,2-3-4,差し,差し,差し,差し,まくり
202608141307,2026-08-14,13,7R,realtime,2,2,2-1-3,2-1-4,2-1-5,2-3-1,2-3-4,差し,差し,差し,差し,まくり
202608141308,2026-08-14,13,8R,daily,3,3,3-1-4,3-1-2,3-1-5,3-2-4,3-1-6,まくり差し,まくり差し,まくり差し,まくり,まくり差し
202608141309,2026-08-14,13,9R,daily,3,3,3-1-4,3-1-2,3-1-5,3-2-4,3-1-6,まくり差し,まくり差し,まくり差し,まくり,まくり差し
202608141310,2026-08-14,13,10R,daily,3,3,3-1-4,3-1-2,3-1-5,3-2-4,3-1-6,まくり差し,まくり差し,まくり差し,まくり,まくり差し
202608141311,2026-08-14,13,11R,daily,3,3,3-1-4,3-1-2,3-1-5,3-2-4,3-1-6,まくり差し,まくり差し,まくり差し,まくり,まくり差し
202608141312,2026-08-14,13,12R,daily,2,2,2-1-3,2-1-4,2-1-5,2-3-1,2-3-4,差し,差し,差し,差し,まくり
202608141701,2026-08-14,17,1R,daily,3,3,3-1-4,3-1-2,3-1-5,3-2-4,3-1-6,まくり差し,まくり差し,まくり差し,まくり,まくり差し
202608141701,2026-08-14,17,1R,realtime,3,3,3-1-4,3-1-2,3-1-5,3-2-4,3-1-6,まくり差し,まくり差し,まくり差し,まくり,まくり差し
202608141702,2026-08-14,17,2R,daily,2,2,2-1-3,2-1-4,2-1-5,2-3-1,2-3-4,差し,差し,差し,差し,まくり
202608141702,2026-08-14,17,2R,realtime,2,2,2-1-3,2-1-4,2-1-5,2-3-1,2-3-4,差し,差し,差し,差し,まくり
202608141703,2026-08-14,17,3R,daily,2,2,2-1-3,2-1-4,2-1-5,2-3-1,2-3-4,差し,差し,差し,差し,まくり
202608141703,2026-08-14,17,3R,realtime,2,2,2-1-3,2-1-4,2-1-5,2-3-1,2-3-4,差し,差し,差し,差し,まくり
202608141704,2026-08-14,17,4R,daily,2,2,2-1-3,2-1-4,2-1-5,2-3-1,2-3-4,差し,差し,差し,差し,まくり
202608141704,2026-08-14,17,4R,realtime,4,4,4-1-5,4-1-2,4-5-1,4-2-1,4-1-3,まくり,まくり,まくり,まくり,差し
202608141705,2026-08-14,17,5R,daily,5,5,5-1-2,5-1-4,5-1-3,5-1-6,5-2-1,まくり差し,まくり差し,まくり差し,まくり差し,まくり差し
202608141705,2026-08-14,17,5R,realtime,5,5,5-1-2,5-1-4,5-1-3,5-1-6,5-2-1,まくり差し,まくり差し,まくり差し,まくり差し,まくり差し
202608141706,2026-08-14,17,6R,daily,2,2,2-1-3,2-1-4,2-1-5,2-3-1,2-3-4,差し,差し,差し,差し,まくり
202608141706,2026-08-14,17,6R,realtime,2,2,2-1-3,2-1-4,2-1-5,2-3-1,2-3-4,差し,差し,差し,差し,まくり
202608141707,2026-08-14,17,7R,daily,5,5,5-1-2,5-1-4,5-1-3,5-1-6,5-2-1,まくり差し,まくり差し,まくり差し,まくり差し,まくり差し
202608141708,2026-08-14,17,8R,daily,2,2,2-1-3,2-1-4,2-1-5,2-3-1,2-3-4,差し,差し,差し,差し,まくり
202608141709,2026-08-14,17,9R,daily,3,3,3-1-4,3-1-2,3-1-5,3-2-4,3-1-6,まくり差し,まくり差し,まくり差し,まくり,まくり差し
202608141710,2026-08-14,17,10R,daily,2,2,2-1-3,2-1-4,2-1-5,2-3-1,2-3-4,差し,差し,差し,差し,まくり
202608141711,2026-08-14,17,11R,daily,3,3,3-1-4,3-1-2,3-1-5,3-2-4,3-1-6,まくり差し,まくり差し,まくり差し,まくり,まくり差し
202608141712,2026-08-14,17,12R,daily,2,2,2-1-3,2-1-4,2-1-5,2-3-1,2-3-4,差し,差し,差し,差し,まくり
202608141901,2026-08-14,19,1R,daily,3,3,3-1-4,3-1-2,3-1-5,3-2-4,3-1-6,まくり差し,まくり差し,まくり差し,まくり,まくり差し
202608141902,2026-08-14,19,2R,daily,3,3,3-1-4,3-1-2,3-1-5,3-2-4,3-1-6,まくり差し,まくり差し,まくり差し,まくり,まくり差し
202608141903,2026-08-14,19,3R,daily,3,3,3-1-4,3-1-2,3-1-5,3-2-4,3-1-6,まくり差し,まくり差し,まくり差し,まくり,まくり差し
202608141904,2026-08-14,19,4R,daily,3,3,3-1-4,3-1-2,3-1-5,3-2-4,3-1-6,まくり差し,まくり差し,まくり差し,まくり,まくり差し
202608141905,2026-08-14,19,5R,daily,2,2,2-1-3,2-1-4,2-1-5,2-3-1,2-3-4,差し,差し,差し,差し,まくり
202608141906,2026-08-14,19,6R,daily,4,4,4-1-5,4-1-2,4-5-1,4-2-1,4-1-3,まくり,まくり,まくり,まくり,差し
202608141907,2026-08-14,19,7R,daily,3,3,3-1-4,3-1-2,3-1-5,3-2-4,3-1-6,まくり差し,まくり差し,まくり差し,まくり,まくり差し
202608141908,2026-08-14,19,8R,daily,4,4,4-1-5,4-1-2,4-5-1,4-2-1,4-1-3,まくり,まくり,まくり,まくり,差し
202608141909,2026-08-14,19,9R,daily,2,2,2-1-3,2-1-4,2-1-5,2-3-1,2-3-4,差し,差し,差し,差し,まくり
202608141910,2026-08-14,19,10R,daily,2,2,2-1-3,2-1-4,2-1-5,2-3-1,2-3-4,差し,差し,差し,差し,まくり
202608141911,2026-08-14,19,11R,daily,3,3,3-1-4,3-1-2,3-1-5,3-2-4,3-1-6,まくり差し,まくり差し,まくり差し,まくり,まくり差し
202608141912,2026-08-14,19,12R,daily,4,4,4-1-5,4-1-2,4-5-1,4-2-1,4-1-3,まくり,まくり,まくり,まくり,差し
202608142101,2026-08-14,21,1R,daily,2,2,2-1-3,2-1-4,2-1-5,2-3-1,2-3-4,差し,差し,差し,差し,まくり
202608142101,2026-08-14,21,1R,realtime,2,2,2-1-3,2-1-4,2-1-5,2-3-1,2-3-4,差し,差し,差し,差し,まくり
202608142102,2026-08-14,21,2R,daily,4,4,4-1-5,4-1-2,4-5-1,4-2-1,4-1-3,まくり,まくり,まくり,まくり,差し
202608142102,2026-08-14,21,2R,realtime,3,3,3-1-4,3-1-2,3-1-5,3-2-4,3-1-6,まくり差し,まくり差し,まくり差し,まくり,まくり差し
202608142103,2026-08-14,21,3R,daily,2,2,2-1-3,2-1-4,2-1-5,2-3-1,2-3-4,差し,差し,差し,差し,まくり
202608142103,2026-08-14,21,3R,realtime,2,2,2-1-3,2-1-4,2-1-5,2-3-1,2-3-4,差し,差し,差し,差し,まくり
202608142104,2026-08-14,21,4R,daily,2,2,2-1-3,2-1-4,2-1-5,2-3-1,2-3-4,差し,差し,差し,差し,まくり
202608142104,2026-08-14,21,4R,realtime,4,4,4-1-5,4-1-2,4-5-1,4-2-1,4-1-3,まくり,まくり,まくり,まくり,差し
202608142105,2026-08-14,21,5R,daily,3,3,3-1-4,3-1-2,3-1-5,3-2-4,3-1-6,まくり差し,まくり差し,まくり差し,まくり,まくり差し
202608142105,2026-08-14,21,5R,realtime,5,5,5-1-2,5-1-4,5-1-3,5-1-6,5-2-1,まくり差し,まくり差し,まくり差し,まくり差し,まくり差し
202608142106,2026-08-14,21,6R,daily,3,3,3-1-4,3-1-2,3-1-5,3-2-4,3-1-6,まくり差し,まくり差し,まくり差し,まくり,まくり差し
202608142106,2026-08-14,21,6R,realtime,5,5,5-1-2,5-1-4,5-1-3,5-1-6,5-2-1,まくり差し,まくり差し,まくり差し,まくり差し,まくり差し
202608142107,2026-08-14,21,7R,daily,2,2,2-1-3,2-1-4,2-1-5,2-3-1,2-3-4,差し,差し,差し,差し,まくり
202608142107,2026-08-14,21,7R,realtime,3,3,3-1-4,3-1-2,3-1-5,3-2-4,3-1-6,まくり差し,まくり差し,まくり差し,まくり,まくり差し
202608142108,2026-08-14,21,8R,daily,4,4,4-1-5,4-1-2,4-5-1,4-2-1,4-1-3,まくり,まくり,まくり,まくり,差し
202608142108,2026-08-14,21,8R,realtime,6,6,6-1-2,6-1-4,6-1-3,6-2-1,6-3-1,まくり差し,まくり差し,まくり差し,まくり差し,まくり差し
202608142109,2026-08-14,21,9R,daily,2,2,2-1-3,2-1-4,2-1-5,2-3-1,2-3-4,差し,差し,差し,差し,まくり
202608142109,2026-08-14,21,9R,realtime,2,2,2-1-3,2-1-4,2-1-5,2-3-1,2-3-4,差し,差し,差し,差し,まくり
202608142110,2026-08-14,21,10R,daily,2,2,2-1-3,2-1-4,2-1-5,2-3-1,2-3-4,差し,差し,差し,差し,まくり
202608142110,2026-08-14,21,10R,realtime,2,2,2-1-3,2-1-4,2-1-5,2-3-1,2-3-4,差し,差し,差し,差し,まくり
202608142111,2026-08-14,21,11R,daily,2,2,2-1-3,2-1-4,2-1-5,2-3-1,2-3-4,差し,差し,差し,差し,まくり
202608142111,2026-08-14,21,11R,realtime,2,2,2-1-3,2-1-4,2-1-5,2-3-1,2-3-4,差し,差し,差し,差し,まくり
202608142112,2026-08-14,21,12R,daily,2,2,2-1-3,2-1-4,2-1-5,2-3-1,2-3-4,差し,差し,差し,差し,まくり
202608142201,2026-08-14,22,1R,daily,2,2,2-1-3,2-1-4,2-1-5,2-3-1,2-3-4,差し,差し,差し,差し,まくり
202608142201,2026-08-14,22,1R,realtime,2,2,2-1-3,2-1-4,2-1-5,2-3-1,2-3-4,差し,差し,差し,差し,まくり
202608142202,2026-08-14,22,2R,daily,2,2,2-1-3,2-1-4,2-1-5,2-3-1,2-3-4,差し,差し,差し,差し,まくり
202608142202,2026-08-14,22,2R,realtime,4,4,4-1-5,4-1-2,4-5-1,4-2-1,4-1-3,まくり,まくり,まくり,まくり,差し
202608142203,2026-08-14,22,3R,daily,3,3,3-1-4,3-1-2,3-1-5,3-2-4,3-1-6,まくり差し,まくり差し,まくり差し,まくり,まくり差し
202608142203,2026-08-14,22,3R,realtime,3,3,3-1-4,3-1-2,3-1-6,3-2-4,3-1-5,まくり差し,まくり差し,まくり差し,まくり,まくり差し
202608142204,2026-08-14,22,4R,daily,2,2,2-1-3,2-1-4,2-1-5,2-3-1,2-3-4,差し,差し,差し,差し,まくり
202608142204,2026-08-14,22,4R,realtime,2,2,2-1-3,2-1-4,2-1-5,2-3-1,2-3-4,差し,差し,差し,差し,まくり
202608142205,2026-08-14,22,5R,daily,2,2,2-1-3,2-1-4,2-1-5,2-3-1,2-3-4,差し,差し,差し,差し,まくり
202608142206,2026-08-14,22,6R,daily,3,3,3-1-4,3-1-2,3-1-5,3-2-4,3-1-6,まくり差し,まくり差し,まくり差し,まくり,まくり差し
202608142207,2026-08-14,22,7R,daily,3,3,3-1-4,3-1-2,3-1-5,3-2-4,3-1-6,まくり差し,まくり差し,まくり差し,まくり,まくり差し
202608142208,2026-08-14,22,8R,daily,2,2,2-1-3,2-1-4,2-1-5,2-3-1,2-3-4,差し,差し,差し,差し,まくり
202608142209,2026-08-14,22,9R,daily,3,3,3-1-4,3-1-2,3-1-5,3-2-4,3-1-6,まくり差し,まくり差し,まくり差し,まくり,まくり差し
202608142210,2026-08-14,22,10R,daily,2,2,2-1-3,2-1-4,2-1-5,2-3-1,2-3-4,差し,差し,差し,差し,まくり
202608142211,2026-08-14,22,11R,daily,2,2,2-1-3,2-1-4,2-1-5,2-3-1,2-3-4,差し,差し,差し,差し,まくり
202608142212,2026-08-14,22,12R,daily,3,3,3-1-4,3-1-2,3-1-5,3-2-4,3-1-6,まくり差し,まくり差し,まくり差し,まくり,まくり差し
202608142301,2026-08-14,23,1R,daily,2,2,2-1-3,2-1-4,2-1-5,2-3-1,2-3-4,差し,差し,差し,差し,まくり
202608142301,2026-08-14,23,1R,realtime,2,2,2-1-3,2-1-4,2-1-5,2-3-1,2-3-4,差し,差し,差し,差し,まくり
202608142302,2026-08-14,23,2R,daily,2,2,2-1-3,2-1-4,2-1-5,2-3-1,2-3-4,差し,差し,差し,差し,まくり
202608142302,2026-08-14,23,2R,realtime,2,2,2-1-4,2-1-3,2-1-5,2-4-1,2-4-3,差し,差し,差し,差し,まくり
202608142303,2026-08-14,23,3R,daily,5,5,5-1-2,5-1-4,5-1-3,5-1-6,5-2-1,まくり差し,まくり差し,まくり差し,まくり差し,まくり差し
202608142303,2026-08-14,23,3R,realtime,5,5,5-1-2,5-1-4,5-1-3,5-1-6,5-2-1,まくり差し,まくり差し,まくり差し,まくり差し,まくり差し
202608142304,2026-08-14,23,4R,daily,5,5,5-1-2,5-1-4,5-1-3,5-1-6,5-2-1,まくり差し,まくり差し,まくり差し,まくり差し,まくり差し
202608142304,2026-08-14,23,4R,realtime,5,5,5-1-2,5-1-4,5-1-3,5-1-6,5-2-1,まくり差し,まくり差し,まくり差し,まくり差し,まくり差し
202608142305,2026-08-14,23,5R,daily,6,6,6-1-2,6-1-4,6-1-3,6-2-1,6-3-1,まくり差し,まくり差し,まくり差し,まくり差し,まくり差し
202608142305,2026-08-14,23,5R,realtime,4,6,6-1-3,6-1-2,6-3-1,6-2-1,6-1-5,まくり,まくり,まくり,まくり,差し
202608142306,2026-08-14,23,6R,daily,2,2,2-1-3,2-1-4,2-1-5,2-3-1,2-3-4,差し,差し,差し,差し,まくり
202608142306,2026-08-14,23,6R,realtime,2,2,2-1-3,2-1-4,2-1-5,2-3-1,2-3-4,差し,差し,差し,差し,まくり
202608142307,2026-08-14,23,7R,daily,2,2,2-1-3,2-1-4,2-1-5,2-3-1,2-3-4,差し,差し,差し,差し,まくり
202608142307,2026-08-14,23,7R,realtime,2,3,3-1-2,3-1-4,3-1-5,3-2-1,3-2-4,差し,差し,差し,差し,まくり
202608142308,2026-08-14,23,8R,daily,2,2,2-1-3,2-1-4,2-1-5,2-3-1,2-3-4,差し,差し,差し,差し,まくり
202608142308,2026-08-14,23,8R,realtime,2,2,2-1-3,2-1-4,2-1-5,2-3-1,2-3-4,差し,差し,差し,差し,まくり
202608142309,2026-08-14,23,9R,daily,2,2,2-1-3,2-1-4,2-1-5,2-3-1,2-3-4,差し,差し,差し,差し,まくり
202608142309,2026-08-14,23,9R,realtime,6,6,6-1-2,6-1-4,6-1-3,6-2-1,6-3-1,まくり差し,まくり差し,まくり差し,まくり差し,まくり差し
202608142310,2026-08-14,23,10R,daily,2,2,2-1-3,2-1-4,2-1-5,2-3-1,2-3-4,差し,差し,差し,差し,まくり
202608142310,2026-08-14,23,10R,realtime,2,2,2-1-3,2-1-4,2-1-5,2-3-1,2-3-4,差し,差し,差し,差し,まくり
202608142311,2026-08-14,23,11R,daily,2,2,2-1-3,2-1-4,2-1-5,2-3-1,2-3-4,差し,差し,差し,差し,まくり
202608142312,2026-08-14,23,12R,daily,2,2,2-1-3,2-1-4,2-1-5,2-3-1,2-3-4,差し,差し,差し,差し,まくり
202608142401,2026-08-14,24,1R,daily,2,2,2-1-3,2-1-4,2-1-5,2-3-1,2-3-4,差し,差し,差し,差し,まくり
202608142402,2026-08-14,24,2R,daily,3,3,3-1-4,3-1-2,3-1-5,3-2-4,3-1-6,まくり差し,まくり差し,まくり差し,まくり,まくり差し
202608142403,2026-08-14,24,3R,daily,3,3,3-1-4,3-1-2,3-1-5,3-2-4,3-1-6,まくり差し,まくり差し,まくり差し,まくり,まくり差し
202608142404,2026-08-14,24,4R,daily,2,2,2-1-3,2-1-4,2-1-5,2-3-1,2-3-4,差し,差し,差し,差し,まくり
202608142405,2026-08-14,24,5R,daily,3,3,3-1-4,3-1-2,3-1-5,3-2-4,3-1-6,まくり差し,まくり差し,まくり差し,まくり,まくり差し
202608142406,2026-08-14,24,6R,daily,4,4,4-1-5,4-1-2,4-5-1,4-2-1,4-1-3,まくり,まくり,まくり,まくり,差し
202608142407,2026-08-14,24,7R,daily,2,2,2-1-3,2-1-4,2-1-5,2-3-1,2-3-4,差し,差し,差し,差し,まくり
202608142408,2026-08-14,24,8R,daily,3,3,3-1-4,3-1-2,3-1-5,3-2-4,3-1-6,まくり差し,まくり差し,まくり差し,まくり,まくり差し
202608142409,2026-08-14,24,9R,daily,3,3,3-1-4,3-1-2,3-1-5,3-2-4,3-1-6,まくり差し,まくり差し,まくり差し,まくり,まくり差し
202608142410,2026-08-14,24,10R,daily,2,2,2-1-3,2-1-4,2-1-5,2-3-1,2-3-4,差し,差し,差し,差し,まくり
202608142411,2026-08-14,24,11R,daily,4,4,4-1-5,4-1-2,4-5-1,4-2-1,4-1-3,まくり,まくり,まくり,まくり,差し
202608142412,2026-08-14,24,12R,daily,2,2,2-1-3,2-1-4,2-1-5,2-3-1,2-3-4,差し,差し,差し,差し,まくり
